sample_id,task,layer,seed,algorithm_version,binary_steps,bracket_steps,bracketed,calibrated_alpha,calibrated_proposed_norm,calibration_iterations,device,execution_dtype,initial_proposed_norm,initial_realized_norm,initial_relative_norm_error,matched_within_1pct,max_binary_steps,max_bracket_steps,norm_dtype,realized_norm,relative_norm_error,represented_nonzero,requested_norm,reward_used,search_relative_tolerance,seed_payload_sha256,shape,subseed,target_norm
ruler_fwe_16k:0010,ruler_fwe_16k,18,20260926,gaussian_bf16_scalar_bracket_binary_v1,7,7,True,1.9020544293368857e-05,1.9020544293368857e-05,15,cuda:0,bfloat16,1.971040859416462e-07,2.1779313075231954e-10,0.9988950349267909,True,32,24,float32,1.9728753386516473e-07,0.0009307159851209451,True,1.971040859416462e-07,False,0.001,fd3e6a17b5e05da8b0d0900d707c7395a55d429f913ce32ca1e8ea7cd16312c0,"[2048, 6144]",9024767353365224872,1.971040859416462e-07
ruler_fwe_16k:0010,ruler_fwe_16k,18,20260927,gaussian_bf16_scalar_bracket_binary_v1,5,7,True,1.9316200422281327e-05,1.931619927094606e-05,13,cuda:0,bfloat16,1.971040859416462e-07,2.098707041486847e-10,0.998935229053492,True,32,24,float32,1.970064005263339e-07,0.0004956031979023454,True,1.971040859416462e-07,False,0.001,0655eb348298aabc3b253d9c1a8d44c30b80a5a5755d722face4b4ab32342cb7,"[2048, 6144]",456529548009843388,1.971040859416462e-07
ruler_fwe_16k:0010,ruler_fwe_16k,18,20260928,gaussian_bf16_scalar_bracket_binary_v1,32,7,True,1.9279243406167268e-05,1.9279243406167268e-05,40,cuda:0,bfloat16,1.971040859416462e-07,1.9523442584823414e-10,0.9990094856485825,True,32,24,float32,1.9811912466138892e-07,0.005149759909306201,True,1.971040859416462e-07,False,0.001,0d8371d8d55af5619f0d02c6e866338102c3094ba975914c9ec1f036f587d46d,"[2048, 6144]",973747120548541793,1.971040859416462e-07
ruler_fwe_16k:0010,ruler_fwe_16k,18,20260929,gaussian_bf16_scalar_bracket_binary_v1,32,7,True,1.860169811074286e-05,1.860169811074286e-05,40,cuda:0,bfloat16,1.971040859416462e-07,2.8515814709528797e-10,0.9985532611070289,True,32,24,float32,1.9736829415251123e-07,0.0013404501971778302,True,1.971040859416462e-07,False,0.001,a91e3c5f6ec5dcb5cda4a17d22b5949dfd6287cf15718e6fff3c960b7743a1e4,"[2048, 6144]",2962871985434385589,1.971040859416462e-07
ruler_fwe_16k:0010,ruler_fwe_16k,18,20260930,gaussian_bf16_scalar_bracket_binary_v1,12,7,True,1.9374715697795253e-05,1.9374715697795253e-05,20,cuda:0,bfloat16,1.971040859416462e-07,2.982255276062773e-10,0.9984869642545382,True,32,24,float32,1.969966945125634e-07,0.0005448462855030586,True,1.971040859416462e-07,False,0.001,cab0dad6512ebe8c34edb6fa3d109825d5fe32f6e307bf2b16b4b42c6e5e7abc,"[2048, 6144]",5382042168727617164,1.971040859416462e-07
ruler_fwe_16k:0088,ruler_fwe_16k,6,20260926,gaussian_bf16_scalar_bracket_binary_v1,11,6,True,4.62026615686284e-05,4.620265881473517e-05,18,cuda:0,bfloat16,7.841342721803812e-07,1.1699594626435328e-09,0.9985079603020152,True,32,24,float32,7.839504405637854e-07,0.00023443895148810015,True,7.841342721803812e-07,False,0.001,791a64f0a90e2389071c4f1b19286e735fb689416f9448e489593945663f9bdc,"[2048, 6144]",8726398212774962057,7.841342721803812e-07
ruler_fwe_16k:0088,ruler_fwe_16k,6,20260927,gaussian_bf16_scalar_bracket_binary_v1,7,6,True,4.645995562668759e-05,4.645995285745843e-05,14,cuda:0,bfloat16,7.841342721803812e-07,2.048049507763494e-09,0.9973881392761107,True,32,24,float32,7.847553433748544e-07,0.0007920469956583124,True,7.841342721803812e-07,False,0.001,2c99b0ad9c5988cf55f58a6609ed92fb4bbddb9f2e66dc81636a77fca2647bd3,"[2048, 6144]",3213794068804503759,7.841342721803812e-07
ruler_fwe_16k:0088,ruler_fwe_16k,6,20260928,gaussian_bf16_scalar_bracket_binary_v1,32,6,True,4.519798953239729e-05,4.519798953239729e-05,39,cuda:0,bfloat16,7.841342721803812e-07,1.1583177750296159e-09,0.9985228068506574,True,32,24,float32,7.832826440790086e-07,0.0010860743262816068,True,7.841342721803812e-07,False,0.001,416970163b9ddbae5ec8b6e4df6a5000ef0023f0e2a2d17bea9a23341c1d93b4,"[2048, 6144]",4713421725811727278,7.841342721803812e-07
ruler_fwe_16k:0088,ruler_fwe_16k,6,20260929,gaussian_bf16_scalar_bracket_binary_v1,6,6,True,4.8224257739093446e-05,4.8224257739093446e-05,13,cuda:0,bfloat16,7.841342721803812e-07,1.9392849548438562e-09,0.9975268458175518,True,32,24,float32,7.847811502870172e-07,0.0008249583388789672,True,7.841342721803812e-07,False,0.001,22194d156ea7d9b0e369980cbec22ab2e9f690942eb861caa1c2ecdba7795355,"[2048, 6144]",2457079826153462192,7.841342721803812e-07
ruler_fwe_16k:0088,ruler_fwe_16k,6,20260930,gaussian_bf16_scalar_bracket_binary_v1,10,6,True,4.619040947062558e-05,4.619040947062558e-05,17,cuda:0,bfloat16,7.841342721803812e-07,2.048049507763494e-09,0.9973881392761107,True,32,24,float32,7.834398729755776e-07,0.0008855616052500407,True,7.841342721803812e-07,False,0.001,6ff5a6b1eeeb537a68237c8d9284d0acd0912a8c17e4dc81797279275e9dbdeb,"[2048, 6144]",8067537590651933562,7.841342721803812e-07
ruler_fwe_16k:0108,ruler_fwe_16k,0,20260926,gaussian_bf16_scalar_bracket_binary_v1,10,7,True,3.861222550938237e-05,3.861222550938237e-05,18,cuda:0,bfloat16,5.560716545005562e-07,1.0108083259297018e-09,0.9981822336784321,True,32,24,float32,5.564475031860638e-07,0.0006758997378588494,True,5.560716545005562e-07,False,0.001,bcb931c2fbe4cdef49b9950bf822190a9072eccce94ac55967f6f41e61a08cc7,"[2048, 6144]",4375583226486640111,5.560716545005562e-07
ruler_fwe_16k:0108,ruler_fwe_16k,0,20260927,gaussian_bf16_scalar_bracket_binary_v1,14,7,True,3.9943756463323155e-05,3.9943756463323155e-05,22,cuda:0,bfloat16,5.560716545005562e-07,6.134283636605176e-10,0.998896853744125,True,32,24,float32,5.558595717047865e-07,0.0003813947250380168,True,5.560716545005562e-07,False,0.001,19f24586e602221845da603106361aa5f7cc7646ba1160e107f66e3d75f460df,"[2048, 6144]",1869633240999010840,5.560716545005562e-07
ruler_fwe_16k:0108,ruler_fwe_16k,0,20260928,gaussian_bf16_scalar_bracket_binary_v1,10,7,True,3.993289568882119e-05,3.993289568882119e-05,18,cuda:0,bfloat16,5.560716545005562e-07,8.999862521896773e-10,0.998381528270852,True,32,24,float32,5.558587758969225e-07,0.00038282584970982924,True,5.560716545005562e-07,False,0.001,e48fad9c6b0cdea007c5bb89f8342b5fe51fe464c4c83c897c0cd8cbbb4aee79,"[2048, 6144]",7246201212784926368,5.560716545005562e-07
ruler_fwe_16k:0108,ruler_fwe_16k,0,20260929,gaussian_bf16_scalar_bracket_binary_v1,9,7,True,3.885550685822636e-05,3.885550685822636e-05,17,cuda:0,bfloat16,5.560716545005562e-07,9.12023234711512e-10,0.9983598818113996,True,32,24,float32,5.556847781917895e-07,0.0006957310368825362,True,5.560716545005562e-07,False,0.001,f2534efca03bb74d9f0d3bfb3e5fac9bee5b31f514a8867662ad5aafa53a63e2,"[2048, 6144]",8238014990317762381,5.560716545005562e-07
ruler_fwe_16k:0108,ruler_fwe_16k,0,20260930,gaussian_bf16_scalar_bracket_binary_v1,9,7,True,3.927256059910178e-05,3.927256059910178e-05,17,cuda:0,bfloat16,5.560716545005562e-07,1.0929447347152177e-09,0.9980345253604108,True,32,24,float32,5.562990281759994e-07,0.00040889276337498454,True,5.560716545005562e-07,False,0.001,d9fc4b4e1f0d0bbc2cd7d222b16c37e4667f0625e83cd6a5efb02a4e9348fd36,"[2048, 6144]",6484140362407152572,5.560716545005562e-07
ruler_fwe_16k:0108,ruler_fwe_16k,6,20260926,gaussian_bf16_scalar_bracket_binary_v1,32,6,True,4.2265049709333535e-05,4.2265049709333535e-05,39,cuda:0,bfloat16,6.66462540266366e-07,9.80959868890352e-10,0.9985281095191062,True,32,24,float32,6.652703063991794e-07,0.001788898542909982,True,6.66462540266366e-07,False,0.001,5bab6b7a3c1375b7677db855949897ac56c5e4c79f933879e656c63440936d99,"[2048, 6144]",6605491451207054775,6.66462540266366e-07
ruler_fwe_16k:0108,ruler_fwe_16k,6,20260927,gaussian_bf16_scalar_bracket_binary_v1,32,6,True,4.252864085074748e-05,4.252863831584295e-05,39,cuda:0,bfloat16,6.66462540266366e-07,1.6441893402330265e-09,0.9975329606078447,True,32,24,float32,6.657636504314723e-07,0.001048655839853067,True,6.66462540266366e-07,False,0.001,8ff4d645b5872cf34a1843f45ebeed89fa0c257b706fb61eae5362e03ca63e79,"[2048, 6144]",1149779399772941555,6.66462540266366e-07
ruler_fwe_16k:0108,ruler_fwe_16k,6,20260928,gaussian_bf16_scalar_bracket_binary_v1,8,6,True,4.2237063489380944e-05,4.2237063489380944e-05,15,cuda:0,bfloat16,6.66462540266366e-07,1.304488073117227e-09,0.9980426685757975,True,32,24,float32,6.65949585254566e-07,0.0007696681820930523,True,6.66462540266366e-07,False,0.001,b678e9bcb5c978d359659855cac3405e3b29faea45828c5d94c45da3c551b30e,"[2048, 6144]",3925144071966390483,6.66462540266366e-07
ruler_fwe_16k:0108,ruler_fwe_16k,6,20260929,gaussian_bf16_scalar_bracket_binary_v1,7,6,True,4.148729313158128e-05,4.148729065874591e-05,14,cuda:0,bfloat16,6.66462540266366e-07,1.563230656032033e-09,0.9976544358285955,True,32,24,float32,6.660896474386391e-07,0.0005595105579045238,True,6.66462540266366e-07,False,0.001,ab24d9c613cdf18c9b05ec06a32c40ea52529ae5157aa6c57bc91837908affdc,"[2048, 6144]",3108849087551500684,6.66462540266366e-07
ruler_fwe_16k:0108,ruler_fwe_16k,6,20260930,gaussian_bf16_scalar_bracket_binary_v1,32,6,True,4.2345754157568916e-05,4.234575920557618e-05,39,cuda:0,bfloat16,6.66462540266366e-07,1.1693258583633792e-09,0.9982454739948384,True,32,24,float32,6.677590249637433e-07,0.0019453226836412163,True,6.66462540266366e-07,False,0.001,814c9c9e6fb71a85b9ba58356d9cc2eb949fbc71e1efd1588d488c36ad88fb24,"[2048, 6144]",93621896560974469,6.66462540266366e-07
ruler_fwe_16k:0108,ruler_fwe_16k,12,20260926,gaussian_bf16_scalar_bracket_binary_v1,11,7,True,3.0258927765203225e-05,3.0258925961630584e-05,19,cuda:0,bfloat16,4.022790562885348e-07,6.489893067396224e-10,0.9983867186307752,True,32,24,float32,4.0238487031274417e-07,0.00026303637376910564,True,4.022790562885348e-07,False,0.001,a9ef88d0954e05d5bd2b403c150b57fc14c08bdfe2350c5b997b0835aa8f1c59,"[2048, 6144]",3021784304428385749,4.022790562885348e-07
ruler_fwe_16k:0108,ruler_fwe_16k,12,20260927,gaussian_bf16_scalar_bracket_binary_v1,9,7,True,3.082463268810898e-05,3.082463268810898e-05,17,cuda:0,bfloat16,4.022790562885348e-07,7.828863668457586e-10,0.9980538724186421,True,32,24,float32,4.025544910746248e-07,0.0006846858711244703,True,4.022790562885348e-07,False,0.001,9f727b4fbc52c10fcbf932a2cb07e8124a5663c77296626baac77d9294819bf8,"[2048, 6144]",2266009144912953615,4.022790562885348e-07
ruler_fwe_16k:0108,ruler_fwe_16k,12,20260928,gaussian_bf16_scalar_bracket_binary_v1,32,7,True,3.005621683449533e-05,3.005621683449533e-05,40,cuda:0,bfloat16,4.022790562885348e-07,5.480805809199296e-10,0.998637561234292,True,32,24,float32,4.027120894534164e-07,0.0010764496886237157,True,4.022790562885348e-07,False,0.001,e261aaae08a37882f6bd9e9aaf445643dae925f2e5b48d6e8775fea55c6444ec,"[2048, 6144]",7089134952903833730,4.022790562885348e-07
ruler_fwe_16k:0108,ruler_fwe_16k,12,20260929,gaussian_bf16_scalar_bracket_binary_v1,9,7,True,2.9718365283315507e-05,2.9718365283315507e-05,17,cuda:0,bfloat16,4.022790562885348e-07,6.571619914907956e-10,0.9983664026719317,True,32,24,float32,4.019731250082259e-07,0.000760495172508905,True,4.022790562885348e-07,False,0.001,4f0c28fdab0f32a600b27d24be29074bbd9a7c8207da9dd54507a18a24ce6b1a,"[2048, 6144]",5695972698678571686,4.022790562885348e-07
ruler_fwe_16k:0108,ruler_fwe_16k,12,20260930,gaussian_bf16_scalar_bracket_binary_v1,6,7,True,3.097548733421718e-05,3.097548733421718e-05,14,cuda:0,bfloat16,4.022790562885348e-07,8.134198314913021e-10,0.9979779712148179,True,32,24,float32,4.021626978101267e-07,0.0002892481639029596,True,4.022790562885348e-07,False,0.001,395b8be20e15dfbf89c554e0beaf67ccd8ffaade22dc126a47e88ca030ee08a7,"[2048, 6144]",4133050886057746367,4.022790562885348e-07
ruler_fwe_16k:0108,ruler_fwe_16k,18,20260926,gaussian_bf16_scalar_bracket_binary_v1,8,6,True,5.114345344736648e-05,5.114345344736648e-05,15,cuda:0,bfloat16,8.952902135206386e-07,1.2808992755353188e-09,0.9985692915479347,True,32,24,float32,8.957428576650273e-07,0.00050558370632539,True,8.952902135206386e-07,False,0.001,f025d6a6f38e1f3931accb5631be71ceba82e1ba3102f555be34ec752b26eff1,"[2048, 6144]",8081101118925315897,8.952902135206386e-07
ruler_fwe_16k:0108,ruler_fwe_16k,18,20260927,gaussian_bf16_scalar_bracket_binary_v1,32,6,True,5.141623718429855e-05,5.141623718429855e-05,39,cuda:0,bfloat16,8.952902135206386e-07,1.9620818303422993e-09,0.997808440435614,True,32,24,float32,8.985663271232625e-07,0.003659275565786453,True,8.952902135206386e-07,False,0.001,1ebc2bcc9197d79e9dff139004ed0f436d86eb44068e05496f434f2617f8e85e,"[2048, 6144]",2214693274375411614,8.952902135206386e-07
ruler_fwe_16k:0108,ruler_fwe_16k,18,20260928,gaussian_bf16_scalar_bracket_binary_v1,32,6,True,5.226956066906041e-05,5.2269557553551814e-05,39,cuda:0,bfloat16,8.952902135206386e-07,2.28293539628055e-09,0.9974500610396453,True,32,24,float32,8.943696343521879e-07,0.001028246656277746,True,8.952902135206386e-07,False,0.001,8c8ab0d5f1e3e907f5ab00aeeb3ed6fb5ecbc095afbd8981860011c0759335df,"[2048, 6144]",903729108173973767,8.952902135206386e-07
ruler_fwe_16k:0108,ruler_fwe_16k,18,20260929,gaussian_bf16_scalar_bracket_binary_v1,8,6,True,5.360550153454824e-05,5.360550153454824e-05,15,cuda:0,bfloat16,8.952902135206386e-07,2.6407616093848674e-09,0.9970503848143271,True,32,24,float32,8.954129384619591e-07,0.00013707839029970074,True,8.952902135206386e-07,False,0.001,3b1047c692aa03bb598d54549a6c58da91d5fb0d98edc00d7fec3719ec654cdd,"[2048, 6144]",4255980566054831035,8.952902135206386e-07
ruler_fwe_16k:0108,ruler_fwe_16k,18,20260930,gaussian_bf16_scalar_bracket_binary_v1,6,6,True,5.416505791799864e-05,5.416505791799864e-05,13,cuda:0,bfloat16,8.952902135206386e-07,2.0600086081401514e-09,0.9976990605090618,True,32,24,float32,8.944429055190994e-07,0.0009464059684147009,True,8.952902135206386e-07,False,0.001,67541f063465adf9cff9e2ad6fc6b7e6cc6d78f785c0bce7ed07bb7b63322dc8,"[2048, 6144]",7445610195459616249,8.952902135206386e-07
ruler_fwe_16k:0108,ruler_fwe_16k,24,20260926,gaussian_bf16_scalar_bracket_binary_v1,7,7,True,3.687996468215715e-05,3.687996248393996e-05,15,cuda:0,bfloat16,5.017682269681245e-07,7.544574964768458e-10,0.9984964024106596,True,32,24,float32,5.021975084673613e-07,0.0008555374297625521,True,5.017682269681245e-07,False,0.001,1fa79fb3161b64112bd2852c1d63e053e751c53c2e640f58463f81f28f66684f,"[2048, 6144]",2280967327805301777,5.017682269681245e-07
ruler_fwe_16k:0108,ruler_fwe_16k,24,20260927,gaussian_bf16_scalar_bracket_binary_v1,7,7,True,3.537466000125278e-05,3.537466000125278e-05,15,cuda:0,bfloat16,5.017682269681245e-07,3.904688516964683e-10,0.9992218143144379,True,32,24,float32,5.012805104342988e-07,0.0009719956498096792,True,5.017682269681245e-07,False,0.001,2d76c396e0334ca9a15de48fd995b231be6e081640cc315d1e8bab0549b54ba3,"[2048, 6144]",3276020831732583593,5.017682269681245e-07
ruler_fwe_16k:0108,ruler_fwe_16k,24,20260928,gaussian_bf16_scalar_bracket_binary_v1,8,7,True,3.575098617147887e-05,3.575098404055404e-05,16,cuda:0,bfloat16,5.017682269681245e-07,3.29272248356105e-10,0.9993437762084983,True,32,24,float32,5.016887030251382e-07,0.0001584874025738626,True,5.017682269681245e-07,False,0.001,49f64f429eb83af1f33fa097c71dfd2f45cb3cb16e3e3f957477d0cd29fcb4f0,"[2048, 6144]",5329534356588870385,5.017682269681245e-07
ruler_fwe_16k:0108,ruler_fwe_16k,24,20260929,gaussian_bf16_scalar_bracket_binary_v1,9,7,True,3.644091748356004e-05,3.644091748356004e-05,17,cuda:0,bfloat16,5.017682269681245e-07,4.4329634407702656e-10,0.9991165316569453,True,32,24,float32,5.021049105380371e-07,0.0006709941997462389,True,5.017682269681245e-07,False,0.001,efe0776df32575d4fa31d9a130441533b4556d7bb22512a975ff5243ab73358e,"[2048, 6144]",8061574647107646932,5.017682269681245e-07
ruler_fwe_16k:0108,ruler_fwe_16k,24,20260930,gaussian_bf16_scalar_bracket_binary_v1,9,7,True,3.6566359540302074e-05,3.6566359540302074e-05,17,cuda:0,bfloat16,5.017682269681245e-07,9.27677434869878e-10,0.9981511833850556,True,32,24,float32,5.013852160118404e-07,0.0007633224578575313,True,5.017682269681245e-07,False,0.001,c4c93afc2236bb285d10d088aa8f212f2659a87cba19f116c3109eacf420ccde,"[2048, 6144]",4956557719478123304,5.017682269681245e-07
ruler_fwe_16k:0227,ruler_fwe_16k,0,20260926,gaussian_bf16_scalar_bracket_binary_v1,32,7,True,2.988605364961927e-05,2.988605364961927e-05,40,cuda:0,bfloat16,3.692485393003153e-07,7.230706033922729e-10,0.9980417780263602,True,32,24,float32,3.687396201712545e-07,0.00137825630949051,True,3.692485393003153e-07,False,0.001,6d253ecd5406e0c5414da2d7acaeb2f2c8957722174cca3efa65d9bfbd2f8211,"[2048, 6144]",7864761375871393989,3.692485393003153e-07
ruler_fwe_16k:0227,ruler_fwe_16k,0,20260927,gaussian_bf16_scalar_bracket_binary_v1,10,7,True,2.9701429379969113e-05,2.9701429379969113e-05,18,cuda:0,bfloat16,3.692485393003153e-07,4.883029536273398e-10,0.998677576478562,True,32,24,float32,3.690352059493307e-07,0.0005777500200511431,True,3.692485393003153e-07,False,0.001,5ab28306936c4a8c563409268e414c4dafe42166d710f811460f3123adf59643,"[2048, 6144]",6535430073534401164,3.692485393003153e-07
ruler_fwe_16k:0227,ruler_fwe_16k,0,20260928,gaussian_bf16_scalar_bracket_binary_v1,8,7,True,2.981681954850046e-05,2.9816817771279523e-05,16,cuda:0,bfloat16,3.692485393003153e-07,2.675337174018466e-10,0.9992754643852924,True,32,24,float32,3.6925089830219804e-07,6.388655963794948e-06,True,3.692485393003153e-07,False,0.001,3019d3ee568666ac3f9d8d4131ad9e2f594031d1c44e4546060f9fbaf08be5c2,"[2048, 6144]",3466034408845633196,3.692485393003153e-07
ruler_fwe_16k:0227,ruler_fwe_16k,0,20260929,gaussian_bf16_scalar_bracket_binary_v1,7,7,True,3.0463004492276013e-05,3.0463004492276013e-05,15,cuda:0,bfloat16,3.692485393003153e-07,5.91101612101852e-10,0.9983991768438084,True,32,24,float32,3.6913834833285364e-07,0.000298419508091964,True,3.692485393003153e-07,False,0.001,b7292623e15fa2532089c7432c9787d7c4eed507ca2f43fd59d63d2d53a86ae0,"[2048, 6144]",3974750081678025299,3.692485393003153e-07
ruler_fwe_16k:0227,ruler_fwe_16k,0,20260930,gaussian_bf16_scalar_bracket_binary_v1,8,7,True,2.9447571009200146e-05,2.9447571009200146e-05,16,cuda:0,bfloat16,3.692485393003153e-07,3.052435526562647e-10,0.9991733384965187,True,32,24,float32,3.695592738495179e-07,0.0008415322367731345,True,3.692485393003153e-07,False,0.001,e1c5b8d2f1e22cf8ab6a034158fbebd09bd720e73a92e67b90d90706fcfe9620,"[2048, 6144]",7045240408231783672,3.692485393003153e-07
ruler_fwe_16k:0227,ruler_fwe_16k,6,20260926,gaussian_bf16_scalar_bracket_binary_v1,7,7,True,2.574392708254436e-05,2.574392554808673e-05,15,cuda:0,bfloat16,3.158764059207897e-07,6.788121176271034e-10,0.9978510198770676,True,32,24,float32,3.1593833682563854e-07,0.0001960605594087339,True,3.158764059207897e-07,False,0.001,9da39ce8b1356b811f308ef2318b6033e43182655c8b66e16d9f37a5a76cfc46,"[2048, 6144]",2135723171523160961,3.158764059207897e-07
ruler_fwe_16k:0227,ruler_fwe_16k,6,20260927,gaussian_bf16_scalar_bracket_binary_v1,10,7,True,2.5645215705694113e-05,2.5645215705694113e-05,18,cuda:0,bfloat16,3.158764059207897e-07,5.429249272381753e-10,0.9982812108879878,True,32,24,float32,3.161697748055303e-07,0.0009287457981720749,True,3.158764059207897e-07,False,0.001,b9c6d608930a5a87f3b717e0c524ca771bec81af73979ffd34632d35672b803e,"[2048, 6144]",4163250237865613959,3.158764059207897e-07
ruler_fwe_16k:0227,ruler_fwe_16k,6,20260928,gaussian_bf16_scalar_bracket_binary_v1,9,7,True,2.6415164445126038e-05,2.6415164445126038e-05,17,cuda:0,bfloat16,3.158764059207897e-07,3.9478356694822025e-10,0.9987501960907862,True,32,24,float32,3.1597247129866446e-07,0.0003041233092251127,True,3.158764059207897e-07,False,0.001,e26eb5e53fc2c5ddb16f338a01568e99ff9c288de6792aeb8b70cf6bb5f0b42d,"[2048, 6144]",7092806459376977373,3.158764059207897e-07
ruler_fwe_16k:0227,ruler_fwe_16k,6,20260929,gaussian_bf16_scalar_bracket_binary_v1,32,7,True,2.5477406365048694e-05,2.5477403327905183e-05,40,cuda:0,bfloat16,3.158764059207897e-07,2.6674101816226425e-10,0.9991555525732139,True,32,24,float32,3.1638404607292614e-07,0.001607084741440751,True,3.158764059207897e-07,False,0.001,b75b8b6b4748182151ee03d1970ed77fd9af4f934c2e576585a5e2100c4e95ed,"[2048, 6144]",3988935187840374817,3.158764059207897e-07
ruler_fwe_16k:0227,ruler_fwe_16k,6,20260930,gaussian_bf16_scalar_bracket_binary_v1,8,7,True,2.5191143372182978e-05,2.5191141870673825e-05,16,cuda:0,bfloat16,3.158764059207897e-07,3.904688516964683e-10,0.9987638555954876,True,32,24,float32,3.15757233693148e-07,0.0003772748625978987,True,3.158764059207897e-07,False,0.001,cffcddf7b40556b56b4b540c26c44f6a71bdc4231052e2f99a3c9c775132b10e,"[2048, 6144]",5763725679074301621,3.158764059207897e-07
ruler_fwe_16k:0227,ruler_fwe_16k,12,20260926,gaussian_bf16_scalar_bracket_binary_v1,8,7,True,3.16582261206122e-05,3.16582261206122e-05,16,cuda:0,bfloat16,4.020092205792025e-07,5.702350258651734e-10,0.9985815374457243,True,32,24,float32,4.0195081396632304e-07,0.00014528674938184199,True,4.020092205792025e-07,False,0.001,96e1273bb3008a58ce84d08b337c7bdef2576d9274e0b0e3c1369bdb98487612,"[2048, 6144]",1648642075954023000,4.020092205792025e-07
ruler_fwe_16k:0227,ruler_fwe_16k,12,20260927,gaussian_bf16_scalar_bracket_binary_v1,8,7,True,3.1055212289743395e-05,3.1055212289743395e-05,16,cuda:0,bfloat16,4.020092205792025e-07,4.128745401121847e-10,0.998972972461882,True,32,24,float32,4.024009001568629e-07,0.0009743049602098124,True,4.020092205792025e-07,False,0.001,83bea23d482a76d7cee77f1907087b939a7c2579ecf51cadef36e108c25117eb,"[2048, 6144]",269831411776255703,4.020092205792025e-07
ruler_fwe_16k:0227,ruler_fwe_16k,12,20260928,gaussian_bf16_scalar_bracket_binary_v1,7,7,True,2.9949686933150588e-05,2.9949686933150588e-05,15,cuda:0,bfloat16,4.020092205792025e-07,9.01396901564766e-10,0.9977577705798238,True,32,24,float32,4.0202007767220493e-07,2.7007074580955544e-05,True,4.020092205792025e-07,False,0.001,6c045c11641dc762c834c76b8a07ecfb9c9e96d8c10577eec92518b446e5f422,"[2048, 6144]",7783447285766932322,4.020092205792025e-07
ruler_fwe_16k:0227,ruler_fwe_16k,12,20260929,gaussian_bf16_scalar_bracket_binary_v1,32,7,True,3.009415899679624e-05,3.009415720304458e-05,40,cuda:0,bfloat16,4.020092205792025e-07,5.057706475852797e-10,0.9987418929176386,True,32,24,float32,4.0245029708785296e-07,0.0010971800796383483,True,4.020092205792025e-07,False,0.001,9579af223509ce8da26d98ac09b27ce20aadfa70344e09e6e13d987fa9b0c4a7,"[2048, 6144]",1547460508432060045,4.020092205792025e-07
ruler_fwe_16k:0227,ruler_fwe_16k,12,20260930,gaussian_bf16_scalar_bracket_binary_v1,32,7,True,3.0578611514564535e-05,3.057860969193726e-05,40,cuda:0,bfloat16,4.020092205792025e-07,5.177829276448165e-10,0.9987120123093226,True,32,24,float32,4.0158801084544393e-07,0.0010477613751040868,True,4.020092205792025e-07,False,0.001,4536ac76585a04f1f7619d429f1f238f8d04663a869d393c68f679f2e05d4a7b,"[2048, 6144]",4987363261647815921,4.020092205792025e-07
ruler_fwe_16k:0227,ruler_fwe_16k,18,20260926,gaussian_bf16_scalar_bracket_binary_v1,7,7,True,2.9794798990678828e-05,2.9794797214770418e-05,15,cuda:0,bfloat16,3.7955157949909335e-07,6.104871053125294e-10,0.9983915569364296,True,32,24,float32,3.7951426179461123e-07,9.832050898423308e-05,True,3.7955157949909335e-07,False,0.001,fdc1bfe0d854ab0e40c28b92366b1e61be5e8bf024c4f6d7feee89795a70cfd7,"[2048, 6144]",9061734897669155598,3.7955157949909335e-07
ruler_fwe_16k:0227,ruler_fwe_16k,18,20260927,gaussian_bf16_scalar_bracket_binary_v1,32,7,True,2.9937130832990988e-05,2.993712904859894e-05,40,cuda:0,bfloat16,3.7955157949909335e-07,5.522063362128904e-10,0.9985451085806528,True,32,24,float32,3.778745849558618e-07,0.004418357434962443,True,3.7955157949909335e-07,False,0.001,1b22c627916d9d6e37f48fa9decb5a566b98b7c9ed07b0282c6c7f453f3b3fdc,"[2048, 6144]",1955343061478120814,3.7955157949909335e-07
ruler_fwe_16k:0227,ruler_fwe_16k,18,20260928,gaussian_bf16_scalar_bracket_binary_v1,32,7,True,2.898232139081358e-05,2.898232139081358e-05,40,cuda:0,bfloat16,3.7955157949909335e-07,4.4804776555551484e-10,0.9988195339190873,True,32,24,float32,3.7994402646290837e-07,0.0010339753145881877,True,3.7955157949909335e-07,False,0.001,2f2ddb0bd025ad5c5ac9ec65c1f296835ee894778edfbcaffb7fd5132d86a162,"[2048, 6144]",3399614137517845852,3.7955157949909335e-07
ruler_fwe_16k:0227,ruler_fwe_16k,18,20260929,gaussian_bf16_scalar_bracket_binary_v1,7,7,True,3.017435057017792e-05,3.017435057017792e-05,15,cuda:0,bfloat16,3.7955157949909335e-07,4.3655745685100555e-10,0.9988498072977929,True,32,24,float32,3.796644421072415e-07,0.00029735776174896387,True,3.7955157949909335e-07,False,0.001,c1a84dea0a31bbddb2153a89852862fcce9f625618a5e7ca2f4380f2a16a1adf,"[2048, 6144]",4731117076141423581,3.7955157949909335e-07
ruler_fwe_16k:0227,ruler_fwe_16k,18,20260930,gaussian_bf16_scalar_bracket_binary_v1,10,7,True,3.010318464902184e-05,3.0103188237601097e-05,18,cuda:0,bfloat16,3.7955157949909335e-07,5.522063362128904e-10,0.9985451085806528,True,32,24,float32,3.7968450783409935e-07,0.00035022469194155223,True,3.7955157949909335e-07,False,0.001,03ff95825867137671ca34064e913c852f361c454e2adb0328f7923d045ad932,"[2048, 6144]",288113288236438390,3.7955157949909335e-07
ruler_fwe_16k:0227,ruler_fwe_16k,24,20260926,gaussian_bf16_scalar_bracket_binary_v1,32,7,True,4.28116527223521e-05,4.2811650170578746e-05,40,cuda:0,bfloat16,6.582946525668376e-07,9.092327446502679e-10,0.9986188058172659,True,32,24,float32,6.591740202566143e-07,0.0013358268768367619,True,6.582946525668376e-07,False,0.001,b1d311bc409f168b40e1dd61fd7235b2b02222111b5c1725fe38f2a6643f9f22,"[2048, 6144]",3590232828180108939,6.582946525668376e-07
ruler_fwe_16k:0227,ruler_fwe_16k,24,20260927,gaussian_bf16_scalar_bracket_binary_v1,12,7,True,4.335487438389407e-05,4.3354871799742184e-05,20,cuda:0,bfloat16,6.582946525668376e-07,7.270134494419267e-10,0.9988956108839603,True,32,24,float32,6.584838274648064e-07,0.0002873711600590009,True,6.582946525668376e-07,False,0.001,8ade0e03446eead8df5ce7570b905e28bc40c1e55c2105174711d859df034127,"[2048, 6144]",783078792404855512,6.582946525668376e-07
ruler_fwe_16k:0227,ruler_fwe_16k,24,20260928,gaussian_bf16_scalar_bracket_binary_v1,10,7,True,4.299486949577158e-05,4.2994866933077655e-05,18,cuda:0,bfloat16,6.582946525668376e-07,1.1771771335489234e-09,0.9982117777670548,True,32,24,float32,6.579209070878278e-07,0.0005677480100324311,True,6.582946525668376e-07,False,0.001,e237c0edcdfb68cae1090f04c74baf1c74ac54c859c99b632bc1f47c157db599,"[2048, 6144]",7077337467031611594,6.582946525668376e-07
ruler_fwe_16k:0227,ruler_fwe_16k,24,20260929,gaussian_bf16_scalar_bracket_binary_v1,32,7,True,4.3210872428645075e-05,4.3210872428645075e-05,40,cuda:0,bfloat16,6.582946525668376e-07,8.633591064288737e-10,0.9986884913874624,True,32,24,float32,6.575045858880912e-07,0.0012001718009795833,True,6.582946525668376e-07,False,0.001,fd5de8721ec70e6685db0655da3435fbff80c10fc6d8a61a17056b44ab39ca8a,"[2048, 6144]",9033632004415360614,6.582946525668376e-07
ruler_fwe_16k:0227,ruler_fwe_16k,24,20260930,gaussian_bf16_scalar_bracket_binary_v1,10,7,True,4.3570877316767564e-05,4.35708747197409e-05,18,cuda:0,bfloat16,6.582946525668376e-07,1.1985691328320058e-09,0.9981792816816019,True,32,24,float32,6.579251703442424e-07,0.0005612717969902361,True,6.582946525668376e-07,False,0.001,4475b3bee5ef69bb7307e19a579fa4d5e93d81e1ed5ca71d0dd59c7cb2d035bb,"[2048, 6144]",4933046599337077179,6.582946525668376e-07
ruler_fwe_16k:0242,ruler_fwe_16k,24,20260926,gaussian_bf16_scalar_bracket_binary_v1,10,7,True,3.260191198961593e-05,3.260191198961593e-05,18,cuda:0,bfloat16,4.343302180132014e-07,4.973264577934344e-10,0.9988549577322333,True,32,24,float32,4.3412791228547576e-07,0.0004657878253349314,True,4.343302180132014e-07,False,0.001,a2dd56da8c88fc7a339af327b2f42ec584975c42c4fd2e6d5a59dabd2683bbcb,"[2048, 6144]",2512259663803251834,4.343302180132014e-07
ruler_fwe_16k:0242,ruler_fwe_16k,24,20260927,gaussian_bf16_scalar_bracket_binary_v1,8,7,True,3.3334844232513205e-05,3.3334842245601655e-05,16,cuda:0,bfloat16,4.343302180132014e-07,6.077058301023897e-10,0.9986008207467528,True,32,24,float32,4.342269619428407e-07,0.0002377363261368089,True,4.343302180132014e-07,False,0.001,e0b04237c3386ac13a0904a7dda80ed10e948bc955d62796d166382ea9d1b3fb,"[2048, 6144]",6967141430808046273,4.343302180132014e-07
ruler_fwe_16k:0242,ruler_fwe_16k,24,20260928,gaussian_bf16_scalar_bracket_binary_v1,8,7,True,3.3117679123506605e-05,3.3117677149539107e-05,16,cuda:0,bfloat16,4.343302180132014e-07,5.460362717535361e-10,0.9987428084689771,True,32,24,float32,4.347585900177364e-07,0.0009862818352694698,True,4.343302180132014e-07,False,0.001,6cb0df9e1ae9ae343d93aa15089439a0661430276b4b2f14737ea73310c09845,"[2048, 6144]",7832005622146641460,4.343302180132014e-07
ruler_fwe_16k:0242,ruler_fwe_16k,24,20260929,gaussian_bf16_scalar_bracket_binary_v1,7,7,True,3.452925233204951e-05,3.452925233204951e-05,15,cuda:0,bfloat16,4.343302180132014e-07,3.7271088992874013e-10,0.9991418720722826,True,32,24,float32,4.344624926488905e-07,0.0003045485444097739,True,4.343302180132014e-07,False,0.001,6006592a9ff69cb8dee67d47e5021820c4d2e09a8422172327e1fb62f6b4d898,"[2048, 6144]",6919315917108583608,4.343302180132014e-07
ruler_fwe_16k:0242,ruler_fwe_16k,24,20260930,gaussian_bf16_scalar_bracket_binary_v1,9,7,True,3.3171970400758255e-05,3.3171968423554745e-05,17,cuda:0,bfloat16,4.343302180132014e-07,5.460362717535361e-10,0.9987428084689771,True,32,24,float32,4.344989861237991e-07,0.0003885709619048641,True,4.343302180132014e-07,False,0.001,220fb22a703ca68f2f894fa0b92f15a5c16c81d55421a0dc70e9242b8ef4a38a,"[2048, 6144]",2454376217281603215,4.343302180132014e-07
ruler_fwe_16k:0254,ruler_fwe_16k,0,20260926,gaussian_bf16_scalar_bracket_binary_v1,32,7,True,2.340604453454631e-05,2.340604453454631e-05,40,cuda:0,bfloat16,2.770970866095013e-07,2.7301813587676804e-10,0.999014720294546,True,32,24,float32,2.7752520281865145e-07,0.0015450043679221277,True,2.770970866095013e-07,False,0.001,b7e203b2f549e3dfc606c03bd79f48b8f8a077076963c5cb9dd4c6d36cd38d6e,"[2048, 6144]",4026785083976967135,2.770970866095013e-07
ruler_fwe_16k:0254,ruler_fwe_16k,0,20260927,gaussian_bf16_scalar_bracket_binary_v1,8,7,True,2.473091497989799e-05,2.473091497989799e-05,16,cuda:0,bfloat16,2.770970866095013e-07,3.4558883532653795e-10,0.9987528240027527,True,32,24,float32,2.770036360288941e-07,0.00033724851369102804,True,2.770970866095013e-07,False,0.001,ccb7f75c1078a2b700a1f97768fb8e4a198543140bedda3afc311c341638d282,"[2048, 6144]",5528159042405966519,2.770970866095013e-07
ruler_fwe_16k:0254,ruler_fwe_16k,0,20260928,gaussian_bf16_scalar_bracket_binary_v1,32,7,True,2.4704937128028348e-05,2.4704937128028348e-05,40,cuda:0,bfloat16,2.770970866095013e-07,3.053302610744879e-10,0.9988981108938731,True,32,24,float32,2.7658600743052375e-07,0.001844404736372283,True,2.770970866095013e-07,False,0.001,8a1ef95b7b90f8605b8b8d9380bfd3086a2b293c04226f1b1f8328b2a3b2612e,"[2048, 6144]",729294360991037536,2.770970866095013e-07
ruler_fwe_16k:0254,ruler_fwe_16k,0,20260929,gaussian_bf16_scalar_bracket_binary_v1,9,7,True,2.428063221415755e-05,2.428063221415755e-05,17,cuda:0,bfloat16,2.770970866095013e-07,4.920290841425867e-10,0.9982243440731805,True,32,24,float32,2.770000548935059e-07,0.0003501722706025456,True,2.770970866095013e-07,False,0.001,f6e8475df32258d5654de5f176c9a6ba7ba7d09ce6f85234064d180251d1182f,"[2048, 6144]",8568176759909013717,2.770970866095013e-07
ruler_fwe_16k:0254,ruler_fwe_16k,0,20260930,gaussian_bf16_scalar_bracket_binary_v1,32,7,True,2.433258791789683e-05,2.433258646756157e-05,40,cuda:0,bfloat16,2.770970866095013e-07,3.5888989002863525e-10,0.9987048225789021,True,32,24,float32,2.7631548960016517e-07,0.002820661230688343,True,2.770970866095013e-07,False,0.001,c8167877b79a1138178e5ebd413ad454525147b7558cf549854fea2cd6da3c88,"[2048, 6144]",5194471675795214648,2.770970866095013e-07
ruler_fwe_16k:0254,ruler_fwe_16k,6,20260926,gaussian_bf16_scalar_bracket_binary_v1,8,7,True,3.293513945124005e-05,3.293513748815276e-05,16,cuda:0,bfloat16,4.688276078468334e-07,8.697128572876522e-10,0.9981449197045329,True,32,24,float32,4.6845249812577094e-07,0.000800101604052765,True,4.688276078468334e-07,False,0.001,3fafa2f8b16fc19b7f5d1179884bc0e94aebc381d1b090e2529a0665143a9ec9,"[2048, 6144]",4589065734326305179,4.688276078468334e-07
ruler_fwe_16k:0254,ruler_fwe_16k,6,20260927,gaussian_bf16_scalar_bracket_binary_v1,32,7,True,3.393139811791457e-05,3.393139811791457e-05,40,cuda:0,bfloat16,4.688276078468334e-07,6.5854449671221e-10,0.9985953376343669,True,32,24,float32,4.7044446205291024e-07,0.003448717991464896,True,4.688276078468334e-07,False,0.001,1b56d3a05a22aca47bc18206b99153bdcf18fa18e0d145646f9d5ef3ae3e470b,"[2048, 6144]",1969994572681620644,4.688276078468334e-07
ruler_fwe_16k:0254,ruler_fwe_16k,6,20260928,gaussian_bf16_scalar_bracket_binary_v1,13,7,True,3.4858065186549325e-05,3.485806310884673e-05,21,cuda:0,bfloat16,4.688276078468334e-07,6.160119636611228e-10,0.9986860586847898,True,32,24,float32,4.691540311796416e-07,0.0006962545023902111,True,4.688276078468334e-07,False,0.001,707db1a801bc2cd4c8ff7efc3fef4b425e0e91bd28eaff339ba6b6380ab07c85,"[2048, 6144]",8105830239478492372,4.688276078468334e-07
ruler_fwe_16k:0254,ruler_fwe_16k,6,20260929,gaussian_bf16_scalar_bracket_binary_v1,11,7,True,3.409255760811192e-05,3.409255557603713e-05,19,cuda:0,bfloat16,4.688276078468334e-07,4.592506930300999e-10,0.9990204273695842,True,32,24,float32,4.686586692059791e-07,0.00036034277424531254,True,4.688276078468334e-07,False,0.001,a553acb72009ea311202e758da7e8da76d3910b5c1933cc7f9ed3b0a94d20d32,"[2048, 6144]",2689683304986831409,4.688276078468334e-07
ruler_fwe_16k:0254,ruler_fwe_16k,6,20260930,gaussian_bf16_scalar_bracket_binary_v1,10,7,True,3.360907913751987e-05,3.360907713426265e-05,18,cuda:0,bfloat16,4.688276078468334e-07,4.5461637232513397e-10,0.9990303122838413,True,32,24,float32,4.6888914084775024e-07,0.00013124867197865101,True,4.688276078468334e-07,False,0.001,be1d074709552b1e5edccd7fea2fb83394956bfb8e3626522a82d3afa5c44559,"[2048, 6144]",4475741606356790046,4.688276078468334e-07
ruler_fwe_16k:0254,ruler_fwe_16k,12,20260926,gaussian_bf16_scalar_bracket_binary_v1,10,7,True,2.6010060894421372e-05,2.6010060894421372e-05,18,cuda:0,bfloat16,3.218569020191353e-07,1.7462298274040222e-10,0.9994574514896374,True,32,24,float32,3.220883399990271e-07,0.0007190710481579798,True,3.218569020191353e-07,False,0.001,6fb318d143e530f672b684bea004774dcdce7d82c8b0a23f76c2cd94f41bc1b3,"[2048, 6144]",8048804246107533558,3.218569020191353e-07
ruler_fwe_16k:0254,ruler_fwe_16k,12,20260927,gaussian_bf16_scalar_bracket_binary_v1,2,7,True,2.5748552161530824e-05,2.574855062679752e-05,10,cuda:0,bfloat16,3.218569020191353e-07,3.3815594768782375e-10,0.9989493593408548,True,32,24,float32,3.2179440268009785e-07,0.00019418362211708187,True,3.218569020191353e-07,False,0.001,c843958d8bdec503c1ab5626e9d8cd9cedec789c534777a07ff5e0e650ce9b31,"[2048, 6144]",5207170029339985155,3.218569020191353e-07
ruler_fwe_16k:0254,ruler_fwe_16k,12,20260928,gaussian_bf16_scalar_bracket_binary_v1,2,7,True,2.5748552161530824e-05,2.5748552161530824e-05,10,cuda:0,bfloat16,3.218569020191353e-07,3.3815594768782375e-10,0.9989493593408548,True,32,24,float32,3.2209987921305583e-07,0.0007549230493310291,True,3.218569020191353e-07,False,0.001,221209e186d8b79ac0f0ae0cf40d12ad017f2d93cd500e3abbe821a9d5b93443,"[2048, 6144]",2455035611104982938,3.218569020191353e-07
ruler_fwe_16k:0254,ruler_fwe_16k,12,20260929,gaussian_bf16_scalar_bracket_binary_v1,11,7,True,2.571837807696653e-05,2.571837654403174e-05,19,cuda:0,bfloat16,3.218569020191353e-07,2.3866916776249525e-10,0.9992584618621965,True,32,24,float32,3.2207944400397537e-07,0.0006914314511945207,True,3.218569020191353e-07,False,0.001,73544332e4be3142600717fb0f98f98e9642e37a107ab321d26180a8137df189,"[2048, 6144]",8310341098270503234,3.218569020191353e-07
ruler_fwe_16k:0254,ruler_fwe_16k,12,20260930,gaussian_bf16_scalar_bracket_binary_v1,9,7,True,2.6352033852816703e-05,2.6352036994223936e-05,17,cuda:0,bfloat16,3.218569020191353e-07,5.201292174739081e-10,0.9983839737031863,True,32,24,float32,3.216598258859449e-07,0.0006123097934333086,True,3.218569020191353e-07,False,0.001,78f084553a1dbe822f2c38f785c06f44d6592c1ee917d327bcf41d7c33ea61fb,"[2048, 6144]",8714610780544024194,3.218569020191353e-07
ruler_fwe_16k:0254,ruler_fwe_16k,18,20260926,gaussian_bf16_scalar_bracket_binary_v1,32,7,True,1.8898368013609e-05,1.889836688717849e-05,40,cuda:0,bfloat16,2.0555668811539363e-07,1.671887767118463e-10,0.9991866536757101,True,32,24,float32,2.057851276049405e-07,0.0011113211233420575,True,2.0555668811539363e-07,False,0.001,f783e8d3e8bac4a285ef71a9bc94d23c50affb4d95b3e23fd414743a9135ac11,"[2048, 6144]",8611982909302817954,2.0555668811539363e-07
ruler_fwe_16k:0254,ruler_fwe_16k,18,20260927,gaussian_bf16_scalar_bracket_binary_v1,8,7,True,1.9784831231106637e-05,1.978482887257096e-05,16,cuda:0,bfloat16,2.0555668811539363e-07,1.8406878798948867e-10,0.9991045351543796,True,32,24,float32,2.055463852457251e-07,5.0121792499097464e-05,True,2.0555668811539363e-07,False,0.001,9a4cdf941b8b6663938b15b8d0f9d0c069ed8dc551fc0af23ecbcfdea9072739,"[2048, 6144]",1895135370426410595,2.0555668811539363e-07
ruler_fwe_16k:0254,ruler_fwe_16k,18,20260928,gaussian_bf16_scalar_bracket_binary_v1,17,7,True,1.953942786077356e-05,1.953942786077356e-05,25,cuda:0,bfloat16,2.0555668811539363e-07,2.1779313075231954e-10,0.9989404716881308,True,32,24,float32,2.0568420211475313e-07,0.0006203349573715883,True,2.0555668811539363e-07,False,0.001,9585f09c1ca4363beaa2751131870ed0cefa5f1c030a26fab3c7c4ac7eab59bd,"[2048, 6144]",1550910199985092155,2.0555668811539363e-07
ruler_fwe_16k:0254,ruler_fwe_16k,18,20260929,gaussian_bf16_scalar_bracket_binary_v1,32,7,True,1.9091077408717183e-05,1.9091077408717183e-05,40,cuda:0,bfloat16,2.0555668811539363e-07,2.4695417932818486e-10,0.9987986079091256,True,32,24,float32,2.0639011211187608e-07,0.004054472778889061,True,2.0555668811539363e-07,False,0.001,e5678c86ec542197f2ba74e7fba2e43d01f6c35072f5e814bf3190a3ad63be3a,"[2048, 6144]",7306963431550362007,2.0555668811539363e-07
ruler_fwe_16k:0254,ruler_fwe_16k,18,20260930,gaussian_bf16_scalar_bracket_binary_v1,4,7,True,1.8911215306616214e-05,1.8911214179419943e-05,12,cuda:0,bfloat16,2.0555668811539363e-07,2.7915414424484197e-10,0.9986419602942419,True,32,24,float32,2.0543966172681394e-07,0.0005693144292828519,True,2.0555668811539363e-07,False,0.001,c0619a2c69209e0ab06d8945fe64011020e581813e207f75b75eb393ec8dfcea,"[2048, 6144]",4639158606701305354,2.0555668811539363e-07
ruler_fwe_16k:0254,ruler_fwe_16k,24,20260926,gaussian_bf16_scalar_bracket_binary_v1,32,7,True,2.9984600688148788e-05,2.9984598900927315e-05,40,cuda:0,bfloat16,3.785785054333246e-07,4.355862615046391e-10,0.9988494162894799,True,32,24,float32,3.790839286921255e-07,0.001335055349279173,True,3.785785054333246e-07,False,0.001,3db41bcf63968bd8354dd5f770f1f3f540528d360aeb33e55ad431ec6f9eb8e4,"[2048, 6144]",4446209309664512984,3.785785054333246e-07
ruler_fwe_16k:0254,ruler_fwe_16k,24,20260927,gaussian_bf16_scalar_bracket_binary_v1,32,7,True,2.932208830364047e-05,2.932208655590781e-05,40,cuda:0,bfloat16,3.785785054333246e-07,5.964510552125546e-10,0.9984244983625526,True,32,24,float32,3.790815128468239e-07,0.0013286739904145985,True,3.785785054333246e-07,False,0.001,7d1f0bb1822cf49ec5b388cc82660b21f78fae5b363523fbc158f63ccebd1dd0,"[2048, 6144]",9015937836040123550,3.785785054333246e-07
ruler_fwe_16k:0254,ruler_fwe_16k,24,20260928,gaussian_bf16_scalar_bracket_binary_v1,10,7,True,2.9552784580388902e-05,2.9552784580388902e-05,18,cuda:0,bfloat16,3.785785054333246e-07,7.270134494419267e-10,0.9980796230134361,True,32,24,float32,3.786932154525857e-07,0.0003030019338520352,True,3.785785054333246e-07,False,0.001,7ff8a661ecedbe2a2446994be950d6fe3d85ef8170f0b74b5f58707266553f3b,"[2048, 6144]",9221303176558132778,3.785785054333246e-07
ruler_fwe_16k:0254,ruler_fwe_16k,24,20260929,gaussian_bf16_scalar_bracket_binary_v1,10,7,True,3.0404586217613883e-05,3.0404586217613883e-05,18,cuda:0,bfloat16,3.785785054333246e-07,6.73802402761936e-10,0.9982201778677564,True,32,24,float32,3.783769386700442e-07,0.0005324305537360341,True,3.785785054333246e-07,False,0.001,daa8edd09e79d0b1153eb838462321d61c58d9290a310a2908a44c0f2fec69a3,"[2048, 6144]",6532732739768668337,3.785785054333246e-07
ruler_fwe_16k:0254,ruler_fwe_16k,24,20260930,gaussian_bf16_scalar_bracket_binary_v1,32,7,True,3.039275563931909e-05,3.039275563931909e-05,40,cuda:0,bfloat16,3.785785054333246e-07,2.016372485647011e-10,0.9994673832622011,True,32,24,float32,3.781873942898528e-07,0.0010331044627695384,True,3.785785054333246e-07,False,0.001,fce59dd5d83bb6e495c77b3207439c1e50368378b12f9516ad2916e51c043d9c,"[2048, 6144]",8999772972151191268,3.785785054333246e-07
ruler_fwe_16k:0256,ruler_fwe_16k,18,20260926,gaussian_bf16_scalar_bracket_binary_v1,10,7,True,3.744568044439234e-05,3.744568044439234e-05,18,cuda:0,bfloat16,5.431830345514754e-07,1.2769253432409755e-09,0.9976491803645978,True,32,24,float32,5.433046794678376e-07,0.00022394829850047777,True,5.431830345514754e-07,False,0.001,a7a362b9e67958ec5d8d75e040368d32b16f46b8280dce2be2f5494336ea890b,"[2048, 6144]",2856235139258210540,5.431830345514754e-07
ruler_fwe_16k:0256,ruler_fwe_16k,18,20260927,gaussian_bf16_scalar_bracket_binary_v1,32,7,True,3.7479629384051805e-05,3.747962491613181e-05,40,cuda:0,bfloat16,5.431830345514754e-07,1.0102844116843812e-09,0.9981400663359845,True,32,24,float32,5.446090654004365e-07,0.002625322880598825,True,5.431830345514754e-07,False,0.001,374aa21052fbd0bff3752b240254851a3be6d635b4e3806d1d4dc44ce20c26a0,"[2048, 6144]",3984175011358036159,5.431830345514754e-07
ruler_fwe_16k:0256,ruler_fwe_16k,18,20260928,gaussian_bf16_scalar_bracket_binary_v1,9,7,True,3.741173150473287e-05,3.7411729274819906e-05,17,cuda:0,bfloat16,5.431830345514754e-07,9.115587173980089e-10,0.9983218203452346,True,32,24,float32,5.436201035990962e-07,0.0008046441435374643,True,5.431830345514754e-07,False,0.001,093fa14ec6004e5f4f818dd297ac00bc756d4870d64c2cb955480f5945a42cf2,"[2048, 6144]",666428629575552607,5.431830345514754e-07
ruler_fwe_16k:0256,ruler_fwe_16k,18,20260929,gaussian_bf16_scalar_bracket_binary_v1,32,7,True,3.775758632751369e-05,3.775758407698617e-05,40,cuda:0,bfloat16,5.431830345514754e-07,1.025264761977951e-09,0.9981124875101731,True,32,24,float32,5.417654165285057e-07,0.0026098348674315026,True,5.431830345514754e-07,False,0.001,efa4a32c4ce53651e57b03122a2dfdd92fdb97c5dc7c03a5adedaa1f7de5d4aa,"[2048, 6144]",8044734245054527057,5.431830345514754e-07
ruler_fwe_16k:0256,ruler_fwe_16k,18,20260930,gaussian_bf16_scalar_bracket_binary_v1,10,7,True,3.805676135826275e-05,3.805676135826275e-05,18,cuda:0,bfloat16,5.431830345514754e-07,7.793090617269627e-10,0.9985652919694548,True,32,24,float32,5.433541900856653e-07,0.0003150973489649246,True,5.431830345514754e-07,False,0.001,dd57992b1bbf7755da0cb5e055d8caf9db6ead18bb90045fd2eabcc29857e3dd,"[2048, 6144]",6726012978929301333,5.431830345514754e-07
ruler_fwe_16k:0260,ruler_fwe_16k,6,20260926,gaussian_bf16_scalar_bracket_binary_v1,32,7,True,1.6673869129846253e-05,1.6673868136006206e-05,40,cuda:0,bfloat16,1.6326922036569158e-07,8.231806208902626e-11,0.9994958139574339,True,32,24,float32,1.630223636084338e-07,0.001511961389322877,True,1.6326922036569158e-07,False,0.001,342be9b2a9175b496eb23d650d1142a212e092a356ffee9606e37266be429626,"[2048, 6144]",3759355267521141577,1.6326922036569158e-07
ruler_fwe_16k:0260,ruler_fwe_16k,6,20260927,gaussian_bf16_scalar_bracket_binary_v1,32,7,True,1.636773934166058e-05,1.636773934166058e-05,40,cuda:0,bfloat16,1.6326922036569158e-07,5.820766091346741e-11,0.9996434866242204,True,32,24,float32,1.6310556816279131e-07,0.00100234571178644,True,1.6326922036569158e-07,False,0.001,3912482ba01a35bec20d3d898dcad6bf64297f343077e9ad9935a73d6f565c8c,"[2048, 6144]",4112428761949550014,1.6326922036569158e-07
ruler_fwe_16k:0260,ruler_fwe_16k,6,20260928,gaussian_bf16_scalar_bracket_binary_v1,8,7,True,1.636773934166058e-05,1.636773934166058e-05,16,cuda:0,bfloat16,1.6326922036569158e-07,1.0081862428235056e-10,0.9993825007306549,True,32,24,float32,1.633727180205824e-07,0.0006339079384283296,True,1.6326922036569158e-07,False,0.001,8afb0259e879e24b58927641023c0175c8599c1c54d2748c9e0510693cfe6c1f,"[2048, 6144]",791228744709300811,1.6326922036569158e-07
ruler_fwe_16k:0260,ruler_fwe_16k,6,20260929,gaussian_bf16_scalar_bracket_binary_v1,32,7,True,1.6919410730786844e-05,1.6919409722311378e-05,40,cuda:0,bfloat16,1.6326922036569158e-07,8.231806208902626e-11,0.9994958139574339,True,32,24,float32,1.6352608156466886e-07,0.0015732371257849865,True,1.6326922036569158e-07,False,0.001,7e2cfd19cf6598fcf1fc6e11775e345300c49cccfae5db3b107bfb5d606a2877,"[2048, 6144]",9091920035049740540,1.6326922036569158e-07
ruler_fwe_16k:0260,ruler_fwe_16k,6,20260930,gaussian_bf16_scalar_bracket_binary_v1,32,7,True,1.699020324430478e-05,1.6990202231609752e-05,40,cuda:0,bfloat16,1.6326922036569158e-07,1.4257907354764399e-10,0.9991267241110829,True,32,24,float32,1.630693731158317e-07,0.001224035059469669,True,1.6326922036569158e-07,False,0.001,6d4a7b9d9f51b331b201852a64872e39cd8ce579763e8c7c8083af022b94b375,"[2048, 6144]",7875242815323747121,1.6326922036569158e-07
ruler_fwe_16k:0293,ruler_fwe_16k,18,20260926,gaussian_bf16_scalar_bracket_binary_v1,32,7,True,1.8981279677809937e-05,1.8981279677809937e-05,40,cuda:0,bfloat16,1.9708012644059636e-07,2.6031257704950406e-10,0.9986791535922422,True,32,24,float32,1.9804269868473057e-07,0.004884166970657719,True,1.9708012644059636e-07,False,0.001,d42ba8c51b8e03401035b0f681d4129892cb9d1aab2fc307f6c18bb98a839458,"[2048, 6144]",6065126887708820288,1.9708012644059636e-07
ruler_fwe_16k:0293,ruler_fwe_16k,18,20260927,gaussian_bf16_scalar_bracket_binary_v1,32,7,True,1.941855120835001e-05,1.941855120835001e-05,40,cuda:0,bfloat16,1.9708012644059636e-07,1.1999816418306608e-10,0.9993911199147762,True,32,24,float32,1.9649517923880921e-07,0.002968067924207766,True,1.9708012644059636e-07,False,0.001,8b89151b39cfaabf468bd5fd8d82c61fd1ab95b6b882c743c0058a0851649851,"[2048, 6144]",831218812904778431,1.9708012644059636e-07
ruler_fwe_16k:0293,ruler_fwe_16k,18,20260928,gaussian_bf16_scalar_bracket_binary_v1,32,7,True,1.887658086063837e-05,1.8876579735506475e-05,40,cuda:0,bfloat16,1.9708012644059636e-07,1.1641532182693481e-10,0.9994092995375562,True,32,24,float32,1.9620719626800565e-07,0.0044293160774576176,True,1.9708012644059636e-07,False,0.001,a672bd232fb9e47962ae4b6abdb6c30b72f1521ad4d45514295f424227f77c67,"[2048, 6144]",2770484679608493177,1.9708012644059636e-07
ruler_fwe_16k:0293,ruler_fwe_16k,18,20260929,gaussian_bf16_scalar_bracket_binary_v1,32,7,True,1.8710294503954117e-05,1.871029338873366e-05,40,cuda:0,bfloat16,1.9708012644059636e-07,1.3337050908113213e-10,0.9993232675892293,True,32,24,float32,1.973189966975042e-07,0.0012120463956563903,True,1.9708012644059636e-07,False,0.001,6fdb6db4be502c82d309537024c2b79e54ffd969653d42adaf20cf00fa068bba,"[2048, 6144]",8060156581164100738,1.9708012644059636e-07
ruler_fwe_16k:0293,ruler_fwe_16k,18,20260930,gaussian_bf16_scalar_bracket_binary_v1,6,7,True,2.0299253023381425e-05,2.0299253023381425e-05,14,cuda:0,bfloat16,1.9708012644059636e-07,2.9103830456733704e-10,0.9985232488438907,True,32,24,float32,1.9700610209838487e-07,0.0003756053111413015,True,1.9708012644059636e-07,False,0.001,6377b632c3e5f5d22d179ff633426bde41a6bf795c6b1b215a0fa852dde9d4b9,"[2048, 6144]",7167397661134681554,1.9708012644059636e-07
ruler_fwe_16k:0298,ruler_fwe_16k,12,20260926,gaussian_bf16_scalar_bracket_binary_v1,6,7,True,2.6773379090627714e-05,2.6773379090627714e-05,14,cuda:0,bfloat16,3.3890353279275587e-07,3.841988116537465e-10,0.9988663475754067,True,32,24,float32,3.3886985306708084e-07,9.937850277773398e-05,True,3.3890353279275587e-07,False,0.001,fa63501148d3ccc35a42bd2ff018208d5be3cbbc554af7db9e2dd1b4c84463a4,"[2048, 6144]",8818980530488069315,3.3890353279275587e-07
ruler_fwe_16k:0298,ruler_fwe_16k,12,20260927,gaussian_bf16_scalar_bracket_binary_v1,32,7,True,2.694283085702409e-05,2.694282925110623e-05,40,cuda:0,bfloat16,3.3890353279275587e-07,5.363027244520424e-10,0.9984175357511543,True,32,24,float32,3.3850184877337597e-07,0.0011852458900908983,True,3.3890353279275587e-07,False,0.001,6da19b62d9d6bb84c819df3f1f2e602a9c4b532154be1ae926467ecdaabde8d7,"[2048, 6144]",7899766070248389508,3.3890353279275587e-07
ruler_fwe_16k:0298,ruler_fwe_16k,12,20260928,gaussian_bf16_scalar_bracket_binary_v1,8,7,True,2.7366460273015036e-05,2.7366460273015036e-05,16,cuda:0,bfloat16,3.3890353279275587e-07,6.182423462064435e-10,0.9981757571509752,True,32,24,float32,3.390518088508543e-07,0.0004375170033683023,True,3.3890353279275587e-07,False,0.001,00c7f7a551fc12ea25c2986ec45c9086f43f910025c0aca8a534ff7739b1b233,"[2048, 6144]",56285809782559466,3.3890353279275587e-07
ruler_fwe_16k:0298,ruler_fwe_16k,12,20260929,gaussian_bf16_scalar_bracket_binary_v1,32,7,True,2.6339158939236995e-05,2.6339158939236995e-05,40,cuda:0,bfloat16,3.3890353279275587e-07,5.37091870977946e-10,0.9984152072226807,True,32,24,float32,3.384188858035486e-07,0.0014300440754142784,True,3.3890353279275587e-07,False,0.001,b11ada0736a3966e0d6b6096aa57314126beeeb5608b6caedc5ffdfc606d5866,"[2048, 6144]",3538380181769262702,3.3890353279275587e-07
ruler_fwe_16k:0298,ruler_fwe_16k,12,20260930,gaussian_bf16_scalar_bracket_binary_v1,5,7,True,2.6434475557834958e-05,2.6434475557834958e-05,13,cuda:0,bfloat16,3.3890353279275587e-07,6.262503293719135e-10,0.9981521280577654,True,32,24,float32,3.388351501598663e-07,0.0002017760993107409,True,3.3890353279275587e-07,False,0.001,3843e2b514551574b77353368898323357f6c4bc8b69ba82de57f4bd6aad55c5,"[2048, 6144]",4054333356921656692,3.3890353279275587e-07
ruler_fwe_16k:0321,ruler_fwe_16k,0,20260926,gaussian_bf16_scalar_bracket_binary_v1,32,7,True,2.3841848785455255e-05,2.3841848785455255e-05,40,cuda:0,bfloat16,2.804407870371506e-07,3.2244890091348566e-10,0.9988502068321796,True,32,24,float32,2.8006149932480184e-07,0.0013524698613062173,True,2.804407870371506e-07,False,0.001,1de63748b5117f41f4c4774cb61be3702c047598cb59e6c9680bae6a7b20f61d,"[2048, 6144]",2154470257158356801,2.804407870371506e-07
ruler_fwe_16k:0321,ruler_fwe_16k,0,20260927,gaussian_bf16_scalar_bracket_binary_v1,32,7,True,2.488473796224966e-05,2.4884736479003692e-05,40,cuda:0,bfloat16,2.804407870371506e-07,2.355433348366631e-10,0.999160096014117,True,32,24,float32,2.811616468534339e-07,0.0025704528356919887,True,2.804407870371506e-07,False,0.001,b86db224b4e1230f1f07b2720065c457efb880bc5485917b7746e8580555b813,"[2048, 6144]",4066101909308646159,2.804407870371506e-07
ruler_fwe_16k:0321,ruler_fwe_16k,0,20260928,gaussian_bf16_scalar_bracket_binary_v1,32,7,True,2.5039319306715754e-05,2.5039319306715754e-05,40,cuda:0,bfloat16,2.804407870371506e-07,2.999954173965591e-10,0.9989302718033065,True,32,24,float32,2.800481979647884e-07,0.00139990005202119,True,2.804407870371506e-07,False,0.001,ad229bdb25afb04d4d5465e7aff7a9db9840a265a999327ff9f5521422c173b8,"[2048, 6144]",3252333246447333453,2.804407870371506e-07
ruler_fwe_16k:0321,ruler_fwe_16k,0,20260929,gaussian_bf16_scalar_bracket_binary_v1,6,7,True,2.4959230046306402e-05,2.4959230046306402e-05,14,cuda:0,bfloat16,2.804407870371506e-07,8.609029461537077e-11,0.9996930179253706,True,32,24,float32,2.805410019846022e-07,0.00035734797534400315,True,2.804407870371506e-07,False,0.001,f265e4ad8e076e0eb8321d0525bb6fd13385fa3f17ee3d50499013aa010ec714,"[2048, 6144]",8243246127034887694,2.804407870371506e-07
ruler_fwe_16k:0321,ruler_fwe_16k,0,20260930,gaussian_bf16_scalar_bracket_binary_v1,9,7,True,2.4713844357648895e-05,2.4713844357648895e-05,17,cuda:0,bfloat16,2.804407870371506e-07,3.3971789270559327e-10,0.998788628800059,True,32,24,float32,2.8024820153405017e-07,0.0006867242997535352,True,2.804407870371506e-07,False,0.001,990ff3d234e0a239a62d8b4693f1a60650c0ab1005e0522df1d6649e4d9d63b7,"[2048, 6144]",1805930059754676793,2.804407870371506e-07
ruler_fwe_16k:0321,ruler_fwe_16k,6,20260926,gaussian_bf16_scalar_bracket_binary_v1,3,7,True,3.364026088092942e-05,3.364026088092942e-05,11,cuda:0,bfloat16,4.6722584556846414e-07,8.96833718400103e-10,0.9980805134670816,True,32,24,float32,4.6747078386033536e-07,0.0005242396031692346,True,4.6722584556846414e-07,False,0.001,30e0f879ed915b8f0b3fbf7b5c5417b7d7d81d6f362ef831822c4f1e3399eb02,"[2048, 6144]",3522088111164185487,4.6722584556846414e-07
ruler_fwe_16k:0321,ruler_fwe_16k,6,20260927,gaussian_bf16_scalar_bracket_binary_v1,7,7,True,3.387387380371365e-05,3.387387380371365e-05,15,cuda:0,bfloat16,4.6722584556846414e-07,7.534745050108427e-10,0.9983873441245655,True,32,24,float32,4.674430442719313e-07,0.00046486876855642733,True,4.6722584556846414e-07,False,0.001,3854334ef3d292552c405829b80d5931cc4d18c34e2f1e5ca038a0ea59fcff69,"[2048, 6144]",4058925578358788693,4.6722584556846414e-07
ruler_fwe_16k:0321,ruler_fwe_16k,6,20260928,gaussian_bf16_scalar_bracket_binary_v1,23,7,True,3.233650785291857e-05,3.233650785291857e-05,31,cuda:0,bfloat16,4.6722584556846414e-07,7.635250209858668e-10,0.9983658330800238,True,32,24,float32,4.668996780310408e-07,0.0006980939528858362,True,4.6722584556846414e-07,False,0.001,f29d8df03bbc7fb450e2b5800ad5b12b83d96b8d9721b22e89485f3d5f425dd9,"[2048, 6144]",8258913354601234356,4.6722584556846414e-07
ruler_fwe_16k:0321,ruler_fwe_16k,6,20260929,gaussian_bf16_scalar_bracket_binary_v1,12,7,True,3.401258147661679e-05,3.401258147661679e-05,20,cuda:0,bfloat16,4.6722584556846414e-07,8.839914356073564e-10,0.9981079997093658,True,32,24,float32,4.6675975795551494e-07,0.0009975638491961335,True,4.6722584556846414e-07,False,0.001,8f8dfea962accb0ec24900a816053e1fffdec19b102ef828a0f6dbe9a04aaa4a,"[2048, 6144]",1120831885743541006,4.6722584556846414e-07
ruler_fwe_16k:0321,ruler_fwe_16k,6,20260930,gaussian_bf16_scalar_bracket_binary_v1,10,7,True,3.390307541906168e-05,3.390307541906168e-05,18,cuda:0,bfloat16,4.6722584556846414e-07,6.509441319302312e-10,0.9986067891190004,True,32,24,float32,4.671106239584333e-07,0.00024660795442655806,True,4.6722584556846414e-07,False,0.001,b723d5b8e6303aa4166d5db65acfa5ecba8d5cb75c725436ef8e37220d2d0399,"[2048, 6144]",3973254286383528612,4.6722584556846414e-07
ruler_fwe_16k:0321,ruler_fwe_16k,12,20260926,gaussian_bf16_scalar_bracket_binary_v1,7,7,True,2.63932124795474e-05,2.63932124795474e-05,15,cuda:0,bfloat16,3.3199009408235725e-07,6.316373535319997e-10,0.9980974210833673,True,32,24,float32,3.321047756799089e-07,0.0003454368054826086,True,3.3199009408235725e-07,False,0.001,2f746e7310350e05e1dc18dfda529d651986ea1eb660c4b0f01ffd4d193fd360,"[2048, 6144]",3419479457553255941,3.3199009408235725e-07
ruler_fwe_16k:0321,ruler_fwe_16k,12,20260927,gaussian_bf16_scalar_bracket_binary_v1,9,7,True,2.6517708764828285e-05,2.6517707184249674e-05,17,cuda:0,bfloat16,3.3199009408235725e-07,6.201660296412115e-10,0.9981319742947289,True,32,24,float32,3.316618233384361e-07,0.0009887968037978017,True,3.3199009408235725e-07,False,0.001,09202b7c05475381e17d1d2b1040ea369f4be19afb9c653d3170585c59533be1,"[2048, 6144]",657573357260592001,3.3199009408235725e-07
ruler_fwe_16k:0321,ruler_fwe_16k,12,20260928,gaussian_bf16_scalar_bracket_binary_v1,11,7,True,2.5760356362702908e-05,2.5760356362702908e-05,19,cuda:0,bfloat16,3.3199009408235725e-07,2.556181655233303e-10,0.9992300427932048,True,32,24,float32,3.316611127957003e-07,0.0009909370566198747,True,3.3199009408235725e-07,False,0.001,c9e19ab6eba85df8b8e6cba306dceed3fb6aec0eb6f7c9c40b5d7e3775c7e5f9,"[2048, 6144]",5323706344957042168,3.3199009408235725e-07
ruler_fwe_16k:0321,ruler_fwe_16k,12,20260929,gaussian_bf16_scalar_bracket_binary_v1,8,7,True,2.5978224861944454e-05,2.5978224861944454e-05,16,cuda:0,bfloat16,3.3199009408235725e-07,5.40689826245e-10,0.9983713675923388,True,32,24,float32,3.3207666660928226e-07,0.0002607684038413943,True,3.3199009408235725e-07,False,0.001,7233433be10322acc107b9667bb8cdb9158ccad0dec5d53d267ae888ec5ba368,"[2048, 6144]",8228994868593238700,3.3199009408235725e-07
ruler_fwe_16k:0321,ruler_fwe_16k,12,20260930,gaussian_bf16_scalar_bracket_binary_v1,8,7,True,2.664220505010917e-05,2.664220505010917e-05,16,cuda:0,bfloat16,3.3199009408235725e-07,5.201959973888393e-10,0.9984330978343595,True,32,24,float32,3.319625818676286e-07,8.287058927067289e-05,True,3.3199009408235725e-07,False,0.001,4eaf9b948a1a28def3c8b5e73dc298588396c01b61911c3d7498c6d2d042c0ef,"[2048, 6144]",5669921518157179102,3.3199009408235725e-07
ruler_fwe_16k:0321,ruler_fwe_16k,18,20260926,gaussian_bf16_scalar_bracket_binary_v1,32,7,True,2.6495487510658222e-05,2.6495487510658222e-05,40,cuda:0,bfloat16,3.4326137665630085e-07,3.772287482384229e-10,0.998901045168807,True,32,24,float32,3.4382665603516216e-07,0.0016467899312403726,True,3.4326137665630085e-07,False,0.001,8d8bd414ae70dd4eb0fa0151efe12cc2ec30863dea167fc2865322ba5fc00522,"[2048, 6144]",976106929546911054,3.4326137665630085e-07
ruler_fwe_16k:0321,ruler_fwe_16k,18,20260927,gaussian_bf16_scalar_bracket_binary_v1,9,7,True,2.8791047967047234e-05,2.8791047967047234e-05,17,cuda:0,bfloat16,3.4326137665630085e-07,3.588161157086489e-10,0.9989546854376573,True,32,24,float32,3.4358490097474714e-07,0.0009425013719799467,True,3.4326137665630085e-07,False,0.001,dc0962a640846dca3e469ec57052648d2e974d2174639f25f847b4be29c3cddb,"[2048, 6144]",6631940392466279882,3.4326137665630085e-07
ruler_fwe_16k:0321,ruler_fwe_16k,18,20260928,gaussian_bf16_scalar_bracket_binary_v1,32,7,True,2.7663380710141183e-05,2.7663380710141183e-05,40,cuda:0,bfloat16,3.4326137665630085e-07,5.107701483986204e-10,0.9985120080989769,True,32,24,float32,3.4383324987175e-07,0.0016659993064753148,True,3.4326137665630085e-07,False,0.001,51ebd403e789ea5a013d87442683ad4bd9ec1ee9b57d277c5ee7d85bdd755d9c,"[2048, 6144]",5903044849833732698,3.4326137665630085e-07
ruler_fwe_16k:0321,ruler_fwe_16k,18,20260929,gaussian_bf16_scalar_bracket_binary_v1,13,7,True,2.8606008631193447e-05,2.8606008631193447e-05,21,cuda:0,bfloat16,3.4326137665630085e-07,2.1972909602929747e-10,0.9993598781832967,True,32,24,float32,3.4354630429334065e-07,0.0008300602876305865,True,3.4326137665630085e-07,False,0.001,96a6c8f1467f5a92a3ab07c3c9941caed1b85c4a9f8ec32026d2561d3e1ebe6e,"[2048, 6144]",1632212853563808402,3.4326137665630085e-07
ruler_fwe_16k:0321,ruler_fwe_16k,18,20260930,gaussian_bf16_scalar_bracket_binary_v1,8,7,True,2.7203464100011843e-05,2.7203462478559027e-05,16,cuda:0,bfloat16,3.4326137665630085e-07,4.656612873077393e-10,0.9986434206730634,True,32,24,float32,3.435114876992884e-07,0.000728631474428844,True,3.4326137665630085e-07,False,0.001,d0757056ac294e36ecf37481612cbb29cc2d9c7efeec044dc0189b3f56da8dff,"[2048, 6144]",5797663612867268150,3.4326137665630085e-07
ruler_fwe_16k:0321,ruler_fwe_16k,24,20260926,gaussian_bf16_scalar_bracket_binary_v1,10,6,True,0.0001100644103573245,0.0001100644103573245,17,cuda:0,bfloat16,2.7071953354607103e-06,9.552088009456838e-09,0.9964715926167805,True,32,24,float32,2.7088201477454277e-06,0.0006001828768816292,True,2.7071953354607103e-06,False,0.001,11065e4b3ccf51524f01eab7f9c60eacb30df45635349ced12a61b4ab1c13706,"[2048, 6144]",1226771625740816722,2.7071953354607103e-06
ruler_fwe_16k:0321,ruler_fwe_16k,24,20260927,gaussian_bf16_scalar_bracket_binary_v1,10,6,True,0.0001132792048181841,0.0001132792048181841,17,cuda:0,bfloat16,2.7071953354607103e-06,9.657386002004387e-09,0.9964326970146907,True,32,24,float32,2.707136673052446e-06,2.166907112167091e-05,True,2.7071953354607103e-06,False,0.001,86505a3f0de949eafc9cc90effae4db8e32c810c9d040d7ac97deacd740265ab,"[2048, 6144]",454962789227252202,2.7071953354607103e-06
ruler_fwe_16k:0321,ruler_fwe_16k,24,20260928,gaussian_bf16_scalar_bracket_binary_v1,11,6,True,0.00011298310532836808,0.00011298309185973237,18,cuda:0,bfloat16,2.7071953354607103e-06,1.0416894902220974e-08,0.9961521450758379,True,32,24,float32,2.7059252261096844e-06,0.00046916058637850276,True,2.7071953354607103e-06,False,0.001,d694509d6a1d627d8e798057ca521aac0dc7b2e47a63d945153792c6fa1b4023,"[2048, 6144]",6238700020835377789,2.7071953354607103e-06
ruler_fwe_16k:0321,ruler_fwe_16k,24,20260929,gaussian_bf16_scalar_bracket_binary_v1,7,6,True,0.00011031820992002395,0.00011031820992002395,14,cuda:0,bfloat16,2.7071953354607103e-06,9.95504123579849e-09,0.9963227473446779,True,32,24,float32,2.7053015401179437e-06,0.0006995414471798333,True,2.7071953354607103e-06,False,0.001,82ffc6dc84c8f623dfec652dd4a235220ae1a321df40a9293dbd3daa1702ba2a,"[2048, 6144]",216109957559940643,2.7071953354607103e-06
ruler_fwe_16k:0321,ruler_fwe_16k,24,20260930,gaussian_bf16_scalar_bracket_binary_v1,8,6,True,0.00011336380467241725,0.00011336380467241725,15,cuda:0,bfloat16,2.7071953354607103e-06,1.1430953072988359e-08,0.9957775662054165,True,32,24,float32,2.707723979256116e-06,0.00019527360603831343,True,2.7071953354607103e-06,False,0.001,614c209338ee45073c2d030e626c6aac7249536160cc4b30d9f737f944dd9b23,"[2048, 6144]",7011014536596440327,2.7071953354607103e-06
ruler_fwe_16k:0324,ruler_fwe_16k,6,20260926,gaussian_bf16_scalar_bracket_binary_v1,11,7,True,1.946018006071526e-05,1.946018006071526e-05,19,cuda:0,bfloat16,2.0861834570951032e-07,1.3015628852475203e-10,0.9993761033427713,True,32,24,float32,2.0881188333987666e-07,0.0009277114613679599,True,2.0861834570951032e-07,False,0.001,34d51fa5660d49166e9a9851d11137e1e7411a47006af4731494ed7a13c4d62c,"[2048, 6144]",3806983855253834006,2.0861834570951032e-07
ruler_fwe_16k:0324,ruler_fwe_16k,6,20260927,gaussian_bf16_scalar_bracket_binary_v1,5,7,True,1.961012449669397e-05,1.9610123327839467e-05,13,cuda:0,bfloat16,2.0861834570951032e-07,1.3015628852475203e-10,0.9993761033427713,True,32,24,float32,2.0867858552264806e-07,0.0002887560676069302,True,2.0861834570951032e-07,False,0.001,2c74205347c176f411f0cc9b62b6bf378becd8d37193bc0e912f7e52d5957114,"[2048, 6144]",3203220777025500916,2.0861834570951032e-07
ruler_fwe_16k:0324,ruler_fwe_16k,6,20260928,gaussian_bf16_scalar_bracket_binary_v1,32,7,True,1.9264600361612594e-05,1.926459921335293e-05,40,cuda:0,bfloat16,2.0861834570951032e-07,2.016372485647011e-10,0.999033463486258,True,32,24,float32,2.0835531699958665e-07,0.001260812940631439,True,2.0861834570951032e-07,False,0.001,eedccec5b4f7ecda6f53520d9b0b1c922675fa5ea34dcd5ebeb7990af88b4a13,"[2048, 6144]",7988487187588443354,2.0861834570951032e-07
ruler_fwe_16k:0324,ruler_fwe_16k,6,20260929,gaussian_bf16_scalar_bracket_binary_v1,32,7,True,2.141597705174192e-05,2.141597705174192e-05,40,cuda:0,bfloat16,2.0861834570951032e-07,2.3999632836613216e-10,0.9988495914510782,True,32,24,float32,2.079372336538654e-07,0.0032648713291655003,True,2.0861834570951032e-07,False,0.001,0c62630f49b84defc783bc48234567847f953d91fc789ecec5ddbea0534b99cd,"[2048, 6144]",892384593485254127,2.0861834570951032e-07
ruler_fwe_16k:0324,ruler_fwe_16k,6,20260930,gaussian_bf16_scalar_bracket_binary_v1,9,7,True,2.0105593067754057e-05,2.0105593067754057e-05,17,cuda:0,bfloat16,2.0861834570951032e-07,1.7462298274040222e-10,0.9991629548103906,True,32,24,float32,2.0860053950855217e-07,8.535299662927189e-05,True,2.0861834570951032e-07,False,0.001,0706d8fa4c6fe065a6e78d0cf32ed28e504084c5107bd483e5c058d1a4413af9,"[2048, 6144]",506330577661583461,2.0861834570951032e-07
ruler_fwe_16k:0351,ruler_fwe_16k,0,20260926,gaussian_bf16_scalar_bracket_binary_v1,7,7,True,4.8326239323159825e-05,4.8326239323159825e-05,15,cuda:0,bfloat16,7.378051805062569e-07,1.5803406361314387e-09,0.9978580515861286,True,32,24,float32,7.376366397693346e-07,0.000228435285323761,True,7.378051805062569e-07,False,0.001,b40776bc46759b97d4b69250ff5516361d61cd344924039fc922119b8b22e1db,"[2048, 6144]",3749095765817269143,7.378051805062569e-07
ruler_fwe_16k:0351,ruler_fwe_16k,0,20260927,gaussian_bf16_scalar_bracket_binary_v1,7,7,True,4.8326239323159825e-05,4.83262364426915e-05,15,cuda:0,bfloat16,7.378051805062569e-07,9.332532524553017e-10,0.9987350952838052,True,32,24,float32,7.373626544904255e-07,0.0005997870813644113,True,7.378051805062569e-07,False,0.001,b850b9822c4416623697ac455fe05e86bc7cdd96e9d8a1c6c1e9da8bbe8a9c7a,"[2048, 6144]",4057947233000363618,7.378051805062569e-07
ruler_fwe_16k:0351,ruler_fwe_16k,0,20260928,gaussian_bf16_scalar_bracket_binary_v1,8,7,True,4.887959320853952e-05,4.887959320853952e-05,16,cuda:0,bfloat16,7.378051805062569e-07,1.5307376477480261e-09,0.9979252820552199,True,32,24,float32,7.379158546427789e-07,0.00015000455329691826,True,7.378051805062569e-07,False,0.001,b5eec4fc316fbb0a68ce24468f7c911bdb2588d7dac801ef75c84c93c089b36f,"[2048, 6144]",3886260115907525386,7.378051805062569e-07
ruler_fwe_16k:0351,ruler_fwe_16k,0,20260929,gaussian_bf16_scalar_bracket_binary_v1,7,6,True,4.7035080257273876e-05,4.7035080257273876e-05,14,cuda:0,bfloat16,7.378051805062569e-07,1.599982923927712e-09,0.9978314289920953,True,32,24,float32,7.378066015917284e-07,1.9260985271817956e-06,True,7.378051805062569e-07,False,0.001,b12a919554cb789b5b29154b99cda5c8e48f08dbeb7022289766a7227176e190,"[2048, 6144]",3542804127439091867,7.378051805062569e-07
ruler_fwe_16k:0351,ruler_fwe_16k,0,20260930,gaussian_bf16_scalar_bracket_binary_v1,11,7,True,4.770371620210767e-05,4.770371620210767e-05,19,cuda:0,bfloat16,7.378051805062569e-07,1.6415309112005616e-09,0.9977751160406949,True,32,24,float32,7.370853154498036e-07,0.0009756844699292104,True,7.378051805062569e-07,False,0.001,640dece71a3b91ffd8752d7aaf1791e40fe6816476a973f4fa1a8102e81a6261,"[2048, 6144]",7209679055811744255,7.378051805062569e-07
ruler_fwe_16k:0351,ruler_fwe_16k,6,20260926,gaussian_bf16_scalar_bracket_binary_v1,7,7,True,3.107423754045158e-05,3.107423754045158e-05,15,cuda:0,bfloat16,4.40769326814916e-07,4.656612873077393e-10,0.9989435261054287,True,32,24,float32,4.408348672768625e-07,0.00014869560552255222,True,4.40769326814916e-07,False,0.001,e0af01b9263eff118604c42bae5b6fde200f5c9725b135f24342a62548abe7ca,"[2048, 6144]",6966789043287686929,4.40769326814916e-07
ruler_fwe_16k:0351,ruler_fwe_16k,6,20260927,gaussian_bf16_scalar_bracket_binary_v1,6,7,True,3.217616085748887e-05,3.217616085748887e-05,14,cuda:0,bfloat16,4.40769326814916e-07,6.911776706530759e-10,0.9984318834623823,True,32,24,float32,4.41000253204038e-07,0.0005239166499873099,True,4.40769326814916e-07,False,0.001,884509d3e798105d276b8e278e3b39f0642bdbc7c06fd3b60c0768fb105041f4,"[2048, 6144]",595893331424710749,4.40769326814916e-07
ruler_fwe_16k:0351,ruler_fwe_16k,6,20260928,gaussian_bf16_scalar_bracket_binary_v1,8,7,True,3.272712251600751e-05,3.272712251600751e-05,16,cuda:0,bfloat16,4.40769326814916e-07,8.414983709847945e-10,0.9980908418081956,True,32,24,float32,4.411974714457756e-07,0.0009713575895887799,True,4.40769326814916e-07,False,0.001,f982da389ea60c65c0535e0c369dfef13cceec109bb41a98ebe85fdbc62d2684,"[2048, 6144]",8755800562276371557,4.40769326814916e-07
ruler_fwe_16k:0351,ruler_fwe_16k,6,20260929,gaussian_bf16_scalar_bracket_binary_v1,7,7,True,3.2396545520896325e-05,3.2396545520896325e-05,15,cuda:0,bfloat16,4.40769326814916e-07,7.722119055308951e-10,0.9982480361981831,True,32,24,float32,4.4100235641053587e-07,0.0005286883216302713,True,4.40769326814916e-07,False,0.001,ad2636de1b75b4aebdd8ed7d625704aecc00ce1bb050468c519e3d71f00e9fd6,"[2048, 6144]",3253348108393100462,4.40769326814916e-07
ruler_fwe_16k:0351,ruler_fwe_16k,6,20260930,gaussian_bf16_scalar_bracket_binary_v1,10,7,True,3.159765111604429e-05,3.159765111604429e-05,18,cuda:0,bfloat16,4.40769326814916e-07,9.82658399095726e-10,0.9977705835245011,True,32,24,float32,4.40916124944124e-07,0.0003330497842688561,True,4.40769326814916e-07,False,0.001,aacb8ca6711d8dd1ef0bdb47767f9697a0467f4bdd80886a64d0a97ba58df72f,"[2048, 6144]",3083713016355458513,4.40769326814916e-07
ruler_fwe_16k:0351,ruler_fwe_16k,12,20260926,gaussian_bf16_scalar_bracket_binary_v1,10,6,True,0.00013772386333243958,0.00013772384691447567,17,cuda:0,bfloat16,3.8966963984421454e-06,1.9063572054278666e-08,0.9951077604963271,True,32,24,float32,3.897792339557782e-06,0.0002812487819360326,True,3.8966963984421454e-06,False,0.001,4d24669becff5256dc17ed64503f4e9a23b743c730a9a2acea9ac196b471060e,"[2048, 6144]",5558680659964154454,3.8966963984421454e-06
ruler_fwe_16k:0351,ruler_fwe_16k,12,20260927,gaussian_bf16_scalar_bracket_binary_v1,9,6,True,0.00013808917861979353,0.00013808917861979353,16,cuda:0,bfloat16,3.8966963984421454e-06,1.8967973858252662e-08,0.9951322936357485,True,32,24,float32,3.898348950315267e-06,0.00042409048695250725,True,3.8966963984421454e-06,False,0.001,f9889e0956864431eea3c6e824f2c0ef3cb44a3a4a678b61a04dd5c5a133cc67,"[2048, 6144]",8757423238365463601,3.8966963984421454e-06
ruler_fwe_16k:0351,ruler_fwe_16k,12,20260928,gaussian_bf16_scalar_bracket_binary_v1,10,6,True,0.00014015929858146592,0.00014015929022732072,17,cuda:0,bfloat16,3.8966963984421454e-06,1.7179349498519514e-08,0.9955913040837907,True,32,24,float32,3.899644980265293e-06,0.0007566875942212595,True,3.8966963984421454e-06,False,0.001,27b06ef44cbf3d7db5bf1444ecfd9f2e13f17cca2f54aac84ebe345606b68892,"[2048, 6144]",2859907758918942077,3.8966963984421454e-06
ruler_fwe_16k:0351,ruler_fwe_16k,12,20260929,gaussian_bf16_scalar_bracket_binary_v1,10,6,True,0.00014088992915617382,0.00014088992915617382,17,cuda:0,bfloat16,3.8966963984421454e-06,1.719153353008096e-08,0.995588177324527,True,32,24,float32,3.895088411809411e-06,0.00041265381449203786,True,3.8966963984421454e-06,False,0.001,3ae6f42e746db86186572b9f6fec421c3e79a968336ae4e07d043874923c3b04,"[2048, 6144]",4244348179202291809,3.8966963984421454e-06
ruler_fwe_16k:0351,ruler_fwe_16k,12,20260930,gaussian_bf16_scalar_bracket_binary_v1,10,6,True,0.00013821095038224485,0.00013821094214423025,17,cuda:0,bfloat16,3.8966963984421454e-06,2.0840912995367944e-08,0.9946516456853811,True,32,24,float32,3.894823294103844e-06,0.00048069034555789136,True,3.8966963984421454e-06,False,0.001,519bd903cf5c294952d1d5e776bf09cb7284e299ac05212de1419cbb0b31f993,"[2048, 6144]",5880532348849367369,3.8966963984421454e-06
ruler_fwe_16k:0351,ruler_fwe_16k,18,20260926,gaussian_bf16_scalar_bracket_binary_v1,32,7,True,1.8318066516975762e-05,1.8318066516975762e-05,40,cuda:0,bfloat16,1.826100088919702e-07,3.915519852792926e-10,0.9978558021673887,True,32,24,float32,1.8235569143598696e-07,0.0013926808148490156,True,1.826100088919702e-07,False,0.001,1b5828816e6efcd51421fd145ce9aa24b8173426b4c51391a71c2110551da2a9,"[2048, 6144]",1970369373343251669,1.826100088919702e-07
ruler_fwe_16k:0351,ruler_fwe_16k,18,20260927,gaussian_bf16_scalar_bracket_binary_v1,10,7,True,1.8226761512529777e-05,1.8226761512529777e-05,18,cuda:0,bfloat16,1.826100088919702e-07,1.9523442584823414e-10,0.9989308667852717,True,32,24,float32,1.8257846079450246e-07,0.0001727621484669655,True,1.826100088919702e-07,False,0.001,65f29ebd7ba5b595527917a7b2c422ba3eb8a9c72dc4a3a5e03975e8f52d8f99,"[2048, 6144]",7346108478855165333,1.826100088919702e-07
ruler_fwe_16k:0351,ruler_fwe_16k,18,20260928,gaussian_bf16_scalar_bracket_binary_v1,6,7,True,1.807839088030505e-05,1.807839088030505e-05,14,cuda:0,bfloat16,1.826100088919702e-07,1.1999816418306608e-10,0.9993428719219106,True,32,24,float32,1.8262512924138719e-07,8.280131800398707e-05,True,1.826100088919702e-07,False,0.001,b046422f3bc2228b89f6f1b05d850bb3fe62b24d83915ddc0f7b0587ee880357,"[2048, 6144]",3478540532823761547,1.826100088919702e-07
ruler_fwe_16k:0351,ruler_fwe_16k,18,20260929,gaussian_bf16_scalar_bracket_binary_v1,5,7,True,1.862622090698096e-05,1.862622090698096e-05,13,cuda:0,bfloat16,1.826100088919702e-07,1.7703169485905335e-10,0.9990305476904949,True,32,24,float32,1.8268620749495312e-07,0.0004172750630990401,True,1.826100088919702e-07,False,0.001,6418b7f584ebd24084c1318685e37519861b09b15a12e2140ec9cfd23c342c62,"[2048, 6144]",7212717068358767168,1.826100088919702e-07
ruler_fwe_16k:0351,ruler_fwe_16k,18,20260930,gaussian_bf16_scalar_bracket_binary_v1,9,7,True,1.77816496158556e-05,1.77816496158556e-05,17,cuda:0,bfloat16,1.826100088919702e-07,8.731149137020111e-11,0.9995218690809995,True,32,24,float32,1.827039568524924e-07,0.0005144732268086076,True,1.826100088919702e-07,False,0.001,6e3a09376ab4b4e642b4a30714fbf169b2574871ad9213b2afa6d4adbd59f084,"[2048, 6144]",7942671026439369958,1.826100088919702e-07
ruler_fwe_16k:0351,ruler_fwe_16k,24,20260926,gaussian_bf16_scalar_bracket_binary_v1,9,7,True,3.302960172746339e-05,3.302959975874571e-05,17,cuda:0,bfloat16,4.5014789407105127e-07,6.269156860305714e-10,0.9986073117429011,True,32,24,float32,4.50143915031731e-07,8.83940449942105e-06,True,4.5014789407105127e-07,False,0.001,74e94856ea9bc585e3708a4236f341d48720037a4d93fc35b7de1d0bbd03d163,"[2048, 6144]",8424344116113687941,4.5014789407105127e-07
ruler_fwe_16k:0351,ruler_fwe_16k,24,20260927,gaussian_bf16_scalar_bracket_binary_v1,12,7,True,3.352898454744846e-05,3.352898454744846e-05,20,cuda:0,bfloat16,4.5014789407105127e-07,7.499532661547903e-10,0.9983339847280582,True,32,24,float32,4.5049401364849473e-07,0.0007689019142424968,True,4.5014789407105127e-07,False,0.001,21820db01af4820eb054e112a58929e0b5656ba6ee00f68ffca800ad71a7a2e5,"[2048, 6144]",2414507400241644046,4.5014789407105127e-07
ruler_fwe_16k:0351,ruler_fwe_16k,24,20260928,gaussian_bf16_scalar_bracket_binary_v1,8,7,True,3.432377692291766e-05,3.432377692291766e-05,16,cuda:0,bfloat16,4.5014789407105127e-07,5.732789798429394e-10,0.9987264652630976,True,32,24,float32,4.5017534944236104e-07,6.099189104600525e-05,True,4.5014789407105127e-07,False,0.001,d708f06b36051ee1d2994040bfa80edc72bfbc2355884571d5ae32f440846891,"[2048, 6144]",6271526824371887841,4.5014789407105127e-07
ruler_fwe_16k:0351,ruler_fwe_16k,24,20260929,gaussian_bf16_scalar_bracket_binary_v1,9,7,True,3.438004540967654e-05,3.438004540967654e-05,17,cuda:0,bfloat16,4.5014789407105127e-07,5.366481148350033e-10,0.9988078404411012,True,32,24,float32,4.5008664528722875e-07,0.00013606369068751688,True,4.5014789407105127e-07,False,0.001,696f01a6666423539c6b50c79fd1647f7eec00755d5ce4e8357941795b948506,"[2048, 6144]",7597292910591353683,4.5014789407105127e-07
ruler_fwe_16k:0351,ruler_fwe_16k,24,20260930,gaussian_bf16_scalar_bracket_binary_v1,9,7,True,3.35922865950522e-05,3.359228459279589e-05,17,cuda:0,bfloat16,4.5014789407105127e-07,8.960955311110297e-10,0.998009330837901,True,32,24,float32,4.5041440444038017e-07,0.0005920506856505085,True,4.5014789407105127e-07,False,0.001,dc418eff0495e80b3c15f7b9d8d742bf323f76bf8dff8ae38cf68c19029f3ed6,"[2048, 6144]",6647751750920300555,4.5014789407105127e-07
ruler_fwe_16k:0372,ruler_fwe_16k,0,20260926,gaussian_bf16_scalar_bracket_binary_v1,9,7,True,2.9424532357325006e-05,2.9424532357325006e-05,17,cuda:0,bfloat16,3.649554400908528e-07,4.879233683752204e-10,0.9986630604321072,True,32,24,float32,3.65308608252235e-07,0.0009677021427445546,True,3.649554400908528e-07,False,0.001,58e7df984963cde1ad4ba9f76e0e869d6c63a6157392ea7fa4c54615184d6ef5,"[2048, 6144]",6406334840117120481,3.649554400908528e-07
ruler_fwe_16k:0372,ruler_fwe_16k,0,20260927,gaussian_bf16_scalar_bracket_binary_v1,9,7,True,2.9880726657438572e-05,2.9880726657438572e-05,17,cuda:0,bfloat16,3.649554400908528e-07,3.266896753117976e-10,0.9991048505120776,True,32,24,float32,3.650976339031331e-07,0.00038961965396354473,True,3.649554400908528e-07,False,0.001,25be53fa73e98a74836269b56d44586048d7d34d20151f19e69c945d175134a4,"[2048, 6144]",2719703560129972852,3.649554400908528e-07
ruler_fwe_16k:0372,ruler_fwe_16k,0,20260928,gaussian_bf16_scalar_bracket_binary_v1,8,7,True,2.9287674067290936e-05,2.9287674067290936e-05,16,cuda:0,bfloat16,3.649554400908528e-07,4.880860715594793e-10,0.9986626146155323,True,32,24,float32,3.652515943031176e-07,0.0008114804705776806,True,3.649554400908528e-07,False,0.001,114e64a21bb9b4d40dd70a70ae7a3e56fd22e1069ceedf68973bf5f7b2dc28a6,"[2048, 6144]",1247044794240840916,3.649554400908528e-07
ruler_fwe_16k:0372,ruler_fwe_16k,0,20260929,gaussian_bf16_scalar_bracket_binary_v1,11,7,True,3.0918568690196935e-05,3.0918568690196935e-05,19,cuda:0,bfloat16,3.649554400908528e-07,7.892989040136911e-10,0.9978372732193903,True,32,24,float32,3.6485565146904264e-07,0.00027342686489426456,True,3.649554400908528e-07,False,0.001,2c900651e06a11291781e5ff802fa33f281a1348938e43ce442271f0a4fc2aa3,"[2048, 6144]",3211073483042328873,3.649554400908528e-07
ruler_fwe_16k:0372,ruler_fwe_16k,0,20260930,gaussian_bf16_scalar_bracket_binary_v1,8,7,True,2.910519634724551e-05,2.910519634724551e-05,16,cuda:0,bfloat16,3.649554400908528e-07,5.903846855837003e-10,0.9983823102200183,True,32,24,float32,3.6529473845803295e-07,0.0009296980669631815,True,3.649554400908528e-07,False,0.001,c7d77d9c517dbc4db0e06fbd2eaa7f7a9156791c550350f139e3a7bcf850e11c,"[2048, 6144]",5176744407021239373,3.649554400908528e-07
ruler_fwe_16k:0373,ruler_fwe_16k,6,20260926,gaussian_bf16_scalar_bracket_binary_v1,7,7,True,1.623327166555555e-05,1.623327166555555e-05,15,cuda:0,bfloat16,1.6480478848279745e-07,8.231806208902626e-11,0.9995005117093572,True,32,24,float32,1.6490658083512244e-07,0.0006176540940472562,True,1.6480478848279745e-07,False,0.001,46a2b93c23187312652733abd2ded159dcb551acc83a507825d77945bf06ae52,"[2048, 6144]",5089834196820062994,1.6480478848279745e-07
ruler_fwe_16k:0373,ruler_fwe_16k,6,20260927,gaussian_bf16_scalar_bracket_binary_v1,32,7,True,1.6619532888562105e-05,1.6619532888562105e-05,40,cuda:0,bfloat16,1.6480478848279745e-07,1.7462298274040222e-10,0.9989404253095556,True,32,24,float32,1.649930112535003e-07,0.0011420952779081263,True,1.6480478848279745e-07,False,0.001,e03830e17d74f683df7acf71dbf71281de39c36ecf58f99f224af9672c96c36d,"[2048, 6144]",6933345371367470723,1.6480478848279745e-07
ruler_fwe_16k:0373,ruler_fwe_16k,6,20260928,gaussian_bf16_scalar_bracket_binary_v1,32,7,True,1.610966807419345e-05,1.6109667113982407e-05,40,cuda:0,bfloat16,1.6480478848279745e-07,5.820766091346741e-11,0.9996468084365185,True,32,24,float32,1.6510165323779802e-07,0.0018013114651189701,True,1.6480478848279745e-07,False,0.001,42d7af829286c87558d01c149f008d27106db9d162d40cf5425312786eaf9a51,"[2048, 6144]",4816511301834950773,1.6480478848279745e-07
ruler_fwe_16k:0373,ruler_fwe_16k,6,20260929,gaussian_bf16_scalar_bracket_binary_v1,8,7,True,1.7016094410848837e-05,1.7016094410848837e-05,16,cuda:0,bfloat16,1.6480478848279745e-07,5.820766091346741e-11,0.9996468084365185,True,32,24,float32,1.6466159991068707e-07,0.0008688374496188963,True,1.6480478848279745e-07,False,0.001,47a721eec02ce0178dbea2647af3368cfbaae09b8b4ae82bf24f9b1f530cab5a,"[2048, 6144]",5163132807113662487,1.6480478848279745e-07
ruler_fwe_16k:0373,ruler_fwe_16k,6,20260930,gaussian_bf16_scalar_bracket_binary_v1,7,7,True,1.7716514761900726e-05,1.7716514761900726e-05,15,cuda:0,bfloat16,1.6480478848279745e-07,0.0,1.0,True,32,24,float32,1.649378589263506e-07,0.000807442822373099,True,1.6480478848279745e-07,False,0.001,c0d62be75f1225d2dcfd51a44f9c3dcfd937f3c886ff388097a39f385c3d9b80,"[2048, 6144]",4671969936175932882,1.6480478848279745e-07
ruler_fwe_16k:0386,ruler_fwe_16k,12,20260926,gaussian_bf16_scalar_bracket_binary_v1,13,7,True,2.5869069355533014e-05,2.5869069355533014e-05,21,cuda:0,bfloat16,3.2504573255209834e-07,7.618591313374168e-10,0.9976561478738525,True,32,24,float32,3.253610998399381e-07,0.0009702243600112971,True,3.2504573255209834e-07,False,0.001,9d71c310768782ff65c33040ca3757ad834e1e66c41b9d84143d5b2e111543b8,"[2048, 6144]",2121691374943699711,3.2504573255209834e-07
ruler_fwe_16k:0386,ruler_fwe_16k,12,20260927,gaussian_bf16_scalar_bracket_binary_v1,32,7,True,2.664359239012981e-05,2.664359239012981e-05,40,cuda:0,bfloat16,3.2504573255209834e-07,5.72215996808012e-10,0.9982395831124585,True,32,24,float32,3.245081643399317e-07,0.0016538233187863801,True,3.2504573255209834e-07,False,0.001,14c833f14683d5feba8722533f51c9f852b4f6800576f3413e42cdc2dd880fe8,"[2048, 6144]",1497503987463869950,3.2504573255209834e-07
ruler_fwe_16k:0386,ruler_fwe_16k,12,20260928,gaussian_bf16_scalar_bracket_binary_v1,10,7,True,2.699911116010867e-05,2.699911116010867e-05,18,cuda:0,bfloat16,3.2504573255209834e-07,4.5811096582859534e-10,0.9985906261182642,True,32,24,float32,3.2506108027519076e-07,4.721711917863198e-05,True,3.2504573255209834e-07,False,0.001,3675c954ba3b38f1706932700d29160f63992582077628278631bf680e11f392,"[2048, 6144]",3924264016062134513,3.2504573255209834e-07
ruler_fwe_16k:0386,ruler_fwe_16k,12,20260929,gaussian_bf16_scalar_bracket_binary_v1,5,7,True,2.6653750069272064e-05,2.6653750069272064e-05,13,cuda:0,bfloat16,3.2504573255209834e-07,3.993168573579453e-10,0.9987715056148477,True,32,24,float32,3.248912605613441e-07,0.00047523156062197186,True,3.2504573255209834e-07,False,0.001,a8b5116287547120fc8dde3778c1855126c8a7d2df616349ba4e6e37234e44c7,"[2048, 6144]",2933269847176671520,3.2504573255209834e-07
ruler_fwe_16k:0386,ruler_fwe_16k,12,20260930,gaussian_bf16_scalar_bracket_binary_v1,10,7,True,2.6064604679021386e-05,2.6064604679021386e-05,18,cuda:0,bfloat16,3.2504573255209834e-07,5.00721242246982e-10,0.9984595360218528,True,32,24,float32,3.2528288329558563e-07,0.0007295919304194542,True,3.2504573255209834e-07,False,0.001,c0b22ce5173236e26ade869eae46d4d8162ef12a7abc356c7b0b183d5c334b44,"[2048, 6144]",4661837926730184418,3.2504573255209834e-07
ruler_fwe_16k:0402,ruler_fwe_16k,12,20260926,gaussian_bf16_scalar_bracket_binary_v1,9,6,True,9.411784951396385e-05,9.411784951396385e-05,16,cuda:0,bfloat16,2.2309416181087727e-06,7.76929631740586e-09,0.9965174811145474,True,32,24,float32,2.2322230961435707e-06,0.0005744112819430919,True,2.2309416181087727e-06,False,0.001,a9d736fd9e65073b822f52ff6a6553ba70de9684a63bc6dcc392e0a5bfa717fe,"[2048, 6144]",3014938938459883323,2.2309416181087727e-06
ruler_fwe_16k:0402,ruler_fwe_16k,12,20260927,gaussian_bf16_scalar_bracket_binary_v1,9,6,True,9.495445262075464e-05,9.495446394020747e-05,16,cuda:0,bfloat16,2.2309416181087727e-06,8.883770163947702e-09,0.9960179279942437,True,32,24,float32,2.230950940429466e-06,4.178648431452585e-06,True,2.2309416181087727e-06,False,0.001,07b3ebc9b88a3771db3a855a93413b195c447941b7589d8b30cecf9cf96e4623,"[2048, 6144]",555046430713722737,2.2309416181087727e-06
ruler_fwe_16k:0402,ruler_fwe_16k,12,20260928,gaussian_bf16_scalar_bracket_binary_v1,11,6,True,9.35252556466537e-05,9.352525007211407e-05,18,cuda:0,bfloat16,2.2309416181087727e-06,7.2436039388890094e-09,0.9967531181093705,True,32,24,float32,2.2311785414785845e-06,0.00010619882111155106,True,2.2309416181087727e-06,False,0.001,fc6960f48dc9cb37e09dfea44cbacd8c1dd2146f1d0b8e64e846eceb7c0bf86c,"[2048, 6144]",8964803136724781879,2.2309416181087727e-06
ruler_fwe_16k:0402,ruler_fwe_16k,12,20260929,gaussian_bf16_scalar_bracket_binary_v1,8,6,True,9.565162187641363e-05,9.565163327897552e-05,15,cuda:0,bfloat16,2.2309416181087727e-06,6.444192290899764e-09,0.9971114473643812,True,32,24,float32,2.228907760581933e-06,0.0009116587858376432,True,2.2309416181087727e-06,False,0.001,cb587968a6e08c70039fd42710ddfe8b3d40e02d0c4d2654ca4fb63c61c8c45a,"[2048, 6144]",5429222841178426480,2.2309416181087727e-06
ruler_fwe_16k:0402,ruler_fwe_16k,12,20260930,gaussian_bf16_scalar_bracket_binary_v1,12,6,True,9.389126950587467e-05,9.389126390951891e-05,19,cuda:0,bfloat16,2.2309416181087727e-06,7.992109196663932e-09,0.996417607196983,True,32,24,float32,2.2313288354780525e-06,0.00017356678728692077,True,2.2309416181087727e-06,False,0.001,fba97f95d6752d39102b921e8c200b5f6fcf7aea869c5cb09e6456c8bf531eea,"[2048, 6144]",8910793619254095161,2.2309416181087727e-06
ruler_fwe_16k:0472,ruler_fwe_16k,0,20260926,gaussian_bf16_scalar_bracket_binary_v1,7,7,True,2.5375122035597997e-05,2.537512052312286e-05,15,cuda:0,bfloat16,2.867245427751186e-07,1.7522826245564005e-10,0.9993888620040696,True,32,24,float32,2.8683842856480624e-07,0.00039719581932318507,True,2.867245427751186e-07,False,0.001,a21ec98bd203c644b2947bf76171e3e7a3160508a05196e3f3d8f57901f1c781,"[2048, 6144]",2458624048951969348,2.867245427751186e-07
ruler_fwe_16k:0472,ruler_fwe_16k,0,20260927,gaussian_bf16_scalar_bracket_binary_v1,9,7,True,2.5697687146220005e-05,2.5697687146220005e-05,17,cuda:0,bfloat16,2.867245427751186e-07,4.409014264794564e-10,0.9984622822231676,True,32,24,float32,2.866328543404961e-07,0.0003197788153572735,True,2.867245427751186e-07,False,0.001,d332d9cee8eb114664516b897004c7c547ec592337666ce01338138d69ab5b39,"[2048, 6144]",5995093536677761350,2.867245427751186e-07
ruler_fwe_16k:0472,ruler_fwe_16k,0,20260928,gaussian_bf16_scalar_bracket_binary_v1,6,7,True,2.437158613588508e-05,2.437158904120455e-05,14,cuda:0,bfloat16,2.867245427751186e-07,1.0392146171378513e-10,0.9996375564480531,True,32,24,float32,2.8684246444754535e-07,0.00041127163822607805,True,2.867245427751186e-07,False,0.001,512b38afdae16d59285bbf3a34442749fa9fa6740a7ee9cfc4d70a4370473b74,"[2048, 6144]",5848830869013359961,2.867245427751186e-07
ruler_fwe_16k:0472,ruler_fwe_16k,0,20260929,gaussian_bf16_scalar_bracket_binary_v1,7,7,True,2.5948571121148234e-05,2.594856957449287e-05,15,cuda:0,bfloat16,2.867245427751186e-07,7.970412524427317e-11,0.9997220184764344,True,32,24,float32,2.8695941978185147e-07,0.0008191730099542803,True,2.867245427751186e-07,False,0.001,f1d3febf4595457b950026cd4a39281803adc849077b536c17d307671b41e8f4,"[2048, 6144]",8202179443831424379,2.867245427751186e-07
ruler_fwe_16k:0472,ruler_fwe_16k,0,20260930,gaussian_bf16_scalar_bracket_binary_v1,8,7,True,2.5303440899904217e-05,2.5303440899904217e-05,16,cuda:0,bfloat16,2.867245427751186e-07,4.872175995984662e-10,0.9983007467903415,True,32,24,float32,2.8668250706687104e-07,0.00014660659265759688,True,2.867245427751186e-07,False,0.001,bac869aa419d56933841ca7937ad31cb2d689660e5ca4b121d5f7c11118f2949,"[2048, 6144]",4235751629508138643,2.867245427751186e-07
ruler_fwe_16k:0472,ruler_fwe_16k,6,20260926,gaussian_bf16_scalar_bracket_binary_v1,8,7,True,3.42952699838861e-05,3.42952699838861e-05,16,cuda:0,bfloat16,4.6188915803213604e-07,7.89701193326664e-10,0.9982902798656476,True,32,24,float32,4.614730642060749e-07,0.000900852117494745,True,4.6188915803213604e-07,False,0.001,0c7fcc6a3f8dd41a2d80d406f6dd149209161f7fb4db2b8be9518f8bb5936137,"[2048, 6144]",900663207202247706,4.6188915803213604e-07
ruler_fwe_16k:0472,ruler_fwe_16k,6,20260927,gaussian_bf16_scalar_bracket_binary_v1,32,7,True,3.353748308398963e-05,3.353748308398963e-05,40,cuda:0,bfloat16,4.6188915803213604e-07,5.35907762611032e-10,0.9988397481229171,True,32,24,float32,4.629785621546034e-07,0.0023585834469654083,True,4.6188915803213604e-07,False,0.001,d70d1cc40f0c628715761fa374a6664664bca59708c7f7b35217beb0e4977177,"[2048, 6144]",6272701484388606599,4.6188915803213604e-07
ruler_fwe_16k:0472,ruler_fwe_16k,6,20260928,gaussian_bf16_scalar_bracket_binary_v1,9,7,True,3.319828323355978e-05,3.3198281254787895e-05,17,cuda:0,bfloat16,4.6188915803213604e-07,8.495128489549586e-10,0.9981607863397914,True,32,24,float32,4.619666071903339e-07,0.0001676790997386052,True,4.6188915803213604e-07,False,0.001,8e3a36b6c5d5a3de15bdc72f26b51273fcbb5d2803bcb535592dbf285c7890d1,"[2048, 6144]",1025192023811269598,4.6188915803213604e-07
ruler_fwe_16k:0472,ruler_fwe_16k,6,20260929,gaussian_bf16_scalar_bracket_binary_v1,8,7,True,3.314054708880576e-05,3.314054708880576e-05,16,cuda:0,bfloat16,4.6188915803213604e-07,6.216581138751565e-10,0.9986540967609552,True,32,24,float32,4.614374233824492e-07,0.000978015270181795,True,4.6188915803213604e-07,False,0.001,58d09a1cffed411843ca40c48115a4b80fe9e9d806dd5232b7da4a0f8aa6864e,"[2048, 6144]",6399784519836975384,4.6188915803213604e-07
ruler_fwe_16k:0472,ruler_fwe_16k,6,20260930,gaussian_bf16_scalar_bracket_binary_v1,7,7,True,3.348696395732986e-05,3.348696395732986e-05,15,cuda:0,bfloat16,4.6188915803213604e-07,3.8397482415852835e-10,0.9991686862151204,True,32,24,float32,4.6194031710911077e-07,0.0001107605062493539,True,4.6188915803213604e-07,False,0.001,1ce2b07535d7aa1b8d22722af247dcbf890528cbaecd2b3135ca8b447c2fa364,"[2048, 6144]",2081419995259578907,4.6188915803213604e-07
ruler_fwe_16k:0472,ruler_fwe_16k,12,20260926,gaussian_bf16_scalar_bracket_binary_v1,8,7,True,2.99070430500592e-05,2.99070430500592e-05,16,cuda:0,bfloat16,4.027884585866559e-07,5.92275894994998e-10,0.9985295609087876,True,32,24,float32,4.028934199595824e-07,0.00026058684326452867,True,4.027884585866559e-07,False,0.001,cca6ca982484284da438ee1360e5823650fcc8df6ea9aef75983c47780f3088d,"[2048, 6144]",5523324747812972621,4.027884585866559e-07
ruler_fwe_16k:0472,ruler_fwe_16k,12,20260927,gaussian_bf16_scalar_bracket_binary_v1,7,7,True,3.0007740164705865e-05,3.0007740164705865e-05,15,cuda:0,bfloat16,4.027884585866559e-07,5.984115980517402e-10,0.9985143278430779,True,32,24,float32,4.0262330003315583e-07,0.0004100379491497904,True,4.027884585866559e-07,False,0.001,0cb3339d94268a2504e38a20add3cc655994f6b9b60bb119f47f2472443459a3,"[2048, 6144]",915131901174778405,4.027884585866559e-07
ruler_fwe_16k:0472,ruler_fwe_16k,12,20260928,gaussian_bf16_scalar_bracket_binary_v1,6,7,True,3.0209134393999193e-05,3.020913259339447e-05,14,cuda:0,bfloat16,4.027884585866559e-07,7.411572466864413e-10,0.9981599342511275,True,32,24,float32,4.028601381378394e-07,0.00017795830455270546,True,4.027884585866559e-07,False,0.001,be3b62fdea18b161d1bdde9676eb3ed28561928d04cbbfdb69386a24b75ba441,"[2048, 6144]",4484286696671195489,4.027884585866559e-07
ruler_fwe_16k:0472,ruler_fwe_16k,12,20260929,gaussian_bf16_scalar_bracket_binary_v1,11,7,True,3.077555566388668e-05,3.077555566388668e-05,19,cuda:0,bfloat16,4.027884585866559e-07,6.364799798319609e-10,0.9984198157462969,True,32,24,float32,4.028417492918379e-07,0.00013230444926103202,True,4.027884585866559e-07,False,0.001,b5cbf9d1d2c614485c126c6a1855249f9fb6b3745f50ce130b7a3f0b86110e18,"[2048, 6144]",3876466583862121544,4.027884585866559e-07
ruler_fwe_16k:0472,ruler_fwe_16k,12,20260930,gaussian_bf16_scalar_bracket_binary_v1,9,7,True,2.9252511804855885e-05,2.925251006127031e-05,17,cuda:0,bfloat16,4.027884585866559e-07,8.389229866345715e-10,0.9979172119539416,True,32,24,float32,4.0308540860678477e-07,0.0007372356724689401,True,4.027884585866559e-07,False,0.001,59a9d5ffbf6fe4369012766a71496a146fb021435bf82e7478a19ccf4dbd53ed,"[2048, 6144]",6460930434844845110,4.027884585866559e-07
ruler_fwe_16k:0472,ruler_fwe_16k,18,20260926,gaussian_bf16_scalar_bracket_binary_v1,5,7,True,2.9580825810171518e-05,2.9580824047016904e-05,13,cuda:0,bfloat16,3.792413565406605e-07,5.173609873843077e-10,0.9986358001877655,True,32,24,float32,3.7937712704660953e-07,0.0003580055381815492,True,3.792413565406605e-07,False,0.001,f627bb61c0b3d1f24274acae381cc86c584c34d5b94ba19fb28f3609f2740f0d,"[2048, 6144]",8513979649086444018,3.792413565406605e-07
ruler_fwe_16k:0472,ruler_fwe_16k,18,20260927,gaussian_bf16_scalar_bracket_binary_v1,10,7,True,2.9746743903658057e-05,2.9746743903658057e-05,18,cuda:0,bfloat16,3.792413565406605e-07,5.148993453829576e-10,0.9986422911517886,True,32,24,float32,3.793124960793648e-07,0.00018758381035554066,True,3.792413565406605e-07,False,0.001,078631d86f81a79df15f1b56d0b368ad5e82cae72167922fd5664b1e68eda426,"[2048, 6144]",542175610798188445,3.792413565406605e-07
ruler_fwe_16k:0472,ruler_fwe_16k,18,20260928,gaussian_bf16_scalar_bracket_binary_v1,32,7,True,2.9177881868847066e-05,2.9177881868847066e-05,40,cuda:0,bfloat16,3.792413565406605e-07,6.3829685981176e-10,0.9983169112524168,True,32,24,float32,3.78761711772313e-07,0.001264748055757133,True,3.792413565406605e-07,False,0.001,18154c4c5ce33f27a208483c8006315c7b62f420a8e9f2db416d325ee00740b0,"[2048, 6144]",1735377122280816423,3.792413565406605e-07
ruler_fwe_16k:0472,ruler_fwe_16k,18,20260929,gaussian_bf16_scalar_bracket_binary_v1,8,7,True,2.8727532757955032e-05,2.8727532757955032e-05,16,cuda:0,bfloat16,3.792413565406605e-07,4.126180230823451e-10,0.9989119909631002,True,32,24,float32,3.791701317368279e-07,0.0001878086411310367,True,3.792413565406605e-07,False,0.001,f1b9f16d7ed5e25ce9e25e99a69ae1c47c6c5323b9cde4f1c6c74ff4ffee5256,"[2048, 6144]",8194846449559003740,3.792413565406605e-07
ruler_fwe_16k:0472,ruler_fwe_16k,18,20260930,gaussian_bf16_scalar_bracket_binary_v1,13,7,True,2.9500829586526223e-05,2.9500829586526223e-05,21,cuda:0,bfloat16,3.792413565406605e-07,6.693881005048752e-10,0.9982349285251724,True,32,24,float32,3.792415554926265e-07,5.246051428241249e-07,True,3.792413565406605e-07,False,0.001,34b60fbcf22beaf2a507f42dabaec17932aa0cc0ec7975c31a7d3b2ae4e24523,"[2048, 6144]",3798240639924824818,3.792413565406605e-07
ruler_fwe_16k:0472,ruler_fwe_16k,24,20260926,gaussian_bf16_scalar_bracket_binary_v1,9,6,True,0.00014657236278026176,0.00014657236278026176,16,cuda:0,bfloat16,4.078535312146414e-06,2.0885602580733575e-08,0.9948791414117383,True,32,24,float32,4.0797990550345276e-06,0.00030985213842574596,True,4.078535312146414e-06,False,0.001,d53742d9335149a53c29e5e9b653c91f6977cd7f3c59d72b9e5beecd663c8881,"[2048, 6144]",6140450117579262373,4.078535312146414e-06
ruler_fwe_16k:0472,ruler_fwe_16k,24,20260927,gaussian_bf16_scalar_bracket_binary_v1,7,6,True,0.0001478469050653075,0.00014784689625294527,14,cuda:0,bfloat16,4.078535312146414e-06,1.6490446341776988e-08,0.9959567724490048,True,32,24,float32,4.082206942257471e-06,0.0009002325173261868,True,4.078535312146414e-06,False,0.001,446ebb380036142bde0c98c76e521ec534602a7bd5b093b913b90f269c79921b,"[2048, 6144]",4931084491213378603,4.078535312146414e-06
ruler_fwe_16k:0472,ruler_fwe_16k,24,20260928,gaussian_bf16_scalar_bracket_binary_v1,8,6,True,0.0001473370881512892,0.00014733707936931441,15,cuda:0,bfloat16,4.078535312146414e-06,1.7836731203146883e-08,0.9956266821694477,True,32,24,float32,4.080334292666521e-06,0.00044108494408501297,True,4.078535312146414e-06,False,0.001,4cc8342207b6e5825e87402d9bf397b0072416e8fde535463f92f685931b5936,"[2048, 6144]",5532729462987613570,4.078535312146414e-06
ruler_fwe_16k:0472,ruler_fwe_16k,24,20260929,gaussian_bf16_scalar_bracket_binary_v1,9,6,True,0.00014708217969428006,0.00014708217969428006,16,cuda:0,bfloat16,4.078535312146414e-06,2.1388780524489448e-08,0.9947557691946933,True,32,24,float32,4.077822723047575e-06,0.00017471691288706152,True,4.078535312146414e-06,False,0.001,7da8970cf101ac7074cb22d26069882a1367be89025bb45ca6057a8ff1caa724,"[2048, 6144]",9054653132667202672,4.078535312146414e-06
ruler_fwe_16k:0472,ruler_fwe_16k,24,20260930,gaussian_bf16_scalar_bracket_binary_v1,7,6,True,0.0001437683697531611,0.0001437683697531611,14,cuda:0,bfloat16,4.078535312146414e-06,1.64681388525878e-08,0.9959622419343671,True,32,24,float32,4.075111064594239e-06,0.0008395777626289554,True,4.078535312146414e-06,False,0.001,797e5233b070496b02abcea6111a0c1a56c3a92d56583ec332591c7fb0cd8fe6,"[2048, 6144]",8754525107611781483,4.078535312146414e-06
ruler_fwe_16k:0488,ruler_fwe_16k,24,20260926,gaussian_bf16_scalar_bracket_binary_v1,4,7,True,3.2192744583880994e-05,3.2192744583880994e-05,12,cuda:0,bfloat16,4.2358874452474993e-07,5.820766091346741e-10,0.9986258449577367,True,32,24,float32,4.235778874317475e-07,2.563121221409121e-05,True,4.2358874452474993e-07,False,0.001,d62d5db461519cf4c2d2b4e09767c8e8ac8e347fe9f8f14810b8c58a49dea0e6,"[2048, 6144]",6209722490522017012,4.2358874452474993e-07
ruler_fwe_16k:0488,ruler_fwe_16k,24,20260927,gaussian_bf16_scalar_bracket_binary_v1,10,7,True,3.3119344962528885e-05,3.3119344962528885e-05,18,cuda:0,bfloat16,4.2358874452474993e-07,5.460362717535361e-10,0.9987109282793475,True,32,24,float32,4.238989674831828e-07,0.0007323682756984438,True,4.2358874452474993e-07,False,0.001,13446854aab25913c8bf9753cb6ebcc80c69e78b08e09fa7abb6d77cffaa4ad3,"[2048, 6144]",1388349297987311891,4.2358874452474993e-07
ruler_fwe_16k:0488,ruler_fwe_16k,24,20260928,gaussian_bf16_scalar_bracket_binary_v1,14,7,True,3.308459744832959e-05,3.308459744832959e-05,22,cuda:0,bfloat16,4.2358874452474993e-07,5.703162941905759e-10,0.9986536084785953,True,32,24,float32,4.2321045157223125e-07,0.0008930665826428115,True,4.2358874452474993e-07,False,0.001,57a4730ccf522c49709b2347410d251ee705c981060482f8a42759682c4ee963,"[2048, 6144]",6315299076335348809,4.2358874452474993e-07
ruler_fwe_16k:0488,ruler_fwe_16k,24,20260929,gaussian_bf16_scalar_bracket_binary_v1,8,7,True,3.314581925906168e-05,3.314581925906168e-05,16,cuda:0,bfloat16,4.2358874452474993e-07,4.835091216293108e-10,0.9988585411489822,True,32,24,float32,4.2360792917861545e-07,4.529075456678421e-05,True,4.2358874452474993e-07,False,0.001,4e4a5739e5c2c6f5d547fbbe71c2ca13800e703720957984b4680f70b4ec27ab,"[2048, 6144]",5641417389414467317,4.2358874452474993e-07
ruler_fwe_16k:0488,ruler_fwe_16k,24,20260930,gaussian_bf16_scalar_bracket_binary_v1,10,7,True,3.2113321694282604e-05,3.2113321694282604e-05,18,cuda:0,bfloat16,4.2358874452474993e-07,7.633862986189399e-10,0.9981978125989267,True,32,24,float32,4.239937823058426e-07,0.0009562052493796173,True,4.2358874452474993e-07,False,0.001,a3fe14b1e0157821af983d46d4dfad705bca73cc0a55f11cca58e5f645ac4347,"[2048, 6144]",2593533189613254689,4.2358874452474993e-07
ruler_fwe_16k:0498,ruler_fwe_16k,6,20260926,gaussian_bf16_scalar_bracket_binary_v1,32,7,True,1.863107198118996e-05,1.863107198118996e-05,40,cuda:0,bfloat16,1.9663400507852202e-07,1.1641532182693481e-10,0.9994079593619606,True,32,24,float32,1.9694017794336105e-07,0.0015570697688671036,True,1.9663400507852202e-07,False,0.001,ac62a529efc5bdbde0e513687fe2c669f3ac0305c52cf5a904f1094af1170794,"[2048, 6144]",3198300284921429437,1.9663400507852202e-07
ruler_fwe_16k:0498,ruler_fwe_16k,6,20260927,gaussian_bf16_scalar_bracket_binary_v1,32,7,True,1.8975181490077375e-05,1.8975181490077375e-05,40,cuda:0,bfloat16,1.9663400507852202e-07,8.231806208902626e-11,0.9995813640572689,True,32,24,float32,1.9556574670787086e-07,0.0054327244681029434,True,1.9663400507852202e-07,False,0.001,6940b7883e1263c5c61c24232eb579433460dc3d03b36a31359ce5121d3c62ca,"[2048, 6144]",7584263568276743109,1.9663400507852202e-07
ruler_fwe_16k:0498,ruler_fwe_16k,6,20260928,gaussian_bf16_scalar_bracket_binary_v1,9,7,True,1.880312673563367e-05,1.880312673563367e-05,17,cuda:0,bfloat16,1.9663400507852202e-07,1.0081862428235056e-10,0.9994872777765875,True,32,24,float32,1.9652506466627528e-07,0.0005540263099621822,True,1.9663400507852202e-07,False,0.001,a57d83642b5f0f70a21bc9faf26feae1412aba2f559728a8a0681288ac20d84c,"[2048, 6144]",2701459817739784048,1.9663400507852202e-07
ruler_fwe_16k:0498,ruler_fwe_16k,6,20260929,gaussian_bf16_scalar_bracket_binary_v1,7,7,True,1.8188645469763287e-05,1.8188644385635535e-05,15,cuda:0,bfloat16,1.9663400507852202e-07,2.098707041486847e-10,0.9989326835708561,True,32,24,float32,1.9649642979402415e-07,0.0006996515401439977,True,1.9663400507852202e-07,False,0.001,6976699fd8afbd2e311fe218ca47ff171ade8bab52b8e188c74a1b51a5842490,"[2048, 6144]",7599377556490403118,1.9663400507852202e-07
ruler_fwe_16k:0498,ruler_fwe_16k,6,20260930,gaussian_bf16_scalar_bracket_binary_v1,32,7,True,1.9036629616664413e-05,1.9036628481992867e-05,40,cuda:0,bfloat16,1.9663400507852202e-07,1.8406878798948867e-10,0.9990639015468561,True,32,24,float32,1.9722980937331158e-07,0.003030016575981536,True,1.9663400507852202e-07,False,0.001,9ac1995813f6f3e325f763e1da13a8b8af9e751083ecd85ee8202e0411dac8f5,"[2048, 6144]",1927990719062406115,1.9663400507852202e-07
ruler_niah_multikey_1_16k:0432,ruler_niah_multikey_1_16k,6,20260926,gaussian_bf16_scalar_bracket_binary_v1,7,7,True,1.815650901448862e-05,1.815650901448862e-05,15,cuda:0,bfloat16,1.7888186221171054e-07,2.9103830456733704e-11,0.9998373013893254,True,32,24,float32,1.788184391671166e-07,0.00035455268527383735,True,1.7888186221171054e-07,False,0.001,fd38ec66032ec7eaf6f3b3ed90ce8b753e56f653e15b4c219d4566ff9a109f6e,"[2048, 6144]",9023221776321005546,1.7888186221171054e-07
ruler_niah_multikey_1_16k:0432,ruler_niah_multikey_1_16k,6,20260927,gaussian_bf16_scalar_bracket_binary_v1,32,7,True,1.8262720120176823e-05,1.8262719031633878e-05,40,cuda:0,bfloat16,1.7888186221171054e-07,8.731149137020111e-11,0.9995119041679762,True,32,24,float32,1.786619634458475e-07,0.001229296045692888,True,1.7888186221171054e-07,False,0.001,64c231317a69ce1602583f819c7e5c685db8d426f4f3b1f414473f284eeb9d32,"[2048, 6144]",7260419637851573782,1.7888186221171054e-07
ruler_niah_multikey_1_16k:0432,ruler_niah_multikey_1_16k,6,20260928,gaussian_bf16_scalar_bracket_binary_v1,8,7,True,1.7664583893406416e-05,1.7664583893406416e-05,16,cuda:0,bfloat16,1.7888186221171054e-07,3.904688516964683e-10,0.9978171691256527,True,32,24,float32,1.788532273394594e-07,0.00016007700220183334,True,1.7888186221171054e-07,False,0.001,732de15ac418e6c8ba0b0422f7aa0670d77d0908cc19f84ad49e6fb4801d8835,"[2048, 6144]",8299537468266964680,1.7888186221171054e-07
ruler_niah_multikey_1_16k:0432,ruler_niah_multikey_1_16k,6,20260929,gaussian_bf16_scalar_bracket_binary_v1,32,7,True,1.8290670411147403e-05,1.8290670411147403e-05,40,cuda:0,bfloat16,1.7888186221171054e-07,3.343775534236926e-10,0.9981307352836704,True,32,24,float32,1.8002296542363183e-07,0.006379088398413307,True,1.7888186221171054e-07,False,0.001,7c368f60f758bb746b676ec132f37fb364788e111f810b6d622f4b401f04aec2,"[2048, 6144]",8950498956074859380,1.7888186221171054e-07
ruler_niah_multikey_1_16k:0432,ruler_niah_multikey_1_16k,6,20260930,gaussian_bf16_scalar_bracket_binary_v1,32,7,True,1.8134148781712156e-05,1.813414770083266e-05,40,cuda:0,bfloat16,1.7888186221171054e-07,2.486632288967172e-10,0.9986099025031256,True,32,24,float32,1.7915502326104615e-07,0.0015270472140563973,True,1.7888186221171054e-07,False,0.001,59f70e4f0faee852549fbac14417493228f9b98f8ae0597acd417df17fd5135e,"[2048, 6144]",6482665921351444562,1.7888186221171054e-07
ruler_niah_multikey_2_16k:0045,ruler_niah_multikey_2_16k,0,20260926,gaussian_bf16_scalar_bracket_binary_v1,10,7,True,1.572661061821634e-05,1.572661061821634e-05,18,cuda:0,bfloat16,1.4256417557589884e-07,5.999908209153304e-11,0.9995791433447487,True,32,24,float32,1.4257550162710686e-07,7.944528253513585e-05,True,1.4256417557589884e-07,False,0.001,f81c1dff1f937edd2469718e8e397dca56ed728c19555b7fe78263f5d075eca6,"[2048, 6144]",8654825565482876637,1.4256417557589884e-07
ruler_niah_multikey_2_16k:0045,ruler_niah_multikey_2_16k,0,20260927,gaussian_bf16_scalar_bracket_binary_v1,32,7,True,1.6359239147334392e-05,1.6359239147334392e-05,40,cuda:0,bfloat16,1.4256417557589884e-07,7.420049991102573e-11,0.9994795291340809,True,32,24,float32,1.428284974736016e-07,0.0018540555271687913,True,1.4256417557589884e-07,False,0.001,70ec7d73dc670c3ebd315f0f2e98c485d2e1050fc0df9e45db4e8fd1259ca2ee,"[2048, 6144]",8137016563324095550,1.4256417557589884e-07
ruler_niah_multikey_2_16k:0045,ruler_niah_multikey_2_16k,0,20260928,gaussian_bf16_scalar_bracket_binary_v1,5,7,True,1.6252316015652468e-05,1.6252316015652468e-05,13,cuda:0,bfloat16,1.4256417557589884e-07,1.2175005448256115e-10,0.9991459982566395,True,32,24,float32,1.4254747782160848e-07,0.00011712447550663064,True,1.4256417557589884e-07,False,0.001,4ad9e5a8d557b0ba1d8bc7de24aef7d6b5dfa19de085f10dc855691373c91067,"[2048, 6144]",5393594542049439930,1.4256417557589884e-07
ruler_niah_multikey_2_16k:0045,ruler_niah_multikey_2_16k,0,20260929,gaussian_bf16_scalar_bracket_binary_v1,9,7,True,1.569987983529586e-05,1.56998788995101e-05,17,cuda:0,bfloat16,1.4256417557589884e-07,6.825453396919201e-11,0.9995212364277809,True,32,24,float32,1.4261590308706218e-07,0.00036283667305883876,True,1.4256417557589884e-07,False,0.001,4641e590d9b60eff2a241b6bcd07309e0153883c2ea47ac387557bf0fbedca06,"[2048, 6144]",5062579866431786751,1.4256417557589884e-07
ruler_niah_multikey_2_16k:0045,ruler_niah_multikey_2_16k,0,20260930,gaussian_bf16_scalar_bracket_binary_v1,32,7,True,1.582907861941152e-05,1.582907861941152e-05,40,cuda:0,bfloat16,1.4256417557589884e-07,2.5288532379263984e-10,0.9982261650041387,True,32,24,float32,1.4290840510966518e-07,0.0024145584427209483,True,1.4256417557589884e-07,False,0.001,9830f77cb1d7f26f1ae8a36ad6a6773cc83ee36e0e7b50603e9e1a5f690add39,"[2048, 6144]",1743165170724106863,1.4256417557589884e-07
ruler_niah_multikey_2_16k:0045,ruler_niah_multikey_2_16k,6,20260926,gaussian_bf16_scalar_bracket_binary_v1,8,7,True,1.6347987408238396e-05,1.6347986433822413e-05,16,cuda:0,bfloat16,1.5386341090106725e-07,0.0,1.0,True,32,24,float32,1.5375761108771258e-07,0.0006876216556950452,True,1.5386341090106725e-07,False,0.001,d3d9fe831d84991e4e98f667b860d1da2b947ebfb1c79c7aa21b0c27aa5c44ea,"[2048, 6144]",6042140214183631134,1.5386341090106725e-07
ruler_niah_multikey_2_16k:0045,ruler_niah_multikey_2_16k,6,20260927,gaussian_bf16_scalar_bracket_binary_v1,32,7,True,1.6780728251397647e-05,1.6780728251397647e-05,40,cuda:0,bfloat16,1.5386341090106725e-07,6.507814426237601e-11,0.9995770395061356,True,32,24,float32,1.536414373504158e-07,0.00144266625412446,True,1.5386341090106725e-07,False,0.001,6e63d0c3da5b0ff54b307559a71b1814415bad76102201bd86857bd44de6832f,"[2048, 6144]",7954430906467028981,1.5386341090106725e-07
ruler_niah_multikey_2_16k:0045,ruler_niah_multikey_2_16k,6,20260928,gaussian_bf16_scalar_bracket_binary_v1,7,7,True,1.654031667186473e-05,1.654031667186473e-05,15,cuda:0,bfloat16,1.5386341090106725e-07,8.231806208902626e-11,0.9994649926086588,True,32,24,float32,1.5401178643514868e-07,0.0009643328014925408,True,1.5386341090106725e-07,False,0.001,c8228645c2a1c9a6167f1584b04dc718b009c76703f7423665f0e5b9ba66e77e,"[2048, 6144]",5197864554115221926,1.5386341090106725e-07
ruler_niah_multikey_2_16k:0045,ruler_niah_multikey_2_16k,6,20260929,gaussian_bf16_scalar_bracket_binary_v1,6,7,True,1.5540204501007793e-05,1.5540204501007793e-05,14,cuda:0,bfloat16,1.5386341090106725e-07,1.7703169485905335e-10,0.9988494230446192,True,32,24,float32,1.5382890694581874e-07,0.0002242505547384244,True,1.5386341090106725e-07,False,0.001,eafd673a67c0496cb54e6f75b0d91a47450fe6f521ddff67dc74170ee7c05578,"[2048, 6144]",7709431637674576236,1.5386341090106725e-07
ruler_niah_multikey_2_16k:0045,ruler_niah_multikey_2_16k,6,20260930,gaussian_bf16_scalar_bracket_binary_v1,32,7,True,1.5569053890551743e-05,1.5569053890551743e-05,40,cuda:0,bfloat16,1.5386341090106725e-07,1.3337050908113213e-10,0.999133188921914,True,32,24,float32,1.540747263106823e-07,0.0013733961074795596,True,1.5386341090106725e-07,False,0.001,4340147e1177eb83b241a1cace00c42e89d4ef6657f6e94f55c92213807f204a,"[2048, 6144]",4845895730742160259,1.5386341090106725e-07
ruler_niah_multikey_2_16k:0045,ruler_niah_multikey_2_16k,12,20260926,gaussian_bf16_scalar_bracket_binary_v1,6,7,True,2.5517717034517773e-05,2.5517715513543312e-05,14,cuda:0,bfloat16,3.3139892252620484e-07,4.872175995984662e-10,0.9985298153781416,True,32,24,float32,3.3171460245284834e-07,0.0009525677519924207,True,3.3139892252620484e-07,False,0.001,c042fca1c5d920b7e9819dce00c435ca29f55b3115bc6b6239748259037a3f79,"[2048, 6144]",4630541138629566647,3.3139892252620484e-07
ruler_niah_multikey_2_16k:0045,ruler_niah_multikey_2_16k,12,20260927,gaussian_bf16_scalar_bracket_binary_v1,32,7,True,2.7174711647148797e-05,2.7174711647148797e-05,40,cuda:0,bfloat16,3.3139892252620484e-07,5.781067846655219e-10,0.9982555562333797,True,32,24,float32,3.3190315207320964e-07,0.001521518365724096,True,3.3139892252620484e-07,False,0.001,f255964bf1c605f18c2bf4caeea962b52f2815e2f0da2996ff1fc46246648e54,"[2048, 6144]",8238656346267190769,3.3139892252620484e-07
ruler_niah_multikey_2_16k:0045,ruler_niah_multikey_2_16k,12,20260928,gaussian_bf16_scalar_bracket_binary_v1,8,7,True,2.5766266226412426e-05,2.5766263154834136e-05,16,cuda:0,bfloat16,3.3139892252620484e-07,4.0959183267297306e-10,0.9987640520085258,True,32,24,float32,3.31518720031454e-07,0.0003614903281397365,True,3.3139892252620484e-07,False,0.001,e6bdc34f6ec9d847485be7fa3cca7e380019f60b567120b71e66658cca9dedba,"[2048, 6144]",7403288108395518023,3.3139892252620484e-07
ruler_niah_multikey_2_16k:0045,ruler_niah_multikey_2_16k,12,20260929,gaussian_bf16_scalar_bracket_binary_v1,9,7,True,2.630478947551751e-05,2.630478947551751e-05,17,cuda:0,bfloat16,3.3139892252620484e-07,6.663760099279159e-10,0.997989202846985,True,32,24,float32,3.310904048703378e-07,0.0009309555188509702,True,3.3139892252620484e-07,False,0.001,87afe490e3eaee4ecd16063029eeaba1393375941299f9a8b35ad2aeb3b9121f,"[2048, 6144]",553912590140108366,3.3139892252620484e-07
ruler_niah_multikey_2_16k:0045,ruler_niah_multikey_2_16k,12,20260930,gaussian_bf16_scalar_bracket_binary_v1,9,7,True,2.6139090014254407e-05,2.6139090014254407e-05,17,cuda:0,bfloat16,3.3139892252620484e-07,4.5093331846324247e-10,0.9986393036071879,True,32,24,float32,3.311826617391489e-07,0.0006525693729099063,True,3.3139892252620484e-07,False,0.001,be7785992140b1761e463063743d97f7497f9c0cca86fd8c6c092e845bba4c78,"[2048, 6144]",4501213245314478454,3.3139892252620484e-07
ruler_niah_multikey_2_16k:0045,ruler_niah_multikey_2_16k,18,20260926,gaussian_bf16_scalar_bracket_binary_v1,10,7,True,1.9919913281540857e-05,1.9919913281540857e-05,18,cuda:0,bfloat16,2.0287626512072165e-07,1.0986454801464873e-10,0.9994584652475277,True,32,24,float32,2.0274305256862135e-07,0.0006566196988151146,True,2.0287626512072165e-07,False,0.001,5886a089b4e0b5d1d823d089d3d9de71a45d1508abbb077879b565c60d5cc9bb,"[2048, 6144]",6378962435522475473,2.0287626512072165e-07
ruler_niah_multikey_2_16k:0045,ruler_niah_multikey_2_16k,18,20260927,gaussian_bf16_scalar_bracket_binary_v1,6,7,True,1.967899771671e-05,1.967899771671e-05,14,cuda:0,bfloat16,2.0287626512072165e-07,1.3096723705530167e-10,0.9993544477123661,True,32,24,float32,2.0297730429774674e-07,0.0004980335031550527,True,2.0287626512072165e-07,False,0.001,569cbb3b31a08e1743a44b23fac4a728151bcaf1f50e73086468a7e8cf4ca069,"[2048, 6144]",6241069046538735127,2.0287626512072165e-07
ruler_niah_multikey_2_16k:0045,ruler_niah_multikey_2_16k,18,20260928,gaussian_bf16_scalar_bracket_binary_v1,10,7,True,1.885481288965707e-05,1.8854811765822645e-05,18,cuda:0,bfloat16,2.0287626512072165e-07,2.3146237704274597e-10,0.9988590958291498,True,32,24,float32,2.0267772526949557e-07,0.0009786253266637472,True,2.0287626512072165e-07,False,0.001,9dd410142aee6958ee4a1943d6320bd5afd5e89b1638c7f0a5823f3b61ade298,"[2048, 6144]",2149360600968227160,2.0287626512072165e-07
ruler_niah_multikey_2_16k:0045,ruler_niah_multikey_2_16k,18,20260929,gaussian_bf16_scalar_bracket_binary_v1,32,7,True,1.9709112162313858e-05,1.9709112162313858e-05,40,cuda:0,bfloat16,2.0287626512072165e-07,2.764863893389702e-10,0.9986371673927729,True,32,24,float32,2.0265493105853238e-07,0.0010909805642250277,True,2.0287626512072165e-07,False,0.001,cea7871e4aa06cd1f5ae3613651508075d49c4fbcfda9346914689905f679c97,"[2048, 6144]",5667647220239854801,2.0287626512072165e-07
ruler_niah_multikey_2_16k:0045,ruler_niah_multikey_2_16k,18,20260930,gaussian_bf16_scalar_bracket_binary_v1,32,7,True,1.957755958414964e-05,1.957755958414964e-05,40,cuda:0,bfloat16,2.0287626512072165e-07,1.208772804073277e-10,0.9994041822470687,True,32,24,float32,2.0220825547312415e-07,0.0032926949202263804,True,2.0287626512072165e-07,False,0.001,609f759ead613088775ac0ea58b98d05a0cf6720ae18047e169d0770a2b98329,"[2048, 6144]",6962412873312186504,2.0287626512072165e-07
ruler_niah_multikey_2_16k:0045,ruler_niah_multikey_2_16k,24,20260926,gaussian_bf16_scalar_bracket_binary_v1,9,6,True,6.352818687105355e-05,6.352818687105355e-05,16,cuda:0,bfloat16,1.1485321920190472e-06,2.871119120229082e-09,0.997500184026029,True,32,24,float32,1.1491673603813979e-06,0.0005530261726787848,True,1.1485321920190472e-06,False,0.001,d44439498d8f5763e6dc35df36c032211acce9664a1f7a07304b14f5e500840b,"[2048, 6144]",6072041185672648547,1.1485321920190472e-06
ruler_niah_multikey_2_16k:0045,ruler_niah_multikey_2_16k,24,20260927,gaussian_bf16_scalar_bracket_binary_v1,7,6,True,6.403066970506188e-05,6.403066970506188e-05,14,cuda:0,bfloat16,1.1485321920190472e-06,2.8325071177448535e-09,0.997533802589577,True,32,24,float32,1.1491996474433108e-06,0.0005811377590472785,True,1.1485321920190472e-06,False,0.001,4c11de4bf30a92ec0c4a06de460a0d2f159be9243a4bd90a6905c097def19433,"[2048, 6144]",5481406639268074220,1.1485321920190472e-06
ruler_niah_multikey_2_16k:0045,ruler_niah_multikey_2_16k,24,20260928,gaussian_bf16_scalar_bracket_binary_v1,8,6,True,6.273857098904045e-05,6.273857098904045e-05,15,cuda:0,bfloat16,1.1485321920190472e-06,2.6578665934806622e-09,0.9976858579916612,True,32,24,float32,1.1478396118036471e-06,0.0006030133244960008,True,1.1485321920190472e-06,False,0.001,177ed589a93d29949c960789972d909761835f30ee8b5d3ebf808b84fb415561,"[2048, 6144]",1693025297164478868,1.1485321920190472e-06
ruler_niah_multikey_2_16k:0045,ruler_niah_multikey_2_16k,24,20260929,gaussian_bf16_scalar_bracket_binary_v1,8,6,True,6.359997013305474e-05,6.359997013305474e-05,15,cuda:0,bfloat16,1.1485321920190472e-06,2.779987129386541e-09,0.9975795305097199,True,32,24,float32,1.1484485185064841e-06,7.28525618563783e-05,True,1.1485321920190472e-06,False,0.001,432213a4ad473b7a6c739ddf5e19d8b6870d085467f06dbfea404a90eb4ecb1c,"[2048, 6144]",4837450547752024954,1.1485321920190472e-06
ruler_niah_multikey_2_16k:0045,ruler_niah_multikey_2_16k,24,20260930,gaussian_bf16_scalar_bracket_binary_v1,8,6,True,6.331283708504998e-05,6.331283708504998e-05,15,cuda:0,bfloat16,1.1485321920190472e-06,2.2157171652992247e-09,0.9980708271124694,True,32,24,float32,1.1477142152216402e-06,0.0007121931828215243,True,1.1485321920190472e-06,False,0.001,548c8f67657e295e87c64bf35ee26501b47c06aefb401a52dfc2d7f89073f020,"[2048, 6144]",6092402070172608862,1.1485321920190472e-06
ruler_niah_multikey_2_16k:0116,ruler_niah_multikey_2_16k,12,20260926,gaussian_bf16_scalar_bracket_binary_v1,32,7,True,2.1157561602702657e-05,2.1157561602702657e-05,40,cuda:0,bfloat16,2.2911741837106092e-07,3.0971999964712893e-10,0.998648204043808,True,32,24,float32,2.2880513483869436e-07,0.0013629846852621814,True,2.2911741837106092e-07,False,0.001,775cfa3bcb4d75b326983089edaa0b250cdf2289ee81143226f53c1f12324c1a,"[2048, 6144]",8601024523091670451,2.2911741837106092e-07
ruler_niah_multikey_2_16k:0116,ruler_niah_multikey_2_16k,12,20260927,gaussian_bf16_scalar_bracket_binary_v1,32,7,True,2.036281055772804e-05,2.036280934400995e-05,40,cuda:0,bfloat16,2.2911741837106092e-07,1.8875466467616064e-10,0.9991761662381754,True,32,24,float32,2.2887617490141565e-07,0.0010529250519686368,True,2.2911741837106092e-07,False,0.001,5c5b754ab47831a630386e192a52c76d6fdf2a4d78ddc4c7fa0acc13ab10c8f1,"[2048, 6144]",6655041838085845414,2.2911741837106092e-07
ruler_niah_multikey_2_16k:0116,ruler_niah_multikey_2_16k,12,20260928,gaussian_bf16_scalar_bracket_binary_v1,7,7,True,2.0735126362581013e-05,2.073512512667117e-05,15,cuda:0,bfloat16,2.2911741837106092e-07,3.750472155061857e-10,0.9983630785552114,True,32,24,float32,2.292746330567752e-07,0.0006861751796612293,True,2.2911741837106092e-07,False,0.001,c4ca70b9d3fcc4e795b610298c7505a322a30c6d34012b14f47b8a9e7b545764,"[2048, 6144]",4956898283302470887,2.2911741837106092e-07
ruler_niah_multikey_2_16k:0116,ruler_niah_multikey_2_16k,12,20260929,gaussian_bf16_scalar_bracket_binary_v1,8,7,True,2.102152313554484e-05,2.102152188256442e-05,16,cuda:0,bfloat16,2.2911741837106092e-07,2.957298572692224e-10,0.9987092650599341,True,32,24,float32,2.2929609144739516e-07,0.0007798319202640003,True,2.2911741837106092e-07,False,0.001,1990db5aa0947a218192559780ea368ca4d696e29661f3232e91739f343acfb1,"[2048, 6144]",1842213429882157601,2.2911741837106092e-07
ruler_niah_multikey_2_16k:0116,ruler_niah_multikey_2_16k,12,20260930,gaussian_bf16_scalar_bracket_binary_v1,9,7,True,2.0992883458248457e-05,2.0992883458248457e-05,17,cuda:0,bfloat16,2.2911741837106092e-07,1.7762875892390895e-10,0.9992247260806848,True,32,24,float32,2.291490943662211e-07,0.00013825223496925608,True,2.2911741837106092e-07,False,0.001,a2bac2450a633c9192518af6cb75ff5239f70cac1fcb257a65dce54185e7f49a,"[2048, 6144]",2502526144740539537,2.2911741837106092e-07
ruler_niah_multikey_2_16k:0331,ruler_niah_multikey_2_16k,0,20260926,gaussian_bf16_scalar_bracket_binary_v1,4,7,True,1.610733170309686e-05,1.610733170309686e-05,12,cuda:0,bfloat16,1.3885630778531777e-07,1.285190287525495e-10,0.9990744458728426,True,32,24,float32,1.3880946880817646e-07,0.0003373197652188935,True,1.3885630778531777e-07,False,0.001,d17c8f3c5172a7ea41b67c5451f1593653a4bba33eebe06f534a608c3b3335c6,"[2048, 6144]",5871725503411562474,1.3885630778531777e-07
ruler_niah_multikey_2_16k:0331,ruler_niah_multikey_2_16k,0,20260927,gaussian_bf16_scalar_bracket_binary_v1,32,7,True,1.5499835356536096e-05,1.5499835356536096e-05,40,cuda:0,bfloat16,1.3885630778531777e-07,7.561396647703944e-11,0.9994554516990762,True,32,24,float32,1.385158014954868e-07,0.0024522205383525203,True,1.3885630778531777e-07,False,0.001,b37b9c63c913a28f43bb7dc06f47ae23d90e5e3177ec377e32a09a0e84cfc1eb,"[2048, 6144]",3709730670458937999,1.3885630778531777e-07
ruler_niah_multikey_2_16k:0331,ruler_niah_multikey_2_16k,0,20260928,gaussian_bf16_scalar_bracket_binary_v1,8,7,True,1.5031195317760648e-05,1.5031194421831591e-05,16,cuda:0,bfloat16,1.3885630778531777e-07,8.731149137020111e-11,0.9993712097580386,True,32,24,float32,1.3880527660603548e-07,0.0003675107029432787,True,1.3885630778531777e-07,False,0.001,9064c1045431f28f9ed9ac362e9f140873f716524d53fda318493c3ed77383ce,"[2048, 6144]",1181281226614502031,1.3885630778531777e-07
ruler_niah_multikey_2_16k:0331,ruler_niah_multikey_2_16k,0,20260929,gaussian_bf16_scalar_bracket_binary_v1,8,7,True,1.5308907933331284e-05,1.5308907933331284e-05,16,cuda:0,bfloat16,1.3885630778531777e-07,6.825453396919201e-11,0.9995084520461633,True,32,24,float32,1.3896540451696637e-07,0.0007856807759664579,True,1.3885630778531777e-07,False,0.001,f54e0f08ad7344c849261f4a92fed1fc3c84cb2fa0f43e884cd02a6a4a350bae,"[2048, 6144]",8452710080565167304,1.3885630778531777e-07
ruler_niah_multikey_2_16k:0331,ruler_niah_multikey_2_16k,0,20260930,gaussian_bf16_scalar_bracket_binary_v1,32,7,True,1.5061570135088687e-05,1.5061570135088687e-05,40,cuda:0,bfloat16,1.3885630778531777e-07,6.507814426237601e-11,0.9995313274182475,True,32,24,float32,1.397959152882322e-07,0.006766761394571608,True,1.3885630778531777e-07,False,0.001,7711ff05badb8eca33749f00b639b3655999fb0397a078ab4c7b1edbb5bd8aee,"[2048, 6144]",8579919165192376010,1.3885630778531777e-07
ruler_niah_multikey_2_16k:0482,ruler_niah_multikey_2_16k,24,20260926,gaussian_bf16_scalar_bracket_binary_v1,9,7,True,3.7665272323295085e-05,3.766527007826991e-05,17,cuda:0,bfloat16,4.964121558259649e-07,7.85264298031052e-10,0.9984181203284104,True,32,24,float32,4.96433756325132e-07,4.351323575299368e-05,True,4.964121558259649e-07,False,0.001,6b7b89fd64c3aab69a55e06b2afb819a114a023aefc39c0566ef04233d69405b,"[2048, 6144]",7744935705603975862,4.964121558259649e-07
ruler_niah_multikey_2_16k:0482,ruler_niah_multikey_2_16k,24,20260927,gaussian_bf16_scalar_bracket_binary_v1,13,7,True,3.676164707089313e-05,3.676164707089313e-05,21,cuda:0,bfloat16,4.964121558259649e-07,3.904688516964683e-10,0.9992134180295268,True,32,24,float32,4.960389219377248e-07,0.0007518629104056751,True,4.964121558259649e-07,False,0.001,73b07a360924deba4df75a2cd7ceb0618b1110dae02c9bde4663fed2a37a6d32,"[2048, 6144]",8336297282763022010,4.964121558259649e-07
ruler_niah_multikey_2_16k:0482,ruler_niah_multikey_2_16k,24,20260928,gaussian_bf16_scalar_bracket_binary_v1,8,7,True,3.760322080381684e-05,3.760321856249022e-05,16,cuda:0,bfloat16,4.964121558259649e-07,9.47552036834054e-10,0.9980911989649861,True,32,24,float32,4.967112090525916e-07,0.0006024292981486836,True,4.964121558259649e-07,False,0.001,0599270576b54707aa22873599fe4e5b389b3b20dbf720b729b155c7a55f62a6,"[2048, 6144]",403396546046281479,4.964121558259649e-07
ruler_niah_multikey_2_16k:0482,ruler_niah_multikey_2_16k,24,20260929,gaussian_bf16_scalar_bracket_binary_v1,4,7,True,3.772732384277333e-05,3.772732384277333e-05,12,cuda:0,bfloat16,4.964121558259649e-07,5.491299637228053e-10,0.9988938023429158,True,32,24,float32,4.963098376720154e-07,0.0002061153272510227,True,4.964121558259649e-07,False,0.001,b00667e598b7937a59d19f248d6383e66130e55e45e8cec25a4cdf433ba781e9,"[2048, 6144]",3460567599488144250,4.964121558259649e-07
ruler_niah_multikey_2_16k:0482,ruler_niah_multikey_2_16k,24,20260930,gaussian_bf16_scalar_bracket_binary_v1,12,7,True,3.6245843815230216e-05,3.624584165480957e-05,20,cuda:0,bfloat16,4.964121558259649e-07,7.917098088228158e-10,0.998405136136311,True,32,24,float32,4.966523192706518e-07,0.00048379847646420605,True,4.964121558259649e-07,False,0.001,18af52f041a6f1e176667440148d14abecf44695484e3175b0d70bd23bb58d7a,"[2048, 6144]",1778731569681723873,4.964121558259649e-07
ruler_niah_multikey_3_16k:0071,ruler_niah_multikey_3_16k,0,20260926,gaussian_bf16_scalar_bracket_binary_v1,6,7,True,2.0958932594794533e-05,2.0958932594794533e-05,14,cuda:0,bfloat16,2.1607147004942817e-07,1.3035950097162186e-10,0.9993966834171036,True,32,24,float32,2.1597641364223819e-07,0.0004399303951060325,True,2.1607147004942817e-07,False,0.001,d88291308fe025954f0133cf2651b8dd87dbfad79183bde0f67c929b1cfb9eef,"[2048, 6144]",6377819660068332949,2.1607147004942817e-07
ruler_niah_multikey_3_16k:0071,ruler_niah_multikey_3_16k,0,20260927,gaussian_bf16_scalar_bracket_binary_v1,32,7,True,2.074961335818415e-05,2.074961335818415e-05,40,cuda:0,bfloat16,2.1607147004942817e-07,8.609029461537077e-11,0.9996015656551248,True,32,24,float32,2.1520300208521803e-07,0.00401935509584616,True,2.1607147004942817e-07,False,0.001,3fac6d7ed2787dc54a89dd95ac675ee30be1f9bcc7218c3a33c911f2dbdbceb5,"[2048, 6144]",4588162511848111557,2.1607147004942817e-07
ruler_niah_multikey_3_16k:0071,ruler_niah_multikey_3_16k,0,20260928,gaussian_bf16_scalar_bracket_binary_v1,32,7,True,2.029721371776816e-05,2.0297212507959945e-05,40,cuda:0,bfloat16,2.1607147004942817e-07,1.7355866743784532e-10,0.9991967534288625,True,32,24,float32,2.1571717923052347e-07,0.0016396927314080575,True,2.1607147004942817e-07,False,0.001,9eb4dd4130f29a71bbf726faa2dbf8c05307966f8dc7c2a7d269ae764b83d933,"[2048, 6144]",2212636589009574513,2.1607147004942817e-07
ruler_niah_multikey_3_16k:0071,ruler_niah_multikey_3_16k,0,20260929,gaussian_bf16_scalar_bracket_binary_v1,8,7,True,2.079687899225746e-05,2.079687899225746e-05,16,cuda:0,bfloat16,2.1607147004942817e-07,8.609029461537077e-11,0.9996015656551248,True,32,24,float32,2.159876402174632e-07,0.000387972701559349,True,2.1607147004942817e-07,False,0.001,5c78c19911df2e98bc029a9efdea7c729424a6436a3e4a46144f7f26b7507a3a,"[2048, 6144]",6663288511868645016,2.1607147004942817e-07
ruler_niah_multikey_3_16k:0071,ruler_niah_multikey_3_16k,0,20260930,gaussian_bf16_scalar_bracket_binary_v1,7,7,True,2.063482538972039e-05,2.063482538972039e-05,15,cuda:0,bfloat16,2.1607147004942817e-07,3.0149166496684643e-10,0.9986046669423877,True,32,24,float32,2.1618303946979722e-07,0.0005163542430822935,True,2.1607147004942817e-07,False,0.001,e616156caefbbe46cf3ea8b66850989aa1b0b87c15318ba31841316fb30bdf42,"[2048, 6144]",7356090597892668998,2.1607147004942817e-07
ruler_niah_multikey_3_16k:0071,ruler_niah_multikey_3_16k,6,20260926,gaussian_bf16_scalar_bracket_binary_v1,32,7,True,2.3373722128683383e-05,2.3373722128683383e-05,40,cuda:0,bfloat16,2.6705671984927903e-07,4.355862615046391e-10,0.9983689372738852,True,32,24,float32,2.663098825905763e-07,0.002796549209187564,True,2.6705671984927903e-07,False,0.001,f355db8a3aa8a703779034252a84b18a10558eb1dd2b11a8f982aed6344828a8,"[2048, 6144]",8310790074118219523,2.6705671984927903e-07
ruler_niah_multikey_3_16k:0071,ruler_niah_multikey_3_16k,6,20260927,gaussian_bf16_scalar_bracket_binary_v1,32,7,True,2.3082672031660145e-05,2.308266927999121e-05,40,cuda:0,bfloat16,2.6705671984927903e-07,3.343775534236926e-10,0.9987479155978085,True,32,24,float32,2.664372971139528e-07,0.002319442610078539,True,2.6705671984927903e-07,False,0.001,14d3d9ef8ead7eda918c044bcb39f8e2ab1796fbcd5df75c088df50d27a7dfae,"[2048, 6144]",1500782723758653146,2.6705671984927903e-07
ruler_niah_multikey_3_16k:0071,ruler_niah_multikey_3_16k,6,20260928,gaussian_bf16_scalar_bracket_binary_v1,8,7,True,2.3033642087000317e-05,2.3033640714088262e-05,16,cuda:0,bfloat16,2.6705671984927903e-07,2.7915414424484197e-10,0.9989547009174591,True,32,24,float32,2.670160483830841e-07,0.00015229523607517616,True,2.6705671984927903e-07,False,0.001,aedd3128794cfb7770ca7740dddd329b058cd89cbf1039e91f87660e4b84d77e,"[2048, 6144]",3376909345501281143,2.6705671984927903e-07
ruler_niah_multikey_3_16k:0071,ruler_niah_multikey_3_16k,6,20260929,gaussian_bf16_scalar_bracket_binary_v1,9,7,True,2.3400845076793075e-05,2.3400845076793075e-05,17,cuda:0,bfloat16,2.6705671984927903e-07,3.9478356694822025e-10,0.9985217238975637,True,32,24,float32,2.672922789770382e-07,0.0008820565454864151,True,2.6705671984927903e-07,False,0.001,05050e8fbd1587fc6566c3ebc632c8d66930e35eedcb02b6c63e670c26ebd9f9,"[2048, 6144]",361711355588610044,2.6705671984927903e-07
ruler_niah_multikey_3_16k:0071,ruler_niah_multikey_3_16k,6,20260930,gaussian_bf16_scalar_bracket_binary_v1,9,7,True,2.3133788356943796e-05,2.3133786978062558e-05,17,cuda:0,bfloat16,2.6705671984927903e-07,2.3999632836613216e-10,0.9991013282552801,True,32,24,float32,2.6696650934354693e-07,0.0003377953034958834,True,2.6705671984927903e-07,False,0.001,feb3caf2cc6bcf11717f41aca0959b4bae50fe703e5c42330f3c0bc0eb4a8839,"[2048, 6144]",9129864013770641169,2.6705671984927903e-07
ruler_niah_multikey_3_16k:0071,ruler_niah_multikey_3_16k,12,20260926,gaussian_bf16_scalar_bracket_binary_v1,32,7,True,1.7381761228674186e-05,1.7381761228674186e-05,40,cuda:0,bfloat16,1.793523125570573e-07,1.404396460236157e-10,0.9992169621678062,True,32,24,float32,1.7870883084469824e-07,0.0035878082818383023,True,1.793523125570573e-07,False,0.001,4c6bb2c67d1966c91b669d9e3e2eac3f0d561fd3ccabc822e9efabe35117f750,"[2048, 6144]",5506691534962648777,1.793523125570573e-07
ruler_niah_multikey_3_16k:0071,ruler_niah_multikey_3_16k,12,20260927,gaussian_bf16_scalar_bracket_binary_v1,7,7,True,1.7128145849198972e-05,1.7128144828281925e-05,15,cuda:0,bfloat16,1.793523125570573e-07,9.84441347884335e-11,0.9994511131003281,True,32,24,float32,1.7952302755475102e-07,0.000951841630920773,True,1.793523125570573e-07,False,0.001,4d9b3c37db7c5768babd33602054345f41c3b107e465439dd81554d957a71d99,"[2048, 6144]",5592129572913829736,1.793523125570573e-07
ruler_niah_multikey_3_16k:0071,ruler_niah_multikey_3_16k,12,20260928,gaussian_bf16_scalar_bracket_binary_v1,32,7,True,1.7743268233672005e-05,1.7743268233672005e-05,40,cuda:0,bfloat16,1.793523125570573e-07,2.0990223448258405e-10,0.9988296653023874,True,32,24,float32,1.8018209857473266e-07,0.004626569938491206,True,1.793523125570573e-07,False,0.001,e907e51cf4a92ac2f224e458c6d75cdfe6f4298a599928fe6274dfec3faaa00c,"[2048, 6144]",7568269611345980098,1.793523125570573e-07
ruler_niah_multikey_3_16k:0071,ruler_niah_multikey_3_16k,12,20260929,gaussian_bf16_scalar_bracket_binary_v1,6,7,True,1.7755878943148673e-05,1.7755878943148673e-05,14,cuda:0,bfloat16,1.793523125570573e-07,1.6911710920552991e-10,0.9990570675850543,True,32,24,float32,1.795278592453542e-07,0.000978781292496821,True,1.793523125570573e-07,False,0.001,cb4bd07fb163712cae21dfb2119f2d785a85af564250ed6a630826dd5248638b,"[2048, 6144]",5425659422953402668,1.793523125570573e-07
ruler_niah_multikey_3_16k:0071,ruler_niah_multikey_3_16k,12,20260930,gaussian_bf16_scalar_bracket_binary_v1,8,7,True,1.7890393177566466e-05,1.7890392111215936e-05,16,cuda:0,bfloat16,1.793523125570573e-07,1.876647032217349e-10,0.9989536532841636,True,32,24,float32,1.7924094208865426e-07,0.000620959199327903,True,1.793523125570573e-07,False,0.001,9551cc68b53651ac4f10c288907502544b80b5921c2104bc86429b3221f95b0e,"[2048, 6144]",1536233697998950828,1.793523125570573e-07
ruler_niah_multikey_3_16k:0071,ruler_niah_multikey_3_16k,18,20260926,gaussian_bf16_scalar_bracket_binary_v1,32,7,True,2.090388127840015e-05,2.090388127840015e-05,40,cuda:0,bfloat16,2.2971298108132032e-07,1.4551915228366852e-10,0.9993665175054598,True,32,24,float32,2.2925230780401762e-07,0.0020054298853037877,True,2.2971298108132032e-07,False,0.001,3a7e2ab3599b85ca5d1e333deb808d0089b392956547021b99290bdafdeaff86,"[2048, 6144]",4214853251056240074,2.2971298108132032e-07
ruler_niah_multikey_3_16k:0071,ruler_niah_multikey_3_16k,18,20260927,gaussian_bf16_scalar_bracket_binary_v1,6,7,True,2.044445531623751e-05,2.044445531623751e-05,14,cuda:0,bfloat16,2.2971298108132032e-07,3.305559714839035e-10,0.9985610043893562,True,32,24,float32,2.2961944523558486e-07,0.00040718572061170156,True,2.2971298108132032e-07,False,0.001,5864da293623a737347bfcfe94e0de9523964bb1002124673b1b73d67e7d18bf,"[2048, 6144]",6369455643545544503,2.2971298108132032e-07
ruler_niah_multikey_3_16k:0071,ruler_niah_multikey_3_16k,18,20260928,gaussian_bf16_scalar_bracket_binary_v1,32,7,True,2.0934390033700012e-05,2.093438878591313e-05,40,cuda:0,bfloat16,2.2971298108132032e-07,2.924898656608832e-10,0.9987267159901715,True,32,24,float32,2.305912971678481e-07,0.0038235370173392326,True,2.2971298108132032e-07,False,0.001,89ec5e995856085fe78b26dd5988e75ec1414d2d98b251a5c5d0ba73a58f46de,"[2048, 6144]",715050453550106719,2.2971298108132032e-07
ruler_niah_multikey_3_16k:0071,ruler_niah_multikey_3_16k,18,20260929,gaussian_bf16_scalar_bracket_binary_v1,32,7,True,2.096130952367048e-05,2.096130952367048e-05,40,cuda:0,bfloat16,2.2971298108132032e-07,4.115903104451313e-11,0.9998208240960055,True,32,24,float32,2.2941796373743273e-07,0.0012842867760405538,True,2.2971298108132032e-07,False,0.001,006a84edc1e7fba9bbc981e33b6f0af1c7298a3cf3d4b6446f7868859f65976e,"[2048, 6144]",29982504226651049,2.2971298108132032e-07
ruler_niah_multikey_3_16k:0071,ruler_niah_multikey_3_16k,18,20260930,gaussian_bf16_scalar_bracket_binary_v1,1,7,True,2.205244618380675e-05,2.205244618380675e-05,9,cuda:0,bfloat16,2.2971298108132032e-07,2.118790837224438e-10,0.9990776355662397,True,32,24,float32,2.2984310987794743e-07,0.0005664842971196219,True,2.2971298108132032e-07,False,0.001,a7cbf0328ffa830b9cf263f38a4207b7f0331036a6a7455d6501f26cf74ea3eb,"[2048, 6144]",2867649687706043147,2.2971298108132032e-07
ruler_niah_multikey_3_16k:0071,ruler_niah_multikey_3_16k,24,20260926,gaussian_bf16_scalar_bracket_binary_v1,10,7,True,3.746710541818743e-05,3.746710318497392e-05,18,cuda:0,bfloat16,5.328654992808879e-07,4.692851662824182e-10,0.9991193177886057,True,32,24,float32,5.329117129804217e-07,8.672676237475157e-05,True,5.328654992808879e-07,False,0.001,46ce0aac013968a636d4683febf28859948edf8207b2ca56a87197dc517859b7,"[2048, 6144]",5102027161728542886,5.328654992808879e-07
ruler_niah_multikey_3_16k:0071,ruler_niah_multikey_3_16k,24,20260927,gaussian_bf16_scalar_bracket_binary_v1,32,7,True,3.858279255730679e-05,3.858279255730679e-05,40,cuda:0,bfloat16,5.328654992808879e-07,6.636694527273335e-10,0.998754527261339,True,32,24,float32,5.3189188520264e-07,0.0018271291340156764,True,5.328654992808879e-07,False,0.001,fca8ee28187006547d2201b51b2e887cf1201fe18d7c09f0081a1a21ab2a9c1c,"[2048, 6144]",8982691312766551636,5.328654992808879e-07
ruler_niah_multikey_3_16k:0071,ruler_niah_multikey_3_16k,24,20260928,gaussian_bf16_scalar_bracket_binary_v1,8,7,True,3.770023407412282e-05,3.770023182701376e-05,16,cuda:0,bfloat16,5.328654992808879e-07,8.354371083818535e-10,0.9984321801476934,True,32,24,float32,5.327431154000806e-07,0.00022967124156560902,True,5.328654992808879e-07,False,0.001,8c4390bd7fd6e57df2413b2def116ec3abc61a9ffc785fadd965ee90e3ebf0c0,"[2048, 6144]",883709095462757757,5.328654992808879e-07
ruler_niah_multikey_3_16k:0071,ruler_niah_multikey_3_16k,24,20260929,gaussian_bf16_scalar_bracket_binary_v1,13,7,True,3.858695556901992e-05,3.858695556901992e-05,21,cuda:0,bfloat16,5.328654992808879e-07,8.023372521925864e-10,0.998494296866141,True,32,24,float32,5.330767862687935e-07,0.0003965109172779232,True,5.328654992808879e-07,False,0.001,8550d05ade5c1e1538dfe03af8fc4fcb6f5f0d3de297f76d141499efbc4cb311,"[2048, 6144]",383035057022705173,5.328654992808879e-07
ruler_niah_multikey_3_16k:0071,ruler_niah_multikey_3_16k,24,20260930,gaussian_bf16_scalar_bracket_binary_v1,12,7,True,3.719234664512072e-05,3.719234664512072e-05,20,cuda:0,bfloat16,5.328654992808879e-07,1.0031326880266533e-09,0.998117474879908,True,32,24,float32,5.331648935680278e-07,0.0005618571432076464,True,5.328654992808879e-07,False,0.001,91fc7f89146c044196e6b1a37f1ce04944f6fb1eaba30cdef10bfa5eb12ac04e,"[2048, 6144]",1296051019505730625,5.328654992808879e-07
ruler_niah_multikey_3_16k:0074,ruler_niah_multikey_3_16k,0,20260926,gaussian_bf16_scalar_bracket_binary_v1,32,7,True,1.8905916135736334e-05,1.8905916135736334e-05,40,cuda:0,bfloat16,1.817876551513109e-07,1.6591736318183337e-10,0.9990873012634234,True,32,24,float32,1.8281888003457425e-07,0.005672689283576538,True,1.817876551513109e-07,False,0.001,3aa30cff06bd991206bf58111d3830d032d04fdaf4ab664f45d26bf71509e9b9,"[2048, 6144]",4225235164872939794,1.817876551513109e-07
ruler_niah_multikey_3_16k:0074,ruler_niah_multikey_3_16k,0,20260927,gaussian_bf16_scalar_bracket_binary_v1,7,7,True,1.91785976184633e-05,1.9178596475329803e-05,15,cuda:0,bfloat16,1.817876551513109e-07,1.5348648740864945e-10,0.9991556825611679,True,32,24,float32,1.8196001860815159e-07,0.0009481582052269635,True,1.817876551513109e-07,False,0.001,a55eaa8cc273adb9f50ea8aeccaf1c986646a8197e1b4569304217f4fe44c445,"[2048, 6144]",2692777148748639673,1.817876551513109e-07
ruler_niah_multikey_3_16k:0074,ruler_niah_multikey_3_16k,0,20260928,gaussian_bf16_scalar_bracket_binary_v1,32,7,True,1.863856046321888e-05,1.8638559352274104e-05,40,cuda:0,bfloat16,1.817876551513109e-07,7.063677420759973e-11,0.9996114325026701,True,32,24,float32,1.8065040308101743e-07,0.006255936737546228,True,1.817876551513109e-07,False,0.001,ba9912d0ed5355d9c129bd113d28046596d0d60da21ebc7909d70b7664f44e89,"[2048, 6144]",4222426814180709849,1.817876551513109e-07
ruler_niah_multikey_3_16k:0074,ruler_niah_multikey_3_16k,0,20260929,gaussian_bf16_scalar_bracket_binary_v1,8,7,True,1.940583218740244e-05,1.940583218740244e-05,16,cuda:0,bfloat16,1.817876551513109e-07,8.761413122782002e-11,0.9995180413589971,True,32,24,float32,1.8165980009143823e-07,0.0007033209145376363,True,1.817876551513109e-07,False,0.001,6776f64b5ae9889dfd8c81a8b4a862cff89072feb6edb2cb1b55a72fde75050d,"[2048, 6144]",7455417036666669213,1.817876551513109e-07
ruler_niah_multikey_3_16k:0074,ruler_niah_multikey_3_16k,0,20260930,gaussian_bf16_scalar_bracket_binary_v1,9,7,True,1.9019533420205903e-05,1.9019533420205903e-05,17,cuda:0,bfloat16,1.817876551513109e-07,2.859923409204157e-10,0.9984267779862039,True,32,24,float32,1.816216297356732e-07,0.0009132931248797604,True,1.817876551513109e-07,False,0.001,6ed7d9754bc05f3c7499a58ca0bdc3a9bc29393678a9e2558cb622da8afc6023,"[2048, 6144]",7987091561970163516,1.817876551513109e-07
ruler_niah_multikey_3_16k:0108,ruler_niah_multikey_3_16k,6,20260926,gaussian_bf16_scalar_bracket_binary_v1,10,7,True,2.338695577286387e-05,2.338695577286387e-05,18,cuda:0,bfloat16,2.640728951064375e-07,1.7462298274040222e-10,0.9993387318957138,True,32,24,float32,2.640634590989066e-07,3.573258636442352e-05,True,2.640728951064375e-07,False,0.001,60dff970dad2ac3434196d2fbca3959230ee918cafe606ffb8681b364fd0fcc2,"[2048, 6144]",6980572210550451252,2.640728951064375e-07
ruler_niah_multikey_3_16k:0108,ruler_niah_multikey_3_16k,6,20260927,gaussian_bf16_scalar_bracket_binary_v1,11,7,True,2.220688002285698e-05,2.2206878699223783e-05,19,cuda:0,bfloat16,2.640728951064375e-07,2.6031257704950406e-10,0.9990142396971693,True,32,24,float32,2.642130425556388e-07,0.0005307150101294348,True,2.640728951064375e-07,False,0.001,7e44be9184b7c1cef464be78e1a7a6cd4d7c179aa42dab351c322d0d7dc1f2bd,"[2048, 6144]",9098606679401415118,2.640728951064375e-07
ruler_niah_multikey_3_16k:0108,ruler_niah_multikey_3_16k,6,20260928,gaussian_bf16_scalar_bracket_binary_v1,8,7,True,2.1719995622504484e-05,2.171999432789186e-05,16,cuda:0,bfloat16,2.640728951064375e-07,1.3015628852475203e-10,0.9995071198485846,True,32,24,float32,2.639590377384593e-07,0.00043115885836108616,True,2.640728951064375e-07,False,0.001,ed29ea153cf869482c52c1c976c94fa27ca867ddb1b479eab3ff3d256594d52c,"[2048, 6144]",7866075601117407560,2.640728951064375e-07
ruler_niah_multikey_3_16k:0108,ruler_niah_multikey_3_16k,6,20260929,gaussian_bf16_scalar_bracket_binary_v1,32,7,True,2.3816074227411832e-05,2.3816074227411832e-05,40,cuda:0,bfloat16,2.640728951064375e-07,2.6031257704950406e-10,0.9990142396971693,True,32,24,float32,2.6338986458540603e-07,0.002586522637077789,True,2.640728951064375e-07,False,0.001,10642162d5e9e166a3fcef03dcaaf80bbd8cb7a376c5ef85c1e1d0a9fe0be58c,"[2048, 6144]",1181105710657298790,2.640728951064375e-07
ruler_niah_multikey_3_16k:0108,ruler_niah_multikey_3_16k,6,20260930,gaussian_bf16_scalar_bracket_binary_v1,9,7,True,2.267725986726532e-05,2.26772585155953e-05,17,cuda:0,bfloat16,2.640728951064375e-07,2.6674101816226425e-10,0.9989898962630953,True,32,24,float32,2.6392851282253105e-07,0.0005467516226845526,True,2.640728951064375e-07,False,0.001,08ba239ad1f2c5288e8f64fbc076bf13c2a4f67e4cbf18e73d98b01bb1d6bac3,"[2048, 6144]",628854245825889576,2.640728951064375e-07
ruler_niah_multikey_3_16k:0145,ruler_niah_multikey_3_16k,0,20260926,gaussian_bf16_scalar_bracket_binary_v1,32,7,True,1.8171497027097416e-05,1.8171497027097416e-05,40,cuda:0,bfloat16,1.7958242892746057e-07,6.988329359636225e-11,0.9996108567301727,True,32,24,float32,1.7906954496993421e-07,0.0028559807359189175,True,1.7958242892746057e-07,False,0.001,a33536293593ed360d8c9ff20f7413ab700f306bca4326e5ef0a20762849433f,"[2048, 6144]",2536993515713588534,1.7958242892746057e-07
ruler_niah_multikey_3_16k:0145,ruler_niah_multikey_3_16k,0,20260927,gaussian_bf16_scalar_bracket_binary_v1,6,7,True,1.849699017952844e-05,1.849699017952844e-05,14,cuda:0,bfloat16,1.7958242892746057e-07,2.538256271833461e-10,0.9985865787165298,True,32,24,float32,1.7957724196548952e-07,2.8883460380992627e-05,True,1.7958242892746057e-07,False,0.001,7544952d9f946bd0dac7dac26239aa1e429ac3d486836bafdc937d112010bd37,"[2048, 6144]",8450042824037264336,1.7958242892746057e-07
ruler_niah_multikey_3_16k:0145,ruler_niah_multikey_3_16k,0,20260928,gaussian_bf16_scalar_bracket_binary_v1,8,7,True,1.8990841859078955e-05,1.8990841859078955e-05,16,cuda:0,bfloat16,1.7958242892746057e-07,1.3262416165282787e-10,0.9992614858678273,True,32,24,float32,1.797616704379834e-07,0.0009981016048916712,True,1.7958242892746057e-07,False,0.001,ccc2fd16372619b4d546a8c67311e70104ded0b0376b85cb8f773c564ffd901f,"[2048, 6144]",5531261564220742068,1.7958242892746057e-07
ruler_niah_multikey_3_16k:0145,ruler_niah_multikey_3_16k,0,20260929,gaussian_bf16_scalar_bracket_binary_v1,6,7,True,1.8137825321673517e-05,1.813782424057488e-05,14,cuda:0,bfloat16,1.7958242892746057e-07,2.5621291199762197e-10,0.9985732851842587,True,32,24,float32,1.7952554287603562e-07,0.00031676847097291365,True,1.7958242892746057e-07,False,0.001,d203b39629fdea04fdf22514a021ec984c574b80294dd49ae020d49c87ec65a5,"[2048, 6144]",5909764593571195396,1.7958242892746057e-07
ruler_niah_multikey_3_16k:0145,ruler_niah_multikey_3_16k,0,20260930,gaussian_bf16_scalar_bracket_binary_v1,32,7,True,1.846331847410454e-05,1.846331847410454e-05,40,cuda:0,bfloat16,1.7958242892746057e-07,1.2180439989961656e-10,0.9993217354246343,True,32,24,float32,1.799543127845027e-07,0.002070825410164921,True,1.7958242892746057e-07,False,0.001,2b80715da8049c0c1744a719fc118abf092edf021be23844274057c8c44aeefb,"[2048, 6144]",3134629987714636812,1.7958242892746057e-07
ruler_niah_multikey_3_16k:0202,ruler_niah_multikey_3_16k,0,20260926,gaussian_bf16_scalar_bracket_binary_v1,6,7,True,1.777609783459866e-05,1.777609783459866e-05,14,cuda:0,bfloat16,1.6613175546353887e-07,9.542328732736749e-11,0.999425616812023,True,32,24,float32,1.6612806064131291e-07,2.2240312910937897e-05,True,1.6613175546353887e-07,False,0.001,651b7e95b4877de56e45afedadde47a444a1f75a9abefe5dad58a207ca446e06,"[2048, 6144]",7285556003645914597,1.6613175546353887e-07
ruler_niah_multikey_3_16k:0202,ruler_niah_multikey_3_16k,0,20260927,gaussian_bf16_scalar_bracket_binary_v1,10,7,True,1.7495750497253937e-05,1.7495750497253937e-05,18,cuda:0,bfloat16,1.6613175546353887e-07,7.870151752520371e-11,0.9995262704754693,True,32,24,float32,1.661080375470192e-07,0.0001427657009552129,True,1.6613175546353887e-07,False,0.001,b39d00c79f3049e68b947f2daeee8a1826c5eb080334386ac2aa25753a187e46,"[2048, 6144]",3719129724647131622,1.6613175546353887e-07
ruler_niah_multikey_3_16k:0202,ruler_niah_multikey_3_16k,0,20260928,gaussian_bf16_scalar_bracket_binary_v1,12,7,True,1.7436046897634228e-05,1.7436046897634228e-05,20,cuda:0,bfloat16,1.6613175546353887e-07,1.3061306203265843e-10,0.9992137983393469,True,32,24,float32,1.662678954517105e-07,0.0008194699911030194,True,1.6613175546353887e-07,False,0.001,8cb8721bbe02d0dfc36f889002912e514244490a8f1c3b82838a19f662a35b81,"[2048, 6144]",916607987647434975,1.6613175546353887e-07
ruler_niah_multikey_3_16k:0202,ruler_niah_multikey_3_16k,0,20260929,gaussian_bf16_scalar_bracket_binary_v1,8,7,True,1.7568433140269235e-05,1.7568433140269235e-05,16,cuda:0,bfloat16,1.6613175546353887e-07,7.420049991102573e-11,0.9995533635354421,True,32,24,float32,1.6601703123342304e-07,0.0006905617158846217,True,1.6613175546353887e-07,False,0.001,d613aabc76789b8c5ec382b52d98e949a2bb7f2c088b42f58fb2b1d50fd831db,"[2048, 6144]",6202488838237494156,1.6613175546353887e-07
ruler_niah_multikey_3_16k:0202,ruler_niah_multikey_3_16k,0,20260930,gaussian_bf16_scalar_bracket_binary_v1,10,7,True,1.7765714599882187e-05,1.7765714599882187e-05,18,cuda:0,bfloat16,1.6613175546353887e-07,1.499977052288326e-11,0.9999097115992001,True,32,24,float32,1.6629662979994464e-07,0.0009924311938180827,True,1.6613175546353887e-07,False,0.001,c0cfab080f34eee074d2a1b6717261d298bef43819f81953f43d9d42596e898e,"[2048, 6144]",4670139389709709024,1.6613175546353887e-07
ruler_niah_multikey_3_16k:0202,ruler_niah_multikey_3_16k,6,20260926,gaussian_bf16_scalar_bracket_binary_v1,32,7,True,1.2172179315816933e-05,1.2172179315816933e-05,40,cuda:0,bfloat16,1.0027926578004553e-07,5.820766091346741e-11,0.9994195444047114,True,32,24,float32,9.979098791745855e-08,0.0048691806704885664,True,1.0027926578004553e-07,False,0.001,12cea9a85804270535148938c70609f3901327a766e55e5fd9abf25575a54306,"[2048, 6144]",1355207078381364997,1.0027926578004553e-07
ruler_niah_multikey_3_16k:0202,ruler_niah_multikey_3_16k,6,20260927,gaussian_bf16_scalar_bracket_binary_v1,8,7,True,1.1807883545600362e-05,1.1807883545600362e-05,16,cuda:0,bfloat16,1.0027926578004553e-07,8.231806208902626e-11,0.9991791118388363,True,32,24,float32,1.0032620423316985e-07,0.0004680773513765839,True,1.0027926578004553e-07,False,0.001,34e83bcefa1aa6b5e9823571a7f7f839a37e6d0068e7c6ed381f39de08582c39,"[2048, 6144]",3812362844714477237,1.0027926578004553e-07
ruler_niah_multikey_3_16k:0202,ruler_niah_multikey_3_16k,6,20260928,gaussian_bf16_scalar_bracket_binary_v1,32,7,True,1.2487902316671295e-05,1.2487902316671295e-05,40,cuda:0,bfloat16,1.0027926578004553e-07,5.820766091346741e-11,0.9994195444047114,True,32,24,float32,1.0055302368527919e-07,0.002729955221592041,True,1.0027926578004553e-07,False,0.001,c1802c3b073498feac6c0c2361fb2dcbc9db1e6d2dc7814daf41ef798b0fc650,"[2048, 6144]",4719821041519859966,1.0027926578004553e-07
ruler_niah_multikey_3_16k:0202,ruler_niah_multikey_3_16k,6,20260929,gaussian_bf16_scalar_bracket_binary_v1,8,7,True,1.2359419507390612e-05,1.2359420980748232e-05,16,cuda:0,bfloat16,1.0027926578004553e-07,5.820766091346741e-11,0.9994195444047114,True,32,24,float32,1.0037367559334598e-07,0.0009414689324463624,True,1.0027926578004553e-07,False,0.001,dd4e09835e241684a41996749d03c1c94747f420bd9968dafbe179b10518f2bd,"[2048, 6144]",6723321753535518340,1.0027926578004553e-07
ruler_niah_multikey_3_16k:0202,ruler_niah_multikey_3_16k,6,20260930,gaussian_bf16_scalar_bracket_binary_v1,32,7,True,1.2102453888829245e-05,1.210245316746678e-05,40,cuda:0,bfloat16,1.0027926578004553e-07,0.0,1.0,True,32,24,float32,1.0062200317406678e-07,0.0034178291130791552,True,1.0027926578004553e-07,False,0.001,4d60d1c12a5a67c301c2c97a025aa9cc1554ab2c9b707b1ce8af132129cd780d,"[2048, 6144]",5575686966254135235,1.0027926578004553e-07
ruler_niah_multikey_3_16k:0202,ruler_niah_multikey_3_16k,12,20260926,gaussian_bf16_scalar_bracket_binary_v1,6,7,True,2.0581272579534016e-05,2.0581272579534016e-05,14,cuda:0,bfloat16,2.2130400623154856e-07,1.7522826245564005e-10,0.999208201128215,True,32,24,float32,2.2136811139716883e-07,0.0002896701542456648,True,2.2130400623154856e-07,False,0.001,fbdbaa20ed272f44a47342e6222b42beb8f8903667b998939e33d3a75d91c7cf,"[2048, 6144]",8924914144959213380,2.2130400623154856e-07
ruler_niah_multikey_3_16k:0202,ruler_niah_multikey_3_16k,12,20260927,gaussian_bf16_scalar_bracket_binary_v1,6,7,True,2.013866456707092e-05,2.013866336671297e-05,14,cuda:0,bfloat16,2.2130400623154856e-07,2.7810914682291354e-10,0.9987433162573119,True,32,24,float32,2.21497188590547e-07,0.0008729275275583169,True,2.2130400623154856e-07,False,0.001,0f861b67e0aaab470dcf3a53729e2e29e400e7056266d419bf293a43c41449da,"[2048, 6144]",1118611690413009735,2.2130400623154856e-07
ruler_niah_multikey_3_16k:0202,ruler_niah_multikey_3_16k,12,20260928,gaussian_bf16_scalar_bracket_binary_v1,32,7,True,2.063054729967151e-05,2.0630546069995067e-05,40,cuda:0,bfloat16,2.2130400623154856e-07,3.235142986834916e-10,0.9985381453133524,True,32,24,float32,2.205717350989289e-07,0.003308892347179087,True,2.2130400623154856e-07,False,0.001,ceea285e4f3fceed075ca256e44a519e4ee11a92fef821d3bc3e08f0b4a84b11,"[2048, 6144]",5686401865030291181,2.2130400623154856e-07
ruler_niah_multikey_3_16k:0202,ruler_niah_multikey_3_16k,12,20260929,gaussian_bf16_scalar_bracket_binary_v1,8,7,True,2.008333856551303e-05,2.008333856551303e-05,16,cuda:0,bfloat16,2.2130400623154856e-07,1.795555371053581e-10,0.9991886475976512,True,32,24,float32,2.2118422293715412e-07,0.0005412613012938835,True,2.2130400623154856e-07,False,0.001,ee772c637f32c30f9dcf26ac50862094847e38334efa6fdbd94d59fb62365907,"[2048, 6144]",7959879672248058639,2.2130400623154856e-07
ruler_niah_multikey_3_16k:0202,ruler_niah_multikey_3_16k,12,20260930,gaussian_bf16_scalar_bracket_binary_v1,18,7,True,1.979293108663252e-05,1.979293108663252e-05,26,cuda:0,bfloat16,2.2130400623154856e-07,6.173854483204622e-11,0.99972102382653,True,32,24,float32,2.2146173250803258e-07,0.000712713154948489,True,2.2130400623154856e-07,False,0.001,4236ccabdd1211984c43a616b74edd3efba73c777b610aa1336d3b643b82c48d,"[2048, 6144]",4771225893766042008,2.2130400623154856e-07
ruler_niah_multikey_3_16k:0202,ruler_niah_multikey_3_16k,18,20260926,gaussian_bf16_scalar_bracket_binary_v1,32,7,True,1.3483107186296195e-05,1.348310638264038e-05,40,cuda:0,bfloat16,1.201836852260385e-07,8.231806208902626e-11,0.9993150645868929,True,32,24,float32,1.1989104109488835e-07,0.002434973853562212,True,1.201836852260385e-07,False,0.001,21ac6895552533fcdfd08f7bcd2b60d2d46ffb72dca52ff4fc23dd410fc9266b,"[2048, 6144]",2426429289833772028,1.201836852260385e-07
ruler_niah_multikey_3_16k:0202,ruler_niah_multikey_3_16k,18,20260927,gaussian_bf16_scalar_bracket_binary_v1,32,7,True,1.3340389060090274e-05,1.3340389060090274e-05,40,cuda:0,bfloat16,1.201836852260385e-07,5.820766091346741e-11,0.9995156775164283,True,32,24,float32,1.2003873450794345e-07,0.0012060764971754752,True,1.201836852260385e-07,False,0.001,880fc18f21f2f7f958de7a82f1c8743c12495e2864da4cccc29e6d161eacf6cc,"[2048, 6144]",580895697448138745,1.201836852260385e-07
ruler_niah_multikey_3_16k:0202,ruler_niah_multikey_3_16k,18,20260928,gaussian_bf16_scalar_bracket_binary_v1,32,7,True,1.3022324815009645e-05,1.3022324815009645e-05,40,cuda:0,bfloat16,1.201836852260385e-07,1.4257907354764399e-10,0.9988136570011189,True,32,24,float32,1.1986507786332368e-07,0.002651003437909231,True,1.201836852260385e-07,False,0.001,140fc356896c4c5ae277f2bac326a0261931d3f7e28b317027b80f905c463893,"[2048, 6144]",1445588781849398362,1.201836852260385e-07
ruler_niah_multikey_3_16k:0202,ruler_niah_multikey_3_16k,18,20260929,gaussian_bf16_scalar_bracket_binary_v1,32,7,True,1.3470901030765425e-05,1.3470901030765425e-05,40,cuda:0,bfloat16,1.201836852260385e-07,1.3015628852475203e-10,0.9989170219878017,True,32,24,float32,1.2049559927618247e-07,0.0025953110820102457,True,1.201836852260385e-07,False,0.001,f23b08ec83c84a326508145095f958a2a3ca7d74125d4c37e61badb88ed45de2,"[2048, 6144]",8231182555865958962,1.201836852260385e-07
ruler_niah_multikey_3_16k:0202,ruler_niah_multikey_3_16k,18,20260930,gaussian_bf16_scalar_bracket_binary_v1,32,7,True,1.3798589360014546e-05,1.379858853755453e-05,40,cuda:0,bfloat16,1.201836852260385e-07,5.820766091346741e-11,0.9995156775164283,True,32,24,float32,1.2038618990573013e-07,0.0016849598122304435,True,1.201836852260385e-07,False,0.001,5e66fb03e877cc995d5c572973a3c7bf049f61726a05abb85dd56ca52a05e042,"[2048, 6144]",6802400281393351833,1.201836852260385e-07
ruler_niah_multikey_3_16k:0202,ruler_niah_multikey_3_16k,24,20260926,gaussian_bf16_scalar_bracket_binary_v1,7,7,True,4.029421398854538e-05,4.029421398854538e-05,15,cuda:0,bfloat16,5.336981985237799e-07,6.214877501520277e-10,0.9988355071239305,True,32,24,float32,5.332800583346398e-07,0.0007834768606989644,True,5.336981985237799e-07,False,0.001,06c4a88ebd5bcc1e78276dedece2b6fe6c1106f1fe0ea51223b5187d8ea6b344,"[2048, 6144]",487699990678588446,5.336981985237799e-07
ruler_niah_multikey_3_16k:0202,ruler_niah_multikey_3_16k,24,20260927,gaussian_bf16_scalar_bracket_binary_v1,10,7,True,3.7592366858518744e-05,3.7592366858518744e-05,18,cuda:0,bfloat16,5.336981985237799e-07,5.491299637228053e-10,0.9989710852214947,True,32,24,float32,5.33952970727114e-07,0.0004773713009315876,True,5.336981985237799e-07,False,0.001,5c3d276adf188fc306a14d612ce1d8a99a49c3124f2625dc374f2998f94a5d84,"[2048, 6144]",6646511965031665603,5.336981985237799e-07
ruler_niah_multikey_3_16k:0202,ruler_niah_multikey_3_16k,24,20260928,gaussian_bf16_scalar_bracket_binary_v1,9,7,True,3.916010531668235e-05,3.916010531668235e-05,17,cuda:0,bfloat16,5.336981985237799e-07,7.566995918750763e-10,0.9985821582423022,True,32,24,float32,5.341710220818641e-07,0.0008859380814700906,True,5.336981985237799e-07,False,0.001,bb844b940e0bc993f7a285ff596d5f170fcb5cfc77a84eb1015fbecc5549212f,"[2048, 6144]",4288635844426451347,5.336981985237799e-07
ruler_niah_multikey_3_16k:0202,ruler_niah_multikey_3_16k,24,20260929,gaussian_bf16_scalar_bracket_binary_v1,9,7,True,3.689188797295628e-05,3.689188797295628e-05,17,cuda:0,bfloat16,5.336981985237799e-07,5.820766091346741e-10,0.9989093524940786,True,32,24,float32,5.334504749043845e-07,0.00046416424128957137,True,5.336981985237799e-07,False,0.001,cb5bd06c191e597470a14d2dc5cc58c71b9bdffe07b74f5020807d134cd03d20,"[2048, 6144]",5430162938421729652,5.336981985237799e-07
ruler_niah_multikey_3_16k:0202,ruler_niah_multikey_3_16k,24,20260930,gaussian_bf16_scalar_bracket_binary_v1,12,7,True,3.776748657990936e-05,3.776748432879174e-05,20,cuda:0,bfloat16,5.336981985237799e-07,8.16983425355744e-10,0.9984692033294931,True,32,24,float32,5.335373316484038e-07,0.00030141918376537107,True,5.336981985237799e-07,False,0.001,01be3502348ea70fbd98fe82807fd4e768e71e26ffafcfc0c94af6da1cad1b5f,"[2048, 6144]",125596123200923407,5.336981985237799e-07
ruler_niah_multikey_3_16k:0208,ruler_niah_multikey_3_16k,0,20260926,gaussian_bf16_scalar_bracket_binary_v1,8,7,True,2.9272039604677502e-05,2.9272043094176546e-05,16,cuda:0,bfloat16,3.537406598752568e-07,6.048351819387676e-10,0.9982901734220995,True,32,24,float32,3.53873929270776e-07,0.0003767432207712863,True,3.537406598752568e-07,False,0.001,d34ef257296a6b3cae1a21cbd353625838fff6fd2310e95eaf62c2a133b62909,"[2048, 6144]",6003001809502366524,3.537406598752568e-07
ruler_niah_multikey_3_16k:0208,ruler_niah_multikey_3_16k,0,20260927,gaussian_bf16_scalar_bracket_binary_v1,8,7,True,2.9095169274739874e-05,2.9095169274739874e-05,16,cuda:0,bfloat16,3.537406598752568e-07,4.2032433089644883e-10,0.9988117726386199,True,32,24,float32,3.5403419929025404e-07,0.0008298153090479516,True,3.537406598752568e-07,False,0.001,e9abb74ef83be5a94105434ba6f73ef1863fef9db531d4a9b43920e71a127b9a,"[2048, 6144]",7614381144799962537,3.537406598752568e-07
ruler_niah_multikey_3_16k:0208,ruler_niah_multikey_3_16k,0,20260928,gaussian_bf16_scalar_bracket_binary_v1,10,7,True,2.907306048349767e-05,2.907306048349767e-05,18,cuda:0,bfloat16,3.537406598752568e-07,6.273483399432678e-10,0.9982265303056638,True,32,24,float32,3.535728296810703e-07,0.00047444417117817144,True,3.537406598752568e-07,False,0.001,0859eca56865cbaf3408ad50c82c67389caa9d490b0c79e8e4069d8b4dac1c61,"[2048, 6144]",601772220395932591,3.537406598752568e-07
ruler_niah_multikey_3_16k:0208,ruler_niah_multikey_3_16k,0,20260929,gaussian_bf16_scalar_bracket_binary_v1,32,7,True,2.98800313638381e-05,2.98800313638381e-05,40,cuda:0,bfloat16,3.537406598752568e-07,4.915984841424859e-10,0.9986102856134326,True,32,24,float32,3.5326635838828224e-07,0.0013408169904523836,True,3.537406598752568e-07,False,0.001,b4fa9f2390c32d1ec28a1d28874ef6672bafa4eca351a61164a5c33190aa2a84,"[2048, 6144]",3817538609251298590,3.537406598752568e-07
ruler_niah_multikey_3_16k:0208,ruler_niah_multikey_3_16k,0,20260930,gaussian_bf16_scalar_bracket_binary_v1,7,7,True,2.8476123119958174e-05,2.847612142264897e-05,15,cuda:0,bfloat16,3.537406598752568e-07,4.155106814174303e-10,0.9988253804876037,True,32,24,float32,3.540153841186111e-07,0.0007766261403231508,True,3.537406598752568e-07,False,0.001,548be0a4cd0db0181df096435cc88e7c38ae024199b27f56b3477fcdbf91928b,"[2048, 6144]",6092209919368212504,3.537406598752568e-07
ruler_niah_multikey_3_16k:0208,ruler_niah_multikey_3_16k,6,20260926,gaussian_bf16_scalar_bracket_binary_v1,4,7,True,3.7038982554804534e-05,3.7038982554804534e-05,12,cuda:0,bfloat16,5.446909199235961e-07,4.904664452354268e-10,0.9990995509062199,True,32,24,float32,5.447885200737801e-07,0.00017918446336079506,True,5.446909199235961e-07,False,0.001,81cafcc6e756b83105c7559f895bc238f3aa5fca3b525a4b5fea17e99d4874b1,"[2048, 6144]",129193470548424753,5.446909199235961e-07
ruler_niah_multikey_3_16k:0208,ruler_niah_multikey_3_16k,6,20260927,gaussian_bf16_scalar_bracket_binary_v1,9,7,True,3.6834723459833185e-05,3.6834723459833185e-05,17,cuda:0,bfloat16,5.446909199235961e-07,8.086466496415312e-10,0.9985154027356378,True,32,24,float32,5.44510044164781e-07,0.00033207044986258003,True,5.446909199235961e-07,False,0.001,d38d58a2cb53835b93d64e4a5e4f16a213f7a5a5f2e3e7b8d0928c20f3a23f1c,"[2048, 6144]",6020565733083415387,5.446909199235961e-07
ruler_niah_multikey_3_16k:0208,ruler_niah_multikey_3_16k,6,20260928,gaussian_bf16_scalar_bracket_binary_v1,5,7,True,3.8128364394651726e-05,3.8128364394651726e-05,13,cuda:0,bfloat16,5.446909199235961e-07,8.942030449432536e-10,0.9983583294447635,True,32,24,float32,5.451112770060718e-07,0.000771735064969761,True,5.446909199235961e-07,False,0.001,2cc08b998869f04d40adc86711b28bb5747d8b93ca4c2889d8e7920257c4301e,"[2048, 6144]",3224730824732176461,5.446909199235961e-07
ruler_niah_multikey_3_16k:0208,ruler_niah_multikey_3_16k,6,20260929,gaussian_bf16_scalar_bracket_binary_v1,9,7,True,3.8060278029661276e-05,3.8060275761091924e-05,17,cuda:0,bfloat16,5.446909199235961e-07,7.611639096793965e-10,0.9986025764670611,True,32,24,float32,5.44445526884374e-07,0.0004505179547632803,True,5.446909199235961e-07,False,0.001,4046316d6ae130998c84808500acc945e0a86d3c149bec62e2d5468665201fae,"[2048, 6144]",4631443612811473049,5.446909199235961e-07
ruler_niah_multikey_3_16k:0208,ruler_niah_multikey_3_16k,6,20260930,gaussian_bf16_scalar_bracket_binary_v1,8,7,True,3.6902809824823635e-05,3.6902809824823635e-05,16,cuda:0,bfloat16,5.446909199235961e-07,9.017492308416308e-10,0.9983444753751942,True,32,24,float32,5.44507201993838e-07,0.0003372884016203201,True,5.446909199235961e-07,False,0.001,9f970cbb217578429d55ca1a0cb468a762b64ee747a4d27d1669195230bbb363,"[2048, 6144]",2276302134518839362,5.446909199235961e-07
ruler_niah_multikey_3_16k:0208,ruler_niah_multikey_3_16k,12,20260926,gaussian_bf16_scalar_bracket_binary_v1,8,7,True,2.1298321815521604e-05,2.1298320546042697e-05,16,cuda:0,bfloat16,2.3469225141070638e-07,3.035914575288956e-10,0.9987064274354861,True,32,24,float32,2.34657591136056e-07,0.00014768393264813398,True,2.3469225141070638e-07,False,0.001,06e0563ec7c02ec91bf19e5ee70bad6064d7336120794a46df6c40ff209aeceb,"[2048, 6144]",495490786649976521,2.3469225141070638e-07
ruler_niah_multikey_3_16k:0208,ruler_niah_multikey_3_16k,12,20260927,gaussian_bf16_scalar_bracket_binary_v1,32,7,True,2.0830770845914337e-05,2.0830770845914337e-05,40,cuda:0,bfloat16,2.3469225141070638e-07,2.375575014479381e-10,0.9989877914587294,True,32,24,float32,2.3560673412248434e-07,0.003896518552619955,True,2.3469225141070638e-07,False,0.001,8a7f1dcba8db2462a1eba3bd774f8b92e2a40dd51311864927aecfc3d8e0a476,"[2048, 6144]",756356022970033250,2.3469225141070638e-07
ruler_niah_multikey_3_16k:0208,ruler_niah_multikey_3_16k,12,20260928,gaussian_bf16_scalar_bracket_binary_v1,6,7,True,2.1826379381195693e-05,2.1826379381195693e-05,14,cuda:0,bfloat16,2.3469225141070638e-07,2.1287616114307184e-10,0.9990929561591254,True,32,24,float32,2.345256859825895e-07,0.0007097184807580067,True,2.3469225141070638e-07,False,0.001,35e022e25618d80baa73785cd217cac977e9647ca3bbbfd2a351b431ebec0e8c,"[2048, 6144]",3882141234295789579,2.3469225141070638e-07
ruler_niah_multikey_3_16k:0208,ruler_niah_multikey_3_16k,12,20260929,gaussian_bf16_scalar_bracket_binary_v1,7,7,True,2.1474341004079633e-05,2.1474341004079633e-05,15,cuda:0,bfloat16,2.3469225141070638e-07,2.539298771253584e-10,0.9989180304181369,True,32,24,float32,2.345116740798403e-07,0.0007694217844033778,True,2.3469225141070638e-07,False,0.001,8773d4964e644759944af8e2ebe4eb656e595194941662a10b1690173a8a21c7,"[2048, 6144]",537006522612598617,2.3469225141070638e-07
ruler_niah_multikey_3_16k:0208,ruler_niah_multikey_3_16k,12,20260930,gaussian_bf16_scalar_bracket_binary_v1,32,7,True,2.0863774443768968e-05,2.0863774443768968e-05,40,cuda:0,bfloat16,2.3469225141070638e-07,1.9952581253868118e-10,0.9991498406473185,True,32,24,float32,2.3549029037894798e-07,0.003400363511980836,True,2.3469225141070638e-07,False,0.001,37e0020f72dabac6fc48a7318618b7f782797d4c43bc16d84f0ddcb48f28ef90,"[2048, 6144]",4026220332243925702,2.3469225141070638e-07
ruler_niah_multikey_3_16k:0208,ruler_niah_multikey_3_16k,18,20260926,gaussian_bf16_scalar_bracket_binary_v1,7,7,True,3.475793886309475e-05,3.475793886309475e-05,15,cuda:0,bfloat16,5.074151658845949e-07,1.3773101548153477e-09,0.9972856346293587,True,32,24,float32,5.074289788353781e-07,2.7222187494328712e-05,True,5.074151658845949e-07,False,0.001,49fa50d01cf17e39a4857b85f95b6fd220bfceb0a417d437fd60d223a1443dc4,"[2048, 6144]",5330661963715411513,5.074151658845949e-07
ruler_niah_multikey_3_16k:0208,ruler_niah_multikey_3_16k,18,20260927,gaussian_bf16_scalar_bracket_binary_v1,5,7,True,3.551906161192164e-05,3.551906161192164e-05,13,cuda:0,bfloat16,5.074151658845949e-07,9.586609284184533e-10,0.9981106971315152,True,32,24,float32,5.07616846334713e-07,0.0003974663425097871,True,5.074151658845949e-07,False,0.001,964d6dccd82ef7e61fd46272306f2669a1188b74e3a652f97b0b5890d429613f,"[2048, 6144]",1607061368608847846,5.074151658845949e-07
ruler_niah_multikey_3_16k:0208,ruler_niah_multikey_3_16k,18,20260928,gaussian_bf16_scalar_bracket_binary_v1,32,7,True,3.616125893124433e-05,3.616125677586534e-05,40,cuda:0,bfloat16,5.074151658845949e-07,8.222797998058695e-10,0.9983794733482741,True,32,24,float32,5.063949402028811e-07,0.002010633008840377,True,5.074151658845949e-07,False,0.001,9eca9d7aa789df1dd1b2a945a05929be2c2322bbd8964b5714439110d940b149,"[2048, 6144]",2218758916555792157,5.074151658845949e-07
ruler_niah_multikey_3_16k:0208,ruler_niah_multikey_3_16k,18,20260929,gaussian_bf16_scalar_bracket_binary_v1,32,7,True,3.6581462115492513e-05,3.6581462115492513e-05,40,cuda:0,bfloat16,5.074151658845949e-07,5.647661782681723e-10,0.9988869741855595,True,32,24,float32,5.081311087451468e-07,0.0014109607057245684,True,5.074151658845949e-07,False,0.001,966007c26cb6cbdfb3e94db4fad7cab82b9edab3143638dfd86cfbf02146d455,"[2048, 6144]",1612297198227606495,5.074151658845949e-07
ruler_niah_multikey_3_16k:0208,ruler_niah_multikey_3_16k,18,20260930,gaussian_bf16_scalar_bracket_binary_v1,6,7,True,3.602647677780624e-05,3.602647677780624e-05,14,cuda:0,bfloat16,5.074151658845949e-07,6.548361852765083e-10,0.9987094666669355,True,32,24,float32,5.070872362011869e-07,0.0006462748956986927,True,5.074151658845949e-07,False,0.001,2d40e6ec5b89beddf72febd7d861e9b1f627d726cff076a8402d225e075bea6e,"[2048, 6144]",3260860033038663389,5.074151658845949e-07
ruler_niah_multikey_3_16k:0208,ruler_niah_multikey_3_16k,24,20260926,gaussian_bf16_scalar_bracket_binary_v1,12,7,True,3.77329439968932e-05,3.77329439968932e-05,20,cuda:0,bfloat16,5.351004688236571e-07,7.270134494419267e-10,0.9986413514997657,True,32,24,float32,5.351220693228242e-07,4.036718415626264e-05,True,5.351004688236571e-07,False,0.001,b9ab01d003aa267029849c5cc316e1ef1562f6f84d9f86839926451e5927cb15,"[2048, 6144]",4155417074105722480,5.351004688236571e-07
ruler_niah_multikey_3_16k:0208,ruler_niah_multikey_3_16k,24,20260927,gaussian_bf16_scalar_bracket_binary_v1,32,7,True,3.812590840368557e-05,3.812590613120434e-05,40,cuda:0,bfloat16,5.351004688236571e-07,5.522063362128904e-10,0.9989680324193569,True,32,24,float32,5.363785930967424e-07,0.0023885687782988566,True,5.351004688236571e-07,False,0.001,d7c340ca6cd972d590bff8cc658c2313a434433c9979ba2894adb4eba650693a,"[2048, 6144]",6323969539912069845,5.351004688236571e-07
ruler_niah_multikey_3_16k:0208,ruler_niah_multikey_3_16k,24,20260928,gaussian_bf16_scalar_bracket_binary_v1,32,7,True,3.875715973800098e-05,3.875715742789424e-05,40,cuda:0,bfloat16,5.351004688236571e-07,1.0363578883954006e-09,0.99806324615885,True,32,24,float32,5.358602948035696e-07,0.0014199688174125337,True,5.351004688236571e-07,False,0.001,5ff94d036bb76aeb206392bd5298e8673a20798cf521c6d9783f7e6ec8336d47,"[2048, 6144]",6915643379891530475,5.351004688236571e-07
ruler_niah_multikey_3_16k:0208,ruler_niah_multikey_3_16k,24,20260929,gaussian_bf16_scalar_bracket_binary_v1,11,7,True,3.794196761752744e-05,3.794196761752744e-05,19,cuda:0,bfloat16,5.351004688236571e-07,1.0998013610930002e-09,0.9979446824939048,True,32,24,float32,5.346755642676726e-07,0.0007940650041264823,True,5.351004688236571e-07,False,0.001,c8ab5faf19511b67d7d7ad0e964f8a91478a58aeb8af276d5cf8887436f883d6,"[2048, 6144]",5236384197396994919,5.351004688236571e-07
ruler_niah_multikey_3_16k:0208,ruler_niah_multikey_3_16k,24,20260930,gaussian_bf16_scalar_bracket_binary_v1,11,7,True,3.8242961631240746e-05,3.8242961631240746e-05,19,cuda:0,bfloat16,5.351004688236571e-07,8.808417328864948e-10,0.998353875983658,True,32,24,float32,5.352389962354209e-07,0.00025888112576003176,True,5.351004688236571e-07,False,0.001,652e75b7c0b2d988e03cb2c5575cbd6c1336fe6f057cee209b82834ce162e450,"[2048, 6144]",7290894278831823240,5.351004688236571e-07
ruler_niah_multikey_3_16k:0212,ruler_niah_multikey_3_16k,18,20260926,gaussian_bf16_scalar_bracket_binary_v1,9,7,True,1.9615112185178418e-05,1.9615112185178418e-05,17,cuda:0,bfloat16,2.0950720625023678e-07,4.053694602212943e-10,0.9980651287968724,True,32,24,float32,2.0933720179527882e-07,0.0008114492002480676,True,2.0950720625023678e-07,False,0.001,bc08f37e9af7f7cf8d8955f72a1ca484be90c208d60831cc704a8ad8ae644df7,"[2048, 6144]",4325975167180732367,2.0950720625023678e-07
ruler_niah_multikey_3_16k:0212,ruler_niah_multikey_3_16k,18,20260927,gaussian_bf16_scalar_bracket_binary_v1,32,7,True,2.0549710738060334e-05,2.0549710738060334e-05,40,cuda:0,bfloat16,2.0950720625023678e-07,1.4551915228366852e-10,0.9993054217327978,True,32,24,float32,2.0897294916721876e-07,0.0025500654253386356,True,2.0950720625023678e-07,False,0.001,423a657fe9ec6b03b661054c57c27eb10c4c629269e643f2750f4859fd291b46,"[2048, 6144]",4772238355212299011,2.0950720625023678e-07
ruler_niah_multikey_3_16k:0212,ruler_niah_multikey_3_16k,18,20260928,gaussian_bf16_scalar_bracket_binary_v1,4,7,True,1.9274662975021783e-05,1.9274662975021783e-05,12,cuda:0,bfloat16,2.0950720625023678e-07,8.731149137020111e-11,0.9995832530396787,True,32,24,float32,2.096810050034037e-07,0.0008295597859260943,True,2.0950720625023678e-07,False,0.001,c89be09a4c3973772f2b284b93985fc4241029b2eba57b9d6da21b3418e2f8d2,"[2048, 6144]",5232022345429382007,2.0950720625023678e-07
ruler_niah_multikey_3_16k:0212,ruler_niah_multikey_3_16k,18,20260929,gaussian_bf16_scalar_bracket_binary_v1,5,7,True,2.0531706212523204e-05,2.0531704988738147e-05,13,cuda:0,bfloat16,2.0950720625023678e-07,1.9523442584823414e-10,0.9990681254867432,True,32,24,float32,2.0963409497198882e-07,0.000605653256625846,True,2.0950720625023678e-07,False,0.001,416ef3afe13254b213e321cd82d257b29a7a8679a46b824ab0efe6b0ca26592d,"[2048, 6144]",4714973796626486450,2.0950720625023678e-07
ruler_niah_multikey_3_16k:0212,ruler_niah_multikey_3_16k,18,20260930,gaussian_bf16_scalar_bracket_binary_v1,32,7,True,1.9811525191038015e-05,1.9811525191038015e-05,40,cuda:0,bfloat16,2.0950720625023678e-07,1.8406878798948867e-10,0.9991214202543007,True,32,24,float32,2.0976526116101013e-07,0.0012317233158325386,True,2.0950720625023678e-07,False,0.001,d82ef832b1a441ae0ce49ee6e60f322b217f6077ba2128fd0c530e55da50d534,"[2048, 6144]",6354289020878733742,2.0950720625023678e-07
ruler_niah_multikey_3_16k:0217,ruler_niah_multikey_3_16k,6,20260926,gaussian_bf16_scalar_bracket_binary_v1,8,7,True,2.3411009593132803e-05,2.3411009593132803e-05,16,cuda:0,bfloat16,2.652805619618448e-07,3.772287482384229e-10,0.9985780007948992,True,32,24,float32,2.6526885221755947e-07,4.414098115115822e-05,True,2.652805619618448e-07,False,0.001,185a369e1ab788e60ddc84c101df6d356f83b0579d34b9b677ddec8fdef004af,"[2048, 6144]",1754775057495197926,2.652805619618448e-07
ruler_niah_multikey_3_16k:0217,ruler_niah_multikey_3_16k,6,20260927,gaussian_bf16_scalar_bracket_binary_v1,7,7,True,2.374261029558511e-05,2.3742608880415255e-05,15,cuda:0,bfloat16,2.652805619618448e-07,4.355862615046391e-10,0.9983580166662671,True,32,24,float32,2.6541326292317535e-07,0.0005002287402785381,True,2.652805619618448e-07,False,0.001,0109a4cf438c01265bfade0c638f224af9a8ae8b7043c119ae69819871c38ea1,"[2048, 6144]",74772078926758182,2.652805619618448e-07
ruler_niah_multikey_3_16k:0217,ruler_niah_multikey_3_16k,6,20260928,gaussian_bf16_scalar_bracket_binary_v1,3,7,True,2.3344689452642342e-05,2.3344689452642342e-05,11,cuda:0,bfloat16,2.652805619618448e-07,2.7301813587676804e-10,0.9989708324882242,True,32,24,float32,2.650155579431157e-07,0.000998957544304367,True,2.652805619618448e-07,False,0.001,f2b27511099ec7d55783337f2a51ce4559f401cec3d250812e8ea9b02fd31f7a,"[2048, 6144]",8264796982214576085,2.652805619618448e-07
ruler_niah_multikey_3_16k:0217,ruler_niah_multikey_3_16k,6,20260929,gaussian_bf16_scalar_bracket_binary_v1,32,7,True,2.3576809944358956e-05,2.3576809944358956e-05,40,cuda:0,bfloat16,2.652805619618448e-07,5.820766091346741e-11,0.9997805807538894,True,32,24,float32,2.649601356097264e-07,0.001207877236646014,True,2.652805619618448e-07,False,0.001,217ab8e3a84572d9a7b5773d17f1dc13984494b93c0a3ea24361c1745aae6f56,"[2048, 6144]",2412443838330532569,2.652805619618448e-07
ruler_niah_multikey_3_16k:0217,ruler_niah_multikey_3_16k,6,20260930,gaussian_bf16_scalar_bracket_binary_v1,10,7,True,2.2764388223350807e-05,2.2764388223350807e-05,18,cuda:0,bfloat16,2.652805619618448e-07,3.7271088992874013e-10,0.9985950312862262,True,32,24,float32,2.6518284812482307e-07,0.0003683414883438882,True,2.652805619618448e-07,False,0.001,7d05aa5b66bdf411e3a62181f48e5eae112038f89dcfcf4e9886c79608437f39,"[2048, 6144]",9008793939167015953,2.652805619618448e-07
ruler_niah_multikey_3_16k:0220,ruler_niah_multikey_3_16k,6,20260926,gaussian_bf16_scalar_bracket_binary_v1,8,7,True,2.397683771704351e-05,2.397683771704351e-05,16,cuda:0,bfloat16,2.656713320448034e-07,8.231806208902626e-11,0.9996901507533559,True,32,24,float32,2.6581636802802677e-07,0.0005459225958143367,True,2.656713320448034e-07,False,0.001,e06e26cc5ec86ab92d59a6162fca1e8da9ffeac35e357dd205c1f95795360f0f,"[2048, 6144]",6948533934284630713,2.656713320448034e-07
ruler_niah_multikey_3_16k:0220,ruler_niah_multikey_3_16k,6,20260927,gaussian_bf16_scalar_bracket_binary_v1,32,7,True,2.33043571578051e-05,2.33043571578051e-05,40,cuda:0,bfloat16,2.656713320448034e-07,5.397956526209668e-10,0.9979681825341624,True,32,24,float32,2.648727104315185e-07,0.0030060511502620116,True,2.656713320448034e-07,False,0.001,0ed182be61f534a3296e5060e59a3ee0ed5c3077469dce1399cb4e4db04ac897,"[2048, 6144]",1067778340862375075,2.656713320448034e-07
ruler_niah_multikey_3_16k:0220,ruler_niah_multikey_3_16k,6,20260928,gaussian_bf16_scalar_bracket_binary_v1,8,7,True,2.2781316722841893e-05,2.2781316722841893e-05,16,cuda:0,bfloat16,2.656713320448034e-07,2.968019996441029e-10,0.9988828226314082,True,32,24,float32,2.6550347342890745e-07,0.0006318281110874921,True,2.656713320448034e-07,False,0.001,3a483f11c6466c523a80a5b9c8b317a6d384ffd709fa2f33c978f30f7883f48c,"[2048, 6144]",4199675998096485458,2.656713320448034e-07
ruler_niah_multikey_3_16k:0220,ruler_niah_multikey_3_16k,6,20260929,gaussian_bf16_scalar_bracket_binary_v1,11,7,True,2.2839432326726694e-05,2.2839430965390442e-05,19,cuda:0,bfloat16,2.656713320448034e-07,1.0081862428235056e-10,0.9996205137245845,True,32,24,float32,2.6588148216433183e-07,0.0007910154170980219,True,2.656713320448034e-07,False,0.001,7d308e516ceaec3b9226cf503753837ee3a51a9758a62805235ed8a9539fa6d8,"[2048, 6144]",9020866533993933883,2.656713320448034e-07
ruler_niah_multikey_3_16k:0220,ruler_niah_multikey_3_16k,6,20260930,gaussian_bf16_scalar_bracket_binary_v1,5,7,True,2.2847734555853094e-05,2.2847734555853094e-05,13,cuda:0,bfloat16,2.656713320448034e-07,8.231806208902626e-11,0.9996901507533559,True,32,24,float32,2.657116908721946e-07,0.00015191261729499472,True,2.656713320448034e-07,False,0.001,47e3d6c8b6f9ef235e16f9a32ae70ac74b3bcfb4c9ecb39ed06565c0ae257632,"[2048, 6144]",5180220153957838627,2.656713320448034e-07
ruler_niah_multikey_3_16k:0251,ruler_niah_multikey_3_16k,24,20260926,gaussian_bf16_scalar_bracket_binary_v1,11,7,True,3.803489575560093e-05,3.803489575560093e-05,19,cuda:0,bfloat16,5.460370857690577e-07,1.2265115589826792e-09,0.9977537944016106,True,32,24,float32,5.455206064652884e-07,0.0009458685448844085,True,5.460370857690577e-07,False,0.001,5fac15cfbb649ebade2ebdab0c55808ac31cfbccf2977400c3fab95ee3b1da99,"[2048, 6144]",6893909111543733946,5.460370857690577e-07
ruler_niah_multikey_3_16k:0251,ruler_niah_multikey_3_16k,24,20260927,gaussian_bf16_scalar_bracket_binary_v1,6,7,True,3.87686330896031e-05,3.87686330896031e-05,14,cuda:0,bfloat16,5.460370857690577e-07,1.074873412498789e-09,0.9980315010820466,True,32,24,float32,5.459857561618264e-07,9.400388466108529e-05,True,5.460370857690577e-07,False,0.001,200d060b42c1b5edf87a33602996a14892ca620e632bab9982b1736bbf9edb94,"[2048, 6144]",2309508829345330669,5.460370857690577e-07
ruler_niah_multikey_3_16k:0251,ruler_niah_multikey_3_16k,24,20260928,gaussian_bf16_scalar_bracket_binary_v1,8,7,True,3.8632123818160835e-05,3.8632121515506816e-05,16,cuda:0,bfloat16,5.460370857690577e-07,7.499532661547903e-10,0.9986265525076955,True,32,24,float32,5.462572403303056e-07,0.000403186096669306,True,5.460370857690577e-07,False,0.001,ec363454304c90a95b47e8f41fd8a82197cba238a9162c57e3f1e9065b6151e4,"[2048, 6144]",7797477341030813865,5.460370857690577e-07
ruler_niah_multikey_3_16k:0251,ruler_niah_multikey_3_16k,24,20260929,gaussian_bf16_scalar_bracket_binary_v1,8,7,True,3.8905142361045364e-05,3.8905140042118175e-05,16,cuda:0,bfloat16,5.460370857690577e-07,8.495128489549586e-10,0.9984442213338707,True,32,24,float32,5.462279091261735e-07,0.0003494695911486858,True,5.460370857690577e-07,False,0.001,5776b475102568f16f375de6292ad1b20075498a60984375680feb89fcee55ae,"[2048, 6144]",6302423143426648305,5.460370857690577e-07
ruler_niah_multikey_3_16k:0251,ruler_niah_multikey_3_16k,24,20260930,gaussian_bf16_scalar_bracket_binary_v1,32,7,True,3.983084585801322e-05,3.983084585801322e-05,40,cuda:0,bfloat16,5.460370857690577e-07,7.499532661547903e-10,0.9986265525076955,True,32,24,float32,5.445020292427216e-07,0.0028112678906673403,True,5.460370857690577e-07,False,0.001,c0bb35fd4d224e473e756eb058cda9ba0de4377bb956fdfafed8c442e2276c50,"[2048, 6144]",4664381201109372487,5.460370857690577e-07
ruler_niah_multikey_3_16k:0253,ruler_niah_multikey_3_16k,0,20260926,gaussian_bf16_scalar_bracket_binary_v1,32,7,True,1.8756650424833765e-05,1.8756650424833765e-05,40,cuda:0,bfloat16,1.7927503392911603e-07,1.557547840702611e-10,0.9991311964602285,True,32,24,float32,1.7978996424972138e-07,0.0028722924175205796,True,1.7927503392911603e-07,False,0.001,0f2932733fb18e28a88c93c2395ea35032dcd6045478344dbc019013ebf0a0f0,"[2048, 6144]",1092459855185284648,1.7927503392911603e-07
ruler_niah_multikey_3_16k:0253,ruler_niah_multikey_3_16k,0,20260927,gaussian_bf16_scalar_bracket_binary_v1,32,7,True,1.8241234702287557e-05,1.8241234702287557e-05,40,cuda:0,bfloat16,1.7927503392911603e-07,7.31224664152208e-11,0.999592121307621,True,32,24,float32,1.7909145810790505e-07,0.0010239898840770207,True,1.7927503392911603e-07,False,0.001,be3946955d1f806b1e171675f5d3c828d79e1e2d931e615bb77a18f9e9eb70f8,"[2048, 6144]",4483692511350456427,1.7927503392911603e-07
ruler_niah_multikey_3_16k:0253,ruler_niah_multikey_3_16k,0,20260928,gaussian_bf16_scalar_bracket_binary_v1,32,7,True,1.8639001183817783e-05,1.8639001183817783e-05,40,cuda:0,bfloat16,1.7927503392911603e-07,2.478368898994887e-10,0.9986175604908964,True,32,24,float32,1.8019593994722527e-07,0.0051368336010096894,True,1.7927503392911603e-07,False,0.001,7ea36efb6026939537449a19b6cb31436b1788c210133eba446bd32fc80c637b,"[2048, 6144]",9125259295911744405,1.7927503392911603e-07
ruler_niah_multikey_3_16k:0253,ruler_niah_multikey_3_16k,0,20260929,gaussian_bf16_scalar_bracket_binary_v1,9,7,True,1.938411304358567e-05,1.938411304358567e-05,17,cuda:0,bfloat16,1.7927503392911603e-07,4.380706561391001e-11,0.9997556432446069,True,32,24,float32,1.7913583860718063e-07,0.0007764345033700586,True,1.7927503392911603e-07,False,0.001,f1a0c155b1349496987b225b66485ade91cdbc1c3168e38acf3a8997d4d5b245,"[2048, 6144]",8187756696348955798,1.7927503392911603e-07
ruler_niah_multikey_3_16k:0253,ruler_niah_multikey_3_16k,0,20260930,gaussian_bf16_scalar_bracket_binary_v1,32,7,True,1.7655942858728693e-05,1.7655942858728693e-05,40,cuda:0,bfloat16,1.7927503392911603e-07,9.570028103311756e-11,0.9994661817714621,True,32,24,float32,1.7862591050743504e-07,0.0036208244252105707,True,1.7927503392911603e-07,False,0.001,e6868839dd667284322c7b5ea65e4bafd33c827a6e54b96064deac1329f26977,"[2048, 6144]",7387742020856869508,1.7927503392911603e-07
ruler_niah_multikey_3_16k:0253,ruler_niah_multikey_3_16k,6,20260926,gaussian_bf16_scalar_bracket_binary_v1,8,7,True,2.367433599914648e-05,2.367433599914648e-05,16,cuda:0,bfloat16,2.729030086356943e-07,2.6674101816226425e-10,0.9990225794156841,True,32,24,float32,2.7314530370858847e-07,0.0008878431722152265,True,2.729030086356943e-07,False,0.001,93f27f6092dd3ccc3ca059f04e50b576bc096d879ee90d34465df27b02c59928,"[2048, 6144]",1437351283842170060,2.729030086356943e-07
ruler_niah_multikey_3_16k:0253,ruler_niah_multikey_3_16k,6,20260927,gaussian_bf16_scalar_bracket_binary_v1,7,7,True,2.3606110246987555e-05,2.360610883995374e-05,15,cuda:0,bfloat16,2.729030086356943e-07,3.188165009770927e-10,0.9988317589367338,True,32,24,float32,2.7299626026433543e-07,0.0003417024572478778,True,2.729030086356943e-07,False,0.001,36d0408c3e95f8f16a0c2e8d1e2b6214f07ed6ff83ea2daaebc40834c5de877a,"[2048, 6144]",3949727844293540081,2.729030086356943e-07
ruler_niah_multikey_3_16k:0253,ruler_niah_multikey_3_16k,6,20260928,gaussian_bf16_scalar_bracket_binary_v1,32,7,True,2.30517760106963e-05,2.305177463670338e-05,40,cuda:0,bfloat16,2.729030086356943e-07,4.4329634407702656e-10,0.9983756267609758,True,32,24,float32,2.724969476730621e-07,0.0014879314253887321,True,2.729030086356943e-07,False,0.001,e0c113c15e1c4cd2a311f2cd600fc46465a1bed66cff5187c6abc80e247d9765,"[2048, 6144]",6971875419374767314,2.729030086356943e-07
ruler_niah_multikey_3_16k:0253,ruler_niah_multikey_3_16k,6,20260929,gaussian_bf16_scalar_bracket_binary_v1,32,7,True,2.3938710788762307e-05,2.3938709361903954e-05,40,cuda:0,bfloat16,2.729030086356943e-07,2.7915414424484197e-10,0.9989770939293033,True,32,24,float32,2.732121799908782e-07,0.0011328983023292942,True,2.729030086356943e-07,False,0.001,f744a9d7c156743f12638707ea7de4a3ec5dd665923965fc2eea95c4c6c3c399,"[2048, 6144]",8594180733056480319,2.729030086356943e-07
ruler_niah_multikey_3_16k:0253,ruler_niah_multikey_3_16k,6,20260930,gaussian_bf16_scalar_bracket_binary_v1,11,7,True,2.3870485036603384e-05,2.3870483613811602e-05,19,cuda:0,bfloat16,2.729030086356943e-07,3.29272248356105e-10,0.9987934458839344,True,32,24,float32,2.726408183661988e-07,0.0009607452508721952,True,2.729030086356943e-07,False,0.001,695d712980480a9505d99cedad0322f3c22c6f13ba153464b5e074d8955398a7,"[2048, 6144]",7592348969876327061,2.729030086356943e-07
ruler_niah_multikey_3_16k:0253,ruler_niah_multikey_3_16k,12,20260926,gaussian_bf16_scalar_bracket_binary_v1,3,6,True,6.747734414602746e-05,6.747734414602746e-05,10,cuda:0,bfloat16,1.2976412335774512e-06,3.0103681769588775e-09,0.9976801229037247,True,32,24,float32,1.298675329053367e-06,0.0007969039894524115,True,1.2976412335774512e-06,False,0.001,cfacd7512be7436526be55c2b3cfbec392008e4f6738537a14a3af11cef7c2eb,"[2048, 6144]",5741200368619438949,1.2976412335774512e-06
ruler_niah_multikey_3_16k:0253,ruler_niah_multikey_3_16k,12,20260927,gaussian_bf16_scalar_bracket_binary_v1,7,6,True,6.780175445442183e-05,6.780175041312233e-05,14,cuda:0,bfloat16,1.2976412335774512e-06,3.1303279968142306e-09,0.9975876783845838,True,32,24,float32,1.2963755580130965e-06,0.0009753663274597292,True,1.2976412335774512e-06,False,0.001,cc4f52a3edb2a23f683f581e54243a66c1a39ecd17be7a2489981ff286b2ca6e,"[2048, 6144]",5498704534063718975,1.2976412335774512e-06
ruler_niah_multikey_3_16k:0253,ruler_niah_multikey_3_16k,12,20260928,gaussian_bf16_scalar_bracket_binary_v1,7,6,True,6.585529260405565e-05,6.585529260405565e-05,14,cuda:0,bfloat16,1.2976412335774512e-06,3.7398639740615636e-09,0.9971179522680925,True,32,24,float32,1.2972675449418603e-06,0.0002879753092931043,True,1.2976412335774512e-06,False,0.001,6fb2741ce64d6455caca45192d329c03a5e490e5d95f9730da37e1a6d99012e1,"[2048, 6144]",8048623151536235605,1.2976412335774512e-06
ruler_niah_multikey_3_16k:0253,ruler_niah_multikey_3_16k,12,20260929,gaussian_bf16_scalar_bracket_binary_v1,5,6,True,6.617970291245001e-05,6.617970291245001e-05,12,cuda:0,bfloat16,1.2976412335774512e-06,4.3210461875276e-09,0.996670076384969,True,32,24,float32,1.2963893141204608e-06,0.0009647654718392651,True,1.2976412335774512e-06,False,0.001,8532ed5ba1aed5542e4352b2116d098e1603acf94c4e3fbd866ea85594a12a40,"[2048, 6144]",374622696835568980,1.2976412335774512e-06
ruler_niah_multikey_3_16k:0253,ruler_niah_multikey_3_16k,12,20260930,gaussian_bf16_scalar_bracket_binary_v1,9,6,True,6.707183126053451e-05,6.707182726274184e-05,16,cuda:0,bfloat16,1.2976412335774512e-06,3.847253182698296e-09,0.997035195026832,True,32,24,float32,1.2968714599992381e-06,0.0005932098628608486,True,1.2976412335774512e-06,False,0.001,2786cc30faa61b1a229d63b998e497c5f652fe1bb9cc62fdc1a29bcef7c214a5,"[2048, 6144]",2848188325094103834,1.2976412335774512e-06
ruler_niah_multikey_3_16k:0253,ruler_niah_multikey_3_16k,18,20260926,gaussian_bf16_scalar_bracket_binary_v1,8,7,True,1.1717010588441212e-05,1.1717009890052959e-05,16,cuda:0,bfloat16,1.0079148893282763e-07,8.231806208902626e-11,0.999183283599036,True,32,24,float32,1.0088733404245431e-07,0.0009509246330367812,True,1.0079148893282763e-07,False,0.001,55872b8cbe8f622d383251ddabd6212a94446599c8eac40acd45d4b46b63c084,"[2048, 6144]",6162942498572296749,1.0079148893282763e-07
ruler_niah_multikey_3_16k:0253,ruler_niah_multikey_3_16k,18,20260927,gaussian_bf16_scalar_bracket_binary_v1,32,7,True,1.2069780799706109e-05,1.2069780799706109e-05,40,cuda:0,bfloat16,1.0079148893282763e-07,2.9103830456733704e-11,0.9997112471423443,True,32,24,float32,1.002850353870599e-07,0.00502476499881108,True,1.0079148893282763e-07,False,0.001,4cfdc0ca449b63626c137e52453299cb5001db9a95d18404bcbf1cdc3a5ed506,"[2048, 6144]",5547802290957280098,1.0079148893282763e-07
ruler_niah_multikey_3_16k:0253,ruler_niah_multikey_3_16k,18,20260928,gaussian_bf16_scalar_bracket_binary_v1,6,7,True,1.1994187183006488e-05,1.1994186468097222e-05,14,cuda:0,bfloat16,1.0079148893282763e-07,1.4257907354764399e-10,0.9985854056224661,True,32,24,float32,1.0077180689904708e-07,0.00019527475969396426,True,1.0079148893282763e-07,False,0.001,db3f638dd232c29ac3e51a8cfd67bd4d903388b7f047da3583b8dd5e19dec456,"[2048, 6144]",6575083441752294042,1.0079148893282763e-07
ruler_niah_multikey_3_16k:0253,ruler_niah_multikey_3_16k,18,20260929,gaussian_bf16_scalar_bracket_binary_v1,9,7,True,1.2157973352522333e-05,1.2157973352522333e-05,17,cuda:0,bfloat16,1.0079148893282763e-07,1.1641532182693481e-10,0.998844988569377,True,32,24,float32,1.0073395628751314e-07,0.0005708085665133678,True,1.0079148893282763e-07,False,0.001,eb327ea1577b802fe51f3d921d3defdc73fd9f72ef5f9ab8a2d2fbb51cae4e62,"[2048, 6144]",7724375542316367919,1.0079148893282763e-07
ruler_niah_multikey_3_16k:0253,ruler_niah_multikey_3_16k,18,20260930,gaussian_bf16_scalar_bracket_binary_v1,16,7,True,1.1929519206220485e-05,1.1929519206220485e-05,24,cuda:0,bfloat16,1.0079148893282763e-07,2.9103830456733704e-11,0.9997112471423443,True,32,24,float32,1.0070612432855341e-07,0.0008469425859073237,True,1.0079148893282763e-07,False,0.001,ef5212f4c0d3fbc804d4bc9e09f3c86c1464bee71bc1eca5b634c8b09da63083,"[2048, 6144]",8021494728716712904,1.0079148893282763e-07
ruler_niah_multikey_3_16k:0253,ruler_niah_multikey_3_16k,24,20260926,gaussian_bf16_scalar_bracket_binary_v1,8,6,True,6.004902489564756e-05,6.0049021316446764e-05,15,cuda:0,bfloat16,1.0699158110583085e-06,3.00883495896187e-09,0.9971877834425256,True,32,24,float32,1.0692529031075537e-06,0.0006195888909231343,True,1.0699158110583085e-06,False,0.001,b6418951784dc2d7e3e902a37c352f3d5e316983fd8c96066bde91168e2d6cf3,"[2048, 6144]",3909556934538019543,1.0699158110583085e-06
ruler_niah_multikey_3_16k:0253,ruler_niah_multikey_3_16k,24,20260927,gaussian_bf16_scalar_bracket_binary_v1,11,6,True,6.090161405758465e-05,6.090161405758465e-05,18,cuda:0,bfloat16,1.0699158110583085e-06,2.443335533897084e-09,0.9977163291647403,True,32,24,float32,1.068985284291557e-06,0.0008697196145096646,True,1.0699158110583085e-06,False,0.001,bf08a0e52a7670f43eae06ffe5f2fe1a81b37f758151110cfac429046971f4b5,"[2048, 6144]",4542057130323505396,1.0699158110583085e-06
ruler_niah_multikey_3_16k:0253,ruler_niah_multikey_3_16k,24,20260928,gaussian_bf16_scalar_bracket_binary_v1,10,6,True,5.8544455786346816e-05,5.8544455786346816e-05,17,cuda:0,bfloat16,1.0699158110583085e-06,2.464735304741339e-09,0.9976963278051725,True,32,24,float32,1.0704198984967661e-06,0.0004711468259909411,True,1.0699158110583085e-06,False,0.001,051cb3ecab5675c1b309d98a67e23c48c5e6f4d37594fe709f870255799afbea,"[2048, 6144]",368367098605761985,1.0699158110583085e-06
ruler_niah_multikey_3_16k:0253,ruler_niah_multikey_3_16k,24,20260929,gaussian_bf16_scalar_bracket_binary_v1,7,6,True,6.018276437202985e-05,6.018276437202985e-05,14,cuda:0,bfloat16,1.0699158110583085e-06,2.302699808609532e-09,0.997847774764323,True,32,24,float32,1.0708282616178622e-06,0.0008528246336047121,True,1.0699158110583085e-06,False,0.001,74639f2dc9411cf8e440cd2cdd844db7346a66ae962543afbb20e6e0e1a72f84,"[2048, 6144]",8386721950092827896,1.0699158110583085e-06
ruler_niah_multikey_3_16k:0253,ruler_niah_multikey_3_16k,24,20260930,gaussian_bf16_scalar_bracket_binary_v1,9,6,True,5.998215515745642e-05,5.998215515745642e-05,16,cuda:0,bfloat16,1.0699158110583085e-06,2.8145075159358157e-09,0.9973694121660359,True,32,24,float32,1.0700628081394825e-06,0.00013739125981197266,True,1.0699158110583085e-06,False,0.001,9acf0cc0bead5cd12837f44308b3c0010f3ca1eb10fc8ac6d5bc019b740fd3f0,"[2048, 6144]",1931776787137518801,1.0699158110583085e-06
ruler_niah_multikey_3_16k:0362,ruler_niah_multikey_3_16k,24,20260926,gaussian_bf16_scalar_bracket_binary_v1,6,7,True,3.871623522400114e-05,3.871623522400114e-05,14,cuda:0,bfloat16,5.303593866301526e-07,1.0541856276802264e-09,0.9980123183368576,True,32,24,float32,5.299073109199526e-07,0.0008523950392816602,True,5.303593866301526e-07,False,0.001,64d892ec8c1caf5e2f20962848a3e23856b136e13047b742edbdd32e82abfc1d,"[2048, 6144]",7266719543422922590,5.303593866301526e-07
ruler_niah_multikey_3_16k:0362,ruler_niah_multikey_3_16k,24,20260927,gaussian_bf16_scalar_bracket_binary_v1,11,7,True,3.7373763026593565e-05,3.7373763026593565e-05,19,cuda:0,bfloat16,5.303593866301526e-07,1.1612392158966145e-09,0.9978104673073197,True,32,24,float32,5.302534873408149e-07,0.0001996745829475334,True,5.303593866301526e-07,False,0.001,1b980f3e860dff60f930b9de26cc29e28170bd5b84292060083f8cc3fef7fc36,"[2048, 6144]",1988355996695527264,5.303593866301526e-07
ruler_niah_multikey_3_16k:0362,ruler_niah_multikey_3_16k,24,20260928,gaussian_bf16_scalar_bracket_binary_v1,32,7,True,3.850077672318264e-05,3.850077672318264e-05,40,cuda:0,bfloat16,5.303593866301526e-07,5.366481148350033e-10,0.9989881425155029,True,32,24,float32,5.29203077803686e-07,0.002180236374835601,True,5.303593866301526e-07,False,0.001,d916d01240d83ca299b83a849341a214507f7e5e81e959bb7dfe94b5b0252921,"[2048, 6144]",6419547095679122594,5.303593866301526e-07
ruler_niah_multikey_3_16k:0362,ruler_niah_multikey_3_16k,24,20260929,gaussian_bf16_scalar_bracket_binary_v1,5,7,True,3.924659461063129e-05,3.924659227135196e-05,13,cuda:0,bfloat16,5.303593866301526e-07,9.185013860601998e-10,0.9982681528615978,True,32,24,float32,5.303917305354844e-07,6.098488335864009e-05,True,5.303593866301526e-07,False,0.001,62eb78afc91f5955d41703b1735158455006e92fc74025e344d5ea8ea0355c7e,"[2048, 6144]",7127923531632826709,5.303593866301526e-07
ruler_niah_multikey_3_16k:0362,ruler_niah_multikey_3_16k,24,20260930,gaussian_bf16_scalar_bracket_binary_v1,9,7,True,3.918029968730252e-05,3.9180297351974675e-05,17,cuda:0,bfloat16,5.303593866301526e-07,9.33139787662185e-10,0.9982405519517789,True,32,24,float32,5.300278189679375e-07,0.000625175438718713,True,5.303593866301526e-07,False,0.001,3feb7cc17dea91c0a7473d5df0841387c980cb3a23fcb25bf737d2905a240ea0,"[2048, 6144]",4605912214399521216,5.303593866301526e-07
ruler_niah_multikey_3_16k:0429,ruler_niah_multikey_3_16k,0,20260926,gaussian_bf16_scalar_bracket_binary_v1,32,7,True,3.0460083522143577e-05,3.0460079891018663e-05,40,cuda:0,bfloat16,3.79269522454706e-07,5.653283396966913e-10,0.998509428503409,True,32,24,float32,3.778145583055448e-07,0.003836227439907197,True,3.79269522454706e-07,False,0.001,da9356d7efdb9b73249c8314826b82146ec2da485ca4114c1630409ff1bfbc3a,"[2048, 6144]",6526655770432084851,3.79269522454706e-07
ruler_niah_multikey_3_16k:0429,ruler_niah_multikey_3_16k,0,20260927,gaussian_bf16_scalar_bracket_binary_v1,14,7,True,3.100972802538848e-05,3.100972802538848e-05,22,cuda:0,bfloat16,3.79269522454706e-07,5.81985626357806e-10,0.9984655091118552,True,32,24,float32,3.790024436511885e-07,0.0007041926326927631,True,3.79269522454706e-07,False,0.001,dbbfe44882f2455a191156e106887d973eb79fa5b007c62a35933b1ac2dc7fcb,"[2048, 6144]",6611253778088871258,3.79269522454706e-07
ruler_niah_multikey_3_16k:0429,ruler_niah_multikey_3_16k,0,20260928,gaussian_bf16_scalar_bracket_binary_v1,7,7,True,3.091046608005854e-05,3.091046608005854e-05,15,cuda:0,bfloat16,3.79269522454706e-07,3.661910774610533e-10,0.9990344832479789,True,32,24,float32,3.7928478491267015e-07,4.024172009747938e-05,True,3.79269522454706e-07,False,0.001,23ec133b49205a6820cd74133818ae8bb7d4859b33b28ccc5f72210c5c2a37af,"[2048, 6144]",2588465031182047848,3.79269522454706e-07
ruler_niah_multikey_3_16k:0429,ruler_niah_multikey_3_16k,0,20260929,gaussian_bf16_scalar_bracket_binary_v1,32,7,True,3.057860524791067e-05,3.057860342528377e-05,40,cuda:0,bfloat16,3.79269522454706e-07,5.051946083689529e-10,0.9986679799497222,True,32,24,float32,3.7972935729158053e-07,0.0012124223267357896,True,3.79269522454706e-07,False,0.001,83af833224dbdbc2f06c2408b356023c973249dda59e75f72715212dbf9f545e,"[2048, 6144]",265575154428140482,3.79269522454706e-07
ruler_niah_multikey_3_16k:0429,ruler_niah_multikey_3_16k,0,20260930,gaussian_bf16_scalar_bracket_binary_v1,10,7,True,2.8895596742017915e-05,2.8895596742017915e-05,18,cuda:0,bfloat16,3.79269522454706e-07,6.072264913115077e-10,0.9983989578509198,True,32,24,float32,3.7897024185440387e-07,0.0007890974164366069,True,3.79269522454706e-07,False,0.001,2f886dea8cb31657254302d9208b9a2da2d82bd0f5da435b6cf3e6e375056f36,"[2048, 6144]",3425108370765583959,3.79269522454706e-07
ruler_niah_multikey_3_16k:0429,ruler_niah_multikey_3_16k,6,20260926,gaussian_bf16_scalar_bracket_binary_v1,32,7,True,2.0352166099080193e-05,2.0352164885996564e-05,40,cuda:0,bfloat16,2.0544773349229217e-07,1.4257907354764399e-10,0.9993060080482563,True,32,24,float32,2.047643334890381e-07,0.0033263934901462595,True,2.0544773349229217e-07,False,0.001,3d2a5436207499befeb73e6ae2198d34d61f95de5e3ab2760fd51ba01e2dac9a,"[2048, 6144]",4407427776784931262,2.0544773349229217e-07
ruler_niah_multikey_3_16k:0429,ruler_niah_multikey_3_16k,6,20260927,gaussian_bf16_scalar_bracket_binary_v1,8,7,True,1.9363448881648537e-05,1.9363448881648537e-05,16,cuda:0,bfloat16,2.0544773349229217e-07,8.231806208902626e-11,0.9995993235812839,True,32,24,float32,2.0551060231355223e-07,0.00030600883344576946,True,2.0544773349229217e-07,False,0.001,34031dec788935f14de038ae86e316f6c32b6d000c4df111385e5149480b7c1c,"[2048, 6144]",3747872216374130161,2.0544773349229217e-07
ruler_niah_multikey_3_16k:0429,ruler_niah_multikey_3_16k,6,20260928,gaussian_bf16_scalar_bracket_binary_v1,5,7,True,2.0133877882244633e-05,2.0133876682171992e-05,13,cuda:0,bfloat16,2.0544773349229217e-07,1.540029909152807e-10,0.9992504030670114,True,32,24,float32,2.0543417633689387e-07,6.598834247451719e-05,True,2.0544773349229217e-07,False,0.001,a1306197b7f63568d530195945521bf876f72c52c057f468aec7e0f01298dede,"[2048, 6144]",2391518706388055400,2.0544773349229217e-07
ruler_niah_multikey_3_16k:0429,ruler_niah_multikey_3_16k,6,20260929,gaussian_bf16_scalar_bracket_binary_v1,8,7,True,1.926072501490239e-05,1.9260723866873718e-05,16,cuda:0,bfloat16,2.0544773349229217e-07,5.820766091346741e-11,0.9997166789824155,True,32,24,float32,2.0552680268792756e-07,0.0003848628275977082,True,2.0544773349229217e-07,False,0.001,308c2f3706b3707b55b95b6b80b5b4530d1400c3d690de2e87677439d441159c,"[2048, 6144]",3498222923942162555,2.0544773349229217e-07
ruler_niah_multikey_3_16k:0429,ruler_niah_multikey_3_16k,6,20260930,gaussian_bf16_scalar_bracket_binary_v1,8,7,True,1.926072501490239e-05,1.926072501490239e-05,16,cuda:0,bfloat16,2.0544773349229217e-07,2.537213217301826e-10,0.9987650322667604,True,32,24,float32,2.0554762159008533e-07,0.00048619712709998045,True,2.0544773349229217e-07,False,0.001,6ddebb19a532f262fae9dcb9d085d7da871e2c7d25beb90133e04063d6e155aa,"[2048, 6144]",7916970913784066658,2.0544773349229217e-07
ruler_niah_multikey_3_16k:0429,ruler_niah_multikey_3_16k,12,20260926,gaussian_bf16_scalar_bracket_binary_v1,7,7,True,3.0045670399658775e-05,3.0045668608797262e-05,15,cuda:0,bfloat16,3.9275386143344804e-07,7.763910625513404e-10,0.9980232121468705,True,32,24,float32,3.925266867099708e-07,0.0005784149967312642,True,3.9275386143344804e-07,False,0.001,c81f14ddf6435a61eb8aef6dd9d407961198f50377bab41abcd9669198484e2c,"[2048, 6144]",5196895438560778849,3.9275386143344804e-07
ruler_niah_multikey_3_16k:0429,ruler_niah_multikey_3_16k,12,20260927,gaussian_bf16_scalar_bracket_binary_v1,11,7,True,3.005794395782857e-05,3.005794395782857e-05,19,cuda:0,bfloat16,3.9275386143344804e-07,4.519447593942516e-10,0.9988492926390469,True,32,24,float32,3.9300815046772186e-07,0.0006474513919372727,True,3.9275386143344804e-07,False,0.001,123fc17446c1a5f68421bb981c3e9f1e4bd3d82009953a8cf14f7f3134015787,"[2048, 6144]",1314982321362937334,3.9275386143344804e-07
ruler_niah_multikey_3_16k:0429,ruler_niah_multikey_3_16k,12,20260928,gaussian_bf16_scalar_bracket_binary_v1,5,7,True,2.9063785746075155e-05,2.9063785746075155e-05,13,cuda:0,bfloat16,3.9275386143344804e-07,5.776143452429494e-10,0.9985293223009067,True,32,24,float32,3.925955809336301e-07,0.0004030017661449281,True,3.9275386143344804e-07,False,0.001,1f29e590bae7af802074290fa644a7c98399a6cd2c6c452da6d9798971fd4cfb,"[2048, 6144]",2245578298994700160,3.9275386143344804e-07
ruler_niah_multikey_3_16k:0429,ruler_niah_multikey_3_16k,12,20260929,gaussian_bf16_scalar_bracket_binary_v1,32,7,True,3.070844254082772e-05,3.070844254082772e-05,40,cuda:0,bfloat16,3.9275386143344804e-07,7.79453390720164e-10,0.9980154150798789,True,32,24,float32,3.9331644074991345e-07,0.0014323966527334722,True,3.9275386143344804e-07,False,0.001,9ef7bd4e35900b750c50bb5641921c19f827ee5d16a6ee8b3390dec0d1397fa4,"[2048, 6144]",2231460283989101429,3.9275386143344804e-07
ruler_niah_multikey_3_16k:0429,ruler_niah_multikey_3_16k,12,20260930,gaussian_bf16_scalar_bracket_binary_v1,14,7,True,2.9068388330388828e-05,2.9068384865166907e-05,22,cuda:0,bfloat16,3.9275386143344804e-07,5.418634985154824e-10,0.9986203483868044,True,32,24,float32,3.9314585364991217e-07,0.000998060757527536,True,3.9275386143344804e-07,False,0.001,fc79c4c17a70284918b77cd7df1fab1e8577b8948e69dad7b1ca417d8a7d6f3d,"[2048, 6144]",8969416468146956361,3.9275386143344804e-07
ruler_niah_multikey_3_16k:0429,ruler_niah_multikey_3_16k,18,20260926,gaussian_bf16_scalar_bracket_binary_v1,32,7,True,2.0030506377111124e-05,2.0030505183199905e-05,40,cuda:0,bfloat16,2.0919588905599085e-07,2.968019996441029e-10,0.9985812245117079,True,32,24,float32,2.0818927737309423e-07,0.004811813881424798,True,2.0919588905599085e-07,False,0.001,9951e0bdf3f6ad987e5972f981b5e6546a91a1c3fa851b58c57a88f3f093ac2e,"[2048, 6144]",1824486430508232088,2.0919588905599085e-07
ruler_niah_multikey_3_16k:0429,ruler_niah_multikey_3_16k,18,20260927,gaussian_bf16_scalar_bracket_binary_v1,4,7,True,2.0919588905599085e-05,2.091958765869442e-05,12,cuda:0,bfloat16,2.0919588905599085e-07,1.1641532182693481e-10,0.9994435104707254,True,32,24,float32,2.0902980679693428e-07,0.0007939078526161393,True,2.0919588905599085e-07,False,0.001,d9793498a804b14f16c4aa46f6f0163aed5c1f75c8d961dd1456f77cb1fb2df4,"[2048, 6144]",6447242171816128847,2.0919588905599085e-07
ruler_niah_multikey_3_16k:0429,ruler_niah_multikey_3_16k,18,20260928,gaussian_bf16_scalar_bracket_binary_v1,9,7,True,2.0475047641355104e-05,2.0475047641355104e-05,17,cuda:0,bfloat16,2.0919588905599085e-07,2.118790837224438e-10,0.9989871737696254,True,32,24,float32,2.0912646903070709e-07,0.00033184220587232315,True,2.0919588905599085e-07,False,0.001,9d6cefa815cea522b3f58ecc81a76c9c97f582941ffd6bfbe3dec86a64b5f89c,"[2048, 6144]",2120333029784069410,2.0919588905599085e-07
ruler_niah_multikey_3_16k:0429,ruler_niah_multikey_3_16k,18,20260929,gaussian_bf16_scalar_bracket_binary_v1,7,7,True,1.9978207404847126e-05,1.9978209786435037e-05,15,cuda:0,bfloat16,2.0919588905599085e-07,1.0493535207434235e-10,0.9994983871215258,True,32,24,float32,2.0903790698412195e-07,0.0007551872676934732,True,2.0919588905599085e-07,False,0.001,e8c74f2fa1167beb6225d907d202d72e82ddef4d450d2ffe3f12f9b0dcd1bd26,"[2048, 6144]",7550090366294588395,2.0919588905599085e-07
ruler_niah_multikey_3_16k:0429,ruler_niah_multikey_3_16k,18,20260930,gaussian_bf16_scalar_bracket_binary_v1,32,7,True,1.9594136827283393e-05,1.9594136827283393e-05,40,cuda:0,bfloat16,2.0919588905599085e-07,1.9305297638272378e-10,0.9990771664909196,True,32,24,float32,2.0980273518489412e-07,0.0029008511192151107,True,2.0919588905599085e-07,False,0.001,4acdad112af6de5a171efbf0fcc784fe4969b3528ad7de5f8750c67ee8c313c6,"[2048, 6144]",5390154618279222874,2.0919588905599085e-07
ruler_niah_multikey_3_16k:0429,ruler_niah_multikey_3_16k,24,20260926,gaussian_bf16_scalar_bracket_binary_v1,8,6,True,6.131530176389788e-05,6.131530176389788e-05,15,cuda:0,bfloat16,1.0686762834666297e-06,2.093858197937948e-09,0.9980406992928245,True,32,24,float32,1.0695889613998588e-06,0.0008540265629069073,True,1.0686762834666297e-06,False,0.001,9294bbfd5daf51fb63113d3066308af21a1a6e382ca6944c0bd1ce3caa2ada35,"[2048, 6144]",1338901686108770811,1.0686762834666297e-06
ruler_niah_multikey_3_16k:0429,ruler_niah_multikey_3_16k,24,20260927,gaussian_bf16_scalar_bracket_binary_v1,7,6,True,5.904436466153129e-05,5.904436466153129e-05,14,cuda:0,bfloat16,1.0686762834666297e-06,2.302699808609532e-09,0.997845278458749,True,32,24,float32,1.0694014918044559e-06,0.0006786043154936674,True,1.0686762834666297e-06,False,0.001,7313f4dafb1003c3c5354668b3c500d3b757306b0318b644c2d6ec368e09dee9,"[2048, 6144]",8292240560271393731,1.0686762834666297e-06
ruler_niah_multikey_3_16k:0429,ruler_niah_multikey_3_16k,24,20260928,gaussian_bf16_scalar_bracket_binary_v1,8,6,True,5.917794919696462e-05,5.917794566968398e-05,15,cuda:0,bfloat16,1.0686762834666297e-06,2.5157564920164077e-09,0.9976459134249188,True,32,24,float32,1.0693988770071883e-06,0.0006761575527947562,True,1.0686762834666297e-06,False,0.001,fdf258f7794dde608d6abe1a8129d240f8fc47971573c0f9d898d40126cd7fa0,"[2048, 6144]",9075414019020283488,1.0686762834666297e-06
ruler_niah_multikey_3_16k:0429,ruler_niah_multikey_3_16k,24,20260929,gaussian_bf16_scalar_bracket_binary_v1,6,6,True,5.931153373239795e-05,5.931153019715505e-05,13,cuda:0,bfloat16,1.0686762834666297e-06,4.093203109789556e-09,0.9961698381697853,True,32,24,float32,1.0685313327485346e-06,0.00013563575830920612,True,1.0686762834666297e-06,False,0.001,e05d285e287edf8bd8b876bdde771e7bb46e8527862f6a0bc79d44f4b2e8967e,"[2048, 6144]",6943750585346613131,1.0686762834666297e-06
ruler_niah_multikey_3_16k:0429,ruler_niah_multikey_3_16k,24,20260930,gaussian_bf16_scalar_bracket_binary_v1,10,6,True,6.0480398417439574e-05,6.0480398417439574e-05,17,cuda:0,bfloat16,1.0686762834666297e-06,2.4893560546246363e-09,0.9976706172924981,True,32,24,float32,1.0690504268495715e-06,0.00035009982791811556,True,1.0686762834666297e-06,False,0.001,7e970626857f6a46a343a90e1966a60d3994515260ca8a1f6c5f3821f6b61d9c,"[2048, 6144]",9121766332780472902,1.0686762834666297e-06
ruler_niah_multikey_3_16k:0464,ruler_niah_multikey_3_16k,6,20260926,gaussian_bf16_scalar_bracket_binary_v1,32,7,True,4.070997535476906e-05,4.070997535476906e-05,40,cuda:0,bfloat16,6.343510676742881e-07,1.350116574094784e-09,0.997871657126637,True,32,24,float32,6.331289341687807e-07,0.001926588552909767,True,6.343510676742881e-07,False,0.001,0e912086fcaa618a3f59ff9b867f6b4ac313f509f88c70d3ea9ae212e313c48c,"[2048, 6144]",1049655952290767242,6.343510676742881e-07
ruler_niah_multikey_3_16k:0464,ruler_niah_multikey_3_16k,6,20260927,gaussian_bf16_scalar_bracket_binary_v1,9,7,True,4.147070104920658e-05,4.1470696105513774e-05,17,cuda:0,bfloat16,6.343510676742881e-07,1.2140169980412452e-09,0.9980862064243193,True,32,24,float32,6.344604912555951e-07,0.00017249688206285124,True,6.343510676742881e-07,False,0.001,6b124b25314f9ce31e6a9ecf81957a4a6599df183f53af80678307bb5bd0c936,"[2048, 6144]",7715311734752255203,6.343510676742881e-07
ruler_niah_multikey_3_16k:0464,ruler_niah_multikey_3_16k,6,20260928,gaussian_bf16_scalar_bracket_binary_v1,32,7,True,4.1113878573639795e-05,4.1113878573639795e-05,40,cuda:0,bfloat16,6.343510676742881e-07,8.190543798747285e-10,0.9987088310848476,True,32,24,float32,6.35650167168933e-07,0.002047918827358131,True,6.343510676742881e-07,False,0.001,db95fbd2cff99bdb01c83e3f351358c46ed64acedea92a037eaca9af4d6fd686,"[2048, 6144]",6599457711832275931,6.343510676742881e-07
ruler_niah_multikey_3_16k:0464,ruler_niah_multikey_3_16k,6,20260929,gaussian_bf16_scalar_bracket_binary_v1,8,7,True,4.170858269958444e-05,4.170858269958444e-05,16,cuda:0,bfloat16,6.343510676742881e-07,1.7413723796266822e-09,0.9972548759380022,True,32,24,float32,6.345576366584282e-07,0.000325638269826702,True,6.343510676742881e-07,False,0.001,420c0a091208d3ae68a52422e20e0b64056ed9f70556012f3f8c835b774b0b47,"[2048, 6144]",4759189940297323438,6.343510676742881e-07
ruler_niah_multikey_3_16k:0464,ruler_niah_multikey_3_16k,6,20260930,gaussian_bf16_scalar_bracket_binary_v1,10,7,True,4.0717409156343365e-05,4.071740672939665e-05,18,cuda:0,bfloat16,6.343510676742881e-07,1.1406325883811519e-09,0.9982018906461952,True,32,24,float32,6.33723402643227e-07,0.0009894600372664952,True,6.343510676742881e-07,False,0.001,bb06345d599f04ba25389c36cc2174f0ae4cb86ecfb9cae85a0f2f0d5b6ad588,"[2048, 6144]",4253144473638208698,6.343510676742881e-07
ruler_niah_multiquery_16k:0001,ruler_niah_multiquery_16k,24,20260926,gaussian_bf16_scalar_bracket_binary_v1,32,7,True,4.5348031386005516e-05,4.5348031386005516e-05,40,cuda:0,bfloat16,6.820054068157333e-07,1.0031326880266533e-09,0.9985291426167568,True,32,24,float32,6.80186587942444e-07,0.002666868700911471,True,6.820054068157333e-07,False,0.001,6a92f8a9ae376188308ae8e3bd965538beca675c3f5daa869afe9cc3fbca449a,"[2048, 6144]",7679473722276143496,6.820054068157333e-07
ruler_niah_multiquery_16k:0001,ruler_niah_multiquery_16k,24,20260927,gaussian_bf16_scalar_bracket_binary_v1,10,7,True,4.505498218776438e-05,4.505498218776438e-05,18,cuda:0,bfloat16,6.820054068157333e-07,1.1670600041924217e-09,0.9982887818886342,True,32,24,float32,6.816009658905386e-07,0.0005930171830791985,True,6.820054068157333e-07,False,0.001,a7a70c01774db5bdb55c7beed80702b31b5786dab4335db3a51a7e2f2010f8cf,"[2048, 6144]",2857265689025951165,6.820054068157333e-07
ruler_niah_multiquery_16k:0001,ruler_niah_multiquery_16k,24,20260928,gaussian_bf16_scalar_bracket_binary_v1,9,7,True,4.52681088773943e-05,4.52681088773943e-05,17,cuda:0,bfloat16,6.820054068157333e-07,7.938466550783119e-10,0.9988360111999921,True,32,24,float32,6.813635877733759e-07,0.0009410761790790206,True,6.820054068157333e-07,False,0.001,ddde2c24e24bba0366fdfb5b3e01654da71f0181b4db933d5d0971370f1228ca,"[2048, 6144]",6763892227284122115,6.820054068157333e-07
ruler_niah_multiquery_16k:0001,ruler_niah_multiquery_16k,24,20260929,gaussian_bf16_scalar_bracket_binary_v1,8,7,True,4.5864863608358064e-05,4.586486087459916e-05,16,cuda:0,bfloat16,6.820054068157333e-07,1.1120557807942077e-09,0.9983694326032012,True,32,24,float32,6.826582534813497e-07,0.0009572455864602384,True,6.820054068157333e-07,False,0.001,1eba0b20bbdfd94ce43012f1d459edc91c4ac0788d43aa7d75bf1b3f4d574e2e,"[2048, 6144]",2214094402024888652,6.820054068157333e-07
ruler_niah_multiquery_16k:0001,ruler_niah_multiquery_16k,24,20260930,gaussian_bf16_scalar_bracket_binary_v1,7,6,True,4.3477844684503e-05,4.3477844684503e-05,14,cuda:0,bfloat16,6.820054068157333e-07,1.20139254100593e-09,0.9982384413246587,True,32,24,float32,6.819807367719477e-07,3.61727979559202e-05,True,6.820054068157333e-07,False,0.001,97125b767483a74b4088d3949b281e0261ff379f473f7613e875a1dc3958f8b8,"[2048, 6144]",1662491776772187979,6.820054068157333e-07
ruler_niah_multiquery_16k:0063,ruler_niah_multiquery_16k,0,20260926,gaussian_bf16_scalar_bracket_binary_v1,9,7,True,1.4578050524960418e-05,1.4578050524960418e-05,17,cuda:0,bfloat16,1.3059843695373274e-07,1.287248363457394e-10,0.9990143462713008,True,32,24,float32,1.306760708530419e-07,0.0005944473848232349,True,1.3059843695373274e-07,False,0.001,d36e3cc29d5a7c7af839d3bf2905e5f2a4a5244fa76a879b91a331e1db8abaca,"[2048, 6144]",6011809359147465850,1.3059843695373274e-07
ruler_niah_multiquery_16k:0063,ruler_niah_multiquery_16k,0,20260927,gaussian_bf16_scalar_bracket_binary_v1,32,7,True,1.5075957065846524e-05,1.5075957065846524e-05,40,cuda:0,bfloat16,1.3059843695373274e-07,1.3962446476778467e-10,0.9989308871681424,True,32,24,float32,1.3024639144987304e-07,0.0026956333633948375,True,1.3059843695373274e-07,False,0.001,fd3b6fd087f4e590d18e804a559cb46fba359147821cacc4b6921dc49866436d,"[2048, 6144]",9023929219791775120,1.3059843695373274e-07
ruler_niah_multiquery_16k:0063,ruler_niah_multiquery_16k,0,20260928,gaussian_bf16_scalar_bracket_binary_v1,32,7,True,1.4529076111102768e-05,1.4529076111102768e-05,40,cuda:0,bfloat16,1.3059843695373274e-07,5.296977093061095e-11,0.9995944073132409,True,32,24,float32,1.3039688440130703e-07,0.0015432998826556727,True,1.3059843695373274e-07,False,0.001,07d4cbd06ea0aa342bab8e84fae086eb7ba2d5ac607df14fdf34142c9110ba13,"[2048, 6144]",564299949397813812,1.3059843695373274e-07
ruler_niah_multiquery_16k:0063,ruler_niah_multiquery_16k,0,20260929,gaussian_bf16_scalar_bracket_binary_v1,32,7,True,1.533664378960964e-05,1.5336642875474433e-05,40,cuda:0,bfloat16,1.3059843695373274e-07,6.708101435437541e-11,0.9994863566829812,True,32,24,float32,1.303040306765979e-07,0.0022542863758709423,True,1.3059843695373274e-07,False,0.001,04588bc078ae2ef34ef0de216acfeddc64d5e8f0ecf23c5069cd4c0dc943ab35,"[2048, 6144]",313153832876912371,1.3059843695373274e-07
ruler_niah_multiquery_16k:0063,ruler_niah_multiquery_16k,0,20260930,gaussian_bf16_scalar_bracket_binary_v1,10,7,True,1.442296488107786e-05,1.442296488107786e-05,18,cuda:0,bfloat16,1.3059843695373274e-07,9.761721292411707e-11,0.9992525391941812,True,32,24,float32,1.304804300161777e-07,0.0009035861401376794,True,1.3059843695373274e-07,False,0.001,eb12e2a78cbf2d2ebe4e6d3e14a379cb642de3f22e10bb46c02e7464e743a0b2,"[2048, 6144]",7715478320887835950,1.3059843695373274e-07
ruler_niah_multiquery_16k:0063,ruler_niah_multiquery_16k,6,20260926,gaussian_bf16_scalar_bracket_binary_v1,8,7,True,1.742886123068388e-05,1.742886123068388e-05,16,cuda:0,bfloat16,1.7921708206358744e-07,1.3015628852475203e-10,0.999273750654647,True,32,24,float32,1.791666477402032e-07,0.000281414711162173,True,1.7921708206358744e-07,False,0.001,fcfb42480cd0627f9818ea3c839532da6a98f2cb26ad4062360470615bc9687f,"[2048, 6144]",9005864757077500543,1.7921708206358744e-07
ruler_niah_multiquery_16k:0063,ruler_niah_multiquery_16k,6,20260927,gaussian_bf16_scalar_bracket_binary_v1,9,7,True,1.7630480448005414e-05,1.7630480448005414e-05,17,cuda:0,bfloat16,1.7921708206358744e-07,1.8635544496437007e-10,0.9989601691824318,True,32,24,float32,1.791043899856959e-07,0.000628802101864196,True,1.7921708206358744e-07,False,0.001,e500997ef2ab5c817887e3d676a325284b372210c305f7c1ab93f169f814bc7f,"[2048, 6144]",7277985768346967169,1.7921708206358744e-07
ruler_niah_multiquery_16k:0063,ruler_niah_multiquery_16k,6,20260928,gaussian_bf16_scalar_bracket_binary_v1,32,7,True,1.8089724220793357e-05,1.8089724220793357e-05,40,cuda:0,bfloat16,1.7921708206358744e-07,5.820766091346741e-11,0.9996752114238038,True,32,24,float32,1.7892045889311703e-07,0.001655105456773186,True,1.7921708206358744e-07,False,0.001,170c622b986d89a74301e37d781333b73b7cb1412ba3efd3dfc87be1bf85fc33,"[2048, 6144]",1660810301973301671,1.7921708206358744e-07
ruler_niah_multiquery_16k:0063,ruler_niah_multiquery_16k,6,20260929,gaussian_bf16_scalar_bracket_binary_v1,32,7,True,1.8190533829454125e-05,1.819053274521382e-05,40,cuda:0,bfloat16,1.7921708206358744e-07,1.671887767118463e-10,0.9990671158419345,True,32,24,float32,1.790020291991823e-07,0.0011999574032170086,True,1.7921708206358744e-07,False,0.001,ea4ea1dfc66d917c345a2afc0b7692c360814912a04f24877e3343871517d244,"[2048, 6144]",7660237998682640764,1.7921708206358744e-07
ruler_niah_multiquery_16k:0063,ruler_niah_multiquery_16k,6,20260930,gaussian_bf16_scalar_bracket_binary_v1,7,7,True,1.8011316747390538e-05,1.8011316747390538e-05,15,cuda:0,bfloat16,1.7921708206358744e-07,1.3337050908113213e-10,0.9992558158656226,True,32,24,float32,1.7916904937465006e-07,0.0002680140106306409,True,1.7921708206358744e-07,False,0.001,4255b2bfc640da7143811b62f636a094702ce47bfeba68ef183e28ba370500d8,"[2048, 6144]",4779923116258286193,1.7921708206358744e-07
ruler_niah_multiquery_16k:0063,ruler_niah_multiquery_16k,12,20260926,gaussian_bf16_scalar_bracket_binary_v1,6,7,True,1.6542853416012804e-05,1.6542853416012804e-05,14,cuda:0,bfloat16,1.6061022733993013e-07,1.7885393166494623e-10,0.9988864100709701,True,32,24,float32,1.6068668173829792e-07,0.0004760244701352157,True,1.6061022733993013e-07,False,0.001,f52fc0dc3faa8e922932dfdbe13b6ce7e05018501df9af219b0250b9a0c83f45,"[2048, 6144]",8444179878536449682,1.6061022733993013e-07
ruler_niah_multiquery_16k:0063,ruler_niah_multiquery_16k,12,20260927,gaussian_bf16_scalar_bracket_binary_v1,32,7,True,1.7165218046955033e-05,1.7165218046955033e-05,40,cuda:0,bfloat16,1.6061022733993013e-07,2.0401894063049042e-10,0.9987297263442714,True,32,24,float32,1.6110391243273625e-07,0.0030738085673786978,True,1.6061022733993013e-07,False,0.001,1da59eeb8a28394c0fdbf37bdd64249dbd7904c3219d886005d33a8379d6d517,"[2048, 6144]",2136288332729563468,1.6061022733993013e-07
ruler_niah_multiquery_16k:0063,ruler_niah_multiquery_16k,12,20260928,gaussian_bf16_scalar_bracket_binary_v1,32,7,True,1.673357806097897e-05,1.6733577063579996e-05,40,cuda:0,bfloat16,1.6061022733993013e-07,1.671887767118463e-10,0.9989590402835431,True,32,24,float32,1.6197195407130494e-07,0.008478455911109066,True,1.6061022733993013e-07,False,0.001,491a27f4b572ff06d89cc805e8e839a3de9a724d6fda9cd00611b40051c3db5c,"[2048, 6144]",5267566646132932358,1.6061022733993013e-07
ruler_niah_multiquery_16k:0063,ruler_niah_multiquery_16k,12,20260929,gaussian_bf16_scalar_bracket_binary_v1,13,7,True,1.577368099914267e-05,1.577368099914267e-05,21,cuda:0,bfloat16,1.6061022733993013e-07,1.7837228916128822e-10,0.9988894088993239,True,32,24,float32,1.6066167063399917e-07,0.0003202989929162604,True,1.6061022733993013e-07,False,0.001,2f6c8cb5df802ec2b2e224d4fd0343fef59e51903cd84a35fab002a224f06f81,"[2048, 6144]",3417260930034052802,1.6061022733993013e-07
ruler_niah_multiquery_16k:0063,ruler_niah_multiquery_16k,12,20260930,gaussian_bf16_scalar_bracket_binary_v1,32,7,True,1.6132544475855326e-05,1.6132544475855326e-05,40,cuda:0,bfloat16,1.6061022733993013e-07,1.703646529405134e-10,0.9989392664728632,True,32,24,float32,1.6131954794218473e-07,0.004416409926083486,True,1.6061022733993013e-07,False,0.001,54bb56181d95e9f39caa1d257839499b5593dfc2a01dfab31a0ba9c2d6ed7d02,"[2048, 6144]",6105568381406407155,1.6061022733993013e-07
ruler_niah_multiquery_16k:0063,ruler_niah_multiquery_16k,18,20260926,gaussian_bf16_scalar_bracket_binary_v1,32,7,True,1.6177720098431436e-05,1.6177719134164176e-05,40,cuda:0,bfloat16,1.6020022997054184e-07,1.9523442584823414e-10,0.9987813099526502,True,32,24,float32,1.6039767558595486e-07,0.0012324927089637987,True,1.6020022997054184e-07,False,0.001,ff380562c155eccf2acdd987ecad128e20e1cbd119557e11ae3bd9830b47680f,"[2048, 6144]",9167082963221212367,1.6020022997054184e-07
ruler_niah_multiquery_16k:0063,ruler_niah_multiquery_16k,18,20260927,gaussian_bf16_scalar_bracket_binary_v1,10,7,True,1.5989985453934707e-05,1.5989984500857304e-05,18,cuda:0,bfloat16,1.6020022997054184e-07,7.128953677382199e-11,0.9995549972881629,True,32,24,float32,1.6007028591502603e-07,0.000811135262038648,True,1.6020022997054184e-07,False,0.001,e818fe36f9839d086def1009912104e58bac33b7ae1224d7285eeff1a9b1bd6e,"[2048, 6144]",7501024691453402376,1.6020022997054184e-07
ruler_niah_multiquery_16k:0063,ruler_niah_multiquery_16k,18,20260928,gaussian_bf16_scalar_bracket_binary_v1,6,7,True,1.6821024146906893e-05,1.6821024146906893e-05,14,cuda:0,bfloat16,1.6020022997054184e-07,2.435001089651223e-10,0.9984800264705619,True,32,24,float32,1.600827772563207e-07,0.0007331619576497622,True,1.6020022997054184e-07,False,0.001,f0169e5da2a903b2721beefa98f9879ae7f989d030af940347a8df819b846952,"[2048, 6144]",8076817106733695922,1.6020022997054184e-07
ruler_niah_multiquery_16k:0063,ruler_niah_multiquery_16k,18,20260929,gaussian_bf16_scalar_bracket_binary_v1,7,7,True,1.738172495180379e-05,1.738172495180379e-05,15,cuda:0,bfloat16,1.6020022997054184e-07,2.057951586920126e-10,0.9987153878697311,True,32,24,float32,1.6006902114895638e-07,0.0008190301699915613,True,1.6020022997054184e-07,False,0.001,e1b0a889b201fa4272aaebc6db9cdbbb14db9f13fdd99de8e4a2c4d970d45131,"[2048, 6144]",7039311526930545218,1.6020022997054184e-07
ruler_niah_multiquery_16k:0063,ruler_niah_multiquery_16k,18,20260930,gaussian_bf16_scalar_bracket_binary_v1,32,7,True,1.7261574779325883e-05,1.726157375045585e-05,40,cuda:0,bfloat16,1.6020022997054184e-07,1.3650906793838402e-10,0.9991478846942761,True,32,24,float32,1.6054566742695897e-07,0.0021562856462855923,True,1.6020022997054184e-07,False,0.001,7ecae8f2768dc0fa1722e3589d1299da516d2efa4287b6765556cf06d9ca23bd,"[2048, 6144]",9136370922143203578,1.6020022997054184e-07
ruler_niah_multiquery_16k:0063,ruler_niah_multiquery_16k,24,20260926,gaussian_bf16_scalar_bracket_binary_v1,9,7,True,3.267074522739222e-05,3.2670743280064054e-05,17,cuda:0,bfloat16,4.2776753161888337e-07,3.343775534236926e-10,0.9992183194639429,True,32,24,float32,4.280852294868964e-07,0.0007426881297202023,True,4.2776753161888337e-07,False,0.001,5d1d2d0ab6b15f0ebe50f06ce8105d8f0a70f3b993f63e62e3e02d0239421426,"[2048, 6144]",6709568543889907470,4.2776753161888337e-07
ruler_niah_multiquery_16k:0063,ruler_niah_multiquery_16k,24,20260927,gaussian_bf16_scalar_bracket_binary_v1,11,7,True,3.190878431169608e-05,3.190878431169608e-05,19,cuda:0,bfloat16,4.2776753161888337e-07,3.772287482384229e-10,0.9991181454403264,True,32,24,float32,4.2737039507301233e-07,0.0009283933831258174,True,4.2776753161888337e-07,False,0.001,c0ee91f619ea16e5b92206a042512261c52b185f611987a9a3b080e98d6fba3a,"[2048, 6144]",4678837549067278053,4.2776753161888337e-07
ruler_niah_multiquery_16k:0063,ruler_niah_multiquery_16k,24,20260928,gaussian_bf16_scalar_bracket_binary_v1,9,7,True,3.2456861461582776e-05,3.2456861461582776e-05,17,cuda:0,bfloat16,4.2776753161888337e-07,3.29272248356105e-10,0.9992302542291839,True,32,24,float32,4.27342769171446e-07,0.0009929749596232264,True,4.2776753161888337e-07,False,0.001,cc5ff69d341ecc0d38e66a0c3d37a49293d9b9e884e3a011936f9a9226a5274a,"[2048, 6144]",5503388424714767373,4.2776753161888337e-07
ruler_niah_multiquery_16k:0063,ruler_niah_multiquery_16k,24,20260929,gaussian_bf16_scalar_bracket_binary_v1,10,7,True,3.339260293699908e-05,3.339260691770755e-05,18,cuda:0,bfloat16,4.2776753161888337e-07,3.8610595276544757e-10,0.9990973930365771,True,32,24,float32,4.274886293842428e-07,0.000651994866429088,True,4.2776753161888337e-07,False,0.001,6a7325e0cdb65ddd5285c0dd2000948ff2a6504fbedea80d59284d2f6ce68cbb,"[2048, 6144]",7670516237796269533,4.2776753161888337e-07
ruler_niah_multiquery_16k:0063,ruler_niah_multiquery_16k,24,20260930,gaussian_bf16_scalar_bracket_binary_v1,11,7,True,3.260390655057677e-05,3.260390655057677e-05,19,cuda:0,bfloat16,4.2776753161888337e-07,7.722119055308951e-10,0.9981947860731541,True,32,24,float32,4.280036876025406e-07,0.0005520661719310396,True,4.2776753161888337e-07,False,0.001,dc279f0625fc67fa1a6e0db7940312fa0b0971f4c637b3fc7097f36148d3e3e3,"[2048, 6144]",6640451024337004538,4.2776753161888337e-07
ruler_niah_multiquery_16k:0068,ruler_niah_multiquery_16k,24,20260926,gaussian_bf16_scalar_bracket_binary_v1,32,7,True,3.291136446392784e-05,3.291136446392784e-05,40,cuda:0,bfloat16,4.2776753161888337e-07,3.772287482384229e-10,0.9991181454403264,True,32,24,float32,4.2981287151633296e-07,0.004781428571048903,True,4.2776753161888337e-07,False,0.001,5bca07da3b6c2213b2cf810be55df76e956cabdfb5aaa8de5962e33e74eff8bd,"[2048, 6144]",6614107636628202003,4.2776753161888337e-07
ruler_niah_multiquery_16k:0068,ruler_niah_multiquery_16k,24,20260927,gaussian_bf16_scalar_bracket_binary_v1,8,7,True,3.390057688079651e-05,3.390057486016466e-05,16,cuda:0,bfloat16,4.2776753161888337e-07,4.835091216293108e-10,0.9988696918632429,True,32,24,float32,4.2784725451383565e-07,0.0001863696729169053,True,4.2776753161888337e-07,False,0.001,722d631790114b603d207ebd95ad883b70278b7a3929c454a9de3e28c7be773a,"[2048, 6144]",8227341047128214368,4.2776753161888337e-07
ruler_niah_multiquery_16k:0068,ruler_niah_multiquery_16k,24,20260928,gaussian_bf16_scalar_bracket_binary_v1,7,7,True,3.186868110560681e-05,3.186868110560681e-05,15,cuda:0,bfloat16,4.2776753161888337e-07,6.187559353776351e-10,0.998553522907557,True,32,24,float32,4.281265262306988e-07,0.0008392282847106705,True,4.2776753161888337e-07,False,0.001,8f192476b193b0e0ccffe998fdc2f4fedd583dd795d5917db7a29a7e7b4538ac,"[2048, 6144]",1087940877190672608,4.2776753161888337e-07
ruler_niah_multiquery_16k:0068,ruler_niah_multiquery_16k,24,20260929,gaussian_bf16_scalar_bracket_binary_v1,7,7,True,3.315198370046346e-05,3.315198172445125e-05,15,cuda:0,bfloat16,4.2776753161888337e-07,6.296121402016297e-10,0.9985281441585366,True,32,24,float32,4.273637159712962e-07,0.0009440072416411374,True,4.2776753161888337e-07,False,0.001,8a0a45d2f2688c9cc7ea8dc2096f7132e0d7bf9b3c8e1ecb6351ff7af7255b96,"[2048, 6144]",723467462458772636,4.2776753161888337e-07
ruler_niah_multiquery_16k:0068,ruler_niah_multiquery_16k,24,20260930,gaussian_bf16_scalar_bracket_binary_v1,9,7,True,3.3740164056439426e-05,3.3740164056439426e-05,17,cuda:0,bfloat16,4.2776753161888337e-07,6.42924602445305e-10,0.998497023371521,True,32,24,float32,4.275821083865594e-07,0.00043346728916573627,True,4.2776753161888337e-07,False,0.001,bb9a90cbe741b325c20ac4c6f3f0dc28baf7a439d60b5a4f917d33c6de606da0,"[2048, 6144]",4294904400083792677,4.2776753161888337e-07
ruler_niah_multiquery_16k:0082,ruler_niah_multiquery_16k,24,20260926,gaussian_bf16_scalar_bracket_binary_v1,10,7,True,3.2590538815213677e-05,3.2590538815213677e-05,18,cuda:0,bfloat16,4.2776753161888337e-07,7.722119055308951e-10,0.9981947860731541,True,32,24,float32,4.2794391674760845e-07,0.0004123387487067074,True,4.2776753161888337e-07,False,0.001,6c78307ee9834b2a23b2dc0dedd2b23b94e46d26c741a66cbff9e9dea744b46a,"[2048, 6144]",7816050474943204138,4.2776753161888337e-07
ruler_niah_multiquery_16k:0082,ruler_niah_multiquery_16k,24,20260927,gaussian_bf16_scalar_bracket_binary_v1,10,7,True,3.2430125990856595e-05,3.2430124057870455e-05,18,cuda:0,bfloat16,4.2776753161888337e-07,7.176322314172978e-10,0.9983223779778203,True,32,24,float32,4.281286010154872e-07,0.0008440785471430891,True,4.2776753161888337e-07,False,0.001,9a50239282a7040b7b1d808b919b2198b2793fa2a3844b8afda0aa84aa8d7a90,"[2048, 6144]",1896054555287159819,4.2776753161888337e-07
ruler_niah_multiquery_16k:0082,ruler_niah_multiquery_16k,24,20260928,gaussian_bf16_scalar_bracket_binary_v1,9,7,True,3.1173558866726125e-05,3.1173558866726125e-05,17,cuda:0,bfloat16,4.2776753161888337e-07,6.104871053125294e-10,0.9985728531031747,True,32,24,float32,4.2804279587471683e-07,0.0006434902966845732,True,4.2776753161888337e-07,False,0.001,ec4293599f34e5f4ee3ad602dcbfae903ad3c16fde48fffcad56984c398a63b8,"[2048, 6144]",7800959517691536884,4.2776753161888337e-07
ruler_niah_multiquery_16k:0082,ruler_niah_multiquery_16k,24,20260929,gaussian_bf16_scalar_bracket_binary_v1,12,7,True,3.230313250490724e-05,3.230313250490724e-05,20,cuda:0,bfloat16,4.2776753161888337e-07,4.508746154208154e-10,0.9989459821466241,True,32,24,float32,4.275978255918744e-07,0.0003967248901913874,True,4.2776753161888337e-07,False,0.001,3c27d0c02765fcc4d685a8176334cf4cd1a1f07a51f165549a8243ea36f21b13,"[2048, 6144]",4334662690080685252,4.2776753161888337e-07
ruler_niah_multiquery_16k:0082,ruler_niah_multiquery_16k,24,20260930,gaussian_bf16_scalar_bracket_binary_v1,10,7,True,3.29648354053802e-05,3.29648354053802e-05,18,cuda:0,bfloat16,4.2776753161888337e-07,2.1779313075231954e-10,0.9994908610059111,True,32,24,float32,4.273662455034355e-07,0.0009380939079906545,True,4.2776753161888337e-07,False,0.001,0e9ab3b8af8d39818d852bc326f3277a9851be83e04857c5242d0fdff5e0662e,"[2048, 6144]",1052351068745054593,4.2776753161888337e-07
ruler_niah_multiquery_16k:0100,ruler_niah_multiquery_16k,6,20260926,gaussian_bf16_scalar_bracket_binary_v1,32,7,True,1.773918583225509e-05,1.773918583225509e-05,40,cuda:0,bfloat16,1.8055150974305434e-07,1.4257907354764399e-10,0.9992103135900079,True,32,24,float32,1.8033782112070185e-07,0.001183532736206948,True,1.8055150974305434e-07,False,0.001,80787e5a815d136d698ab631b1f723d9fd444b7f266bd1d14a417ff2ab983f1f,"[2048, 6144]",33915924387795821,1.8055150974305434e-07
ruler_niah_multiquery_16k:0100,ruler_niah_multiquery_16k,6,20260927,gaussian_bf16_scalar_bracket_binary_v1,32,7,True,1.864194338097036e-05,1.864194338097036e-05,40,cuda:0,bfloat16,1.8055150974305434e-07,1.7462298274040222e-10,0.9990328356545514,True,32,24,float32,1.797199615793943e-07,0.004605600722161971,True,1.8055150974305434e-07,False,0.001,e13657401e211cf4adc938158a21c9bcd40e8a7e2a01ca1b105b7cd79f242d91,"[2048, 6144]",7004882203316395252,1.8055150974305434e-07
ruler_niah_multiquery_16k:0100,ruler_niah_multiquery_16k,6,20260928,gaussian_bf16_scalar_bracket_binary_v1,32,7,True,1.8670154554367713e-05,1.8670153441539784e-05,40,cuda:0,bfloat16,1.8055150974305434e-07,1.7462298274040222e-10,0.9990328356545514,True,32,24,float32,1.801402476075964e-07,0.0022778105596747405,True,1.8055150974305434e-07,False,0.001,c4dab892f38757465d598fb49119590a479dc0e8a002b64abb3fb713b0bd0de6,"[2048, 6144]",4961480880792491846,1.8055150974305434e-07
ruler_niah_multiquery_16k:0100,ruler_niah_multiquery_16k,6,20260929,gaussian_bf16_scalar_bracket_binary_v1,8,7,True,1.7919737341998143e-05,1.7919737341998143e-05,16,cuda:0,bfloat16,1.8055150974305434e-07,1.3015628852475203e-10,0.9992791182488034,True,32,24,float32,1.8055963835195143e-07,4.502099654920358e-05,True,1.8055150974305434e-07,False,0.001,bf380bdeb13225f18dc7ccc4b7ca74d7873b08c40d4ab926fbd3929b8f2748ca,"[2048, 6144]",4555404074168755697,1.8055150974305434e-07
ruler_niah_multiquery_16k:0100,ruler_niah_multiquery_16k,6,20260930,gaussian_bf16_scalar_bracket_binary_v1,32,7,True,1.8230060249369018e-05,1.8230060249369018e-05,40,cuda:0,bfloat16,1.8055150974305434e-07,1.3015628852475203e-10,0.9992791182488034,True,32,24,float32,1.8026020143224741e-07,0.001613436028430287,True,1.8055150974305434e-07,False,0.001,26ac7294f8d765ff09921a454c008024ea8d37e7d45634fe12f2079891c860bf,"[2048, 6144]",2786728253591086591,1.8055150974305434e-07
ruler_niah_multiquery_16k:0129,ruler_niah_multiquery_16k,6,20260926,gaussian_bf16_scalar_bracket_binary_v1,32,7,True,1.712310105528303e-05,1.712310105528303e-05,40,cuda:0,bfloat16,1.7091055326545757e-07,1.3015628852475203e-10,0.9992384537640423,True,32,24,float32,1.710932338028215e-07,0.0010688663389918532,True,1.7091055326545757e-07,False,0.001,6f5e8a519ce1e7bbb28bcfee9e609d9577456aa430a39e065e4a6dca89cc46c1,"[2048, 6144]",8025003669149837243,1.7091055326545757e-07
ruler_niah_multiquery_16k:0129,ruler_niah_multiquery_16k,6,20260927,gaussian_bf16_scalar_bracket_binary_v1,9,7,True,1.800969955034759e-05,1.800969955034759e-05,17,cuda:0,bfloat16,1.7091055326545757e-07,5.820766091346741e-11,0.9996594261746783,True,32,24,float32,1.709325516685567e-07,0.00012871295937451487,True,1.7091055326545757e-07,False,0.001,b4b353c4924587047345a86b38c42f6f71bd2c2e4dde19e7aaabdddf2b212c15,"[2048, 6144]",3797471014536185604,1.7091055326545757e-07
ruler_niah_multiquery_16k:0129,ruler_niah_multiquery_16k,6,20260928,gaussian_bf16_scalar_bracket_binary_v1,10,7,True,1.7165828693599394e-05,1.7165828693599394e-05,18,cuda:0,bfloat16,1.7091055326545757e-07,2.3283064365386963e-10,0.9986377046987132,True,32,24,float32,1.7085081083223486e-07,0.0003495537992315637,True,1.7091055326545757e-07,False,0.001,80b94a78b9ed6848876a52bce0c0339269f79ff2890d516002107dc5941e390c,"[2048, 6144]",52154753067345992,1.7091055326545757e-07
ruler_niah_multiquery_16k:0129,ruler_niah_multiquery_16k,6,20260929,gaussian_bf16_scalar_bracket_binary_v1,32,7,True,1.697689241791922e-05,1.697689241791922e-05,40,cuda:0,bfloat16,1.7091055326545757e-07,1.4257907354764399e-10,0.9991657678778548,True,32,24,float32,1.7131117147073383e-07,0.0023440226341905354,True,1.7091055326545757e-07,False,0.001,9bb6176265d6839eef5a8bf7dd053b945864887bca22ccedcdb0cb720ffb2d69,"[2048, 6144]",1996809196168184734,1.7091055326545757e-07
ruler_niah_multiquery_16k:0129,ruler_niah_multiquery_16k,6,20260930,gaussian_bf16_scalar_bracket_binary_v1,32,7,True,1.7611130799177754e-05,1.761112974947256e-05,40,cuda:0,bfloat16,1.7091055326545757e-07,1.7462298274040222e-10,0.9989782785240349,True,32,24,float32,1.7176971311982925e-07,0.005026956135571331,True,1.7091055326545757e-07,False,0.001,83e722bb3990392152bee6738eb3f8a5ac26acf9d84e62c1c474d0ac40e886af,"[2048, 6144]",281231689253927201,1.7091055326545757e-07
ruler_niah_multiquery_16k:0131,ruler_niah_multiquery_16k,6,20260926,gaussian_bf16_scalar_bracket_binary_v1,7,7,True,1.8369750911517713e-05,1.8369749816595234e-05,15,cuda:0,bfloat16,1.7921708206358744e-07,1.3015628852475203e-10,0.999273750654647,True,32,24,float32,1.7936299911980313e-07,0.0008141916748980536,True,1.7921708206358744e-07,False,0.001,9533a973a4bb616f4480dab0892934a62439b399f9da7b869f099459195089fb,"[2048, 6144]",1527751012758806895,1.7921708206358744e-07
ruler_niah_multiquery_16k:0131,ruler_niah_multiquery_16k,6,20260927,gaussian_bf16_scalar_bracket_binary_v1,8,7,True,1.796651247687464e-05,1.7966510335099453e-05,16,cuda:0,bfloat16,1.7921708206358744e-07,1.3015628852475203e-10,0.999273750654647,True,32,24,float32,1.7928691420365794e-07,0.0003896511385322395,True,1.7921708206358744e-07,False,0.001,c5102cb01adf8facbd134cf0214873598f10dddbb0ec15126a56123f446dea6e,"[2048, 6144]",4976526723121123244,1.7921708206358744e-07
ruler_niah_multiquery_16k:0131,ruler_niah_multiquery_16k,6,20260928,gaussian_bf16_scalar_bracket_binary_v1,1,7,True,1.7204839878104394e-05,1.7204841929081133e-05,9,cuda:0,bfloat16,1.7921708206358744e-07,1.646361241780525e-10,0.9990813591970009,True,32,24,float32,1.7907952098994429e-07,0.0007675667523386403,True,1.7921708206358744e-07,False,0.001,801bde930040af42dc70a8b00c427792fc2e1312ce395e7b45c60fe9fc664c08,"[2048, 6144]",7844547316985666,1.7921708206358744e-07
ruler_niah_multiquery_16k:0131,ruler_niah_multiquery_16k,6,20260929,gaussian_bf16_scalar_bracket_binary_v1,32,7,True,1.8952206428224372e-05,1.8952206428224372e-05,40,cuda:0,bfloat16,1.7921708206358744e-07,0.0,1.0,True,32,24,float32,1.7946275931990385e-07,0.0013708361585155386,True,1.7921708206358744e-07,False,0.001,b96fecfa79df3ddd169d28ea8587b9e6813d7825f65726a8d31a93a6fda575c7,"[2048, 6144]",4138787143107427805,1.7921708206358744e-07
ruler_niah_multiquery_16k:0131,ruler_niah_multiquery_16k,6,20260930,gaussian_bf16_scalar_bracket_binary_v1,6,7,True,1.8459359452549506e-05,1.8459359452549506e-05,14,cuda:0,bfloat16,1.7921708206358744e-07,5.820766091346741e-11,0.9996752114238038,True,32,24,float32,1.7918443973030662e-07,0.00018213851550845627,True,1.7921708206358744e-07,False,0.001,9bf75cf7864f0cc88937272267ac23f431d0785020793eb97935f6a56e8d647c,"[2048, 6144]",2015181576451591368,1.7921708206358744e-07
ruler_niah_multiquery_16k:0147,ruler_niah_multiquery_16k,12,20260926,gaussian_bf16_scalar_bracket_binary_v1,10,7,True,1.627182365737667e-05,1.6271821717624134e-05,18,cuda:0,bfloat16,1.6061022733993013e-07,1.426254669922855e-10,0.9991119776781685,True,32,24,float32,1.607066764108822e-07,0.0006005163715255965,True,1.6061022733993013e-07,False,0.001,ec4e9c61d56713d2ff804c240815140bb49e6206590417ed208f3288f2c19440,"[2048, 6144]",7804347148285711314,1.6061022733993013e-07
ruler_niah_multiquery_16k:0147,ruler_niah_multiquery_16k,12,20260927,gaussian_bf16_scalar_bracket_binary_v1,8,7,True,1.650270085917782e-05,1.650270085917782e-05,16,cuda:0,bfloat16,1.6061022733993013e-07,1.2005330063402653e-10,0.999252517709349,True,32,24,float32,1.6064464603005035e-07,0.00021429949194563057,True,1.6061022733993013e-07,False,0.001,a8cc9995df2643fe1ad401b4fc3bcc06414f2295844e8432f649df4072f9c678,"[2048, 6144]",2939893525739095038,1.6061022733993013e-07
ruler_niah_multiquery_16k:0147,ruler_niah_multiquery_16k,12,20260928,gaussian_bf16_scalar_bracket_binary_v1,32,7,True,1.6939359914758256e-05,1.6939358905093726e-05,40,cuda:0,bfloat16,1.6061022733993013e-07,1.059395418612219e-10,0.9993403935501753,True,32,24,float32,1.5952281273712288e-07,0.006770519043633217,True,1.6061022733993013e-07,False,0.001,99a27f8d69558dffb2776e1eafa04313a37842cf400beecdc7ded093302c4e9e,"[2048, 6144]",1847179042509655551,1.6061022733993013e-07
ruler_niah_multiquery_16k:0147,ruler_niah_multiquery_16k,12,20260929,gaussian_bf16_scalar_bracket_binary_v1,32,7,True,1.603592738597115e-05,1.6035926430155394e-05,40,cuda:0,bfloat16,1.6061022733993013e-07,7.165987248036743e-11,0.9995538274637473,True,32,24,float32,1.6031343363920314e-07,0.001847912836203342,True,1.6061022733993013e-07,False,0.001,5599228a41d28f8728ef2f8e9b760d9370469cc85e5e7b70c63e1cc7b665f0c7,"[2048, 6144]",6167999141865754503,1.6061022733993013e-07
ruler_niah_multiquery_16k:0147,ruler_niah_multiquery_16k,12,20260930,gaussian_bf16_scalar_bracket_binary_v1,32,7,True,1.648262458076033e-05,1.648262458076033e-05,40,cuda:0,bfloat16,1.6061022733993013e-07,6.548361852765083e-11,0.9995922823869177,True,32,24,float32,1.6090626786535722e-07,0.0018432233758098168,True,1.6061022733993013e-07,False,0.001,768725dd6e475873dda265e8863de3004a5e6742b85f7584778c62861b859dc4,"[2048, 6144]",8540836851299604595,1.6061022733993013e-07
ruler_niah_multiquery_16k:0201,ruler_niah_multiquery_16k,0,20260926,gaussian_bf16_scalar_bracket_binary_v1,32,7,True,1.5067794663536915e-05,1.5067794663536915e-05,40,cuda:0,bfloat16,1.3059843695373274e-07,1.3182339941852916e-10,0.9989906203895439,True,32,24,float32,1.3045803370914655e-07,0.0010750759952505144,True,1.3059843695373274e-07,False,0.001,b53a1e9e2dc8db67f350763912b30e4dce1e87517c96c687d61c0f58fbfd878b,"[2048, 6144]",3835411697381202791,1.3059843695373274e-07
ruler_niah_multiquery_16k:0201,ruler_niah_multiquery_16k,0,20260927,gaussian_bf16_scalar_bracket_binary_v1,32,7,True,1.4410721277613447e-05,1.4410721277613447e-05,40,cuda:0,bfloat16,1.3059843695373274e-07,5.1577252885293134e-11,0.9996050699067435,True,32,24,float32,1.3031578305344738e-07,0.002164297727280641,True,1.3059843695373274e-07,False,0.001,bc7da0d833e37ad0240e088f4f48f2db1d34cb1ae7bdb3fcbd0f69a0a2772578,"[2048, 6144]",4358816864808434384,1.3059843695373274e-07
ruler_niah_multiquery_16k:0201,ruler_niah_multiquery_16k,0,20260928,gaussian_bf16_scalar_bracket_binary_v1,11,7,True,1.4696405358449738e-05,1.4696405358449738e-05,19,cuda:0,bfloat16,1.3059843695373274e-07,3.727819095078466e-11,0.9997145586745116,True,32,24,float32,1.306713102167123e-07,0.0005579949092757731,True,1.3059843695373274e-07,False,0.001,3cd066690d0dda545dc0fca10dccf3753c21380059ae2139eacd7c2d95ceee11,"[2048, 6144]",4382115038808103508,1.3059843695373274e-07
ruler_niah_multiquery_16k:0201,ruler_niah_multiquery_16k,0,20260929,gaussian_bf16_scalar_bracket_binary_v1,8,7,True,1.5051469858917699e-05,1.5051468961780184e-05,16,cuda:0,bfloat16,1.3059843695373274e-07,6.343033043254565e-11,0.9995143101869204,True,32,24,float32,1.3057133685379085e-07,0.0002075070772209242,True,1.3059843695373274e-07,False,0.001,fc690dec341dad8458356ad3cceabd28e1269b4587f96e32f3d9f2cad6dc046f,"[2048, 6144]",8964711841395486084,1.3059843695373274e-07
ruler_niah_multiquery_16k:0201,ruler_niah_multiquery_16k,0,20260930,gaussian_bf16_scalar_bracket_binary_v1,32,7,True,1.48555722034871e-05,1.48555722034871e-05,40,cuda:0,bfloat16,1.3059843695373274e-07,6.668525454056606e-11,0.9994893870394161,True,32,24,float32,1.307290773411296e-07,0.0010003212170382571,True,1.3059843695373274e-07,False,0.001,bbc3d4625fdb5441a9b0d116271282a90dd8742f95445f10849dbe58044ed94e,"[2048, 6144]",4306519187676419137,1.3059843695373274e-07
ruler_niah_multiquery_16k:0201,ruler_niah_multiquery_16k,6,20260926,gaussian_bf16_scalar_bracket_binary_v1,32,7,True,1.796651247687464e-05,1.796651247687464e-05,40,cuda:0,bfloat16,1.7921708206358744e-07,1.3015628852475203e-10,0.999273750654647,True,32,24,float32,1.7994433676449262e-07,0.004057954144388662,True,1.7921708206358744e-07,False,0.001,6b4345193ab70f98d1f937e73fb8dac4b839a4f44f7709f40a19e615976d6bc6,"[2048, 6144]",7729097360159477656,1.7921708206358744e-07
ruler_niah_multiquery_16k:0201,ruler_niah_multiquery_16k,6,20260927,gaussian_bf16_scalar_bracket_binary_v1,7,7,True,1.8728185075644888e-05,1.872818284307125e-05,15,cuda:0,bfloat16,1.7921708206358744e-07,1.3015628852475203e-10,0.999273750654647,True,32,24,float32,1.792579809034578e-07,0.00022820837946597178,True,1.7921708206358744e-07,False,0.001,408e1a169f89a695299e560076487971977e20d40f8853df0cc437c7e33e731c,"[2048, 6144]",4651684149588502165,1.7921708206358744e-07
ruler_niah_multiquery_16k:0201,ruler_niah_multiquery_16k,6,20260928,gaussian_bf16_scalar_bracket_binary_v1,8,7,True,1.841455518203361e-05,1.841455518203361e-05,16,cuda:0,bfloat16,1.7921708206358744e-07,2.9103830456733704e-11,0.9998376057119019,True,32,24,float32,1.7939431984359544e-07,0.000988955840409868,True,1.7921708206358744e-07,False,0.001,16a799adefb7e1cc498aa616dc45e5b8aaa1dc83bbf38dca61e5a0a159a34a15,"[2048, 6144]",1632442362275291596,1.7921708206358744e-07
ruler_niah_multiquery_16k:0201,ruler_niah_multiquery_16k,6,20260929,gaussian_bf16_scalar_bracket_binary_v1,3,7,True,1.8638576534613094e-05,1.863857542366736e-05,11,cuda:0,bfloat16,1.7921708206358744e-07,1.671887767118463e-10,0.9990671158419345,True,32,24,float32,1.7933889751020615e-07,0.0006797089050668208,True,1.7921708206358744e-07,False,0.001,d099ec84df3a06820e06e33073a4887bcf637f3b07da355856350adf92273c69,"[2048, 6144]",5807933249895925378,1.7921708206358744e-07
ruler_niah_multiquery_16k:0201,ruler_niah_multiquery_16k,6,20260930,gaussian_bf16_scalar_bracket_binary_v1,32,7,True,1.796651247687464e-05,1.7966511405987047e-05,40,cuda:0,bfloat16,1.7921708206358744e-07,1.1999816418306608e-10,0.9993304312133567,True,32,24,float32,1.7898879889344244e-07,0.001273780197269413,True,1.7921708206358744e-07,False,0.001,0bc46577b730d554703eb83278791b9539dbcac03ba81b3245541fe40b3ec46e,"[2048, 6144]",847914194701440340,1.7921708206358744e-07
ruler_niah_multiquery_16k:0201,ruler_niah_multiquery_16k,12,20260926,gaussian_bf16_scalar_bracket_binary_v1,7,7,True,1.694437898436263e-05,1.694437898436263e-05,15,cuda:0,bfloat16,1.6061022733993013e-07,1.3342010829475726e-10,0.9991692925755445,True,32,24,float32,1.6057938978519815e-07,0.00019200243498018925,True,1.6061022733993013e-07,False,0.001,221fa6f52aeda8bd1e8b0ff5999f4ae45f56932873f02316bbb640cf42589bd9,"[2048, 6144]",2458867493484996797,1.6061022733993013e-07
ruler_niah_multiquery_16k:0201,ruler_niah_multiquery_16k,12,20260927,gaussian_bf16_scalar_bracket_binary_v1,11,7,True,1.6457529232738466e-05,1.6457529232738466e-05,19,cuda:0,bfloat16,1.6061022733993013e-07,1.5689771704074928e-10,0.9990231150304727,True,32,24,float32,1.6076093345418485e-07,0.0009383344806289894,True,1.6061022733993013e-07,False,0.001,2ed543c773b2241f5eebec4d021fb46957beb7108f1c45ad5c802d978b386ca2,"[2048, 6144]",3374678019702662175,1.6061022733993013e-07
ruler_niah_multiquery_16k:0201,ruler_niah_multiquery_16k,12,20260928,gaussian_bf16_scalar_bracket_binary_v1,14,7,True,1.7370372517033772e-05,1.7370372517033772e-05,22,cuda:0,bfloat16,1.6061022733993013e-07,1.7233424409734965e-10,0.9989270032989082,True,32,24,float32,1.6074729103365826e-07,0.0008533933112368319,True,1.6061022733993013e-07,False,0.001,ea3b263afe4a4a0d02b1f07d8b76ff5974dab9e4fae6c99459d538fda64460ac,"[2048, 6144]",7654754026462530061,1.6061022733993013e-07
ruler_niah_multiquery_16k:0201,ruler_niah_multiquery_16k,12,20260929,gaussian_bf16_scalar_bracket_binary_v1,7,7,True,1.5820107392983118e-05,1.5820107392983118e-05,15,cuda:0,bfloat16,1.6061022733993013e-07,1.4276459181505885e-10,0.9991111114517452,True,32,24,float32,1.6057217067100282e-07,0.0002369504704502059,True,1.6061022733993013e-07,False,0.001,aa11b527e4faa5d915d1b438e02d03046f7b7627aa0b7434227255e9fc933ca7,"[2048, 6144]",3031403207147038169,1.6061022733993013e-07
ruler_niah_multiquery_16k:0201,ruler_niah_multiquery_16k,12,20260930,gaussian_bf16_scalar_bracket_binary_v1,5,7,True,1.6382243188672874e-05,1.6382243188672874e-05,13,cuda:0,bfloat16,1.6061022733993013e-07,1.5370191230879016e-10,0.9990430129210671,True,32,24,float32,1.604525863285744e-07,0.000981512908403336,True,1.6061022733993013e-07,False,0.001,6ff2e501e49cf20a47b20367ca08bc007568213dd8c387363568ac3e89fd37ed,"[2048, 6144]",8066761678867198474,1.6061022733993013e-07
ruler_niah_multiquery_16k:0201,ruler_niah_multiquery_16k,18,20260926,gaussian_bf16_scalar_bracket_binary_v1,32,7,True,1.624029831326368e-05,1.624029831326368e-05,40,cuda:0,bfloat16,1.6020022997054184e-07,8.731149137020111e-11,0.9994549852307562,True,32,24,float32,1.5986051948857494e-07,0.002120536793420153,True,1.6020022997054184e-07,False,0.001,23ae58e417072c30c03f61404b8be2e56a95849b186f42832b14a58e25966605,"[2048, 6144]",2571090173937265712,1.6020022997054184e-07
ruler_niah_multiquery_16k:0201,ruler_niah_multiquery_16k,18,20260927,gaussian_bf16_scalar_bracket_binary_v1,32,7,True,1.702127443437007e-05,1.7021273419823053e-05,40,cuda:0,bfloat16,1.6020022997054184e-07,1.540029909152807e-10,0.9990386843330774,True,32,24,float32,1.5999719948922575e-07,0.0012673544935199216,True,1.6020022997054184e-07,False,0.001,65efc878cff36f5f8a3bfd25a7303e031878ac43326cbe514dc027c748d3f7c7,"[2048, 6144]",7345309938475036511,1.6020022997054184e-07
ruler_niah_multiquery_16k:0201,ruler_niah_multiquery_16k,18,20260928,gaussian_bf16_scalar_bracket_binary_v1,10,7,True,1.651063620133897e-05,1.6510635217228362e-05,18,cuda:0,bfloat16,1.6020022997054184e-07,1.3015628852475203e-10,0.9991875399395576,True,32,24,float32,1.601083852165175e-07,0.0005733122483109998,True,1.6020022997054184e-07,False,0.001,268a26aa8103f374a01d33360a6f73f7bbceef05eed749152e88cbd5a68d84cd,"[2048, 6144]",2777074633978147700,1.6020022997054184e-07
ruler_niah_multiquery_16k:0201,ruler_niah_multiquery_16k,18,20260929,gaussian_bf16_scalar_bracket_binary_v1,32,7,True,1.637671882159797e-05,1.6376717845469462e-05,40,cuda:0,bfloat16,1.6020022997054184e-07,1.540029909152807e-10,0.9990386843330774,True,32,24,float32,1.6055403762038623e-07,0.0022085339697043107,True,1.6020022997054184e-07,False,0.001,34bd2d166f25dc6fae9ecc882a4d25b842c60915c810432fd7904a794676ccfa,"[2048, 6144]",3800243234947849327,1.6020022997054184e-07
ruler_niah_multiquery_16k:0201,ruler_niah_multiquery_16k,18,20260930,gaussian_bf16_scalar_bracket_binary_v1,7,7,True,1.658072380195108e-05,1.6580722813662928e-05,15,cuda:0,bfloat16,1.6020022997054184e-07,1.1999816418306608e-10,0.9992509488643985,True,32,24,float32,1.6004459268970095e-07,0.0009715172123630001,True,1.6020022997054184e-07,False,0.001,a33f39392a9e03fa4cf2fd0e1392e40c94fd66ace7e503105e0b7e77545f302a,"[2048, 6144]",2539811632551166970,1.6020022997054184e-07
ruler_niah_multiquery_16k:0201,ruler_niah_multiquery_16k,24,20260926,gaussian_bf16_scalar_bracket_binary_v1,32,7,True,3.3793634997891786e-05,3.3793632983634176e-05,40,cuda:0,bfloat16,4.2776753161888337e-07,3.540633897181067e-10,0.9991722995235797,True,32,24,float32,4.2826593471545493e-07,0.001165126054998521,True,4.2776753161888337e-07,False,0.001,1ec043292cd58b8abaab47ccf3b405f47228258a7cf890bfa4bb364f65fce4d5,"[2048, 6144]",2215844860791196554,4.2776753161888337e-07
ruler_niah_multiquery_16k:0201,ruler_niah_multiquery_16k,24,20260927,gaussian_bf16_scalar_bracket_binary_v1,6,7,True,3.293809993465402e-05,3.293809993465402e-05,14,cuda:0,bfloat16,4.2776753161888337e-07,6.402842700481415e-10,0.9985031957249654,True,32,24,float32,4.2811191747205157e-07,0.0008050771218303535,True,4.2776753161888337e-07,False,0.001,116f278e68f3ba96af794323074e142e2b69e1ffe3482644d90c0041b9e3fe90,"[2048, 6144]",1256266313659300502,4.2776753161888337e-07
ruler_niah_multiquery_16k:0201,ruler_niah_multiquery_16k,24,20260928,gaussian_bf16_scalar_bracket_binary_v1,14,7,True,3.149939741620145e-05,3.149939366118066e-05,22,cuda:0,bfloat16,4.2776753161888337e-07,6.296121402016297e-10,0.9985281441585366,True,32,24,float32,4.275315461654827e-07,0.0005516675202242655,True,4.2776753161888337e-07,False,0.001,85db5397c358dff227054719e94d7129fb146a3bbcbc06a1fe900d909e56cac2,"[2048, 6144]",422022901371822066,4.2776753161888337e-07
ruler_niah_multiquery_16k:0201,ruler_niah_multiquery_16k,24,20260929,gaussian_bf16_scalar_bracket_binary_v1,32,7,True,3.237268650296832e-05,3.237268650296832e-05,40,cuda:0,bfloat16,4.2776753161888337e-07,6.187559353776351e-10,0.998553522907557,True,32,24,float32,4.2825473656193935e-07,0.0011389479262536866,True,4.2776753161888337e-07,False,0.001,06c62e9fd7f70e7a6198a1fd76c01d0367f4d346fa848fb947954f3b4327e332,"[2048, 6144]",488128873674247802,4.2776753161888337e-07
ruler_niah_multiquery_16k:0201,ruler_niah_multiquery_16k,24,20260930,gaussian_bf16_scalar_bracket_binary_v1,32,7,True,3.227973896802183e-05,3.2279737043999455e-05,40,cuda:0,bfloat16,4.2776753161888337e-07,3.8610595276544757e-10,0.9990973930365771,True,32,24,float32,4.2730533778012614e-07,0.0010804790092601476,True,4.2776753161888337e-07,False,0.001,ddd07331106573039b5d8aa9190cfc490b87322cfc3b8665d390fad5c6a9804a,"[2048, 6144]",6760029695248790275,4.2776753161888337e-07
ruler_niah_multiquery_16k:0381,ruler_niah_multiquery_16k,18,20260926,gaussian_bf16_scalar_bracket_binary_v1,12,7,True,1.6518145587118838e-05,1.6518145587118838e-05,20,cuda:0,bfloat16,1.6020022997054184e-07,1.4840099982205146e-10,0.999073653016295,True,32,24,float32,1.6011151160455483e-07,0.0005537967455060454,True,1.6020022997054184e-07,False,0.001,85a55c96fbfcf16e17d6de30d23540bcec17df39b3a6ba2398452962592fb184,"[2048, 6144]",406833144889405806,1.6020022997054184e-07
ruler_niah_multiquery_16k:0381,ruler_niah_multiquery_16k,18,20260927,gaussian_bf16_scalar_bracket_binary_v1,10,7,True,1.651063620133897e-05,1.6510635217228362e-05,18,cuda:0,bfloat16,1.6020022997054184e-07,2.118790837224438e-10,0.998677410864133,True,32,24,float32,1.6031781058245542e-07,0.0007339603191281467,True,1.6020022997054184e-07,False,0.001,323bf6c4ec45214cf2d3c4770bd777d1d75781de57db381f4d65c35d75045c64,"[2048, 6144]",3619758051160301900,1.6020022997054184e-07
ruler_niah_multiquery_16k:0381,ruler_niah_multiquery_16k,18,20260928,gaussian_bf16_scalar_bracket_binary_v1,32,7,True,1.7421775009296425e-05,1.7421775009296425e-05,40,cuda:0,bfloat16,1.6020022997054184e-07,1.4551915228366852e-10,0.9990916420512603,True,32,24,float32,1.6045018469412753e-07,0.0015602644492561,True,1.6020022997054184e-07,False,0.001,5ab47511d33c9046f02023b277a8831954042a07561c58f189036e2d0d0965ef,"[2048, 6144]",6535977678640287814,1.6020022997054184e-07
ruler_niah_multiquery_16k:0381,ruler_niah_multiquery_16k,18,20260929,gaussian_bf16_scalar_bracket_binary_v1,32,7,True,1.607008556891998e-05,1.607008556891998e-05,40,cuda:0,bfloat16,1.6020022997054184e-07,1.4551915228366852e-10,0.9990916420512603,True,32,24,float32,1.6047201256697008e-07,0.001696518141567054,True,1.6020022997054184e-07,False,0.001,76bff5866580b25e45472f470ed9e8e434ce3f1db32b853e63c0c960ecd833fd,"[2048, 6144]",8556827774604587614,1.6020022997054184e-07
ruler_niah_multiquery_16k:0381,ruler_niah_multiquery_16k,18,20260930,gaussian_bf16_scalar_bracket_binary_v1,7,7,True,1.6740924031921622e-05,1.6740924031921622e-05,15,cuda:0,bfloat16,1.6020022997054184e-07,1.4257907354764399e-10,0.9991099945763258,True,32,24,float32,1.600617594021969e-07,0.0008643593605976144,True,1.6020022997054184e-07,False,0.001,7f58e133af5a8f9248dc1e96131c57fd2ac84d8769050f6e3f6034343723172d,"[2048, 6144]",9176331852868915090,1.6020022997054184e-07
ruler_niah_multiquery_16k:0404,ruler_niah_multiquery_16k,24,20260926,gaussian_bf16_scalar_bracket_binary_v1,32,7,True,3.3526280290629984e-05,3.352627829230796e-05,40,cuda:0,bfloat16,4.2776753161888337e-07,9.203439121918677e-10,0.9978484951657999,True,32,24,float32,4.272986871001194e-07,0.0010960264258243386,True,4.2776753161888337e-07,False,0.001,75cd7fa6a9e3d7bb7934777e941adf3b67e040c2a4f5ba4778248e1df98b623f,"[2048, 6144]",8488581226454833083,4.2776753161888337e-07
ruler_niah_multiquery_16k:0404,ruler_niah_multiquery_16k,24,20260927,gaussian_bf16_scalar_bracket_binary_v1,32,7,True,3.1728319884294365e-05,3.1728319884294365e-05,40,cuda:0,bfloat16,4.2776753161888337e-07,4.799926567322643e-10,0.9988779123676925,True,32,24,float32,4.2937463717862556e-07,0.0037569601265905208,True,4.2776753161888337e-07,False,0.001,921ecea173c3d2b05679cfff8b5b0cd35f716bb860a0b65d25de82ec985eb2a3,"[2048, 6144]",1305708134811292336,4.2776753161888337e-07
ruler_niah_multiquery_16k:0404,ruler_niah_multiquery_16k,24,20260928,gaussian_bf16_scalar_bracket_binary_v1,8,7,True,3.2189506754320973e-05,3.2189506754320973e-05,16,cuda:0,bfloat16,4.2776753161888337e-07,3.540633897181067e-10,0.9991722995235797,True,32,24,float32,4.280335019757331e-07,0.0006217637786653832,True,4.2776753161888337e-07,False,0.001,967c3d1f040bec1760b2a9ada5e1f69582813c11f7b94a1e2075e0438a1c878b,"[2048, 6144]",1620237169367706647,4.2776753161888337e-07
ruler_niah_multiquery_16k:0404,ruler_niah_multiquery_16k,24,20260929,gaussian_bf16_scalar_bracket_binary_v1,7,7,True,3.272421616884458e-05,3.2724214218329294e-05,15,cuda:0,bfloat16,4.2776753161888337e-07,6.712834732525153e-10,0.9984307283193934,True,32,24,float32,4.2748408191073395e-07,0.0006626255786097314,True,4.2776753161888337e-07,False,0.001,fc03f58f37c68d7211a2965e38c5525b3bfe1662e0488b326ec4124ea60ccae5,"[2048, 6144]",8936256081098083698,4.2776753161888337e-07
ruler_niah_multiquery_16k:0404,ruler_niah_multiquery_16k,24,20260930,gaussian_bf16_scalar_bracket_binary_v1,32,7,True,3.328566105409436e-05,3.328566105409436e-05,40,cuda:0,bfloat16,4.2776753161888337e-07,5.643442380076635e-10,0.9986807221299103,True,32,24,float32,4.290856168154278e-07,0.003081311925559501,True,4.2776753161888337e-07,False,0.001,b825fbe85f4ed8eebc280edb7dfd6f5518c0ce23f8245cb2898f98490e22ddd1,"[2048, 6144]",4045916815712245998,4.2776753161888337e-07
ruler_niah_multiquery_16k:0454,ruler_niah_multiquery_16k,0,20260926,gaussian_bf16_scalar_bracket_binary_v1,5,7,True,1.4888221812725533e-05,1.4888221812725533e-05,13,cuda:0,bfloat16,1.3059843695373274e-07,7.708739202527681e-11,0.9994097372539567,True,32,24,float32,1.3054899739017856e-07,0.00037856167889438664,True,1.3059843695373274e-07,False,0.001,5892e5c0a51fa212955fff631e7cf0746e410369b74f4f060517bcda2ed39a1e,"[2048, 6144]",6382416237504209426,1.3059843695373274e-07
ruler_niah_multiquery_16k:0454,ruler_niah_multiquery_16k,0,20260927,gaussian_bf16_scalar_bracket_binary_v1,5,7,True,1.4888221812725533e-05,1.4888221812725533e-05,13,cuda:0,bfloat16,1.3059843695373274e-07,5.259364818654966e-11,0.9995972873074647,True,32,24,float32,1.3068506632407662e-07,0.0006633262416039611,True,1.3059843695373274e-07,False,0.001,706809e1fa8ad2c63b084303295e67d50499d7083fb9c72bfe91fd4f2740d67f,"[2048, 6144]",8099734796001530566,1.3059843695373274e-07
ruler_niah_multiquery_16k:0454,ruler_niah_multiquery_16k,0,20260928,gaussian_bf16_scalar_bracket_binary_v1,32,7,True,1.4096468788693528e-05,1.4096468788693528e-05,40,cuda:0,bfloat16,1.3059843695373274e-07,3.334262727028303e-11,0.9997446935197081,True,32,24,float32,1.308938948341165e-07,0.0022623385644993366,True,1.3059843695373274e-07,False,0.001,af6e488d275f930c9fdaeaba030dbcd322231e340c607b72c7f2f8255644bcc0,"[2048, 6144]",3417748938308948748,1.3059843695373274e-07
ruler_niah_multiquery_16k:0454,ruler_niah_multiquery_16k,0,20260929,gaussian_bf16_scalar_bracket_binary_v1,6,7,True,1.528001712358673e-05,1.528001712358673e-05,14,cuda:0,bfloat16,1.3059843695373274e-07,8.859057237797785e-11,0.9993216567177649,True,32,24,float32,1.3071135640529974e-07,0.0008646309573138247,True,1.3059843695373274e-07,False,0.001,00609d6fdad041cd51b544a68b90d5c809db884f95989535512a27036c807999,"[2048, 6144]",27194701502235085,1.3059843695373274e-07
ruler_niah_multiquery_16k:0454,ruler_niah_multiquery_16k,0,20260930,gaussian_bf16_scalar_bracket_binary_v1,32,7,True,1.4912709019654358e-05,1.4912708130787634e-05,40,cuda:0,bfloat16,1.3059843695373274e-07,9.788799631982315e-11,0.9992504657896135,True,32,24,float32,1.3081884731036553e-07,0.0016876952111675586,True,1.3059843695373274e-07,False,0.001,eeb12684ba568ce9c540885b383f6db34e4fc6c60bc8fa0b82f4c58fa81ebd04,"[2048, 6144]",7976198766553631977,1.3059843695373274e-07
ruler_niah_multivalue_16k:0060,ruler_niah_multivalue_16k,18,20260926,gaussian_bf16_scalar_bracket_binary_v1,7,7,True,1.7061324491862706e-05,1.7061324491862706e-05,15,cuda:0,bfloat16,1.6020022997054184e-07,1.646361241780525e-10,0.9989723103131105,True,32,24,float32,1.6009853709419986e-07,0.000634786082146606,True,1.6020022997054184e-07,False,0.001,edbaa362568d954d84d717942cc5a662e6b35ae4772392747765531e33c38a9e,"[2048, 6144]",7906811738556568909,1.6020022997054184e-07
ruler_niah_multivalue_16k:0060,ruler_niah_multivalue_16k,18,20260927,gaussian_bf16_scalar_bracket_binary_v1,32,7,True,1.668084894568267e-05,1.668084894568267e-05,40,cuda:0,bfloat16,1.6020022997054184e-07,1.4257907354764399e-10,0.9991099945763258,True,32,24,float32,1.6046563189320295e-07,0.001656688774478761,True,1.6020022997054184e-07,False,0.001,384620a184207f21917a9b71f3ee7abd7b78f452b4eeb4a32a5194f2bf1421fd,"[2048, 6144]",4054964392572256033,1.6020022997054184e-07
ruler_niah_multivalue_16k:0060,ruler_niah_multivalue_16k,18,20260928,gaussian_bf16_scalar_bracket_binary_v1,5,7,True,1.6340423456995268e-05,1.6340423456995268e-05,13,cuda:0,bfloat16,1.6020022997054184e-07,8.731149137020111e-11,0.9994549852307562,True,32,24,float32,1.6020531745652988e-07,3.175704547351662e-05,True,1.6020022997054184e-07,False,0.001,5ad79239579b0d81299981a637147e2c096e9f5f825548fdc8d094ea25958c5b,"[2048, 6144]",6545861358386875777,1.6020022997054184e-07
ruler_niah_multivalue_16k:0060,ruler_niah_multivalue_16k,18,20260929,gaussian_bf16_scalar_bracket_binary_v1,32,7,True,1.622277641311065e-05,1.622277641311065e-05,40,cuda:0,bfloat16,1.6020022997054184e-07,1.3337050908113213e-10,0.9991674761696306,True,32,24,float32,1.6001227720607858e-07,0.0011732365459014827,True,1.6020022997054184e-07,False,0.001,6fafcbb572d88af802596969db6e59c19d8cd0e778abf0a9cafbd45e47f01b37,"[2048, 6144]",8047875039310678776,1.6020022997054184e-07
ruler_niah_multivalue_16k:0060,ruler_niah_multivalue_16k,18,20260930,gaussian_bf16_scalar_bracket_binary_v1,32,7,True,1.6494365865482585e-05,1.6494365865482585e-05,40,cuda:0,bfloat16,1.6020022997054184e-07,1.8635544496437007e-10,0.9988367342231741,True,32,24,float32,1.5984679180292005e-07,0.002206227592100089,True,1.6020022997054184e-07,False,0.001,29f78eabf48c7657003bbf3355a21c14c76f8fdbd20465eca3508a329ade9871,"[2048, 6144]",3024042543995975255,1.6020022997054184e-07
ruler_niah_multivalue_16k:0144,ruler_niah_multivalue_16k,18,20260926,gaussian_bf16_scalar_bracket_binary_v1,32,7,True,1.7682100382998556e-05,1.7682099329063242e-05,40,cuda:0,bfloat16,1.6020022997054184e-07,2.9103830456733704e-11,0.9998183284102521,True,32,24,float32,1.6094180921299994e-07,0.004629077265335171,True,1.6020022997054184e-07,False,0.001,db5eeef9158c14d44dd0042fc4d343e681065ddef749935230b82a51e53e87e6,"[2048, 6144]",6583962458838013140,1.6020022997054184e-07
ruler_niah_multivalue_16k:0144,ruler_niah_multivalue_16k,18,20260927,gaussian_bf16_scalar_bracket_binary_v1,10,7,True,1.6831036661280052e-05,1.6831036661280052e-05,18,cuda:0,bfloat16,1.6020022997054184e-07,1.9305297638272378e-10,0.9987949269709648,True,32,24,float32,1.6005205338842643e-07,0.0009249461261239045,True,1.6020022997054184e-07,False,0.001,8915c5d828c381f24b489c5e43009605f8f612fe943f76fd46e9f256bd0f1020,"[2048, 6144]",654646853039784434,1.6020022997054184e-07
ruler_niah_multivalue_16k:0144,ruler_niah_multivalue_16k,18,20260928,gaussian_bf16_scalar_bracket_binary_v1,32,7,True,1.64055048004208e-05,1.64055048004208e-05,40,cuda:0,bfloat16,1.6020022997054184e-07,2.417545608146554e-10,0.998490922510791,True,32,24,float32,1.599935899321281e-07,0.0012898860285765507,True,1.6020022997054184e-07,False,0.001,5a93fb6139caaf36f90496bf2e5c40dfe9f3b398cb0559028b1942acaf185e75,"[2048, 6144]",6526836679989964598,1.6020022997054184e-07
ruler_niah_multivalue_16k:0144,ruler_niah_multivalue_16k,18,20260929,gaussian_bf16_scalar_bracket_binary_v1,32,7,True,1.6919584835267676e-05,1.6919583826781833e-05,40,cuda:0,bfloat16,1.6020022997054184e-07,1.540029909152807e-10,0.9990386843330774,True,32,24,float32,1.6036996441926021e-07,0.0010595143886471578,True,1.6020022997054184e-07,False,0.001,e32c75eaf41a4d73b0145a70cd73a8dbef5c44361b13f30f01e0fd39d9b633c0,"[2048, 6144]",7146216360708296051,1.6020022997054184e-07
ruler_niah_multivalue_16k:0144,ruler_niah_multivalue_16k,18,20260930,gaussian_bf16_scalar_bracket_binary_v1,7,7,True,1.6100123112039455e-05,1.6100122152397336e-05,15,cuda:0,bfloat16,1.6020022997054184e-07,1.4257907354764399e-10,0.9991099945763258,True,32,24,float32,1.601328847300465e-07,0.000420381671784903,True,1.6020022997054184e-07,False,0.001,f83a61354d183bbe5bfbfa348f90a3de09e6425cbdc8b5259e114e7c0520bfe7,"[2048, 6144]",8663343714755165118,1.6020022997054184e-07
ruler_niah_multivalue_16k:0192,ruler_niah_multivalue_16k,24,20260926,gaussian_bf16_scalar_bracket_binary_v1,10,7,True,3.2855060991821006e-05,3.2855060991821006e-05,18,cuda:0,bfloat16,4.2842785319407994e-07,3.8610595276544757e-10,0.9990987841946155,True,32,24,float32,4.2834278701775474e-07,0.0001985542622660992,True,4.2842785319407994e-07,False,0.001,07929bec078b5b51ae0c2e1de4586de1e1a776e06690ac077d2d7e420f421903,"[2048, 6144]",545669942906411857,4.2842785319407994e-07
ruler_niah_multivalue_16k:0192,ruler_niah_multivalue_16k,24,20260927,gaussian_bf16_scalar_bracket_binary_v1,7,7,True,3.2774730769347116e-05,3.2774730769347116e-05,15,cuda:0,bfloat16,4.2842785319407994e-07,2.6674101816226425e-10,0.999377395712782,True,32,24,float32,4.2849384840337734e-07,0.0001540404266561585,True,4.2842785319407994e-07,False,0.001,e3e25d52eceb6a4a219e63dad8af7a825031e1eda9f917a9578b3559a62bc8e4,"[2048, 6144]",7197417765235026506,4.2842785319407994e-07
ruler_niah_multivalue_16k:0192,ruler_niah_multivalue_16k,24,20260928,gaussian_bf16_scalar_bracket_binary_v1,5,7,True,3.3417372549138236e-05,3.3417372549138236e-05,13,cuda:0,bfloat16,4.2842785319407994e-07,4.728812896814816e-10,0.9988962405544924,True,32,24,float32,4.280092298358795e-07,0.0009771151783886987,True,4.2842785319407994e-07,False,0.001,10954afe23b360fc9c51915c5cc199fa3c7de0c7e1da5dd8145672bae33b7a9d,"[2048, 6144]",1194943731517841660,4.2842785319407994e-07
ruler_niah_multivalue_16k:0192,ruler_niah_multivalue_16k,24,20260929,gaussian_bf16_scalar_bracket_binary_v1,32,7,True,3.2105312248731366e-05,3.2105312248731366e-05,40,cuda:0,bfloat16,4.2842785319407994e-07,6.984919309616089e-10,0.9983696393085695,True,32,24,float32,4.3013332629016077e-07,0.003980770819091062,True,4.2842785319407994e-07,False,0.001,b82d9ba1b7bc20cdc24c67a65f0a470ce8d54a928d9cf10e250558bff7902b32,"[2048, 6144]",4048062758950543565,4.2842785319407994e-07
ruler_niah_multivalue_16k:0192,ruler_niah_multivalue_16k,24,20260930,gaussian_bf16_scalar_bracket_binary_v1,9,7,True,3.2828284250996376e-05,3.2828280337559933e-05,17,cuda:0,bfloat16,4.2842785319407994e-07,5.00721242246982e-10,0.9988312588957186,True,32,24,float32,4.288114610062621e-07,0.0008953848572688075,True,4.2842785319407994e-07,False,0.001,56825b19e0c279b483a6a574e92de62c661962796a5b8ca825f9e0f735314ac0,"[2048, 6144]",6233645000937339316,4.2842785319407994e-07
ruler_niah_multivalue_16k:0245,ruler_niah_multivalue_16k,6,20260926,gaussian_bf16_scalar_bracket_binary_v1,10,7,True,1.7552072974602595e-05,1.755207192841752e-05,18,cuda:0,bfloat16,1.7921708206358744e-07,1.646361241780525e-10,0.9990813591970009,True,32,24,float32,1.791850650079141e-07,0.00017864957572509882,True,1.7921708206358744e-07,False,0.001,fb80eaf03536894e7854d7895a0f6756423b62c60818261e1f257dc87de3ac39,"[2048, 6144]",8899371181089917262,1.7921708206358744e-07
ruler_niah_multivalue_16k:0245,ruler_niah_multivalue_16k,6,20260927,gaussian_bf16_scalar_bracket_binary_v1,7,7,True,1.7652882583263363e-05,1.7652882583263363e-05,15,cuda:0,bfloat16,1.7921708206358744e-07,1.7703169485905335e-10,0.9990121940787082,True,32,24,float32,1.7911052907493286e-07,0.0005945470567185046,True,1.7921708206358744e-07,False,0.001,9337413e456b4888f73fb66e0c28eda2ed8e9603930f7eead23fc554e8af19a1,"[2048, 6144]",1384647146148153480,1.7921708206358744e-07
ruler_niah_multivalue_16k:0245,ruler_niah_multivalue_16k,6,20260928,gaussian_bf16_scalar_bracket_binary_v1,10,7,True,1.835854984388874e-05,1.8358548749633898e-05,18,cuda:0,bfloat16,1.7921708206358744e-07,2.346425831412091e-10,0.9986907353895096,True,32,24,float32,1.7937301777237735e-07,0.0008700940055177583,True,1.7921708206358744e-07,False,0.001,b4e5928620dffac499c95c60b0eebe012ae6163212590a7ec55168848e469d54,"[2048, 6144]",3811613764413815492,1.7921708206358744e-07
ruler_niah_multivalue_16k:0245,ruler_niah_multivalue_16k,6,20260929,gaussian_bf16_scalar_bracket_binary_v1,7,7,True,1.8011316747390538e-05,1.8011316747390538e-05,15,cuda:0,bfloat16,1.7921708206358744e-07,1.1641532182693481e-10,0.9993504228476077,True,32,24,float32,1.7921540518273105e-07,9.356702146276813e-06,True,1.7921708206358744e-07,False,0.001,bc7cf81c041dddb8ca8b839be7090b278170e65188980c029c0e209bb365fc32,"[2048, 6144]",4358631338599636408,1.7921708206358744e-07
ruler_niah_multivalue_16k:0245,ruler_niah_multivalue_16k,6,20260930,gaussian_bf16_scalar_bracket_binary_v1,32,7,True,1.7708887921408234e-05,1.770888686587626e-05,40,cuda:0,bfloat16,1.7921708206358744e-07,6.507814426237601e-11,0.9996368753273235,True,32,24,float32,1.7816422825944755e-07,0.005874740242486073,True,1.7921708206358744e-07,False,0.001,76d05c652fbf7f9c1c38f9bfa140f196ebcd852c884f3323df6e63002746930b,"[2048, 6144]",8561444481293844380,1.7921708206358744e-07
ruler_niah_multivalue_16k:0266,ruler_niah_multivalue_16k,24,20260926,gaussian_bf16_scalar_bracket_binary_v1,11,6,True,4.5135773694582326e-05,4.513577100428057e-05,18,cuda:0,bfloat16,7.116751703506452e-07,1.1135781186055738e-09,0.9984352719260152,True,32,24,float32,7.113403057701362e-07,0.0004705300879670017,True,7.116751703506452e-07,False,0.001,590c7e14ade9262f81428cc0c2aa6f8ee3ce203ab7012dd798c367cb89a57516,"[2048, 6144]",6416642196378297903,7.116751703506452e-07
ruler_niah_multivalue_16k:0266,ruler_niah_multivalue_16k,24,20260927,gaussian_bf16_scalar_bracket_binary_v1,9,6,True,4.488001543023756e-05,4.488001543023756e-05,16,cuda:0,bfloat16,7.116751703506452e-07,1.7276990949000037e-09,0.997572348780907,True,32,24,float32,7.123296654754085e-07,0.0009196542917759391,True,7.116751703506452e-07,False,0.001,b36e4adbc0f8405476c88da1554852a3833de47574f419b8729e4acb5fb3ea47,"[2048, 6144]",3705981851068285012,7.116751703506452e-07
ruler_niah_multivalue_16k:0266,ruler_niah_multivalue_16k,24,20260928,gaussian_bf16_scalar_bracket_binary_v1,6,6,True,4.4479698146915325e-05,4.447969549571872e-05,13,cuda:0,bfloat16,7.116751703506452e-07,1.5640432282637562e-09,0.9978023074382473,True,32,24,float32,7.121793146325217e-07,0.0007083909947681782,True,7.116751703506452e-07,False,0.001,e1cf7fff025ae82aa7f5e20552c7fb9cdee40e4f0825c78423982f655be5c728,"[2048, 6144]",7047992675091015722,7.116751703506452e-07
ruler_niah_multivalue_16k:0266,ruler_niah_multivalue_16k,24,20260929,gaussian_bf16_scalar_bracket_binary_v1,10,7,True,4.754879731905248e-05,4.754879448492331e-05,18,cuda:0,bfloat16,7.116751703506452e-07,1.318374631686936e-09,0.9981475050885401,True,32,24,float32,7.110830324563722e-07,0.000832033937591624,True,7.116751703506452e-07,False,0.001,3d38b0cd5edbe8e93e63dfde9f6dd0aafc479f36ac0db18100f5f948ce740f2e,"[2048, 6144]",4411470231115655401,7.116751703506452e-07
ruler_niah_multivalue_16k:0266,ruler_niah_multivalue_16k,24,20260930,gaussian_bf16_scalar_bracket_binary_v1,32,6,True,4.518025339272924e-05,4.518025339272924e-05,39,cuda:0,bfloat16,7.116751703506452e-07,1.2672705107519278e-09,0.9982193132997355,True,32,24,float32,7.1287547598331e-07,0.0016865919771704649,True,7.116751703506452e-07,False,0.001,9df5ea32afca822e56f9be31b2bc3afcd28161d886f658fd818c2c0038f4cc00,"[2048, 6144]",2158889099812569646,7.116751703506452e-07
ruler_niah_multivalue_16k:0288,ruler_niah_multivalue_16k,0,20260926,gaussian_bf16_scalar_bracket_binary_v1,32,7,True,1.5439183968624093e-05,1.5439183048377016e-05,40,cuda:0,bfloat16,1.3059843695373274e-07,7.561396647703944e-11,0.9994210193610217,True,32,24,float32,1.3098987494686298e-07,0.002997263996880103,True,1.3059843695373274e-07,False,0.001,af65b86c217718fb19ad8df888d81f80830f8cec1a28a5bbb55a4fc2404781b9,"[2048, 6144]",3415338666987821307,1.3059843695373274e-07
ruler_niah_multivalue_16k:0288,ruler_niah_multivalue_16k,0,20260927,gaussian_bf16_scalar_bracket_binary_v1,32,7,True,1.5002495445060049e-05,1.5002495445060049e-05,40,cuda:0,bfloat16,1.3059843695373274e-07,2.3489626910233596e-10,0.9982013852954033,True,32,24,float32,1.3079342409128003e-07,0.0014930281104081284,True,1.3059843695373274e-07,False,0.001,41e404a1f0519719f319b9a86def9fe81572e64dcfdb8fa276d22af4ef867868,"[2048, 6144]",4747925000723470105,1.3059843695373274e-07
ruler_niah_multivalue_16k:0288,ruler_niah_multivalue_16k,0,20260928,gaussian_bf16_scalar_bracket_binary_v1,10,7,True,1.4765785778081408e-05,1.4765784017862576e-05,18,cuda:0,bfloat16,1.3059843695373274e-07,1.0186340659856796e-10,0.9992200258366442,True,32,24,float32,1.3053590919298586e-07,0.00047877878330994573,True,1.3059843695373274e-07,False,0.001,6308773d7118a7d6a4a548207a2e881af8d59087cfdd81ddf160cef12eac36a5,"[2048, 6144]",7136084715342702550,1.3059843695373274e-07
ruler_niah_multivalue_16k:0288,ruler_niah_multivalue_16k,0,20260929,gaussian_bf16_scalar_bracket_binary_v1,32,7,True,1.4675999352675717e-05,1.4675999352675717e-05,40,cuda:0,bfloat16,1.3059843695373274e-07,5.05404156025957e-11,0.9996130090314902,True,32,24,float32,1.3033012180585501e-07,0.002054505047198883,True,1.3059843695373274e-07,False,0.001,2bf02a90545806b9c5dd8d72f4de21e8ef31a6803707f09cece574294354b65c,"[2048, 6144]",3166077337420170937,1.3059843695373274e-07
ruler_niah_multivalue_16k:0288,ruler_niah_multivalue_16k,0,20260930,gaussian_bf16_scalar_bracket_binary_v1,32,7,True,1.4847409801177491e-05,1.4847411571126665e-05,40,cuda:0,bfloat16,1.3059843695373274e-07,4.601719699737217e-11,0.9996476435854,True,32,24,float32,1.309150121642233e-07,0.0024240352172262866,True,1.3059843695373274e-07,False,0.001,fa620a5bd8f4b73ad89e0cb18fbe4c051cb779f0fd2a05147c31dba2aa7ac26e,"[2048, 6144]",8818622409943070522,1.3059843695373274e-07
ruler_niah_multivalue_16k:0496,ruler_niah_multivalue_16k,6,20260926,gaussian_bf16_scalar_bracket_binary_v1,32,7,True,1.792730874017323e-05,1.792730874017323e-05,40,cuda:0,bfloat16,1.7921708206358744e-07,1.671887767118463e-10,0.9990671158419345,True,32,24,float32,1.7902733873143006e-07,0.001058734636077017,True,1.7921708206358744e-07,False,0.001,4a2725055af22ee4655e0e64e521942e1260a43086fdbcc8b478b2b6d7504df4,"[2048, 6144]",5343280187829268196,1.7921708206358744e-07
ruler_niah_multivalue_16k:0496,ruler_niah_multivalue_16k,6,20260927,gaussian_bf16_scalar_bracket_binary_v1,6,7,True,1.8459359452549506e-05,1.8459359452549506e-05,14,cuda:0,bfloat16,1.7921708206358744e-07,1.5672892150764284e-10,0.99912548000613,True,32,24,float32,1.7904281435221492e-07,0.00097238337643892,True,1.7921708206358744e-07,False,0.001,4fff43285de785fca758602af95278d715433ccf99936fd8c7d67fe9c2321507,"[2048, 6144]",5764399888710731260,1.7921708206358744e-07
ruler_niah_multivalue_16k:0496,ruler_niah_multivalue_16k,6,20260928,gaussian_bf16_scalar_bracket_binary_v1,12,7,True,1.8198934630175856e-05,1.8198932460693787e-05,20,cuda:0,bfloat16,1.7921708206358744e-07,3.134578430152857e-10,0.9982509600122601,True,32,24,float32,1.7922455697316764e-07,4.170868922831868e-05,True,1.7921708206358744e-07,False,0.001,2aa3398b8fe572d737e0f6c02d6d133a918dee6ac82515545908f4ad9add0f14,"[2048, 6144]",3072362642374226647,1.7921708206358744e-07
ruler_niah_multivalue_16k:0496,ruler_niah_multivalue_16k,6,20260929,gaussian_bf16_scalar_bracket_binary_v1,6,7,True,1.7025622796040807e-05,1.7025621781234607e-05,14,cuda:0,bfloat16,1.7921708206358744e-07,1.3015628852475203e-10,0.999273750654647,True,32,24,float32,1.7912904581862676e-07,0.0004912268626795327,True,1.7921708206358744e-07,False,0.001,af9ed5261fb3bd4b7e06377b62223bda9162d05d140d68367c14ee24a6a94295,"[2048, 6144]",3431414325820243275,1.7921708206358744e-07
ruler_niah_multivalue_16k:0496,ruler_niah_multivalue_16k,6,20260930,gaussian_bf16_scalar_bracket_binary_v1,32,7,True,1.8042119683370217e-05,1.8042119683370217e-05,40,cuda:0,bfloat16,1.7921708206358744e-07,2.417545608146554e-10,0.9986510517968992,True,32,24,float32,1.7970563703784137e-07,0.002726051382091954,True,1.7921708206358744e-07,False,0.001,e1bd95ea986bd8cb0e6040f5a06a61e5a0321ae28fbbd10a0a09846188729587,"[2048, 6144]",7042950227089414347,1.7921708206358744e-07
ruler_niah_multivalue_16k:0498,ruler_niah_multivalue_16k,0,20260926,gaussian_bf16_scalar_bracket_binary_v1,7,7,True,1.4656601052820406e-05,1.4656601052820406e-05,15,cuda:0,bfloat16,1.3634047490995727e-07,5.999908209153304e-11,0.9995599319854859,True,32,24,float32,1.363353590022598e-07,3.75230297595149e-05,True,1.3634047490995727e-07,False,0.001,69326a7ec48e0f1c73903955bbc06b4bd77541e4b1c6af6f4a87f72e4d59cc5a,"[2048, 6144]",7580238215514033948,1.3634047490995727e-07
ruler_niah_multivalue_16k:0498,ruler_niah_multivalue_16k,0,20260927,gaussian_bf16_scalar_bracket_binary_v1,9,7,True,1.5355345986733937e-05,1.5355345071483995e-05,17,cuda:0,bfloat16,1.3634047490995727e-07,7.138229590752942e-11,0.9994764409031531,True,32,24,float32,1.364465020969874e-07,0.0007776647917659464,True,1.3634047490995727e-07,False,0.001,1c3a2ece7d456baf91e3809d194e6fa8405528fa2e3f3f2896585f815b1f19ef,"[2048, 6144]",2033989646111042479,1.3634047490995727e-07
ruler_niah_multivalue_16k:0498,ruler_niah_multivalue_16k,0,20260928,gaussian_bf16_scalar_bracket_binary_v1,13,7,True,1.5045384438305831e-05,1.5045383541531037e-05,21,cuda:0,bfloat16,1.3634047490995727e-07,1.2310137631477147e-10,0.9990971032160767,True,32,24,float32,1.3632485718062526e-07,0.00011454947140474132,True,1.3634047490995727e-07,False,0.001,67a0661410dda2dd4f4552a3a3c2b71f77f3d37e64098f77b96f7d78d9025e04,"[2048, 6144]",7467080418548622045,1.3634047490995727e-07
ruler_niah_multivalue_16k:0498,ruler_niah_multivalue_16k,0,20260929,gaussian_bf16_scalar_bracket_binary_v1,32,7,True,1.5968878123828745e-05,1.5968877172009436e-05,40,cuda:0,bfloat16,1.3634047490995727e-07,7.275957614183426e-11,0.9994663391323091,True,32,24,float32,1.3651384733748273e-07,0.0012716137862946717,True,1.3634047490995727e-07,False,0.001,ce668d27de2447e1138867bff73a0ddd9a87105b5945888dd0d633cbe16d96f1,"[2048, 6144]",5649357984953026529,1.3634047490995727e-07
ruler_niah_multivalue_16k:0498,ruler_niah_multivalue_16k,0,20260930,gaussian_bf16_scalar_bracket_binary_v1,7,7,True,1.492928200264032e-05,1.492928200264032e-05,15,cuda:0,bfloat16,1.3634047490995727e-07,9.776962572871639e-11,0.999282900944908,True,32,24,float32,1.3628060457904212e-07,0.0004391236788245452,True,1.3634047490995727e-07,False,0.001,01dda2781fa0921d065309b92482e3b84ceebb8bf7e73035aa9ab770f9a86af5,"[2048, 6144]",134442200701375005,1.3634047490995727e-07
ruler_niah_multivalue_16k:0498,ruler_niah_multivalue_16k,6,20260926,gaussian_bf16_scalar_bracket_binary_v1,8,7,True,2.5573633131159568e-05,2.557363160685225e-05,16,cuda:0,bfloat16,3.2474454769726435e-07,4.2477199535539967e-10,0.9986919811329631,True,32,24,float32,3.2470461519551463e-07,0.00012296588821236742,True,3.2474454769726435e-07,False,0.001,73c8fcf2788f9055b9474c179c64cf136e4be574c195a9d602097f5f7226d6a8,"[2048, 6144]",8343196428038803541,3.2474454769726435e-07
ruler_niah_multivalue_16k:0498,ruler_niah_multivalue_16k,6,20260927,gaussian_bf16_scalar_bracket_binary_v1,7,7,True,2.679142518502431e-05,2.679142518502431e-05,15,cuda:0,bfloat16,3.2474454769726435e-07,2.514419783494759e-10,0.9992257237877205,True,32,24,float32,3.249215296818875e-07,0.0005449883173654177,True,3.2474454769726435e-07,False,0.001,6427c74dec17f374a0484abf348118a991ff857c1da8359207c063e029d44575,"[2048, 6144]",7216956065371911028,3.2474454769726435e-07
ruler_niah_multivalue_16k:0498,ruler_niah_multivalue_16k,6,20260928,gaussian_bf16_scalar_bracket_binary_v1,9,7,True,2.6020156884243306e-05,2.6020156884243306e-05,17,cuda:0,bfloat16,3.2474454769726435e-07,4.2935857647030673e-10,0.9986778574743908,True,32,24,float32,3.24971551890485e-07,0.0006990238784001272,True,3.2474454769726435e-07,False,0.001,6c4fb763282a870f5c39bf42c3be81171a9c0ff1758daf12a825dc679df7666f,"[2048, 6144]",7804658315759879951,3.2474454769726435e-07
ruler_niah_multivalue_16k:0498,ruler_niah_multivalue_16k,6,20260929,gaussian_bf16_scalar_bracket_binary_v1,8,7,True,2.5898377678856832e-05,2.5898377678856832e-05,16,cuda:0,bfloat16,3.2474454769726435e-07,3.0054636557252934e-10,0.9990745145139351,True,32,24,float32,3.2467647770317853e-07,0.00020961089129439145,True,3.2474454769726435e-07,False,0.001,494074e42b19d81dbc662451cb8ac337a4267b65273afca1e95801187419b386,"[2048, 6144]",5278347286602700829,3.2474454769726435e-07
ruler_niah_multivalue_16k:0498,ruler_niah_multivalue_16k,6,20260930,gaussian_bf16_scalar_bracket_binary_v1,32,7,True,2.5926285413424566e-05,2.5926285413424566e-05,40,cuda:0,bfloat16,3.2474454769726435e-07,3.5971867151651793e-10,0.9988923026604534,True,32,24,float32,3.2435380603601516e-07,0.0012032277801734003,True,3.2474454769726435e-07,False,0.001,620f1eeaac3127621b0db003e5f59b281b1f9f1bba4656425302278dfec8e0c2,"[2048, 6144]",7065900333627680610,3.2474454769726435e-07
ruler_niah_multivalue_16k:0498,ruler_niah_multivalue_16k,12,20260926,gaussian_bf16_scalar_bracket_binary_v1,6,7,True,2.475248069799818e-05,2.475247922263536e-05,14,cuda:0,bfloat16,2.9822265901202627e-07,2.6921043172478676e-10,0.9990972837791178,True,32,24,float32,2.984712352827046e-07,0.0008335257672968748,True,2.9822265901202627e-07,False,0.001,e988882b709175debe143fae725474428fb5816da2fbe34748154b00b63da202,"[2048, 6144]",7604477690968634846,2.9822265901202627e-07
ruler_niah_multivalue_16k:0498,ruler_niah_multivalue_16k,12,20260927,gaussian_bf16_scalar_bracket_binary_v1,9,7,True,2.3522312229573572e-05,2.3522310827534507e-05,17,cuda:0,bfloat16,2.9822265901202627e-07,4.105761564066057e-10,0.9986232563354951,True,32,24,float32,2.98262790465742e-07,0.00013456876096766375,True,2.9822265901202627e-07,False,0.001,f14b94af5df0c23bacd76f7a1182ca61051674ee537cff0d91a85a38a4963c1a,"[2048, 6144]",8163782230455403067,2.9822265901202627e-07
ruler_niah_multivalue_16k:0498,ruler_niah_multivalue_16k,12,20260928,gaussian_bf16_scalar_bracket_binary_v1,6,7,True,2.4156035379974128e-05,2.4156035379974128e-05,14,cuda:0,bfloat16,2.9822265901202627e-07,4.557938748650514e-10,0.9984716323153477,True,32,24,float32,2.980503950311686e-07,0.0005776354534171459,True,2.9822265901202627e-07,False,0.001,0dde415ec75e5021c23b30f381d8190c752578da44bc49c1a56db2b93232a77c,"[2048, 6144]",999308042650406945,2.9822265901202627e-07
ruler_niah_multivalue_16k:0498,ruler_niah_multivalue_16k,12,20260929,gaussian_bf16_scalar_bracket_binary_v1,32,7,True,2.3526971958620635e-05,2.3526970556303828e-05,40,cuda:0,bfloat16,2.9822265901202627e-07,4.987647517218363e-10,0.9983275424028001,True,32,24,float32,2.9761147857243486e-07,0.002049409798759661,True,2.9822265901202627e-07,False,0.001,fdcad552ff5931fa358891f9711572cdc5182166fc8a1bf2ebaa6a6e840822e9,"[2048, 6144]",9064291752484614650,2.9822265901202627e-07
ruler_niah_multivalue_16k:0498,ruler_niah_multivalue_16k,12,20260930,gaussian_bf16_scalar_bracket_binary_v1,32,7,True,2.4776361809364378e-05,2.4776360332578135e-05,40,cuda:0,bfloat16,2.9822265901202627e-07,2.510205376893282e-10,0.9991582781183665,True,32,24,float32,2.9867433681829425e-07,0.001514565686471751,True,2.9822265901202627e-07,False,0.001,aa107e0a53d44e81d91dbbc8a46eb44cfc28639acde78aa88e7af48dcaa75959,"[2048, 6144]",3031061132041539201,2.9822265901202627e-07
ruler_niah_multivalue_16k:0498,ruler_niah_multivalue_16k,18,20260926,gaussian_bf16_scalar_bracket_binary_v1,32,7,True,1.8470775785317528e-05,1.8470775785317528e-05,40,cuda:0,bfloat16,1.861035343608819e-07,1.1641532182693481e-10,0.999374459371625,True,32,24,float32,1.85857132350975e-07,0.0013240049994379909,True,1.861035343608819e-07,False,0.001,11e4a63b7519b5136d1c121ddd36a692a15e70f1573d58be601bf932ec168581,"[2048, 6144]",1289338167632704787,1.861035343608819e-07
ruler_niah_multivalue_16k:0498,ruler_niah_multivalue_16k,18,20260927,gaussian_bf16_scalar_bracket_binary_v1,9,7,True,1.86336163778833e-05,1.86336163778833e-05,17,cuda:0,bfloat16,1.861035343608819e-07,2.6832405741750165e-10,0.9985582000989988,True,32,24,float32,1.8609196672514372e-07,6.215699114957751e-05,True,1.861035343608819e-07,False,0.001,298cf4112a5d34088a0537cf5454eafaaa5579c10f8e114dae889be098a18dce,"[2048, 6144]",2994036206856909832,1.861035343608819e-07
ruler_niah_multivalue_16k:0498,ruler_niah_multivalue_16k,18,20260928,gaussian_bf16_scalar_bracket_binary_v1,7,7,True,1.8331198134546867e-05,1.8331198134546867e-05,15,cuda:0,bfloat16,1.861035343608819e-07,2.6832405741750165e-10,0.9985582000989988,True,32,24,float32,1.860130538489102e-07,0.0004861837378984767,True,1.861035343608819e-07,False,0.001,0ac01871a161f515bb0ed1b698befe36468c7ca1f85ae57e84e004fae0841597,"[2048, 6144]",774646012225647893,1.861035343608819e-07
ruler_niah_multivalue_16k:0498,ruler_niah_multivalue_16k,18,20260929,gaussian_bf16_scalar_bracket_binary_v1,8,7,True,1.9122138155580615e-05,1.9122138155580615e-05,16,cuda:0,bfloat16,1.861035343608819e-07,1.1999816418306608e-10,0.9993552074946069,True,32,24,float32,1.8601059537104447e-07,0.0004993940075162616,True,1.861035343608819e-07,False,0.001,c1772cd4dc3ebb0fec0a86ccec18ab341f1cd30650050dfef8177dbe1ca558de,"[2048, 6144]",4717288427433671439,1.861035343608819e-07
ruler_niah_multivalue_16k:0498,ruler_niah_multivalue_16k,18,20260930,gaussian_bf16_scalar_bracket_binary_v1,32,7,True,1.8424249901727308e-05,1.8424249901727308e-05,40,cuda:0,bfloat16,1.861035343608819e-07,1.7703169485905335e-10,0.99904874619675,True,32,24,float32,1.8511092036987975e-07,0.005333665448165651,True,1.861035343608819e-07,False,0.001,f1a7f955aa3c862c0973af6fb7e4cfc5285c89b7cefa2ef3be26e1fb15f0d8ba,"[2048, 6144]",8189788593720165932,1.861035343608819e-07
ruler_niah_multivalue_16k:0498,ruler_niah_multivalue_16k,24,20260926,gaussian_bf16_scalar_bracket_binary_v1,13,7,True,2.8442281657881097e-05,2.8442279962589003e-05,21,cuda:0,bfloat16,3.584337946449523e-07,4.115903173840252e-10,0.9988516977931957,True,32,24,float32,3.586565924251772e-07,0.0006215869807857544,True,3.584337946449523e-07,False,0.001,5927571db30e4f147ed8cf17e26e97120110bc323d5269bc9cb5fb99e04a35d8,"[2048, 6144]",6424199178537029396,3.584337946449523e-07
ruler_niah_multivalue_16k:0498,ruler_niah_multivalue_16k,24,20260927,gaussian_bf16_scalar_bracket_binary_v1,8,7,True,2.8943528917579897e-05,2.8943527192411136e-05,16,cuda:0,bfloat16,3.584337946449523e-07,3.540633897181067e-10,0.999012193060454,True,32,24,float32,3.5870493775291834e-07,0.0007564663600836966,True,3.584337946449523e-07,False,0.001,b881ae510d7c15ee3b3eac67b33674cf004f5ece1104fe99635ae805cc34a51a,"[2048, 6144]",4071727201261458926,3.584337946449523e-07
ruler_niah_multivalue_16k:0498,ruler_niah_multivalue_16k,24,20260928,gaussian_bf16_scalar_bracket_binary_v1,10,7,True,2.932436482439016e-05,2.932436482439016e-05,18,cuda:0,bfloat16,3.584337946449523e-07,5.107701483986204e-10,0.9985749944451957,True,32,24,float32,3.584711123494344e-07,0.00010411324222116286,True,3.584337946449523e-07,False,0.001,dacd978582ab7e5a5aa1fbec83a55763d0509a312ff366ad866830e1f1304305,"[2048, 6144]",6543052433317920346,3.584337946449523e-07
ruler_niah_multivalue_16k:0498,ruler_niah_multivalue_16k,24,20260929,gaussian_bf16_scalar_bracket_binary_v1,7,7,True,2.921235426356361e-05,2.9212352522371612e-05,15,cuda:0,bfloat16,3.584337946449523e-07,3.343775534236926e-10,0.999067114880295,True,32,24,float32,3.585278420814575e-07,0.00026238440099758404,True,3.584337946449523e-07,False,0.001,6d209bf32d9917d6b67b74a4f7c0e58a61b189d2265fa90f256fa93f4619513c,"[2048, 6144]",7863456418133252054,3.584337946449523e-07
ruler_niah_multivalue_16k:0498,ruler_niah_multivalue_16k,24,20260930,gaussian_bf16_scalar_bracket_binary_v1,32,7,True,2.9304762976245513e-05,2.9304761229545527e-05,40,cuda:0,bfloat16,3.584337946449523e-07,5.270928138401132e-10,0.9985294555878521,True,32,24,float32,3.578153666694561e-07,0.0017253617954990728,True,3.584337946449523e-07,False,0.001,816392e1078a37288d085bf4c90171d2a870a0d07aa970d9f8bac0e63c8c3bd3,"[2048, 6144]",100085111924078376,3.584337946449523e-07
ruler_qa_hotpotqa_16k:0023,ruler_qa_hotpotqa_16k,12,20260926,gaussian_bf16_scalar_bracket_binary_v1,32,7,True,1.7101707685540646e-05,1.7101707685540646e-05,40,cuda:0,bfloat16,1.6384869638841337e-07,8.761413122782002e-11,0.9994652741635482,True,32,24,float32,1.6269400759938435e-07,0.007047287006127672,True,1.6384869638841337e-07,False,0.001,a317571b3d9a9bb06a8b0f72d1dad11fa435853cff3f19874ebf0a10e7292968,"[2048, 6144]",2528585490301098928,1.6384869638841337e-07
ruler_qa_hotpotqa_16k:0023,ruler_qa_hotpotqa_16k,12,20260927,gaussian_bf16_scalar_bracket_binary_v1,10,7,True,1.7050504967919267e-05,1.7050503951629973e-05,18,cuda:0,bfloat16,1.6384869638841337e-07,1.4033359196918838e-10,0.999143517189563,True,32,24,float32,1.636890516465428e-07,0.0009743424597784511,True,1.6384869638841337e-07,False,0.001,efd8f9b6acd6c6d1d08b59ccd8419b5c8f653cb097c8b3214be6afda554d21c1,"[2048, 6144]",8059466096158623441,1.6384869638841337e-07
ruler_qa_hotpotqa_16k:0023,ruler_qa_hotpotqa_16k,12,20260928,gaussian_bf16_scalar_bracket_binary_v1,32,7,True,1.672536771102351e-05,1.672536771102351e-05,40,cuda:0,bfloat16,1.6384869638841337e-07,1.5280593457234204e-10,0.9990673960920012,True,32,24,float32,1.6367486921353702e-07,0.0010609005668515234,True,1.6384869638841337e-07,False,0.001,4ef3014fabbd89889a4ec6376c1586a7b8dadd8b4d39a9c11e414697b78acd7d,"[2048, 6144]",5688892195994438024,1.6384869638841337e-07
ruler_qa_hotpotqa_16k:0023,ruler_qa_hotpotqa_16k,12,20260929,gaussian_bf16_scalar_bracket_binary_v1,32,7,True,1.7060745511443542e-05,1.7060744494543867e-05,40,cuda:0,bfloat16,1.6384869638841337e-07,2.1191030874501138e-10,0.998706670767507,True,32,24,float32,1.6349400766557665e-07,0.002164733260958729,True,1.6384869638841337e-07,False,0.001,4f3dc82dbab3785999d7fd85c177bf97af2ce03c2f45f41ec99d3abbb512e088,"[2048, 6144]",5709940001307064409,1.6384869638841337e-07
ruler_qa_hotpotqa_16k:0023,ruler_qa_hotpotqa_16k,12,20260930,gaussian_bf16_scalar_bracket_binary_v1,32,7,True,1.6389989910603475e-05,1.6389989910603475e-05,40,cuda:0,bfloat16,1.6384869638841337e-07,1.729475312961526e-10,0.9989444680665254,True,32,24,float32,1.6413015657690266e-07,0.0017178054796485672,True,1.6384869638841337e-07,False,0.001,3a268a978f5eb146aa4f92fb8b19f0b0d7510d3ee14df6df727c89af0448280a,"[2048, 6144]",4190188886864867654,1.6384869638841337e-07
ruler_qa_hotpotqa_16k:0031,ruler_qa_hotpotqa_16k,0,20260926,gaussian_bf16_scalar_bracket_binary_v1,6,7,True,1.754922024588268e-05,1.754922024588268e-05,14,cuda:0,bfloat16,1.6100202060442825e-07,1.1933458388124762e-10,0.999258800706766,True,32,24,float32,1.6089150278730813e-07,0.0006864374540469976,True,1.6100202060442825e-07,False,0.001,bc4f6c2b67b119d599b31bdbe078a76a96c79db348b4e0e7b9247c9d4b487799,"[2048, 6144]",4345811099114871253,1.6100202060442825e-07
ruler_qa_hotpotqa_16k:0031,ruler_qa_hotpotqa_16k,0,20260927,gaussian_bf16_scalar_bracket_binary_v1,32,7,True,1.807247681284707e-05,1.807247681284707e-05,40,cuda:0,bfloat16,1.6100202060442825e-07,1.3035950097162186e-10,0.9991903238202712,True,32,24,float32,1.623691190388854e-07,0.008491188056676768,True,1.6100202060442825e-07,False,0.001,eeb20b726dff80352f38426714d3143986f9c80e42f8e523056ff6f04fe98154,"[2048, 6144]",7976450476126208053,1.6100202060442825e-07
ruler_qa_hotpotqa_16k:0031,ruler_qa_hotpotqa_16k,0,20260928,gaussian_bf16_scalar_bracket_binary_v1,32,7,True,1.7005838426342734e-05,1.7005838426342734e-05,40,cuda:0,bfloat16,1.6100202060442825e-07,4.601719699737217e-11,0.9997141824877438,True,32,24,float32,1.6063509633568174e-07,0.002279004122861448,True,1.6100202060442825e-07,False,0.001,104a028f97899b5fa81baa8b4779c02b3df67e5920e6e9ea3aff390d717b58b7,"[2048, 6144]",1173753468629392223,1.6100202060442825e-07
ruler_qa_hotpotqa_16k:0031,ruler_qa_hotpotqa_16k,0,20260929,gaussian_bf16_scalar_bracket_binary_v1,4,7,True,1.738821822527825e-05,1.738821822527825e-05,12,cuda:0,bfloat16,1.6100202060442825e-07,4.8808606462058535e-11,0.9996968447583526,True,32,24,float32,1.6095637533908302e-07,0.0002835074067633993,True,1.6100202060442825e-07,False,0.001,776c01e9c97fb000ce373aa5e55bda3236f19c0c9600af89c61b9a6f01d853e2,"[2048, 6144]",8605255091617771520,1.6100202060442825e-07
ruler_qa_hotpotqa_16k:0031,ruler_qa_hotpotqa_16k,0,20260930,gaussian_bf16_scalar_bracket_binary_v1,6,7,True,1.754922024588268e-05,1.754921919986764e-05,14,cuda:0,bfloat16,1.6100202060442825e-07,1.0913936421275139e-10,0.9993221242578011,True,32,24,float32,1.6085131449017354e-07,0.0009360510737004513,True,1.6100202060442825e-07,False,0.001,031073b17ea9ad0d1169e77c896f3c4cdc94c3efd5cbae2ee2bf63b6c1217927,"[2048, 6144]",220803587912609037,1.6100202060442825e-07
ruler_qa_hotpotqa_16k:0031,ruler_qa_hotpotqa_16k,6,20260926,gaussian_bf16_scalar_bracket_binary_v1,4,7,True,1.536906921728587e-05,1.536906921728587e-05,12,cuda:0,bfloat16,1.536906921728587e-07,1.3015628852475203e-10,0.9991531283600548,True,32,24,float32,1.5365763772479113e-07,0.00021507124211779153,True,1.536906921728587e-07,False,0.001,fac126aebc2db4e1b969a7b40e76ad79369990fb92b6acd02de8b81175e733ed,"[2048, 6144]",8845393675055641825,1.536906921728587e-07
ruler_qa_hotpotqa_16k:0031,ruler_qa_hotpotqa_16k,6,20260927,gaussian_bf16_scalar_bracket_binary_v1,7,7,True,1.636805871640945e-05,1.6368057740797125e-05,15,cuda:0,bfloat16,1.536906921728587e-07,5.820766091346741e-11,0.9996212674945337,True,32,24,float32,1.5374440920368215e-07,0.00034951388443905934,True,1.536906921728587e-07,False,0.001,1688316db0a38efd82965c9b43c8f26d1d3032e39fcfac3374f5c90b2bba7364,"[2048, 6144]",1623602012851769085,1.536906921728587e-07
ruler_qa_hotpotqa_16k:0031,ruler_qa_hotpotqa_16k,6,20260928,gaussian_bf16_scalar_bracket_binary_v1,9,7,True,1.6195156687714984e-05,1.6195156687714984e-05,17,cuda:0,bfloat16,1.536906921728587e-07,1.646361241780525e-10,0.9989287827268493,True,32,24,float32,1.5365888828000607e-07,0.00020693441094566528,True,1.536906921728587e-07,False,0.001,a2a2c74322bda3087e3c24c160cb6c491ed6bca72829224409e51635db8bbf22,"[2048, 6144]",2495776234676265736,1.536906921728587e-07
ruler_qa_hotpotqa_16k:0031,ruler_qa_hotpotqa_16k,6,20260929,gaussian_bf16_scalar_bracket_binary_v1,32,7,True,1.5914190891086477e-05,1.5914190891086477e-05,40,cuda:0,bfloat16,1.536906921728587e-07,8.231806208902626e-11,0.9994643913634247,True,32,24,float32,1.5339547587700508e-07,0.0019208469405653488,True,1.536906921728587e-07,False,0.001,f7e78f82132a113a06556151f491b0754e414ebd1b624bc341618fbc2562878d,"[2048, 6144]",8640032198963630394,1.536906921728587e-07
ruler_qa_hotpotqa_16k:0031,ruler_qa_hotpotqa_16k,6,20260930,gaussian_bf16_scalar_bracket_binary_v1,32,7,True,1.618795243651938e-05,1.618795243651938e-05,40,cuda:0,bfloat16,1.536906921728587e-07,1.3015628852475203e-10,0.9991531283600548,True,32,24,float32,1.534547493520222e-07,0.0015351796358046832,True,1.536906921728587e-07,False,0.001,8438a381c0f11c46c96f9e20da690d0b0228634974490052f0008107d6d84abc,"[2048, 6144]",304172752530644038,1.536906921728587e-07
ruler_qa_hotpotqa_16k:0031,ruler_qa_hotpotqa_16k,12,20260926,gaussian_bf16_scalar_bracket_binary_v1,32,7,True,2.8553679492504536e-05,2.8553679492504536e-05,40,cuda:0,bfloat16,3.810133932802273e-07,7.609204932812474e-10,0.9980029035548322,True,32,24,float32,3.8260540691226197e-07,0.004178366587926629,True,3.810133932802273e-07,False,0.001,973aac07b1b7c74b5a9db4e84f2f277932114b6a3e2b3786efb5768fb549b2ef,"[2048, 6144]",1673839360567920459,3.810133932802273e-07
ruler_qa_hotpotqa_16k:0031,ruler_qa_hotpotqa_16k,12,20260927,gaussian_bf16_scalar_bracket_binary_v1,6,7,True,3.0100058069137958e-05,3.0100058069137958e-05,14,cuda:0,bfloat16,3.810133932802273e-07,5.23110499361934e-10,0.9986270548264502,True,32,24,float32,3.8099605603747477e-07,4.5502974589124923e-05,True,3.810133932802273e-07,False,0.001,30005f8029e4e87a8c221baf7d424ae0353e3cf93c07dae19128929d1ac9df77,"[2048, 6144]",3458869517883861114,3.810133932802273e-07
ruler_qa_hotpotqa_16k:0031,ruler_qa_hotpotqa_16k,12,20260928,gaussian_bf16_scalar_bracket_binary_v1,7,7,True,2.8766511192657163e-05,2.8766511192657163e-05,15,cuda:0,bfloat16,3.810133932802273e-07,8.506338411429226e-10,0.9977674437273198,True,32,24,float32,3.808284816386731e-07,0.00048531533225712584,True,3.810133932802273e-07,False,0.001,be2893563820bfab1e97d76c5b52c0a5b69cc3bfe42bf18b3ea2c8dd0fd0a932,"[2048, 6144]",4478991827938099115,3.810133932802273e-07
ruler_qa_hotpotqa_16k:0031,ruler_qa_hotpotqa_16k,12,20260929,gaussian_bf16_scalar_bracket_binary_v1,32,7,True,2.944109838212694e-05,2.944109838212694e-05,40,cuda:0,bfloat16,3.810133932802273e-07,5.074947684313713e-10,0.9986680395561368,True,32,24,float32,3.8047312500566477e-07,0.0014179771212535666,True,3.810133932802273e-07,False,0.001,3753761dad95bfc390e1b345c0f55d061bcf6efde888bbf6fbe71f5071aaa62b,"[2048, 6144]",3986659964991422403,3.810133932802273e-07
ruler_qa_hotpotqa_16k:0031,ruler_qa_hotpotqa_16k,12,20260930,gaussian_bf16_scalar_bracket_binary_v1,11,7,True,3.008815140059795e-05,3.008815140059795e-05,19,cuda:0,bfloat16,3.810133932802273e-07,6.396224661031624e-10,0.9983212598890645,True,32,24,float32,3.813854050349619e-07,0.0009763744826181248,True,3.810133932802273e-07,False,0.001,79e834b2aa0fbdbf6ab07393eda67d4ac16ae9959fc9735b509195a93e766015,"[2048, 6144]",8784329015148133823,3.810133932802273e-07
ruler_qa_hotpotqa_16k:0031,ruler_qa_hotpotqa_16k,18,20260926,gaussian_bf16_scalar_bracket_binary_v1,32,7,True,1.5967852764475765e-05,1.5967852764475765e-05,40,cuda:0,bfloat16,1.51511130752624e-07,1.3015628852475203e-10,0.9991409456989846,True,32,24,float32,1.505499653831066e-07,0.006343859786029327,True,1.51511130752624e-07,False,0.001,6cb048470d196e9c64f31c2fabdbc86f5f214137b03f3043274bf10942455967,"[2048, 6144]",7831839221996940956,1.51511130752624e-07
ruler_qa_hotpotqa_16k:0031,ruler_qa_hotpotqa_16k,18,20260927,gaussian_bf16_scalar_bracket_binary_v1,32,7,True,1.5293154760342986e-05,1.5293154760342986e-05,40,cuda:0,bfloat16,1.51511130752624e-07,1.4257907354764399e-10,0.9990589531419943,True,32,24,float32,1.5115809048893425e-07,0.0023301275750240488,True,1.51511130752624e-07,False,0.001,d2763c3312253b3bbc627cb3521bc1a4af6792037256172ca0730179f2e036c6,"[2048, 6144]",5942002948407376699,1.51511130752624e-07
ruler_qa_hotpotqa_16k:0031,ruler_qa_hotpotqa_16k,18,20260928,gaussian_bf16_scalar_bracket_binary_v1,13,7,True,1.548846207732879e-05,1.5488461154144512e-05,21,cuda:0,bfloat16,1.51511130752624e-07,9.203439399474433e-11,0.9993925568798968,True,32,24,float32,1.5161060673563043e-07,0.0006565589109676103,True,1.51511130752624e-07,False,0.001,c0b9505a09aef639149fb8fd93f599a188fa807aac9cdd84e723ba99d4dc6cba,"[2048, 6144]",4663847236758599225,1.51511130752624e-07
ruler_qa_hotpotqa_16k:0031,ruler_qa_hotpotqa_16k,18,20260929,gaussian_bf16_scalar_bracket_binary_v1,6,7,True,1.590866872902552e-05,1.5908667780794973e-05,14,cuda:0,bfloat16,1.51511130752624e-07,2.057951586920126e-10,0.9986417159078034,True,32,24,float32,1.513889458237827e-07,0.0008064419309285019,True,1.51511130752624e-07,False,0.001,45f507a4d079e2c95e613e66183fea441b36ef05b5798f44aed7cc38d0fc5b0c,"[2048, 6144]",5040943762364818121,1.51511130752624e-07
ruler_qa_hotpotqa_16k:0031,ruler_qa_hotpotqa_16k,18,20260930,gaussian_bf16_scalar_bracket_binary_v1,7,7,True,1.5984424294401833e-05,1.59844233416559e-05,15,cuda:0,bfloat16,1.51511130752624e-07,4.115903104451313e-11,0.9997283431861405,True,32,24,float32,1.514349321496411e-07,0.0005029241258011894,True,1.51511130752624e-07,False,0.001,80ca0aa9fa68d5f25e06926ef931c027a2807c4e5c48f6572efe42d73275e41d,"[2048, 6144]",56869670462477810,1.51511130752624e-07
ruler_qa_hotpotqa_16k:0031,ruler_qa_hotpotqa_16k,24,20260926,gaussian_bf16_scalar_bracket_binary_v1,7,6,True,5.288227015398661e-05,5.288227015398661e-05,14,cuda:0,bfloat16,8.633840025140671e-07,1.9558119568330312e-09,0.9977347136950211,True,32,24,float32,8.625235636827711e-07,0.0009965888049703953,True,8.633840025140671e-07,False,0.001,9c98edee24f7ded93c517daa74cb93d17ded7c723508653fbfdc3ed269288070,"[2048, 6144]",2060658436600225497,8.633840025140671e-07
ruler_qa_hotpotqa_16k:0031,ruler_qa_hotpotqa_16k,24,20260927,gaussian_bf16_scalar_bracket_binary_v1,9,6,True,5.099361764848709e-05,5.0993614609030625e-05,16,cuda:0,bfloat16,8.633840025140671e-07,2.2879387273633256e-09,0.9973500334489623,True,32,24,float32,8.641744102533266e-07,0.0009154764704441664,True,8.633840025140671e-07,False,0.001,a56e4a3a571c47fbd7d40b9c2a351c5df5c1d5cb3946f3efa69a6db6fd08c5f4,"[2048, 6144]",2697174841271535611,8.633840025140671e-07
ruler_qa_hotpotqa_16k:0031,ruler_qa_hotpotqa_16k,24,20260928,gaussian_bf16_scalar_bracket_binary_v1,9,6,True,5.228869365225819e-05,5.228869365225819e-05,16,cuda:0,bfloat16,8.633840025140671e-07,2.0272650225194866e-09,0.9976519543834304,True,32,24,float32,8.633488732812111e-07,4.068784313085184e-05,True,8.633840025140671e-07,False,0.001,b08ed538328305fe5b8c1cccd621cec6d21b51fac6a86322a97b8047dcdacb91,"[2048, 6144]",3498968397855786494,8.633840025140671e-07
ruler_qa_hotpotqa_16k:0031,ruler_qa_hotpotqa_16k,24,20260929,gaussian_bf16_scalar_bracket_binary_v1,8,6,True,5.363773115618642e-05,5.363772476207059e-05,15,cuda:0,bfloat16,8.633840025140671e-07,1.7471997182383348e-09,0.9979763353118072,True,32,24,float32,8.631989203422563e-07,0.00021436831267646213,True,8.633840025140671e-07,False,0.001,1f370d2bbcb2fb0753a8352ba5f8ef5c981a2d9ffa1007c153a482e36d79ac58,"[2048, 6144]",2249281020395453191,8.633840025140671e-07
ruler_qa_hotpotqa_16k:0031,ruler_qa_hotpotqa_16k,24,20260930,gaussian_bf16_scalar_bracket_binary_v1,13,6,True,5.3910911250731886e-05,5.391090803739117e-05,20,cuda:0,bfloat16,8.633840025140671e-07,2.075982497018458e-09,0.9975955281879517,True,32,24,float32,8.63754053170851e-07,0.00042860494948518684,True,8.633840025140671e-07,False,0.001,cf1019a7ade4eff0c88ed63c7b68a3d606fb6a5c405bcdbc70c62056c9258f03,"[2048, 6144]",5697081736591372272,8.633840025140671e-07
ruler_qa_hotpotqa_16k:0059,ruler_qa_hotpotqa_16k,18,20260926,gaussian_bf16_scalar_bracket_binary_v1,7,7,True,1.6153682729225238e-05,1.6153681766390717e-05,15,cuda:0,bfloat16,1.6234857014296722e-07,1.8406878798948867e-10,0.9988662124475295,True,32,24,float32,1.6239721389865736e-07,0.0002996254025970161,True,1.6234857014296722e-07,False,0.001,a7a80bbfaa994b6098d250fc2a5b888efe7fd4fc2ea6ddb0ac59c24de27a4797,"[2048, 6144]",2857546881395411808,1.6234857014296722e-07
ruler_qa_hotpotqa_16k:0059,ruler_qa_hotpotqa_16k,18,20260927,gaussian_bf16_scalar_bracket_binary_v1,7,7,True,1.712777415008304e-05,1.7127772108293253e-05,15,cuda:0,bfloat16,1.6234857014296722e-07,1.6970302940677584e-10,0.9989546995747648,True,32,24,float32,1.6250744749868318e-07,0.0009786187557799123,True,1.6234857014296722e-07,False,0.001,1d7604e2b70125a42d4439609fa3fd9eb18d4ee52aebc41a52ec0683ebe8f410,"[2048, 6144]",2122889646131193252,1.6234857014296722e-07
ruler_qa_hotpotqa_16k:0059,ruler_qa_hotpotqa_16k,18,20260928,gaussian_bf16_scalar_bracket_binary_v1,32,7,True,1.6671168796555946e-05,1.6671168796555946e-05,40,cuda:0,bfloat16,1.6234857014296722e-07,1.4551915228366852e-10,0.9991036622487312,True,32,24,float32,1.625455183784652e-07,0.0012131196186362975,True,1.6234857014296722e-07,False,0.001,39d4c734d13c5064c19b27a9a4f676ba60b5fee2475f35c8db0d45f3bb17c162,"[2048, 6144]",4167174584887169124,1.6234857014296722e-07
ruler_qa_hotpotqa_16k:0059,ruler_qa_hotpotqa_16k,18,20260929,gaussian_bf16_scalar_bracket_binary_v1,10,7,True,1.6894398080502526e-05,1.6894396066533335e-05,18,cuda:0,bfloat16,1.6234857014296722e-07,1.3337050908113213e-10,0.9991784928628341,True,32,24,float32,1.6223931709191675e-07,0.0006729535773198538,True,1.6234857014296722e-07,False,0.001,598dac6a4e5547ed6d34e7e522e92d3e1b475b1bd818f66f42f45fbb311d7564,"[2048, 6144]",6453003413672511469,1.6234857014296722e-07
ruler_qa_hotpotqa_16k:0059,ruler_qa_hotpotqa_16k,18,20260930,gaussian_bf16_scalar_bracket_binary_v1,32,7,True,1.6610288082752334e-05,1.6610287092702013e-05,40,cuda:0,bfloat16,1.6234857014296722e-07,8.731149137020111e-11,0.9994621973492387,True,32,24,float32,1.621840226562199e-07,0.0010135444162053314,True,1.6234857014296722e-07,False,0.001,b4970195f260c191f9bda43300fc5af3655e524fece9bb90e813790a3a74deca,"[2048, 6144]",3789499354983743889,1.6234857014296722e-07
ruler_qa_hotpotqa_16k:0118,ruler_qa_hotpotqa_16k,6,20260926,gaussian_bf16_scalar_bracket_binary_v1,9,7,True,1.9749028348670095e-05,1.9749028348670095e-05,17,cuda:0,bfloat16,2.0761133612268168e-07,3.540633897181067e-10,0.9982945854675831,True,32,24,float32,2.077313041581874e-07,0.0005778491567283388,True,2.0761133612268168e-07,False,0.001,386a745872339a82b8ecfc211beed4f1526c3b3693d8507743f814eb8634fc6b,"[2048, 6144]",4065189536877222530,2.0761133612268168e-07
ruler_qa_hotpotqa_16k:0118,ruler_qa_hotpotqa_16k,6,20260927,gaussian_bf16_scalar_bracket_binary_v1,10,7,True,1.8879655878656365e-05,1.8879655878656365e-05,18,cuda:0,bfloat16,2.0761133612268168e-07,1.7462298274040222e-10,0.999158894759787,True,32,24,float32,2.0744334960909327e-07,0.0008091394079229677,True,2.0761133612268168e-07,False,0.001,bdb2c2370960b4d36c1f415be5812f756f3efc8c2854c0283ba052c1d744fc95,"[2048, 6144]",4445829323804423379,2.0761133612268168e-07
ruler_qa_hotpotqa_16k:0118,ruler_qa_hotpotqa_16k,6,20260928,gaussian_bf16_scalar_bracket_binary_v1,7,7,True,1.9204048591348055e-05,1.9204048591348055e-05,15,cuda:0,bfloat16,2.0761133612268168e-07,5.820766091346741e-11,0.9997196315865957,True,32,24,float32,2.077355105711831e-07,0.0005981101553532604,True,2.0761133612268168e-07,False,0.001,7b57e768906cc7097eceaa55f414eb9e97212f11e944b137152a4cba301bf2cb,"[2048, 6144]",8887826825924626185,2.0761133612268168e-07
ruler_qa_hotpotqa_16k:0118,ruler_qa_hotpotqa_16k,6,20260929,gaussian_bf16_scalar_bracket_binary_v1,32,7,True,1.9327317822170897e-05,1.9327317822170897e-05,40,cuda:0,bfloat16,2.0761133612268168e-07,1.3015628852475203e-10,0.9993730771596796,True,32,24,float32,2.0710220383080014e-07,0.002452333776131982,True,2.0761133612268168e-07,False,0.001,a1cb405cc4d83f2daea398b4da6df5ae8686d30e6feb2c30abaf2f3d980a1560,"[2048, 6144]",2435110790707560237,2.0761133612268168e-07
ruler_qa_hotpotqa_16k:0118,ruler_qa_hotpotqa_16k,6,20260930,gaussian_bf16_scalar_bracket_binary_v1,32,7,True,1.888452176934674e-05,1.888452176934674e-05,40,cuda:0,bfloat16,2.0761133612268168e-07,2.9103830456733704e-10,0.9985981579329783,True,32,24,float32,2.0851013005085406e-07,0.004329214121724384,True,2.0761133612268168e-07,False,0.001,ac822a3a8c999790da6e65b3aa8eba7fea2b7c44e91bcac72e09031274b51476,"[2048, 6144]",3207172315596560272,2.0761133612268168e-07
ruler_qa_hotpotqa_16k:0191,ruler_qa_hotpotqa_16k,0,20260926,gaussian_bf16_scalar_bracket_binary_v1,32,7,True,1.5859419271180286e-05,1.5859419271180286e-05,40,cuda:0,bfloat16,1.346872124941001e-07,2.4393453923465813e-10,0.9981888812254887,True,32,24,float32,1.3497592021849414e-07,0.0021435422045481163,True,1.346872124941001e-07,False,0.001,92ee3904c7688f37833fb4c4d76b71b90143a073f69ed45db5f35f504445158e,"[2048, 6144]",1364090429828009783,1.346872124941001e-07
ruler_qa_hotpotqa_16k:0191,ruler_qa_hotpotqa_16k,0,20260927,gaussian_bf16_scalar_bracket_binary_v1,32,7,True,1.467669718646647e-05,1.467669718646647e-05,40,cuda:0,bfloat16,1.346872124941001e-07,6.825453396919201e-11,0.9994932367170923,True,32,24,float32,1.348558669178601e-07,0.0012521932901937904,True,1.346872124941001e-07,False,0.001,a11a806aead363613d17e08ed33fe40fe178363674682ffab8ef3b60972de5a0,"[2048, 6144]",2385360149340709729,1.346872124941001e-07
ruler_qa_hotpotqa_16k:0191,ruler_qa_hotpotqa_16k,0,20260928,gaussian_bf16_scalar_bracket_binary_v1,10,7,True,1.5042878045434804e-05,1.5042878045434804e-05,18,cuda:0,bfloat16,1.346872124941001e-07,6.043864020366385e-11,0.9995512666786662,True,32,24,float32,1.346461857565373e-07,0.0003046075184352437,True,1.346872124941001e-07,False,0.001,e89488ace60ff1ef0d13e77f95e7e4bc561a9094028bd91ed81356aa287e1d30,"[2048, 6144]",7535798352673239535,1.346872124941001e-07
ruler_qa_hotpotqa_16k:0191,ruler_qa_hotpotqa_16k,0,20260929,gaussian_bf16_scalar_bracket_binary_v1,8,7,True,1.5185983208709786e-05,1.5185983208709786e-05,16,cuda:0,bfloat16,1.346872124941001e-07,9.430718705960572e-11,0.9992998059332192,True,32,24,float32,1.3456968872560537e-07,0.0008725681252024474,True,1.346872124941001e-07,False,0.001,cc5fbe96bb666b7b06770dcf85130d34dce0f02689699c300b3d8eeaa9527ae7,"[2048, 6144]",5503326824268458875,1.346872124941001e-07
ruler_qa_hotpotqa_16k:0191,ruler_qa_hotpotqa_16k,0,20260930,gaussian_bf16_scalar_bracket_binary_v1,9,7,True,1.5775239763371474e-05,1.5775239763371474e-05,17,cuda:0,bfloat16,1.346872124941001e-07,1.0140763923027762e-10,0.9992470878463334,True,32,24,float32,1.3474925708578667e-07,0.0004606568844780998,True,1.346872124941001e-07,False,0.001,9779bd7a3545ba16d014087f1c7c6e7f5b89c034f2b7654382c4f4f3435a14fc,"[2048, 6144]",1691591467631753750,1.346872124941001e-07
ruler_qa_hotpotqa_16k:0312,ruler_qa_hotpotqa_16k,18,20260926,gaussian_bf16_scalar_bracket_binary_v1,7,7,True,1.873326873891301e-05,1.873326873891301e-05,15,cuda:0,bfloat16,1.882740576775177e-07,1.0081862428235056e-10,0.9994645113324373,True,32,24,float32,1.8819351055299194e-07,0.0004278184977758797,True,1.882740576775177e-07,False,0.001,834bc430b7561a37a1af9d2a95d3b35399deb32955199fcc29306c8857bdabe9,"[2048, 6144]",237499118880430647,1.882740576775177e-07
ruler_qa_hotpotqa_16k:0312,ruler_qa_hotpotqa_16k,18,20260927,gaussian_bf16_scalar_bracket_binary_v1,32,7,True,1.8386138445070088e-05,1.8386138445070088e-05,40,cuda:0,bfloat16,1.882740576775177e-07,1.8861437411921145e-10,0.9989981924411366,True,32,24,float32,1.8766738207887101e-07,0.0032223005449100355,True,1.882740576775177e-07,False,0.001,80416921c6b6e105c04b99028fcc8866dfec929b6bea4cfce9b8e4c2fbbd09de,"[2048, 6144]",18411467274903813,1.882740576775177e-07
ruler_qa_hotpotqa_16k:0312,ruler_qa_hotpotqa_16k,18,20260928,gaussian_bf16_scalar_bracket_binary_v1,10,7,True,1.8909775667985684e-05,1.8909775667985684e-05,18,cuda:0,bfloat16,1.882740576775177e-07,1.7462298274040222e-10,0.9990725064042573,True,32,24,float32,1.8836564663615718e-07,0.00048646616410824713,True,1.882740576775177e-07,False,0.001,ec6716184389a90b6a26368eacfeb9b7091a0fab72f37d18f8d83baeec8ccc14,"[2048, 6144]",7811236372165536011,1.882740576775177e-07
ruler_qa_hotpotqa_16k:0312,ruler_qa_hotpotqa_16k,18,20260929,gaussian_bf16_scalar_bracket_binary_v1,8,7,True,1.9533433484042462e-05,1.9533432319759097e-05,16,cuda:0,bfloat16,1.882740576775177e-07,1.6970302940677584e-10,0.9990986382749691,True,32,24,float32,1.880963367284494e-07,0.0009439481533495327,True,1.882740576775177e-07,False,0.001,dd8932231192cb66083a0c3b29a065fed7d99cabc18902a78dd6e27300b0057d,"[2048, 6144]",6739973443536735078,1.882740576775177e-07
ruler_qa_hotpotqa_16k:0312,ruler_qa_hotpotqa_16k,18,20260930,gaussian_bf16_scalar_bracket_binary_v1,7,7,True,1.9298090911945565e-05,1.929808976168971e-05,15,cuda:0,bfloat16,1.882740576775177e-07,2.8811322771993275e-10,0.9984697136117743,True,32,24,float32,1.882112456996765e-07,0.00033361992945825483,True,1.882740576775177e-07,False,0.001,183ba93a0010261119724d0c9dc24dd591630792f8d0f897ba50841ef510bd4a,"[2048, 6144]",1746175347110454801,1.882740576775177e-07
ruler_qa_hotpotqa_16k:0337,ruler_qa_hotpotqa_16k,6,20260926,gaussian_bf16_scalar_bracket_binary_v1,10,7,True,2.605573654435034e-05,2.605573654435034e-05,18,cuda:0,bfloat16,3.0676363849124755e-07,4.583275703406997e-10,0.9985059260198018,True,32,24,float32,3.0657852789772733e-07,0.0006034306883001154,True,3.0676363849124755e-07,False,0.001,b29058cf9be0b0f99e772e3e152078437efe5c7794988e7f7caee53818f2687a,"[2048, 6144]",3643509747239399673,3.0676363849124755e-07
ruler_qa_hotpotqa_16k:0337,ruler_qa_hotpotqa_16k,6,20260927,gaussian_bf16_scalar_bracket_binary_v1,32,7,True,2.5643522905127725e-05,2.5643522905127725e-05,40,cuda:0,bfloat16,3.0676363849124755e-07,4.3655745685100555e-10,0.9985768930796423,True,32,24,float32,3.061713016450085e-07,0.001930922612446293,True,3.0676363849124755e-07,False,0.001,78a981af6bc0adc03c6deab49cc2da1c92150e2b1fe9c4156283ff7bf3153303,"[2048, 6144]",8694623146042502592,3.0676363849124755e-07
ruler_qa_hotpotqa_16k:0337,ruler_qa_hotpotqa_16k,6,20260928,gaussian_bf16_scalar_bracket_binary_v1,9,7,True,2.542303653996214e-05,2.542303653996214e-05,17,cuda:0,bfloat16,3.0676363849124755e-07,1.8406878798948867e-10,0.9993999654297531,True,32,24,float32,3.067312661642063e-07,0.00010552856655517143,True,3.0676363849124755e-07,False,0.001,2c0940271d3a9247189ffbda81355a487e49f425177d87bc8d4426059ae5e580,"[2048, 6144]",3173137949197505095,3.0676363849124755e-07
ruler_qa_hotpotqa_16k:0337,ruler_qa_hotpotqa_16k,6,20260929,gaussian_bf16_scalar_bracket_binary_v1,8,7,True,2.5077927446659487e-05,2.5077927446659487e-05,16,cuda:0,bfloat16,3.0676363849124755e-07,4.592506930300999e-10,0.9985029167886754,True,32,24,float32,3.0688198648931575e-07,0.0003857953916907233,True,3.0676363849124755e-07,False,0.001,8c6360a1d043d03ffc56dd825b67885cc52beaef462426b43e234640e7ad9540,"[2048, 6144]",892663399249596479,3.0676363849124755e-07
ruler_qa_hotpotqa_16k:0337,ruler_qa_hotpotqa_16k,6,20260930,gaussian_bf16_scalar_bracket_binary_v1,9,7,True,2.5116272901470893e-05,2.5116272901470893e-05,17,cuda:0,bfloat16,3.0676363849124755e-07,4.3655745685100555e-10,0.9985768930796423,True,32,24,float32,3.068631713176728e-07,0.000324460965826348,True,3.0676363849124755e-07,False,0.001,c4e5fe7e84a846384eb66d1dbf790caa8f5290a2a3a4559b13ab9071a775390e,"[2048, 6144]",4964653983590794808,3.0676363849124755e-07
ruler_qa_hotpotqa_16k:0348,ruler_qa_hotpotqa_16k,0,20260926,gaussian_bf16_scalar_bracket_binary_v1,4,7,True,1.5226364041609486e-05,1.5226362226485446e-05,12,cuda:0,bfloat16,1.4098485223712487e-07,5.866064578530228e-11,0.9995839223515542,True,32,24,float32,1.4096143274855422e-07,0.00016611350935250306,True,1.4098485223712487e-07,False,0.001,6c99a104fb40c343f1bba94eeb29a238e69cb6441b78463cf8f672796d36a725,"[2048, 6144]",7825462870300214083,1.4098485223712487e-07
ruler_qa_hotpotqa_16k:0348,ruler_qa_hotpotqa_16k,0,20260927,gaussian_bf16_scalar_bracket_binary_v1,10,7,True,1.646879305194915e-05,1.646879305194915e-05,18,cuda:0,bfloat16,1.4098485223712487e-07,6.384626854982756e-11,0.9995471409336767,True,32,24,float32,1.409970309396158e-07,8.638305674459655e-05,True,1.4098485223712487e-07,False,0.001,7ec2e5b25e1eaf9b7d1188896803688a5a6e7b95bf8f4e9a1697fdffdf05afdf,"[2048, 6144]",9134115548506795931,1.4098485223712487e-07
ruler_qa_hotpotqa_16k:0348,ruler_qa_hotpotqa_16k,0,20260928,gaussian_bf16_scalar_bracket_binary_v1,9,7,True,1.6160388687680438e-05,1.6160387724446212e-05,17,cuda:0,bfloat16,1.4098485223712487e-07,4.380706561391001e-11,0.999689278210256,True,32,24,float32,1.4088352884300548e-07,0.0007186828408272735,True,1.4098485223712487e-07,False,0.001,77940fb6e500f401da7e933c3befdd07a25c6476db60d956721e154297207ebe,"[2048, 6144]",8616529265267110913,1.4098485223712487e-07
ruler_qa_hotpotqa_16k:0348,ruler_qa_hotpotqa_16k,0,20260929,gaussian_bf16_scalar_bracket_binary_v1,7,7,True,1.5437841319965173e-05,1.5437841319965173e-05,15,cuda:0,bfloat16,1.4098485223712487e-07,9.659501670755688e-11,0.9993148553537858,True,32,24,float32,1.409774910143824e-07,5.2212862769779476e-05,True,1.4098485223712487e-07,False,0.001,91740f19a200312bfd5715066cb3bd16cf493a8c6c12da70f44ba69a83400789,"[2048, 6144]",1257646798709731627,1.4098485223712487e-07
ruler_qa_hotpotqa_16k:0348,ruler_qa_hotpotqa_16k,0,20260930,gaussian_bf16_scalar_bracket_binary_v1,32,7,True,1.5473087533024454e-05,1.5473089377560226e-05,40,cuda:0,bfloat16,1.4098485223712487e-07,6.988329359636225e-11,0.999504320552971,True,32,24,float32,1.4127016356724198e-07,0.0020237020189746383,True,1.4098485223712487e-07,False,0.001,619773824c6a88ba61dd8cbcbee8d0398f19cf6ce9d261885463c850f51b228e,"[2048, 6144]",7032216346627311802,1.4098485223712487e-07
ruler_qa_hotpotqa_16k:0348,ruler_qa_hotpotqa_16k,6,20260926,gaussian_bf16_scalar_bracket_binary_v1,32,7,True,2.097182319005242e-05,2.097182319005242e-05,40,cuda:0,bfloat16,2.2920025344319583e-07,1.3015628852475203e-10,0.9994321285139547,True,32,24,float32,2.2875202887462365e-07,0.001955602412469726,True,2.2920025344319583e-07,False,0.001,7514e3c7bd34c510c28fb6e95e65fa96135dffd48a24ab0c2211ea50ab535658,"[2048, 6144]",8436618448984130832,2.2920025344319583e-07
ruler_qa_hotpotqa_16k:0348,ruler_qa_hotpotqa_16k,6,20260927,gaussian_bf16_scalar_bracket_binary_v1,6,7,True,2.085722306333082e-05,2.085722182014345e-05,14,cuda:0,bfloat16,2.2920025344319583e-07,2.3999632836613216e-10,0.9989528967583554,True,32,24,float32,2.293550238618991e-07,0.000675262860220278,True,2.2920025344319583e-07,False,0.001,0be2d7bd23a96e1ca592484ea4dd534665cd021d83327717e25aff9b8d51d9be,"[2048, 6144]",856484086500912668,2.2920025344319583e-07
ruler_qa_hotpotqa_16k:0348,ruler_qa_hotpotqa_16k,6,20260928,gaussian_bf16_scalar_bracket_binary_v1,13,7,True,2.1310251689277138e-05,2.1310250419087157e-05,21,cuda:0,bfloat16,2.2920025344319583e-07,2.6674101816226425e-10,0.9988362097591293,True,32,24,float32,2.292602374609487e-07,0.000261710084747938,True,2.2920025344319583e-07,False,0.001,da3232656c55bf6bcd49551ae7352170b6a40e3f9b202459e672451338532b69,"[2048, 6144]",6499312623439691627,2.2920025344319583e-07
ruler_qa_hotpotqa_16k:0348,ruler_qa_hotpotqa_16k,6,20260929,gaussian_bf16_scalar_bracket_binary_v1,32,7,True,2.041672882624468e-05,2.041672882624468e-05,40,cuda:0,bfloat16,2.2920025344319583e-07,2.098707041486847e-10,0.9990843347640508,True,32,24,float32,2.2841304314624722e-07,0.003434596101542769,True,2.2920025344319583e-07,False,0.001,2373f22bb340f6bd4d4798be419e7e930b847c6bd0ad196dd89fe9a76cb9e87b,"[2048, 6144]",2554651683154097853,2.2920025344319583e-07
ruler_qa_hotpotqa_16k:0348,ruler_qa_hotpotqa_16k,6,20260930,gaussian_bf16_scalar_bracket_binary_v1,32,7,True,2.082857303165042e-05,2.082857303165042e-05,40,cuda:0,bfloat16,2.2920025344319583e-07,1.3015628852475203e-10,0.9994321285139547,True,32,24,float32,2.2837147639620525e-07,0.0036159517039800393,True,2.2920025344319583e-07,False,0.001,b2051734b8505d97c51608a7cd926caf814df8a1220d5cef8597105749f9fea0,"[2048, 6144]",3604312591977962903,2.2920025344319583e-07
ruler_qa_hotpotqa_16k:0348,ruler_qa_hotpotqa_16k,12,20260926,gaussian_bf16_scalar_bracket_binary_v1,4,7,True,1.532461709530253e-05,1.532461709530253e-05,12,cuda:0,bfloat16,1.4189460273428267e-07,1.7110349248561363e-10,0.9987941508049744,True,32,24,float32,1.4185297914082184e-07,0.0002933416258176685,True,1.4189460273428267e-07,False,0.001,4ebd70c2f718e9bb50a1fe71817772b78cea049883c81eacb183a790a5a07139,"[2048, 6144]",5673815088228264379,1.4189460273428267e-07
ruler_qa_hotpotqa_16k:0348,ruler_qa_hotpotqa_16k,12,20260927,gaussian_bf16_scalar_bracket_binary_v1,9,7,True,1.4881196461757895e-05,1.4881196461757895e-05,17,cuda:0,bfloat16,1.4189460273428267e-07,1.9115839466898876e-10,0.9986528141945824,True,32,24,float32,1.4200814746345714e-07,0.0008002047081881773,True,1.4189460273428267e-07,False,0.001,92b1439fcd0a31fbf813ab80c0f2a53d93dddeeff3330859360a1c5aa8e18974,"[2048, 6144]",1346932117179347451,1.4189460273428267e-07
ruler_qa_hotpotqa_16k:0348,ruler_qa_hotpotqa_16k,12,20260928,gaussian_bf16_scalar_bracket_binary_v1,6,7,True,1.433135487616255e-05,1.433135487616255e-05,14,cuda:0,bfloat16,1.4189460273428267e-07,4.9087442444140095e-11,0.9996540570148671,True,32,24,float32,1.4184725216637162e-07,0.00033370238894655905,True,1.4189460273428267e-07,False,0.001,a14ad1ce825f5a197973fe83362da2b88086604493f47e4c79b911f83f59391f,"[2048, 6144]",2398960436408965657,1.4189460273428267e-07
ruler_qa_hotpotqa_16k:0348,ruler_qa_hotpotqa_16k,12,20260929,gaussian_bf16_scalar_bracket_binary_v1,32,7,True,1.5342353920644314e-05,1.5342353006168757e-05,40,cuda:0,bfloat16,1.4189460273428267e-07,2.1399426675117184e-10,0.9984918787421964,True,32,24,float32,1.4171301643273182e-07,0.0012797266284391151,True,1.4189460273428267e-07,False,0.001,a5ddc7dd066e6271d6f5da05c4e05d97a2ee59fd27dee6e0212a99d9905481c4,"[2048, 6144]",2728556701365985905,1.4189460273428267e-07
ruler_qa_hotpotqa_16k:0348,ruler_qa_hotpotqa_16k,12,20260930,gaussian_bf16_scalar_bracket_binary_v1,32,7,True,1.4965446382131375e-05,1.4965446382131375e-05,40,cuda:0,bfloat16,1.4189460273428267e-07,9.30533566867453e-11,0.9993442079198671,True,32,24,float32,1.4169089013194025e-07,0.0014356613882199653,True,1.4189460273428267e-07,False,0.001,38624074f6f8b39689758414d3f0d0db574f29c250b343a1a759f2e46f5b3574,"[2048, 6144]",4062880684945486742,1.4189460273428267e-07
ruler_qa_hotpotqa_16k:0348,ruler_qa_hotpotqa_16k,18,20260926,gaussian_bf16_scalar_bracket_binary_v1,7,7,True,2.075995211470172e-05,2.0759950877312147e-05,15,cuda:0,bfloat16,2.268847225650461e-07,2.999954173965591e-10,0.9986777628127405,True,32,24,float32,2.269316468073157e-07,0.00020681975295248976,True,2.268847225650461e-07,False,0.001,97901ef272861b01a70ed1edff19b32a83055ffb1ef99b41e0702e19fb17c4d4,"[2048, 6144]",1697891086170987265,2.268847225650461e-07
ruler_qa_hotpotqa_16k:0348,ruler_qa_hotpotqa_16k,18,20260927,gaussian_bf16_scalar_bracket_binary_v1,32,7,True,2.121372155983181e-05,2.1213720295395474e-05,40,cuda:0,bfloat16,2.268847225650461e-07,2.1037459274619863e-10,0.9990727688036117,True,32,24,float32,2.2633265928106994e-07,0.0024332325144452824,True,2.268847225650461e-07,False,0.001,29645f6b0208629712d4edfe8bd757022a58ceae675292199476fc25556ad871,"[2048, 6144]",2982613766426354327,2.268847225650461e-07
ruler_qa_hotpotqa_16k:0348,ruler_qa_hotpotqa_16k,18,20260928,gaussian_bf16_scalar_bracket_binary_v1,32,7,True,2.0733807195499887e-05,2.0733807195499887e-05,40,cuda:0,bfloat16,2.268847225650461e-07,2.1436309671774012e-10,0.9990551893741709,True,32,24,float32,2.2774570140882133e-07,0.0037947854489338417,True,2.268847225650461e-07,False,0.001,7f8a1839d67127478659f2c4cd58cf1dc347dfcc3d0f3984da6416d7349b7320,"[2048, 6144]",9190184626292860743,2.268847225650461e-07
ruler_qa_hotpotqa_16k:0348,ruler_qa_hotpotqa_16k,18,20260929,gaussian_bf16_scalar_bracket_binary_v1,7,7,True,2.1440606282396857e-05,2.1440606282396857e-05,15,cuda:0,bfloat16,2.268847225650461e-07,1.9305297638272378e-10,0.9991491142541457,True,32,24,float32,2.2677573952023522e-07,0.0004803454528748165,True,2.268847225650461e-07,False,0.001,2814d85cc230c92e156349284a0e825c3ee916b238d98c230d868eed4b208e4d,"[2048, 6144]",2888171153957898542,2.268847225650461e-07
ruler_qa_hotpotqa_16k:0348,ruler_qa_hotpotqa_16k,18,20260930,gaussian_bf16_scalar_bracket_binary_v1,9,7,True,2.112863978886992e-05,2.112863978886992e-05,17,cuda:0,bfloat16,2.268847225650461e-07,1.8917489796876907e-10,0.9991662069802231,True,32,24,float32,2.2710145231030765e-07,0.0009552416875464632,True,2.268847225650461e-07,False,0.001,5413dd5e5059579ad50eca0ccecd3984ce6a5fbe8a989466c571f84b62c706e3,"[2048, 6144]",6058429320888145818,2.268847225650461e-07
ruler_qa_hotpotqa_16k:0348,ruler_qa_hotpotqa_16k,24,20260926,gaussian_bf16_scalar_bracket_binary_v1,9,7,True,1.531142723010248e-05,1.53114263174703e-05,17,cuda:0,bfloat16,1.4031090245225641e-07,1.4257907354764399e-10,0.9989838346767376,True,32,24,float32,1.4031373041234474e-07,2.015495616448956e-05,True,1.4031090245225641e-07,False,0.001,134b065a79f8fe3f5a2e4158396163f42e941722a8af715405964fb5dc885319,"[2048, 6144]",1390211895637114431,1.4031090245225641e-07
ruler_qa_hotpotqa_16k:0348,ruler_qa_hotpotqa_16k,24,20260927,gaussian_bf16_scalar_bracket_binary_v1,32,7,True,1.5749898800265782e-05,1.5749898800265782e-05,40,cuda:0,bfloat16,1.4031090245225641e-07,8.231806208902626e-11,0.9994133167084643,True,32,24,float32,1.400338049961647e-07,0.001974881860559708,True,1.4031090245225641e-07,False,0.001,8a2d312ca5e495995005126b4767f90e25b6a913be5a8dc64f6e3541ff312363,"[2048, 6144]",733296382162802073,1.4031090245225641e-07
ruler_qa_hotpotqa_16k:0348,ruler_qa_hotpotqa_16k,24,20260928,gaussian_bf16_scalar_bracket_binary_v1,7,7,True,1.564466562342659e-05,1.564466562342659e-05,15,cuda:0,bfloat16,1.4031090245225641e-07,1.7462298274040222e-10,0.9987554567771395,True,32,24,float32,1.402494689273226e-07,0.0004378385703471777,True,1.4031090245225641e-07,False,0.001,109f3a860a73ffbd76479e429ec54cb35a1b8eb238884c20d077768216116b9a,"[2048, 6144]",1197740373279244221,1.4031090245225641e-07
ruler_qa_hotpotqa_16k:0348,ruler_qa_hotpotqa_16k,24,20260929,gaussian_bf16_scalar_bracket_binary_v1,32,7,True,1.5083422013617565e-05,1.5083422013617565e-05,40,cuda:0,bfloat16,1.4031090245225641e-07,1.3015628852475203e-10,0.9990723722372961,True,32,24,float32,1.4008885784733138e-07,0.0015825185430660773,True,1.4031090245225641e-07,False,0.001,9bc81175bdc646875797e5acc2d10191c202cccdca7b545887283d82aeea90b3,"[2048, 6144]",2001869231758919303,1.4031090245225641e-07
ruler_qa_hotpotqa_16k:0348,ruler_qa_hotpotqa_16k,24,20260930,gaussian_bf16_scalar_bracket_binary_v1,32,7,True,1.5223732916069821e-05,1.5223732008664627e-05,40,cuda:0,bfloat16,1.4031090245225641e-07,2.098707041486847e-10,0.9985042452120205,True,32,24,float32,1.400621272296121e-07,0.0017730284553545438,True,1.4031090245225641e-07,False,0.001,af34ec9eb2a584e452893d0dbc45e156634ac289a79d1c385249c02fb977cef4,"[2048, 6144]",3401603784917746916,1.4031090245225641e-07
ruler_qa_hotpotqa_16k:0364,ruler_qa_hotpotqa_16k,18,20260926,gaussian_bf16_scalar_bracket_binary_v1,8,7,True,1.9266568532572137e-05,1.9266567384195164e-05,16,cuda:0,bfloat16,1.991376592513916e-07,4.51812948165653e-10,0.9977311526616104,True,32,24,float32,1.992228106928451e-07,0.0004276008956497532,True,1.991376592513916e-07,False,0.001,b41be1d62b68c0dd017d47e67e600d308f848ffd87a794707de3cc4def7adbb0,"[2048, 6144]",3754843024310976733,1.991376592513916e-07
ruler_qa_hotpotqa_16k:0364,ruler_qa_hotpotqa_16k,18,20260927,gaussian_bf16_scalar_bracket_binary_v1,32,7,True,1.8848068295551634e-05,1.8848068295551634e-05,40,cuda:0,bfloat16,1.991376592513916e-07,1.3337050908113213e-10,0.9993302597329782,True,32,24,float32,1.9887500002369052e-07,0.0013189832033201582,True,1.991376592513916e-07,False,0.001,3e4805cfb7de02a37061a2f1611ff3128ecfd897ae3dba9e78bc6e34e94ad56d,"[2048, 6144]",4487843418375848611,1.991376592513916e-07
ruler_qa_hotpotqa_16k:0364,ruler_qa_hotpotqa_16k,18,20260928,gaussian_bf16_scalar_bracket_binary_v1,8,7,True,1.9764412680700616e-05,1.976441150264982e-05,16,cuda:0,bfloat16,1.991376592513916e-07,1.8406878798948867e-10,0.9990756706256293,True,32,24,float32,1.9897467495866294e-07,0.0008184503792067789,True,1.991376592513916e-07,False,0.001,944cbac9f1847682da9562fcc1875d5c4aa510951bf263c6b1d2c030c0f36678,"[2048, 6144]",1462749355491751554,1.991376592513916e-07
ruler_qa_hotpotqa_16k:0364,ruler_qa_hotpotqa_16k,18,20260929,gaussian_bf16_scalar_bracket_binary_v1,32,7,True,1.8799839643701688e-05,1.8799839643701688e-05,40,cuda:0,bfloat16,1.991376592513916e-07,2.6193447411060333e-10,0.9986846562569065,True,32,24,float32,1.9991033184396656e-07,0.0038800927734092758,True,1.991376592513916e-07,False,0.001,d5037a6f043061a6f5a87a9d292253053d402ef2658f58d0b0e65762f2d49ebd,"[2048, 6144]",6125874535384244646,1.991376592513916e-07
ruler_qa_hotpotqa_16k:0364,ruler_qa_hotpotqa_16k,18,20260930,gaussian_bf16_scalar_bracket_binary_v1,6,7,True,1.9714628265887768e-05,1.9714628265887768e-05,14,cuda:0,bfloat16,1.991376592513916e-07,1.7703169485905335e-10,0.9991110084575436,True,32,24,float32,1.9902891779111087e-07,0.0005460617579292242,True,1.991376592513916e-07,False,0.001,09758acc8df2d129c5ffe4025ede34437a215d2a7b235b3c2876379197d4d542,"[2048, 6144]",681603529775960361,1.991376592513916e-07
ruler_qa_hotpotqa_16k:0454,ruler_qa_hotpotqa_16k,18,20260926,gaussian_bf16_scalar_bracket_binary_v1,32,7,True,1.9567451385871237e-05,1.9567451385871237e-05,40,cuda:0,bfloat16,2.0101394682114915e-07,2.5298996231271076e-10,0.998741430799636,True,32,24,float32,2.0127052380303212e-07,0.0012764138306843946,True,2.0101394682114915e-07,False,0.001,dbb27b647dace822eb83264dd03221e26753bab7b19d862dce4e4ddd72498650,"[2048, 6144]",6607479274841368610,2.0101394682114915e-07
ruler_qa_hotpotqa_16k:0454,ruler_qa_hotpotqa_16k,18,20260927,gaussian_bf16_scalar_bracket_binary_v1,32,7,True,1.909632494800917e-05,1.9096323809779505e-05,40,cuda:0,bfloat16,2.0101394682114915e-07,1.7462298274040222e-10,0.9991312892189725,True,32,24,float32,2.007656263458557e-07,0.0012353395335020277,True,2.0101394682114915e-07,False,0.001,ee3c7c21fd6a7f2fa971c7ad0e05df4424a68760d2f33f027aa80daeeb597a9a,"[2048, 6144]",7943360328202092335,2.0101394682114915e-07
ruler_qa_hotpotqa_16k:0454,ruler_qa_hotpotqa_16k,18,20260928,gaussian_bf16_scalar_bracket_binary_v1,32,7,True,1.938999376094319e-05,1.9389991449475812e-05,40,cuda:0,bfloat16,2.0101394682114915e-07,2.2742460692448674e-10,0.998868612797664,True,32,24,float32,2.006650277053268e-07,0.0017357955571749622,True,2.0101394682114915e-07,False,0.001,c71e47d7fd2473a0746e08a8e84bc1bf38672b82e582a9ad0960f5caf8ff643e,"[2048, 6144]",5124612418984768416,2.0101394682114915e-07
ruler_qa_hotpotqa_16k:0454,ruler_qa_hotpotqa_16k,18,20260929,gaussian_bf16_scalar_bracket_binary_v1,32,7,True,1.854275138352124e-05,1.854275138352124e-05,40,cuda:0,bfloat16,2.0101394682114915e-07,1.462449328304416e-10,0.9992724637511816,True,32,24,float32,2.0001536427116662e-07,0.0049677276914074624,True,2.0101394682114915e-07,False,0.001,9f061bdd5ae94403aa47dafe1b9ab14eaf3e054e451cf89b3f85228ff5772134,"[2048, 6144]",2235504902562989059,2.0101394682114915e-07
ruler_qa_hotpotqa_16k:0454,ruler_qa_hotpotqa_16k,18,20260930,gaussian_bf16_scalar_bracket_binary_v1,32,7,True,1.9699366788472616e-05,1.9699366788472616e-05,40,cuda:0,bfloat16,2.0101394682114915e-07,2.347553540449354e-10,0.9988321439494255,True,32,24,float32,2.003186807542079e-07,0.0034587951629041266,True,2.0101394682114915e-07,False,0.001,a28cb16a0d64fa9a0d05b03ce05f91fb6205fba3c5c6336eade9f12baaedf896,"[2048, 6144]",2489559763078412954,2.0101394682114915e-07
ruler_qa_hotpotqa_16k:0493,ruler_qa_hotpotqa_16k,24,20260926,gaussian_bf16_scalar_bracket_binary_v1,32,7,True,1.834227366259711e-05,1.834227366259711e-05,40,cuda:0,bfloat16,1.933309476953582e-07,2.016372485647011e-10,0.9989570358446572,True,32,24,float32,1.9312392396386713e-07,0.001070825617724075,True,1.933309476953582e-07,False,0.001,979f0f9c3e9f3da8f3424b836ac048c9ceadb9eb226cbef1c578a242294da3a7,"[2048, 6144]",1702096347909275048,1.933309476953582e-07
ruler_qa_hotpotqa_16k:0493,ruler_qa_hotpotqa_16k,24,20260927,gaussian_bf16_scalar_bracket_binary_v1,32,7,True,1.8571854162985346e-05,1.8571854162985346e-05,40,cuda:0,bfloat16,1.933309476953582e-07,0.0,1.0,True,32,24,float32,1.9308050980271219e-07,0.0012953843946424612,True,1.933309476953582e-07,False,0.001,3f0d5cf290e208d5b8a35dc2e461ba7d759100de25f42f9cdde65d886873525f,"[2048, 6144]",4543389795969272021,1.933309476953582e-07
ruler_qa_hotpotqa_16k:0493,ruler_qa_hotpotqa_16k,24,20260928,gaussian_bf16_scalar_bracket_binary_v1,32,7,True,1.8970599242607022e-05,1.8970599242607022e-05,40,cuda:0,bfloat16,1.933309476953582e-07,1.3015628852475203e-10,0.9993267695106433,True,32,24,float32,1.9381170091037347e-07,0.0024866852448932907,True,1.933309476953582e-07,False,0.001,4301e1124b2c25392a535698f8f9064538ce75d133e5b8b030d97cfce98a7342,"[2048, 6144]",4828387744204727609,1.933309476953582e-07
ruler_qa_hotpotqa_16k:0493,ruler_qa_hotpotqa_16k,24,20260929,gaussian_bf16_scalar_bracket_binary_v1,10,7,True,1.93693443222287e-05,1.93693443222287e-05,18,cuda:0,bfloat16,1.933309476953582e-07,1.4257907354764399e-10,0.9992625129331476,True,32,24,float32,1.9322453681525076e-07,0.0005504078957659167,True,1.933309476953582e-07,False,0.001,4c728a2bf27a475a18b10a458c34f956e63e0a2b42dd467a1378cc5e7b8f373f,"[2048, 6144]",5508617215583864666,1.933309476953582e-07
ruler_qa_hotpotqa_16k:0493,ruler_qa_hotpotqa_16k,24,20260930,gaussian_bf16_scalar_bracket_binary_v1,7,7,True,2.0009753086469573e-05,2.0009750701121123e-05,15,cuda:0,bfloat16,1.933309476953582e-07,1.7462298274040222e-10,0.9990967665300252,True,32,24,float32,1.9329708322857186e-07,0.00017516319652913722,True,1.933309476953582e-07,False,0.001,1d3a83202b4d180291ca7e26f217a251eabf626d7e187a541eec899fd3a381d3,"[2048, 6144]",2106139949937793026,1.933309476953582e-07
ruler_qa_squad_16k:0033,ruler_qa_squad_16k,12,20260926,gaussian_bf16_scalar_bracket_binary_v1,32,7,True,1.5785529323686376e-05,1.5785528382795507e-05,40,cuda:0,bfloat16,1.500703916690327e-07,1.3911403973221326e-10,0.9990730080851723,True,32,24,float32,1.4985121765676013e-07,0.0014604747134659972,True,1.500703916690327e-07,False,0.001,1dc79a98c5ddbfae941908808b0ddda025746e6b765bee4c6bddde596a887dab,"[2048, 6144]",2145853728410681262,1.500703916690327e-07
ruler_qa_squad_16k:0033,ruler_qa_squad_16k,12,20260927,gaussian_bf16_scalar_bracket_binary_v1,32,7,True,1.5300145400631848e-05,1.5300145400631848e-05,40,cuda:0,bfloat16,1.500703916690327e-07,1.9105667048435748e-10,0.9987268863074222,True,32,24,float32,1.496584474125484e-07,0.0027450068724601136,True,1.500703916690327e-07,False,0.001,70b0d8535d3ddbfa620517efdf3a84ba4a927b6c1e5f3ef28734aa7a32d8a59a,"[2048, 6144]",8120227980707224570,1.500703916690327e-07
ruler_qa_squad_16k:0033,ruler_qa_squad_16k,12,20260928,gaussian_bf16_scalar_bracket_binary_v1,32,7,True,1.6976713057559323e-05,1.6976713057559323e-05,40,cuda:0,bfloat16,1.500703916690327e-07,1.3500099649288444e-10,0.9991004155117379,True,32,24,float32,1.497374171322008e-07,0.0022187890171316725,True,1.500703916690327e-07,False,0.001,4c4c5b6f603668918dd36991c20a4f0f30afef55b13535475e9e481a948fc4e6,"[2048, 6144]",5497869779026208913,1.500703916690327e-07
ruler_qa_squad_16k:0033,ruler_qa_squad_16k,12,20260929,gaussian_bf16_scalar_bracket_binary_v1,32,7,True,1.6273258096610732e-05,1.6273258096610732e-05,40,cuda:0,bfloat16,1.500703916690327e-07,1.5000874153958677e-10,0.9990004108080799,True,32,24,float32,1.5150406795783056e-07,0.009553358746205706,True,1.500703916690327e-07,False,0.001,eb5c146ffa215879d1736d444bdbd0ff296ab54002eaafe13f9932990f5fdaca,"[2048, 6144]",7736080731086084217,1.500703916690327e-07
ruler_qa_squad_16k:0033,ruler_qa_squad_16k,12,20260930,gaussian_bf16_scalar_bracket_binary_v1,32,7,True,1.6285715111544197e-05,1.6285715111544197e-05,40,cuda:0,bfloat16,1.500703916690327e-07,5.846289424793483e-11,0.9996104301881422,True,32,24,float32,1.511748592974982e-07,0.007359663796315717,True,1.500703916690327e-07,False,0.001,e994c74c8aa819964fb0e2dcfdecf8d4374e81b9bf1923d30212d9f89905af5b,"[2048, 6144]",7607924802093324694,1.500703916690327e-07
ruler_qa_squad_16k:0056,ruler_qa_squad_16k,0,20260926,gaussian_bf16_scalar_bracket_binary_v1,8,7,True,2.2447648049706004e-05,2.2447646711721915e-05,16,cuda:0,bfloat16,2.2847478930998477e-07,1.0392146171378513e-10,0.9995451512964401,True,32,24,float32,2.2846384695185407e-07,4.789306585532911e-05,True,2.2847478930998477e-07,False,0.001,9c8ad80ec0a8750eccec54cf91d899d7a340428795d9b4470876dc7b87d71dc1,"[2048, 6144]",2056693737721459982,2.2847478930998477e-07
ruler_qa_squad_16k:0056,ruler_qa_squad_16k,0,20260927,gaussian_bf16_scalar_bracket_binary_v1,11,7,True,2.2497626909867563e-05,2.2497626909867563e-05,19,cuda:0,bfloat16,2.2847478930998477e-07,7.420049991102573e-11,0.9996752355035096,True,32,24,float32,2.283869520169901e-07,0.00038445070136596,True,2.2847478930998477e-07,False,0.001,c1a247d7b48b3708db62ad15889643b188e917994ad9bb8a943fddcc7167c8ae,"[2048, 6144]",4729421550465005320,2.2847478930998477e-07
ruler_qa_squad_16k:0056,ruler_qa_squad_16k,0,20260928,gaussian_bf16_scalar_bracket_binary_v1,6,7,True,2.2162054563068523e-05,2.2162054563068523e-05,14,cuda:0,bfloat16,2.2847478930998477e-07,2.524662978675707e-10,0.9988949927533359,True,32,24,float32,2.2862623438868468e-07,0.0006628524711951198,True,2.2847478930998477e-07,False,0.001,b7bd13b96a7fa440aa3fc032846d21112d42a7611850f95c5da5b5db5903a26c,"[2048, 6144]",4016388129760977984,2.2847478930998477e-07
ruler_qa_squad_16k:0056,ruler_qa_squad_16k,0,20260929,gaussian_bf16_scalar_bracket_binary_v1,8,7,True,2.1533748892466065e-05,2.1533748892466065e-05,16,cuda:0,bfloat16,2.2847478930998477e-07,1.6073115061132626e-10,0.9992965037801468,True,32,24,float32,2.284059235080349e-07,0.00030141532095444783,True,2.2847478930998477e-07,False,0.001,154f9afd3d6d855f46616874f45f01fb2c129f03d6ee5476b2181d94d206c8f4,"[2048, 6144]",1535616410404619615,2.2847478930998477e-07
ruler_qa_squad_16k:0056,ruler_qa_squad_16k,0,20260930,gaussian_bf16_scalar_bracket_binary_v1,7,7,True,2.0905443221863607e-05,2.090544197580209e-05,15,cuda:0,bfloat16,2.2847478930998477e-07,5.372396971736748e-10,0.9976485821529973,True,32,24,float32,2.283375977185642e-07,0.0006004670880095417,True,2.2847478930998477e-07,False,0.001,ea480674cdff57d420cac10ad0b15c759753295af69507bbd7ca8f758eeed5ec,"[2048, 6144]",7658378265085564884,2.2847478930998477e-07
ruler_qa_squad_16k:0056,ruler_qa_squad_16k,6,20260926,gaussian_bf16_scalar_bracket_binary_v1,6,7,True,1.9243515652078713e-05,1.9243515652078713e-05,14,cuda:0,bfloat16,1.868302490493079e-07,2.6674101816226425e-10,0.9985722814184556,True,32,24,float32,1.8690208491989324e-07,0.0003844980721852345,True,1.868302490493079e-07,False,0.001,8472b35d37d38b06af326e926c0042717b0e5759b7c82b16fd8ee3c70ffa1385,"[2048, 6144]",320515736446667526,1.868302490493079e-07
ruler_qa_squad_16k:0056,ruler_qa_squad_16k,6,20260927,gaussian_bf16_scalar_bracket_binary_v1,7,7,True,1.896327027850475e-05,1.8963269148205762e-05,15,cuda:0,bfloat16,1.868302490493079e-07,1.3015628852475203e-10,0.9993033446715023,True,32,24,float32,1.8674641921734292e-07,0.0004486951785995447,True,1.868302490493079e-07,False,0.001,1d879e4543e36ba78622c708bdb2919aff83699155cde73f7ad1c3620525339e,"[2048, 6144]",2127843369284758439,1.868302490493079e-07
ruler_qa_squad_16k:0056,ruler_qa_squad_16k,6,20260928,gaussian_bf16_scalar_bracket_binary_v1,32,7,True,1.8029119033258212e-05,1.8029119033258212e-05,40,cuda:0,bfloat16,1.868302490493079e-07,1.7462298274040222e-10,0.9990653388108779,True,32,24,float32,1.8662930756363494e-07,0.001075529721206571,True,1.868302490493079e-07,False,0.001,872ed46a7d5a84f2f0b15e794b469fbca638baace3e5e327f7f21ed59a5261a6,"[2048, 6144]",517584561028891890,1.868302490493079e-07
ruler_qa_squad_16k:0056,ruler_qa_squad_16k,6,20260929,gaussian_bf16_scalar_bracket_binary_v1,32,7,True,1.8262656844569847e-05,1.8262656844569847e-05,40,cuda:0,bfloat16,1.868302490493079e-07,2.6674101816226425e-10,0.9985722814184556,True,32,24,float32,1.8772641396935796e-07,0.004796680005567806,True,1.868302490493079e-07,False,0.001,32a058ebc17909699c9ed4898f615c58d0758aff2ce88396927511fc27eeea57,"[2048, 6144]",3648013467756595561,1.868302490493079e-07
ruler_qa_squad_16k:0056,ruler_qa_squad_16k,6,20260930,gaussian_bf16_scalar_bracket_binary_v1,32,7,True,1.7961976912506117e-05,1.7961976912506117e-05,40,cuda:0,bfloat16,1.868302490493079e-07,1.3015628852475203e-10,0.9993033446715023,True,32,24,float32,1.863583634076349e-07,0.0025257453976227293,True,1.868302490493079e-07,False,0.001,091daa2d5e0e510874b4ac60357994b2507bb743a950fbd992f7d907e52b9d6f,"[2048, 6144]",656868232494207240,1.868302490493079e-07
ruler_qa_squad_16k:0056,ruler_qa_squad_16k,12,20260926,gaussian_bf16_scalar_bracket_binary_v1,9,7,True,1.847815570243938e-05,1.847815570243938e-05,17,cuda:0,bfloat16,1.8005511037699762e-07,2.0569866643338486e-10,0.998857579404424,True,32,24,float32,1.7995184009578225e-07,0.0005735481819935388,True,1.8005511037699762e-07,False,0.001,33c2fa7f48645ef8bd182366fc98a69fdce2b96dde496d850e60e2a82af5de89,"[2048, 6144]",3729818865998520056,1.8005511037699762e-07
ruler_qa_squad_16k:0056,ruler_qa_squad_16k,12,20260927,gaussian_bf16_scalar_bracket_binary_v1,7,7,True,1.8635703924019253e-05,1.863570170247023e-05,15,cuda:0,bfloat16,1.8005511037699762e-07,2.7574342809089103e-10,0.99846856094496,True,32,24,float32,1.7995830603467766e-07,0.0005376372940332994,True,1.8005511037699762e-07,False,0.001,e9a12a903f26f22e02937d3071e45d065995dd93eb9b45bfca1ec5723b040ff5,"[2048, 6144]",7611411644256023086,1.8005511037699762e-07
ruler_qa_squad_16k:0056,ruler_qa_squad_16k,12,20260928,gaussian_bf16_scalar_bracket_binary_v1,32,7,True,1.7645400816945767e-05,1.7645400816945767e-05,40,cuda:0,bfloat16,1.8005511037699762e-07,1.2502161805816314e-10,0.9993056480441105,True,32,24,float32,1.802545881446349e-07,0.0011078706248305085,True,1.8005511037699762e-07,False,0.001,3c60e539a3a166806bd6fca6bc9e90937da9a9d260ad874dd1df6f31b7c6a6ea,"[2048, 6144]",4350729275761059456,1.8005511037699762e-07
ruler_qa_squad_16k:0056,ruler_qa_squad_16k,12,20260929,gaussian_bf16_scalar_bracket_binary_v1,32,7,True,1.7937990371308388e-05,1.7937989302120843e-05,40,cuda:0,bfloat16,1.8005511037699762e-07,2.98402969001188e-10,0.9983427131372368,True,32,24,float32,1.8073586716127465e-07,0.0037808245644995854,True,1.8005511037699762e-07,False,0.001,dc1495d9175817b1563de686d7202f6dd47bf858f663570fcf0c41d46cb519b6,"[2048, 6144]",6635092910655674289,1.8005511037699762e-07
ruler_qa_squad_16k:0056,ruler_qa_squad_16k,12,20260930,gaussian_bf16_scalar_bracket_binary_v1,9,7,True,1.8343114369656632e-05,1.8343114369656632e-05,17,cuda:0,bfloat16,1.8005511037699762e-07,2.375575014479381e-10,0.9986806400498683,True,32,24,float32,1.801703604087379e-07,0.0006400819810055869,True,1.8005511037699762e-07,False,0.001,7d7d587e1aaa32c3e2532fc2d0bd06e342823d28a468faa6adbe832cc07c2f59,"[2048, 6144]",9042480925466309315,1.8005511037699762e-07
ruler_qa_squad_16k:0056,ruler_qa_squad_16k,18,20260926,gaussian_bf16_scalar_bracket_binary_v1,32,7,True,1.778920279082996e-05,1.778920279082996e-05,40,cuda:0,bfloat16,1.7943403918252443e-07,8.231806208902626e-11,0.999541234971558,True,32,24,float32,1.7967512633276783e-07,0.0013435976325437483,True,1.7943403918252443e-07,False,0.001,5a44b01f7bff8281473490bf26fc0f2fd222f3a19b41f26056abab0b695ba8ea,"[2048, 6144]",6504517411100656257,1.7943403918252443e-07
ruler_qa_squad_16k:0056,ruler_qa_squad_16k,18,20260927,gaussian_bf16_scalar_bracket_binary_v1,9,7,True,1.805555019274152e-05,1.805555019274152e-05,17,cuda:0,bfloat16,1.7943403918252443e-07,1.5672892150764284e-10,0.9991265374049334,True,32,24,float32,1.7957808040591772e-07,0.0008027530564965183,True,1.7943403918252443e-07,False,0.001,955ef6108c03a743c2532518797e435335ad79296d52050be77ed2f54b4e99ad,"[2048, 6144]",1539938673536247619,1.7943403918252443e-07
ruler_qa_squad_16k:0056,ruler_qa_squad_16k,18,20260928,gaussian_bf16_scalar_bracket_binary_v1,8,7,True,1.7719111369274287e-05,1.7719110313132948e-05,16,cuda:0,bfloat16,1.7943403918252443e-07,1.7462298274040222e-10,0.999026812395597,True,32,24,float32,1.794374639985108e-07,1.9086768608490618e-05,True,1.7943403918252443e-07,False,0.001,e643b7c3592ffc448bb125d73ed315823acda92f2c93e2eb723f18b07b897574,"[2048, 6144]",7368935464951086148,1.7943403918252443e-07
ruler_qa_squad_16k:0056,ruler_qa_squad_16k,18,20260929,gaussian_bf16_scalar_bracket_binary_v1,32,7,True,1.832610307994642e-05,1.832610307994642e-05,40,cuda:0,bfloat16,1.7943403918252443e-07,1.4551915228366852e-10,0.9991890103296641,True,32,24,float32,1.8032716297966545e-07,0.004977449101686383,True,1.7943403918252443e-07,False,0.001,3293a8cfead040d4adf3442e94712a5be12fd1b503246caef5b96f1570f9db56,"[2048, 6144]",3644442134424076500,1.7943403918252443e-07
ruler_qa_squad_16k:0056,ruler_qa_squad_16k,18,20260930,gaussian_bf16_scalar_bracket_binary_v1,32,7,True,1.7996673398634755e-05,1.7996673398634755e-05,40,cuda:0,bfloat16,1.7943403918252443e-07,2.016372485647011e-10,0.998876259769421,True,32,24,float32,1.7918017647389206e-07,0.0014147968233281178,True,1.7943403918252443e-07,False,0.001,66c15885d52d10898df1838b9b6db7c7a60b921f6b08ebe2ac01639da1eb887d,"[2048, 6144]",7404296594204201097,1.7943403918252443e-07
ruler_qa_squad_16k:0056,ruler_qa_squad_16k,24,20260926,gaussian_bf16_scalar_bracket_binary_v1,32,7,True,4.139498633648486e-05,4.139498386915141e-05,40,cuda:0,bfloat16,6.191351076267892e-07,1.0557913432407418e-09,0.9982947319086981,True,32,24,float32,6.184076823956275e-07,0.0011749054805663638,True,6.191351076267892e-07,False,0.001,93e6f83ed85f5e31ef95febf9107958697e0e3c65351fe23e2164562f58c451d,"[2048, 6144]",1434106480165871153,6.191351076267892e-07
ruler_qa_squad_16k:0056,ruler_qa_squad_16k,24,20260927,gaussian_bf16_scalar_bracket_binary_v1,7,7,True,4.302988998006185e-05,4.302988998006185e-05,15,cuda:0,bfloat16,6.191351076267892e-07,1.3884693395027625e-09,0.997757404930848,True,32,24,float32,6.192634032231581e-07,0.00020721744702963842,True,6.191351076267892e-07,False,0.001,89ccf3f81e43d653d4cbdd19a126c959900a4a6e95c99d283fe282a234d5a64a,"[2048, 6144]",706207488575526483,6.191351076267892e-07
ruler_qa_squad_16k:0056,ruler_qa_squad_16k,24,20260928,gaussian_bf16_scalar_bracket_binary_v1,10,7,True,4.221727515130169e-05,4.221727515130169e-05,18,cuda:0,bfloat16,6.191351076267892e-07,1.2538313720611427e-09,0.9979748662987837,True,32,24,float32,6.193785679897701e-07,0.0003932265510092784,True,6.191351076267892e-07,False,0.001,4d05f155844ec417aea1eb951828c0b0bb761185aae51f0a3a7faf2a76a0403c,"[2048, 6144]",5550107465398273047,6.191351076267892e-07
ruler_qa_squad_16k:0056,ruler_qa_squad_16k,24,20260929,gaussian_bf16_scalar_bracket_binary_v1,10,7,True,4.15981400436749e-05,4.1598145002559626e-05,18,cuda:0,bfloat16,6.191351076267892e-07,5.238689482212067e-10,0.9991538697422131,True,32,24,float32,6.192095725054969e-07,0.00012027242162553227,True,6.191351076267892e-07,False,0.001,562dd65596a94e97aaa6837eca384f4211b92a2650abe01e93c767cfae4fe7c4,"[2048, 6144]",6209855124302024343,6.191351076267892e-07
ruler_qa_squad_16k:0056,ruler_qa_squad_16k,24,20260930,gaussian_bf16_scalar_bracket_binary_v1,8,7,True,4.194640354171497e-05,4.194640354171497e-05,16,cuda:0,bfloat16,6.191351076267892e-07,9.240179732472598e-10,0.9985075665038781,True,32,24,float32,6.195739388203947e-07,0.0007087809885107703,True,6.191351076267892e-07,False,0.001,3ab669ceace712cb0625859677231e63e6c603695532d8fa27f43a0c898cb61b,"[2048, 6144]",4230685236346163915,6.191351076267892e-07
ruler_qa_squad_16k:0085,ruler_qa_squad_16k,0,20260926,gaussian_bf16_scalar_bracket_binary_v1,8,7,True,2.091034782125689e-05,2.091034782125689e-05,16,cuda:0,bfloat16,2.2667043708679557e-07,3.573376872179068e-10,0.9984235364266709,True,32,24,float32,2.267669430011665e-07,0.0004257543048455993,True,2.2667043708679557e-07,False,0.001,f6b35438937f4799eb056f87bd9489e279c626f3c59469e5d616b5315738ab57,"[2048, 6144]",8553272719276197785,2.2667043708679557e-07
ruler_qa_squad_16k:0085,ruler_qa_squad_16k,0,20260927,gaussian_bf16_scalar_bracket_binary_v1,7,7,True,2.142035630470218e-05,2.142035630470218e-05,15,cuda:0,bfloat16,2.2667043708679557e-07,3.864485675908469e-10,0.998295108208386,True,32,24,float32,2.2662698029307649e-07,0.00019171795968455938,True,2.2667043708679557e-07,False,0.001,4dbeb6c7a8520036fd739210342ff9a2f62d4d5f44ecc059d3382b88a0ad0476,"[2048, 6144]",5602115955134169142,2.2667043708679557e-07
ruler_qa_squad_16k:0085,ruler_qa_squad_16k,0,20260928,gaussian_bf16_scalar_bracket_binary_v1,32,7,True,2.0882014016621042e-05,2.0882014016621042e-05,40,cuda:0,bfloat16,2.2667043708679557e-07,1.0913936421275139e-10,0.9995185108141342,True,32,24,float32,2.2732558591087582e-07,0.002890314381091418,True,2.2667043708679557e-07,False,0.001,21c7a9b219cac7064e9de0b6186816294bc94868cbc16b4d56f8975d0c3f08ed,"[2048, 6144]",2434100706019034886,2.2667043708679557e-07
ruler_qa_squad_16k:0085,ruler_qa_squad_16k,0,20260929,gaussian_bf16_scalar_bracket_binary_v1,6,7,True,2.153369152324558e-05,2.153369152324558e-05,14,cuda:0,bfloat16,2.2667043708679557e-07,3.9053663081212164e-10,0.9982770729353534,True,32,24,float32,2.2671035537769058e-07,0.00017610717748656876,True,2.2667043708679557e-07,False,0.001,6dcb4cfb06f20f2be2bbd381f3f0b559ee62d1a2441ec2abce89b38dda93aaa3,"[2048, 6144]",7911501811443437355,2.2667043708679557e-07
ruler_qa_squad_16k:0085,ruler_qa_squad_16k,0,20260930,gaussian_bf16_scalar_bracket_binary_v1,15,7,True,2.2097268606080522e-05,2.2097267288980678e-05,23,cuda:0,bfloat16,2.2667043708679557e-07,3.7334951796808014e-10,0.9983528971719188,True,32,24,float32,2.2667320820346504e-07,1.2225311359872164e-05,True,2.2667043708679557e-07,False,0.001,f871401b67ad2792f27bcfd330c86b1443fe30cc3255b123cdfcd3fc8fc30001,"[2048, 6144]",8678788443367352210,2.2667043708679557e-07
ruler_qa_squad_16k:0085,ruler_qa_squad_16k,6,20260926,gaussian_bf16_scalar_bracket_binary_v1,32,7,True,2.0240916367653128e-05,2.0240916367653128e-05,40,cuda:0,bfloat16,2.037782991237691e-07,1.646361241780525e-10,0.9991920821555289,True,32,24,float32,2.033343520224662e-07,0.0021785788929039487,True,2.037782991237691e-07,False,0.001,2fc25ed5304a66a4a48b15cc35f8c4764dff3ab76f14facdea1734117c751551,"[2048, 6144]",3441417334995707556,2.037782991237691e-07
ruler_qa_squad_16k:0085,ruler_qa_squad_16k,6,20260927,gaussian_bf16_scalar_bracket_binary_v1,9,7,True,1.9180632405024767e-05,1.9180630118515206e-05,17,cuda:0,bfloat16,2.037782991237691e-07,1.3015628852475203e-10,0.9993612848419856,True,32,24,float32,2.0392302246818872e-07,0.0007101999822450004,True,2.037782991237691e-07,False,0.001,05d22cd8a6ed95f15b475760bbc42a35976b56d0b4a49f51713757765644df6d,"[2048, 6144]",419447024324023793,2.037782991237691e-07
ruler_qa_squad_16k:0085,ruler_qa_squad_16k,6,20260928,gaussian_bf16_scalar_bracket_binary_v1,32,7,True,2.0086490625348397e-05,2.0086490625348397e-05,40,cuda:0,bfloat16,2.037782991237691e-07,1.5672892150764284e-10,0.9992308851227949,True,32,24,float32,2.0352419483060658e-07,0.0012469644425100995,True,2.037782991237691e-07,False,0.001,e3eb98c254405bd4fab346b715f1dc263c02d65e2af7cda46cdfd81ef5920bdb,"[2048, 6144]",7200016389686451156,2.037782991237691e-07
ruler_qa_squad_16k:0085,ruler_qa_squad_16k,6,20260929,gaussian_bf16_scalar_bracket_binary_v1,32,7,True,1.9295257698281887e-05,1.9295257698281887e-05,40,cuda:0,bfloat16,2.037782991237691e-07,1.8635544496437007e-10,0.9990854990655743,True,32,24,float32,2.040141424686226e-07,0.0011573526026451323,True,2.037782991237691e-07,False,0.001,2f5a15829076df43eed9a58814bbc40c69eb8aa30435bdf24e77d74d0c8d032c,"[2048, 6144]",3412063318200213315,2.037782991237691e-07
ruler_qa_squad_16k:0085,ruler_qa_squad_16k,6,20260930,gaussian_bf16_scalar_bracket_binary_v1,8,7,True,1.9613661290662776e-05,1.9613661290662776e-05,16,cuda:0,bfloat16,2.037782991237691e-07,3.552575178478179e-10,0.9982566469571323,True,32,24,float32,2.0376812415179302e-07,4.993157769907898e-05,True,2.037782991237691e-07,False,0.001,2151fd7eb9d1e82702f9632aaf6ef3b7f1361e61e73c8ed92c4fdb3690a1237b,"[2048, 6144]",2400978797090433063,2.037782991237691e-07
ruler_qa_squad_16k:0085,ruler_qa_squad_16k,12,20260926,gaussian_bf16_scalar_bracket_binary_v1,4,7,True,1.5981350998117705e-05,1.5981350045554956e-05,12,cuda:0,bfloat16,1.5981350998117705e-07,1.2954473604942507e-10,0.9991894005953271,True,32,24,float32,1.5993541069292405e-07,0.0007627685028716304,True,1.5981350998117705e-07,False,0.001,8a402d74477d5c9c596356fe888c05670d386ae8a3cb8275dcd7ad6c402a5888,"[2048, 6144]",738640316327615644,1.5981350998117705e-07
ruler_qa_squad_16k:0085,ruler_qa_squad_16k,12,20260927,gaussian_bf16_scalar_bracket_binary_v1,6,7,True,1.5501910468174174e-05,1.5501909544188307e-05,14,cuda:0,bfloat16,1.5981350998117705e-07,2.9196906004003154e-10,0.9981730639664043,True,32,24,float32,1.5969887101618951e-07,0.000717329623766081,True,1.5981350998117705e-07,False,0.001,59abf6b86a5797239bc6390e56a84f97dfacf9745e8a179363168c73867d60ca,"[2048, 6144]",6461529362311649059,1.5981350998117705e-07
ruler_qa_squad_16k:0085,ruler_qa_squad_16k,12,20260928,gaussian_bf16_scalar_bracket_binary_v1,11,7,True,1.680538940895815e-05,1.680538940895815e-05,19,cuda:0,bfloat16,1.5981350998117705e-07,1.5057013968977628e-10,0.9990578384786899,True,32,24,float32,1.5970881861449016e-07,0.0006550845838954653,True,1.5981350998117705e-07,False,0.001,edca9eb16bb9e57dc13a08183ed7c272cd78e33a38a79199db662c245a899630,"[2048, 6144]",7911310180283442557,1.5981350998117705e-07
ruler_qa_squad_16k:0085,ruler_qa_squad_16k,12,20260929,gaussian_bf16_scalar_bracket_binary_v1,6,7,True,1.6141164508098882e-05,1.6141163546010505e-05,14,cuda:0,bfloat16,1.5981350998117705e-07,1.2898161705354738e-10,0.9991929241960286,True,32,24,float32,1.598652517031951e-07,0.000323763128812731,True,1.5981350998117705e-07,False,0.001,0633bf8f5e0c8675c8e66f842643a7e654676f37d3eebf327ac1db35e8ca6385,"[2048, 6144]",446911410518918773,1.5981350998117705e-07
ruler_qa_squad_16k:0085,ruler_qa_squad_16k,12,20260930,gaussian_bf16_scalar_bracket_binary_v1,32,7,True,1.656067497179947e-05,1.6560673984706323e-05,40,cuda:0,bfloat16,1.5981350998117705e-07,1.335688226689058e-10,0.9991642207052167,True,32,24,float32,1.6013908066270233e-07,0.002037191233479722,True,1.5981350998117705e-07,False,0.001,ed196e8988464da82425e8fec0bcf8b718265204629c9b16297d41d1ff962a0e,"[2048, 6144]",7861436161527795112,1.5981350998117705e-07
ruler_qa_squad_16k:0085,ruler_qa_squad_16k,18,20260926,gaussian_bf16_scalar_bracket_binary_v1,32,7,True,2.036925745230178e-05,2.036925745230178e-05,40,cuda:0,bfloat16,2.0217625262830552e-07,8.731149137020111e-11,0.9995681417068764,True,32,24,float32,2.019120586282952e-07,0.0013067508996520603,True,2.0217625262830552e-07,False,0.001,ae89c7bcee2afed94b03efe07a8e6d7921437a2d9ded5f6e6a089c1062dcb3a1,"[2048, 6144]",3353431011817619161,2.0217625262830552e-07
ruler_qa_squad_16k:0085,ruler_qa_squad_16k,18,20260927,gaussian_bf16_scalar_bracket_binary_v1,6,7,True,1.9611096504945635e-05,1.9611096504945635e-05,14,cuda:0,bfloat16,2.0217625262830552e-07,2.016372485647011e-10,0.9990026660107535,True,32,24,float32,2.022067917550885e-07,0.00015105199738326487,True,2.0217625262830552e-07,False,0.001,7e3e6c9464e1a9fa0b13678cd72e1e1802e05bac3ae16ff31d9dd0d2bb0e926b,"[2048, 6144]",9096827681938450938,2.0217625262830552e-07
ruler_qa_squad_16k:0085,ruler_qa_squad_16k,18,20260928,gaussian_bf16_scalar_bracket_binary_v1,32,7,True,1.931730913784513e-05,1.931730913784513e-05,40,cuda:0,bfloat16,2.0217625262830552e-07,1.7703169485905335e-10,0.9991243694916805,True,32,24,float32,2.0137775891271303e-07,0.003949493104219763,True,2.0217625262830552e-07,False,0.001,948b467036ead168519363de3fbeefe4c7fdb1ab9b96ca248c9befb267039961,"[2048, 6144]",1480354350292980072,2.0217625262830552e-07
ruler_qa_squad_16k:0085,ruler_qa_squad_16k,18,20260929,gaussian_bf16_scalar_bracket_binary_v1,1,7,True,1.940892025231733e-05,1.9408919095455533e-05,9,cuda:0,bfloat16,2.0217625262830552e-07,2.417545608146554e-10,0.9988042385904782,True,32,24,float32,2.0217228779983998e-07,1.9610752568604423e-05,True,2.0217625262830552e-07,False,0.001,18e1dc54cd2660efd87d386929ff20b769de4292ef629a7b65f0ccb98ca558ee,"[2048, 6144]",1792956383447376111,2.0217625262830552e-07
ruler_qa_squad_16k:0085,ruler_qa_squad_16k,18,20260930,gaussian_bf16_scalar_bracket_binary_v1,7,7,True,1.910565587337487e-05,1.910565473458904e-05,15,cuda:0,bfloat16,2.0217625262830552e-07,2.537213217301826e-10,0.9987450488450954,True,32,24,float32,2.0231358632827323e-07,0.0006792771068924485,True,2.0217625262830552e-07,False,0.001,e5f2338bb842e0f0b0c79aa0dce255fb59c7c7b80eb27609705e63e17e8de9f4,"[2048, 6144]",7345990617379561712,2.0217625262830552e-07
ruler_qa_squad_16k:0085,ruler_qa_squad_16k,24,20260926,gaussian_bf16_scalar_bracket_binary_v1,2,7,True,3.0129058359307237e-05,3.0129058359307237e-05,10,cuda:0,bfloat16,3.7661322949134046e-07,4.032744971294022e-10,0.9989292078303408,True,32,24,float32,3.766349720990547e-07,5.773192764265069e-05,True,3.7661322949134046e-07,False,0.001,ddd7d46fe1469687d7e98d5e8c985557c869f1b2ba0f59ee46c745ddf6ca6155,"[2048, 6144]",6762106942506047111,3.7661322949134046e-07
ruler_qa_squad_16k:0085,ruler_qa_squad_16k,24,20260927,gaussian_bf16_scalar_bracket_binary_v1,9,7,True,3.0552748242484995e-05,3.0552748242484995e-05,17,cuda:0,bfloat16,3.7661322949134046e-07,3.394060588135517e-10,0.9990987941149281,True,32,24,float32,3.7684719700337155e-07,0.0006212408213781706,True,3.7661322949134046e-07,False,0.001,f7676ee1b2373c7c82e7219eaac263bfc2d9322df6b092d57af1bfa24269681e,"[2048, 6144]",8603967528751283324,3.7661322949134046e-07
ruler_qa_squad_16k:0085,ruler_qa_squad_16k,24,20260928,gaussian_bf16_scalar_bracket_binary_v1,10,7,True,3.043505660826895e-05,3.043505660826895e-05,18,cuda:0,bfloat16,3.7661322949134046e-07,7.476909646975116e-10,0.9980146980877243,True,32,24,float32,3.7623752291437995e-07,0.0009975926163505876,True,3.7661322949134046e-07,False,0.001,8055dead6e70ceb4ce39f4b8fed84cd440ca7e22d63fc2ee46ed30e726f6ff7a,"[2048, 6144]",24170209484000948,3.7661322949134046e-07
ruler_qa_squad_16k:0085,ruler_qa_squad_16k,24,20260929,gaussian_bf16_scalar_bracket_binary_v1,8,7,True,3.0223211666680072e-05,3.0223211666680072e-05,16,cuda:0,bfloat16,3.7661322949134046e-07,3.394060588135517e-10,0.9990987941149281,True,32,24,float32,3.764091900393396e-07,0.0005417745209759337,True,3.7661322949134046e-07,False,0.001,8e96d0a4ed1cf843c9e93647b61ed524df09e8a23185fba6ca0a7a6a1b49362d,"[2048, 6144]",1051256969808902211,3.7661322949134046e-07
ruler_qa_squad_16k:0085,ruler_qa_squad_16k,24,20260930,gaussian_bf16_scalar_bracket_binary_v1,32,7,True,3.107353372389099e-05,3.107353187176405e-05,40,cuda:0,bfloat16,3.7661322949134046e-07,6.187559353776351e-10,0.9983570520445781,True,32,24,float32,3.7720141676800267e-07,0.0015617807092348445,True,3.7661322949134046e-07,False,0.001,152ce5176f4d59e083abdd6b96fdd051fb53bfd28ea61e9e0d4635d31c5c51fc,"[2048, 6144]",1525846262586104288,3.7661322949134046e-07
ruler_qa_squad_16k:0161,ruler_qa_squad_16k,0,20260926,gaussian_bf16_scalar_bracket_binary_v1,8,7,True,4.658652419209375e-05,4.658652419209375e-05,16,cuda:0,bfloat16,7.250820885928988e-07,2.011338429142029e-09,0.9972260541795409,True,32,24,float32,7.250352496157575e-07,6.459817154248282e-05,True,7.250820885928988e-07,False,0.001,b7ae4479ca70c14b4f65c441472c2fd9bf2c4938e3858ed293313b3e751886e1,"[2048, 6144]",4012219607911809355,7.250820885928988e-07
ruler_qa_squad_16k:0161,ruler_qa_squad_16k,0,20260927,gaussian_bf16_scalar_bracket_binary_v1,7,6,True,4.62239831477973e-05,4.62239803926332e-05,14,cuda:0,bfloat16,7.250820885928988e-07,1.4232821587967237e-09,0.9980370744482756,True,32,24,float32,7.250006319736713e-07,0.00011234123764608967,True,7.250820885928988e-07,False,0.001,8734a60cbb23275eb622a228a2811b8ed28dc10f5eb629d45c2883fde5e52dcd,"[2048, 6144]",519222430663911262,7.250820885928988e-07
ruler_qa_squad_16k:0161,ruler_qa_squad_16k,0,20260928,gaussian_bf16_scalar_bracket_binary_v1,32,7,True,4.747021798756634e-05,4.7470215158120864e-05,40,cuda:0,bfloat16,7.250820885928988e-07,1.6974202043940068e-09,0.9976589958142698,True,32,24,float32,7.26098051018198e-07,0.0014011688349257227,True,7.250820885928988e-07,False,0.001,ee323b088c1ea7fdc472854aa5937a1f4b51e5fa5379a4f0c3728dbc3417055a,"[2048, 6144]",7940474000904202237,7.250820885928988e-07
ruler_qa_squad_16k:0161,ruler_qa_squad_16k,0,20260929,gaussian_bf16_scalar_bracket_binary_v1,10,6,True,4.574814802715821e-05,4.574814802715821e-05,17,cuda:0,bfloat16,7.250820885928988e-07,1.7291692522292124e-09,0.9976152089819446,True,32,24,float32,7.25438951576507e-07,0.0004921690788151785,True,7.250820885928988e-07,False,0.001,fea0fe865ba15f9560eb9b08ac68be0671c5ec1a1bc62a8bf39abdfb82f792d1,"[2048, 6144]",9124572698069000085,7.250820885928988e-07
ruler_qa_squad_16k:0161,ruler_qa_squad_16k,0,20260930,gaussian_bf16_scalar_bracket_binary_v1,8,7,True,4.8036688369279545e-05,4.80366855060698e-05,16,cuda:0,bfloat16,7.250820885928988e-07,1.3496460615769479e-09,0.9981386299802328,True,32,24,float32,7.25571226212196e-07,0.0006745961967512921,True,7.250820885928988e-07,False,0.001,98b93364eb18dfbe140bc207e2e1c3c2abef5c832a174d7acf364ed6845c6a56,"[2048, 6144]",1781511636135763902,7.250820885928988e-07
ruler_qa_squad_16k:0161,ruler_qa_squad_16k,6,20260926,gaussian_bf16_scalar_bracket_binary_v1,7,7,True,1.9600279607345783e-05,1.9600279607345783e-05,15,cuda:0,bfloat16,2.074103662152993e-07,2.098707041486847e-10,0.9989881378256146,True,32,24,float32,2.0746462325860193e-07,0.00026159272698222095,True,2.074103662152993e-07,False,0.001,9b7f2998493ee6f538d786368ccda923797c634c7e6ff2f0241d92c4bdfe9c92,"[2048, 6144]",1981348095106934517,2.074103662152993e-07
ruler_qa_squad_16k:0161,ruler_qa_squad_16k,6,20260927,gaussian_bf16_scalar_bracket_binary_v1,14,7,True,1.9750166004806058e-05,1.9750166004806058e-05,22,cuda:0,bfloat16,2.074103662152993e-07,8.231806208902626e-11,0.999603115005334,True,32,24,float32,2.0723261684452154e-07,0.0008569936692230538,True,2.074103662152993e-07,False,0.001,2e085671679e613160e6906a0fe95aeed0c641547d136729af6d44c90206e6b4,"[2048, 6144]",3316996170628096305,2.074103662152993e-07
ruler_qa_squad_16k:0161,ruler_qa_squad_16k,6,20260928,gaussian_bf16_scalar_bracket_binary_v1,7,7,True,2.001510033977638e-05,2.0015099146783435e-05,15,cuda:0,bfloat16,2.074103662152993e-07,2.9103830456733704e-10,0.9985967996205878,True,32,24,float32,2.0728710126149963e-07,0.0005943046919444171,True,2.074103662152993e-07,False,0.001,b356ce16dc4f088a2d2fb8cd0c88d4b665f652628bb2618c15fe6f1087e2e4c7,"[2048, 6144]",3699370741512210570,2.074103662152993e-07
ruler_qa_squad_16k:0161,ruler_qa_squad_16k,6,20260929,gaussian_bf16_scalar_bracket_binary_v1,7,7,True,1.9185458874915184e-05,1.9185458874915184e-05,15,cuda:0,bfloat16,2.074103662152993e-07,1.4257907354764399e-10,0.9993125749876954,True,32,24,float32,2.0745677886679914e-07,0.00022377209175587575,True,2.074103662152993e-07,False,0.001,f2cc1a855e16bd2337ab3cbd86670f1360e9453506fbb597243ff2863dd87659,"[2048, 6144]",8272015775684279587,2.074103662152993e-07
ruler_qa_squad_16k:0161,ruler_qa_squad_16k,6,20260930,gaussian_bf16_scalar_bracket_binary_v1,7,7,True,1.9600279607345783e-05,1.9600279607345783e-05,15,cuda:0,bfloat16,2.074103662152993e-07,2.9103830456733704e-10,0.9985967996205878,True,32,24,float32,2.072856659651734e-07,0.0006012247719405419,True,2.074103662152993e-07,False,0.001,c233941faeaae61f1820972e5703f1ccda053c576e78dcceb32e9d4007e59841,"[2048, 6144]",4770319294110819871,2.074103662152993e-07
ruler_qa_squad_16k:0161,ruler_qa_squad_16k,12,20260926,gaussian_bf16_scalar_bracket_binary_v1,32,7,True,2.8091465223312184e-05,2.809146354893038e-05,40,cuda:0,bfloat16,3.632761718108668e-07,4.888447424633569e-10,0.9986543440489737,True,32,24,float32,3.638538998984586e-07,0.001590327504036257,True,3.632761718108668e-07,False,0.001,8361a48c3cc638baddf135f1031d4200f4ee03398b81c8de133928e19c6ba7ed,"[2048, 6144]",243656777076717754,3.632761718108668e-07
ruler_qa_squad_16k:0161,ruler_qa_squad_16k,12,20260927,gaussian_bf16_scalar_bracket_binary_v1,8,7,True,2.7699808100578593e-05,2.769980644954137e-05,16,cuda:0,bfloat16,3.632761718108668e-07,4.860481461754773e-10,0.9986620423141088,True,32,24,float32,3.6357207022774674e-07,0.0008145274582831442,True,3.632761718108668e-07,False,0.001,6b4b2d8392bc7e5976f8231979d0e6a53a7861a3789b4b06418b1cf9f6366079,"[2048, 6144]",7731323228437380697,3.632761718108668e-07
ruler_qa_squad_16k:0161,ruler_qa_squad_16k,12,20260928,gaussian_bf16_scalar_bracket_binary_v1,10,7,True,2.749546525393498e-05,2.749546525393498e-05,18,cuda:0,bfloat16,3.632761718108668e-07,4.639671147277369e-10,0.9987228253578677,True,32,24,float32,3.6309700135461753e-07,0.0004932072900794295,True,3.632761718108668e-07,False,0.001,8cce1c5f4c093538c30682ce85daf04002545d3b2ef1137b170436725f118c9e,"[2048, 6144]",922706169280673080,3.632761718108668e-07
ruler_qa_squad_16k:0161,ruler_qa_squad_16k,12,20260929,gaussian_bf16_scalar_bracket_binary_v1,32,7,True,2.8278779499402162e-05,2.8278779499402162e-05,40,cuda:0,bfloat16,3.632761718108668e-07,5.990415941070637e-10,0.9983510022385422,True,32,24,float32,3.6279564596952696e-07,0.001322756290192404,True,3.632761718108668e-07,False,0.001,72bbfd804e17331cb6e1102f66bf6b740f56738cdf088f567c82eb62e42d5b18,"[2048, 6144]",8267480268476461852,3.632761718108668e-07
ruler_qa_squad_16k:0161,ruler_qa_squad_16k,12,20260930,gaussian_bf16_scalar_bracket_binary_v1,32,7,True,2.7989293799990378e-05,2.7989293799990378e-05,40,cuda:0,bfloat16,3.632761718108668e-07,5.23793175499776e-10,0.9985581405659261,True,32,24,float32,3.6266644087845634e-07,0.0016784225878924495,True,3.632761718108668e-07,False,0.001,d753505e2d37a603021600d9588586663a3a8478d70f49bf0092b7fa337ac585,"[2048, 6144]",6292461469782484483,3.632761718108668e-07
ruler_qa_squad_16k:0161,ruler_qa_squad_16k,18,20260926,gaussian_bf16_scalar_bracket_binary_v1,4,7,True,1.42342580602417e-05,1.42342580602417e-05,12,cuda:0,bfloat16,1.317986857429787e-07,2.7456498186140266e-10,0.9979167851309471,True,32,24,float32,1.3167057488772116e-07,0.0009720192165449639,True,1.317986857429787e-07,False,0.001,ba6a65e83ba0bc2375cfb7a3e8c6abd716a32ab294ac7e46cdbd526b74a14cb3,"[2048, 6144]",4209288849838357539,1.317986857429787e-07
ruler_qa_squad_16k:0161,ruler_qa_squad_16k,18,20260927,gaussian_bf16_scalar_bracket_binary_v1,32,7,True,1.4950913413969147e-05,1.4950913413969147e-05,40,cuda:0,bfloat16,1.317986857429787e-07,1.0081862428235056e-10,0.9992350559209752,True,32,24,float32,1.319600215765604e-07,0.0012241080605030477,True,1.317986857429787e-07,False,0.001,0507da9959b0fccee0666aaad11aaa3d4d46ac6b176399791333eb93b4c97280,"[2048, 6144]",362498647196237006,1.317986857429787e-07
ruler_qa_squad_16k:0161,ruler_qa_squad_16k,18,20260928,gaussian_bf16_scalar_bracket_binary_v1,8,7,True,1.4333107074548934e-05,1.4333107074548934e-05,16,cuda:0,bfloat16,1.317986857429787e-07,0.0,1.0,True,32,24,float32,1.3188041236844583e-07,0.0006200868013699486,True,1.317986857429787e-07,False,0.001,98804ddac0afb7cde2d23b203248b92396907404067e6eb0461292d1ddeaf696,"[2048, 6144]",1765496655860185037,1.317986857429787e-07
ruler_qa_squad_16k:0161,ruler_qa_squad_16k,18,20260929,gaussian_bf16_scalar_bracket_binary_v1,32,7,True,1.440724383527936e-05,1.4407242976540708e-05,40,cuda:0,bfloat16,1.317986857429787e-07,8.231806208902626e-11,0.9993754257743545,True,32,24,float32,1.3120354935836076e-07,0.00451549559286595,True,1.317986857429787e-07,False,0.001,3458547ea2c84ae25427ec41493a1f47c15ffc9a99f9b8b4acdd08bfe58dc1ba,"[2048, 6144]",3771857590796438242,1.317986857429787e-07
ruler_qa_squad_16k:0161,ruler_qa_squad_16k,18,20260930,gaussian_bf16_scalar_bracket_binary_v1,32,7,True,1.45246270397692e-05,1.4524626174033965e-05,40,cuda:0,bfloat16,1.317986857429787e-07,2.9103830456733704e-11,0.9997791796610667,False,32,24,float32,1.3025255896081944e-07,0.01173097268340272,True,1.317986857429787e-07,False,0.001,428301c13a8886fab49e6b8cd307083c045ffd968c0a69c0fc4aaff61a762052,"[2048, 6144]",4792676357874681594,1.317986857429787e-07
ruler_qa_squad_16k:0161,ruler_qa_squad_16k,24,20260926,gaussian_bf16_scalar_bracket_binary_v1,9,7,True,4.1641472542153224e-05,4.1641470060128046e-05,17,cuda:0,bfloat16,6.067974140933075e-07,4.835091216293108e-10,0.9992031786714981,True,32,24,float32,6.063917794563167e-07,0.0006684844522563364,True,6.067974140933075e-07,False,0.001,47394ddd9ef4d764d63fdc87d8ad82f325655456fd1049da58cead62af2a544b,"[2048, 6144]",5132218864615348068,6.067974140933075e-07
ruler_qa_squad_16k:0161,ruler_qa_squad_16k,24,20260927,gaussian_bf16_scalar_bracket_binary_v1,10,7,True,4.114844964320241e-05,4.114844964320241e-05,18,cuda:0,bfloat16,6.067974140933075e-07,9.403735568014326e-10,0.9984502676923788,True,32,24,float32,6.070343374631193e-07,0.00039044887850398126,True,6.067974140933075e-07,False,0.001,9678f339b56c27cf7f120703b96e8ffcc4f91940e0c384e3751cbffe39858952,"[2048, 6144]",1619311495222142927,6.067974140933075e-07
ruler_qa_squad_16k:0161,ruler_qa_squad_16k,24,20260928,gaussian_bf16_scalar_bracket_binary_v1,8,7,True,4.202072092596154e-05,4.202072092596154e-05,16,cuda:0,bfloat16,6.067974140933075e-07,7.744025420919343e-10,0.9987237873397186,True,32,24,float32,6.070739004826464e-07,0.00045564859525992437,True,6.067974140933075e-07,False,0.001,552f068065111730e0ef2dfd44cd5e34fff7bf7f376fb25fae4f355dcbe057ae,"[2048, 6144]",6138131965650474800,6.067974140933075e-07
ruler_qa_squad_16k:0161,ruler_qa_squad_16k,24,20260929,gaussian_bf16_scalar_bracket_binary_v1,5,7,True,4.247581898653152e-05,4.247581645477542e-05,13,cuda:0,bfloat16,6.067974140933075e-07,8.750530300360992e-10,0.9985579156902907,True,32,24,float32,6.070780500522233e-07,0.0004624870712989816,True,6.067974140933075e-07,False,0.001,1f9cd92d57fd72dcb30e30cf9c6710b980a2eb173b739f46489753addb98766d,"[2048, 6144]",2277934300315611868,6.067974140933075e-07
ruler_qa_squad_16k:0161,ruler_qa_squad_16k,24,20260930,gaussian_bf16_scalar_bracket_binary_v1,9,7,True,4.0124479006919955e-05,4.0124479006919955e-05,17,cuda:0,bfloat16,6.067974140933075e-07,8.808417328864948e-10,0.9985483759283934,True,32,24,float32,6.073032636777498e-07,0.000833638332487267,True,6.067974140933075e-07,False,0.001,b704b9b0eb1b78e0765b0bb4ef5c04d83cfc8079d255df0c3ccd410811b2d92e,"[2048, 6144]",3964497741502707936,6.067974140933075e-07
ruler_qa_squad_16k:0172,ruler_qa_squad_16k,0,20260926,gaussian_bf16_scalar_bracket_binary_v1,32,7,True,2.127394804318783e-05,2.1273946775161713e-05,40,cuda:0,bfloat16,2.109268280037213e-07,2.4393453923465813e-10,0.9988435110813388,True,32,24,float32,2.116367028293098e-07,0.003365502777939474,True,2.109268280037213e-07,False,0.001,0746c39349b8f266c84be69486d3b630c41ed94274f0b398531dc6929ae77dff,"[2048, 6144]",524321443999707750,2.109268280037213e-07
ruler_qa_squad_16k:0172,ruler_qa_squad_16k,0,20260927,gaussian_bf16_scalar_bracket_binary_v1,32,7,True,2.1514536456379574e-05,2.1514536456379574e-05,40,cuda:0,bfloat16,2.109268280037213e-07,1.1754669460017908e-10,0.9994427134010753,True,32,24,float32,2.1009627459989133e-07,0.003937637576455319,True,2.109268280037213e-07,False,0.001,127f049018c50b680f14e01256ea642c4ca7aff433f6d31dac7a5045710fa671,"[2048, 6144]",1332789031662324584,2.109268280037213e-07
ruler_qa_squad_16k:0172,ruler_qa_squad_16k,0,20260928,gaussian_bf16_scalar_bracket_binary_v1,6,7,True,2.088175597236841e-05,2.0881754727718763e-05,14,cuda:0,bfloat16,2.109268280037213e-07,2.6921043172478676e-10,0.9987236785653457,True,32,24,float32,2.109033516717318e-07,0.00011130083456761377,True,2.109268280037213e-07,False,0.001,0e637f0da28f0960362f45e6c3510a7bbc5eff3be8a4c34fcd67c76e8ae49a22,"[2048, 6144]",1036812035763931488,2.109268280037213e-07
ruler_qa_squad_16k:0172,ruler_qa_squad_16k,0,20260929,gaussian_bf16_scalar_bracket_binary_v1,6,7,True,2.0038048660353525e-05,2.0038048660353525e-05,14,cuda:0,bfloat16,2.109268280037213e-07,1.3096723705530167e-10,0.9993790868696276,True,32,24,float32,2.1075625511457474e-07,0.0008086827586652955,True,2.109268280037213e-07,False,0.001,11b0164ed4afb8e76cac062dcc9c0a88022b227c74e94602ca8b0a6a4ea1ee90,"[2048, 6144]",1274543222377396455,2.109268280037213e-07
ruler_qa_squad_16k:0172,ruler_qa_squad_16k,0,20260930,gaussian_bf16_scalar_bracket_binary_v1,5,7,True,2.067082914436469e-05,2.067082791228726e-05,13,cuda:0,bfloat16,2.109268280037213e-07,1.7477450042768794e-10,0.9991713974837539,True,32,24,float32,2.1112202830408933e-07,0.0009254408375428226,True,2.109268280037213e-07,False,0.001,f9bc71e144d34667525ff12cabfc97c1db7bd790ce5107fdfa865c0a5fc1a960,"[2048, 6144]",8772011386547160679,2.109268280037213e-07
ruler_qa_squad_16k:0172,ruler_qa_squad_16k,6,20260926,gaussian_bf16_scalar_bracket_binary_v1,10,7,True,2.0528615285009266e-05,2.0528614061408446e-05,18,cuda:0,bfloat16,2.0541453693567746e-07,3.305559714839035e-10,0.9983907858887932,True,32,24,float32,2.0544679557588097e-07,0.00015704166163084098,True,2.0541453693567746e-07,False,0.001,8fb31cb5b9573b91ffc4872485b91cd8dc30bb31817a59e0e369b20cb13d3f55,"[2048, 6144]",1131279498224286609,2.0541453693567746e-07
ruler_qa_squad_16k:0172,ruler_qa_squad_16k,6,20260927,gaussian_bf16_scalar_bracket_binary_v1,5,7,True,2.013062461969639e-05,2.013062341981766e-05,13,cuda:0,bfloat16,2.0541453693567746e-07,1.4257907354764399e-10,0.9993058958938612,True,32,24,float32,2.05504775863119e-07,0.00043930156447393847,True,2.0541453693567746e-07,False,0.001,35687385b886fe2226baed2ac8e20c813021e7e90d082df2d1c15b951b06302a,"[2048, 6144]",3848452899751788066,2.0541453693567746e-07
ruler_qa_squad_16k:0172,ruler_qa_squad_16k,6,20260928,gaussian_bf16_scalar_bracket_binary_v1,32,7,True,1.9719795545825036e-05,1.9719795545825036e-05,40,cuda:0,bfloat16,2.0541453693567746e-07,1.1999816418306608e-10,0.9994158243814038,True,32,24,float32,2.0490107033310778e-07,0.002499660492531078,True,2.0541453693567746e-07,False,0.001,47b8558ec1c96687211390cc598841cbb992a08a0ed454dad90c326c3286f937,"[2048, 6144]",5167974644032562823,2.0541453693567746e-07
ruler_qa_squad_16k:0172,ruler_qa_squad_16k,6,20260929,gaussian_bf16_scalar_bracket_binary_v1,9,7,True,1.8975167849433205e-05,1.8975167849433205e-05,17,cuda:0,bfloat16,2.0541453693567746e-07,2.8066718393837675e-10,0.9986336547153609,True,32,24,float32,2.0560102598210506e-07,0.0009078668394632275,True,2.0541453693567746e-07,False,0.001,017e321ce805a3e710a30214ae26e88f4257bfb43b39755ea979d204ef270413,"[2048, 6144]",107578540836627431,2.0541453693567746e-07
ruler_qa_squad_16k:0172,ruler_qa_squad_16k,6,20260930,gaussian_bf16_scalar_bracket_binary_v1,7,7,True,1.9000844666550165e-05,1.9000844666550165e-05,15,cuda:0,bfloat16,2.0541453693567746e-07,2.9103830456733704e-11,0.9998583165977886,True,32,24,float32,2.0528868560631963e-07,0.0006126700244064881,True,2.0541453693567746e-07,False,0.001,8ba31fc70901e002e2a73c80fb018bb4f412348e8da962190b26fb6d2eb4d14b,"[2048, 6144]",838548895331115010,2.0541453693567746e-07
ruler_qa_squad_16k:0172,ruler_qa_squad_16k,12,20260926,gaussian_bf16_scalar_bracket_binary_v1,32,7,True,1.4447063146683092e-05,1.4447062285571026e-05,40,cuda:0,bfloat16,1.296427427632807e-07,4.001776687800884e-11,0.9996913227379717,True,32,24,float32,1.297887592954794e-07,0.0011262993136863617,True,1.296427427632807e-07,False,0.001,669e5b17d2b8d41669980f364e4a533bcd7b306a243418429f4d26e86461a508,"[2048, 6144]",7394447796066636822,1.296427427632807e-07
ruler_qa_squad_16k:0172,ruler_qa_squad_16k,12,20260927,gaussian_bf16_scalar_bracket_binary_v1,32,7,True,1.4382241775301452e-05,1.4382241775301452e-05,40,cuda:0,bfloat16,1.296427427632807e-07,1.671887767118463e-10,0.9987103884633394,True,32,24,float32,1.2926783199418423e-07,0.002891876252425654,True,1.296427427632807e-07,False,0.001,5c3270f5643d1fd0de64e98dfb97baf0c0bc62eaf75dd4ef060ea329a37e7d75,"[2048, 6144]",6643496599575928784,1.296427427632807e-07
ruler_qa_squad_16k:0172,ruler_qa_squad_16k,12,20260928,gaussian_bf16_scalar_bracket_binary_v1,32,7,True,1.4082442932661365e-05,1.4082442093282357e-05,40,cuda:0,bfloat16,1.296427427632807e-07,1.210960637321179e-10,0.9990659248550979,True,32,24,float32,1.2922524206260277e-07,0.0032203939208556324,True,1.296427427632807e-07,False,0.001,384dea58c02617c45869da3b47a7b741eb884f31d66f4914edef2c54321084cb,"[2048, 6144]",4057156506232428484,1.296427427632807e-07
ruler_qa_squad_16k:0172,ruler_qa_squad_16k,12,20260929,gaussian_bf16_scalar_bracket_binary_v1,32,7,True,1.520668859256169e-05,1.5206687686172418e-05,40,cuda:0,bfloat16,1.296427427632807e-07,1.6269536065594004e-11,0.9998745048452476,True,32,24,float32,1.2998434328892472e-07,0.0026349375087486877,True,1.296427427632807e-07,False,0.001,48933379ea404a08b5120f912b2a219cc622f11bf3b2c665ec4cafa90aa7a3c6,"[2048, 6144]",5229580191021419016,1.296427427632807e-07
ruler_qa_squad_16k:0172,ruler_qa_squad_16k,12,20260930,gaussian_bf16_scalar_bracket_binary_v1,7,7,True,1.4714451303632359e-05,1.4714451303632359e-05,15,cuda:0,bfloat16,1.296427427632807e-07,1.2560250062243483e-10,0.9990311644296836,True,32,24,float32,1.2958183503997134e-07,0.00046981205435131355,True,1.296427427632807e-07,False,0.001,91b8cc5d963370f6fa8ccd85df20a1ad56c253916a1d48b3d6c246c91549c996,"[2048, 6144]",1276995196683514102,1.296427427632807e-07
ruler_qa_squad_16k:0172,ruler_qa_squad_16k,18,20260926,gaussian_bf16_scalar_bracket_binary_v1,7,7,True,1.573948961208771e-05,1.573948867394102e-05,15,cuda:0,bfloat16,1.3746279137194506e-07,1.1999816418306608e-10,0.9991270498511966,True,32,24,float32,1.3751756000601745e-07,0.0003984251558241405,True,1.3746279137194506e-07,False,0.001,ec80813d61064a04b0b48cf909e6a57820237f9f610dc07d558d1132aeef5366,"[2048, 6144]",7818391053735971332,1.3746279137194506e-07
ruler_qa_squad_16k:0172,ruler_qa_squad_16k,18,20260927,gaussian_bf16_scalar_bracket_binary_v1,10,7,True,1.4407818820671991e-05,1.4407818820671991e-05,18,cuda:0,bfloat16,1.3746279137194506e-07,2.486632288967172e-10,0.9981910506369401,True,32,24,float32,1.3751007088558254e-07,0.0003439440823629775,True,1.3746279137194506e-07,False,0.001,f42d13550c39f1a20a2e1cadfc493f4012d92f9f9e5a74a10353e65772a0bbed,"[2048, 6144]",8371368538349892002,1.3746279137194506e-07
ruler_qa_squad_16k:0172,ruler_qa_squad_16k,18,20260928,gaussian_bf16_scalar_bracket_binary_v1,32,7,True,1.4880347166013053e-05,1.4880346279075245e-05,40,cuda:0,bfloat16,1.3746279137194506e-07,1.8635544496437007e-10,0.9986443208150769,True,32,24,float32,1.3763067840955046e-07,0.0012213271382735848,True,1.3746279137194506e-07,False,0.001,518145244474ce412149dbedbe696a8fcacc44960dbd9774d79edb9c4d96d473,"[2048, 6144]",5873051411137482305,1.3746279137194506e-07
ruler_qa_squad_16k:0172,ruler_qa_squad_16k,18,20260929,gaussian_bf16_scalar_bracket_binary_v1,9,7,True,1.4691335827876628e-05,1.4691335827876628e-05,17,cuda:0,bfloat16,1.3746279137194506e-07,5.820766091346741e-11,0.999576556969835,True,32,24,float32,1.3742480575729132e-07,0.00027633379385519656,True,1.3746279137194506e-07,False,0.001,8d0b8c29e7bc5b3e11ad17d9b0c595e98f58a3197369c5f7b791cbaac8bb1392,"[2048, 6144]",939999058846309182,1.3746279137194506e-07
ruler_qa_squad_16k:0172,ruler_qa_squad_16k,18,20260930,gaussian_bf16_scalar_bracket_binary_v1,32,7,True,1.5258369842285902e-05,1.5258369842285902e-05,40,cuda:0,bfloat16,1.3746279137194506e-07,2.016372485647011e-10,0.9985331503416142,True,32,24,float32,1.3774265994470625e-07,0.00203595874904012,True,1.3746279137194506e-07,False,0.001,23074b13058a75062c6d2ee487c707205cf5cc57690697cd14941bc260066245,"[2048, 6144]",2524068661233874182,1.3746279137194506e-07
ruler_qa_squad_16k:0172,ruler_qa_squad_16k,24,20260926,gaussian_bf16_scalar_bracket_binary_v1,11,7,True,3.99130285533289e-05,3.99130285533289e-05,19,cuda:0,bfloat16,5.813458869852184e-07,6.187559353776351e-10,0.9989356492421638,True,32,24,float32,5.814978294438333e-07,0.00026136326413676544,True,5.813458869852184e-07,False,0.001,9512abb0e35694826291c855405b81e6e5496a340256c42470fbd06a312274fd,"[2048, 6144]",1518464800593974402,5.813458869852184e-07
ruler_qa_squad_16k:0172,ruler_qa_squad_16k,24,20260927,gaussian_bf16_scalar_bracket_binary_v1,10,7,True,4.02218685557898e-05,4.02218685557898e-05,18,cuda:0,bfloat16,5.813458869852184e-07,1.2112230107774735e-09,0.9979165191706116,True,32,24,float32,5.815385861751565e-07,0.0003314708063687373,True,5.813458869852184e-07,False,0.001,72af13d0cceda4b019b8a9aa54fa6a5b50a0ef54d870eeeb1b267e9b3b9ac0b3,"[2048, 6144]",8263845628760401072,5.813458869852184e-07
ruler_qa_squad_16k:0172,ruler_qa_squad_16k,24,20260928,gaussian_bf16_scalar_bracket_binary_v1,9,7,True,3.9604188550868e-05,3.9604188550868e-05,17,cuda:0,bfloat16,5.813458869852184e-07,8.495128489549586e-10,0.9985387135817535,True,32,24,float32,5.8105689504373e-07,0.0004971084305541772,True,5.813458869852184e-07,False,0.001,3cbc06f45ec49681a807d0b102ca0bc3da18232ab80fbf8ba6b211117eb1cf46,"[2048, 6144]",4376380584529008257,5.813458869852184e-07
ruler_qa_squad_16k:0172,ruler_qa_squad_16k,24,20260929,gaussian_bf16_scalar_bracket_binary_v1,11,7,True,4.013103326094836e-05,4.013103326094836e-05,19,cuda:0,bfloat16,5.813458869852184e-07,6.936243246435936e-10,0.9988068646563569,True,32,24,float32,5.814336532239395e-07,0.00015097077434611517,True,5.813458869852184e-07,False,0.001,8657aeb2bd0a936a29f7f6c44f9701f01cb15a0ef42b1a680aeeba7dc279b19c,"[2048, 6144]",457025969900393322,5.813458869852184e-07
ruler_qa_squad_16k:0172,ruler_qa_squad_16k,24,20260930,gaussian_bf16_scalar_bracket_binary_v1,9,7,True,3.974952502261431e-05,3.974952502261431e-05,17,cuda:0,bfloat16,5.813458869852184e-07,9.115587173980089e-10,0.9984319856082147,True,32,24,float32,5.818327508677612e-07,0.0008374771258254381,True,5.813458869852184e-07,False,0.001,34989a23984931b6a1fc47185f4b626451adac13d5f4965c4d85d256c57501c2,"[2048, 6144]",3789948564101738934,5.813458869852184e-07
ruler_qa_squad_16k:0184,ruler_qa_squad_16k,18,20260926,gaussian_bf16_scalar_bracket_binary_v1,7,7,True,1.4029439974194702e-05,1.4029439974194702e-05,15,cuda:0,bfloat16,1.2696325768501993e-07,1.1999816418306608e-10,0.9990548591271912,True,32,24,float32,1.2694121664935665e-07,0.0001736016865443023,True,1.2696325768501993e-07,False,0.001,0212567ee2e853f481d1a84a91c813d5c4d0915b09a09ca05b4c6dfbd6f5f22a,"[2048, 6144]",149276840629392372,1.2696325768501993e-07
ruler_qa_squad_16k:0184,ruler_qa_squad_16k,18,20260927,gaussian_bf16_scalar_bracket_binary_v1,8,7,True,1.4124662417458467e-05,1.4124661575562981e-05,16,cuda:0,bfloat16,1.2696325768501993e-07,8.231806208902626e-11,0.9993516387056384,True,32,24,float32,1.268560936296126e-07,0.0008440556532756825,True,1.2696325768501993e-07,False,0.001,63207f8b2e9cc78b4fdac041a8a763ff8ba5bbc09abc2298ceb1a421c0d1c22d,"[2048, 6144]",7142849244768814987,1.2696325768501993e-07
ruler_qa_squad_16k:0184,ruler_qa_squad_16k,18,20260928,gaussian_bf16_scalar_bracket_binary_v1,10,7,True,1.3418429296585543e-05,1.3418429296585543e-05,18,cuda:0,bfloat16,1.2696325768501993e-07,8.231806208902626e-11,0.9993516387056384,True,32,24,float32,1.2698700402324903e-07,0.0001870331516541129,True,1.2696325768501993e-07,False,0.001,c57d43e71d888eae275953be2cddeb8e0bb550339fcd1f7162b6c6360e677b40,"[2048, 6144]",5007233020617854638,1.2696325768501993e-07
ruler_qa_squad_16k:0184,ruler_qa_squad_16k,18,20260929,gaussian_bf16_scalar_bracket_binary_v1,7,7,True,1.4664256262619801e-05,1.4664256262619801e-05,15,cuda:0,bfloat16,1.2696325768501993e-07,8.231806208902626e-11,0.9993516387056384,True,32,24,float32,1.2701308094165142e-07,0.00039242263895830035,True,1.2696325768501993e-07,False,0.001,cf5bcfc9149299bda80718abce4a173569ebcd99d3627b1a2f189acf286598c3,"[2048, 6144]",5718392614417504701,1.2696325768501993e-07
ruler_qa_squad_16k:0184,ruler_qa_squad_16k,18,20260930,gaussian_bf16_scalar_bracket_binary_v1,8,7,True,1.3870735902088427e-05,1.3870735902088427e-05,16,cuda:0,bfloat16,1.2696325768501993e-07,8.231806208902626e-11,0.9993516387056384,True,32,24,float32,1.2701710261353583e-07,0.00042409851084227037,True,1.2696325768501993e-07,False,0.001,88068f9c4706e30a54039011e41dbab55007fcf110ea84b3e196f5b5f36d9790,"[2048, 6144]",578307503532991242,1.2696325768501993e-07
ruler_qa_squad_16k:0305,ruler_qa_squad_16k,0,20260926,gaussian_bf16_scalar_bracket_binary_v1,32,7,True,2.466967728409486e-05,2.466967581366751e-05,40,cuda:0,bfloat16,2.9948014912406506e-07,3.672737391990921e-10,0.9987736291027192,True,32,24,float32,2.997812771354802e-07,0.0010055024090774804,True,2.9948014912406506e-07,False,0.001,c2dc070204d0ef8ee4801bb8de8b57a739d484a462da8fbe2d241df4f068acd0,"[2048, 6144]",4817733406631718798,2.9948014912406506e-07
ruler_qa_squad_16k:0305,ruler_qa_squad_16k,0,20260927,gaussian_bf16_scalar_bracket_binary_v1,9,7,True,2.586759788059112e-05,2.586759788059112e-05,17,cuda:0,bfloat16,2.9948014912406506e-07,3.5644767693021606e-10,0.9988097786181396,True,32,24,float32,2.995537613514898e-07,0.0002458000226060098,True,2.9948014912406506e-07,False,0.001,6c33d877a14a6bc7e893ef31c8fd569ae334639daa4597ecbdff0e2b5894d499,"[2048, 6144]",7796813388227177415,2.9948014912406506e-07
ruler_qa_squad_16k:0305,ruler_qa_squad_16k,0,20260928,gaussian_bf16_scalar_bracket_binary_v1,6,7,True,2.545581267554553e-05,2.545581115826086e-05,14,cuda:0,bfloat16,2.9948014912406506e-07,7.267221269202651e-10,0.9975733879890009,True,32,24,float32,2.992019005887414e-07,0.0009291051047539907,True,2.9948014912406506e-07,False,0.001,aec1c2fdee317863bed8e818bfe2a79af1801f2105283df82e24df8a160ffb61,"[2048, 6144]",3369188392128575587,2.9948014912406506e-07
ruler_qa_squad_16k:0305,ruler_qa_squad_16k,0,20260929,gaussian_bf16_scalar_bracket_binary_v1,32,7,True,2.5905032899231628e-05,2.5905032899231628e-05,40,cuda:0,bfloat16,2.9948014912406506e-07,4.2699396796130884e-10,0.998574216123472,True,32,24,float32,3.0017656627023825e-07,0.0023254200594266636,True,2.9948014912406506e-07,False,0.001,8807ebdd96b8de15f990be7703d18f440ca1455bdc9d67447df73e6fea4cb37c,"[2048, 6144]",578690414089395733,2.9948014912406506e-07
ruler_qa_squad_16k:0305,ruler_qa_squad_16k,0,20260930,gaussian_bf16_scalar_bracket_binary_v1,9,7,True,2.6391688141558234e-05,2.6391688141558234e-05,17,cuda:0,bfloat16,2.9948014912406506e-07,4.837280576097669e-10,0.9983847742195113,True,32,24,float32,2.9950714974802395e-07,9.015830945008082e-05,True,2.9948014912406506e-07,False,0.001,89486b4e934360c2f982cc519ce8e8e95f97698c963e351b291dd32769e8f5d8,"[2048, 6144]",668902529886806210,2.9948014912406506e-07
ruler_qa_squad_16k:0305,ruler_qa_squad_16k,6,20260926,gaussian_bf16_scalar_bracket_binary_v1,32,7,True,1.838285362865122e-05,1.838285253294776e-05,40,cuda:0,bfloat16,1.8088908859681396e-07,1.3015628852475203e-10,0.9992804635728203,True,32,24,float32,1.8181685845775064e-07,0.005128943200131857,True,1.8088908859681396e-07,False,0.001,78dd4fd73b76095d40f93dc73f6403da6ba9a48b61a5153f15850c8f8d9ec8d8,"[2048, 6144]",8709205040238561629,1.8088908859681396e-07
ruler_qa_squad_16k:0305,ruler_qa_squad_16k,6,20260927,gaussian_bf16_scalar_bracket_binary_v1,7,7,True,1.854113158117343e-05,1.854113047603587e-05,15,cuda:0,bfloat16,1.8088908859681396e-07,1.7462298274040222e-10,0.9990346405960968,True,32,24,float32,1.8085364672515425e-07,0.00019593150661901252,True,1.8088908859681396e-07,False,0.001,7244d2e2869a7f42a077fc67270bdc115ea4dfbc0f871f3830e2299182456cc8,"[2048, 6144]",8233937889102823234,1.8088908859681396e-07
ruler_qa_squad_16k:0305,ruler_qa_squad_16k,6,20260928,gaussian_bf16_scalar_bracket_binary_v1,8,7,True,1.7591463866040158e-05,1.7591462817507203e-05,16,cuda:0,bfloat16,1.8088908859681396e-07,2.3283064365386963e-10,0.9987128541281292,True,32,24,float32,1.8082026542742824e-07,0.000380471646574129,True,1.8088908859681396e-07,False,0.001,ac8014a857313bfeab201fcd4db69a003ed26770615e5f62ecc19b90052f5ad4,"[2048, 6144]",3206585647937698814,1.8088908859681396e-07
ruler_qa_squad_16k:0305,ruler_qa_squad_16k,6,20260929,gaussian_bf16_scalar_bracket_binary_v1,32,7,True,1.7908019771084582e-05,1.7908019771084582e-05,40,cuda:0,bfloat16,1.8088908859681396e-07,5.820766091346741e-11,0.9996782135320322,True,32,24,float32,1.807030969303014e-07,0.0010282083234280817,True,1.8088908859681396e-07,False,0.001,e67d542623e001bbd6a60cf8c5b4bc23d629529ea86cf1c901a67b0e1dca689b,"[2048, 6144]",7385151486744854971,1.8088908859681396e-07
ruler_qa_squad_16k:0305,ruler_qa_squad_16k,6,20260930,gaussian_bf16_scalar_bracket_binary_v1,6,7,True,1.7546241593890954e-05,1.7546241593890954e-05,14,cuda:0,bfloat16,1.8088908859681396e-07,2.6674101816226425e-10,0.9985253891197561,True,32,24,float32,1.8088769593305187e-07,7.698992641805624e-06,True,1.8088908859681396e-07,False,0.001,5e1183736c80708d29af2b9c09ecfccafda5098568b079b01c8b7c5e42b591a1,"[2048, 6144]",6778343445934141581,1.8088908859681396e-07
ruler_qa_squad_16k:0305,ruler_qa_squad_16k,12,20260926,gaussian_bf16_scalar_bracket_binary_v1,32,7,True,2.3983333571564458e-05,2.3983333571564458e-05,40,cuda:0,bfloat16,3.0741705359105254e-07,4.019307942026984e-10,0.9986925553104241,True,32,24,float32,3.078779684528854e-07,0.0014993145515147727,True,3.0741705359105254e-07,False,0.001,e90a52058ba469b9cf0ad5593b36ca25ae533ea07df731cf93eaaea47c64049d,"[2048, 6144]",7568952307520661945,3.0741705359105254e-07
ruler_qa_squad_16k:0305,ruler_qa_squad_16k,12,20260927,gaussian_bf16_scalar_bracket_binary_v1,9,7,True,2.5938313896745058e-05,2.593831235070107e-05,17,cuda:0,bfloat16,3.0741705359105254e-07,3.482640287266747e-10,0.9988671284671475,True,32,24,float32,3.0712664056409267e-07,0.000944687432162419,True,3.0741705359105254e-07,False,0.001,a721f37a56879121541934bb0c7f84385c8405563ddcca743e4089ecbc3db7af,"[2048, 6144]",2819802548473925921,3.0741705359105254e-07
ruler_qa_squad_16k:0305,ruler_qa_squad_16k,12,20260928,gaussian_bf16_scalar_bracket_binary_v1,10,7,True,2.4881567775025815e-05,2.4881566291968807e-05,18,cuda:0,bfloat16,3.0741705359105254e-07,5.313068318635317e-10,0.9982717067070381,True,32,24,float32,3.0767836278755567e-07,0.0008500152917695517,True,3.0741705359105254e-07,False,0.001,fed2ea069cb424119fa8bc7ff5b042520b5e3a4fa40952067badc2ee0535e8bd,"[2048, 6144]",9138623908007912465,3.0741705359105254e-07
ruler_qa_squad_16k:0305,ruler_qa_squad_16k,12,20260929,gaussian_bf16_scalar_bracket_binary_v1,8,7,True,2.4670218550681966e-05,2.4670218550681966e-05,16,cuda:0,bfloat16,3.0741705359105254e-07,2.8219554470965136e-10,0.9990820432978157,True,32,24,float32,3.075929555507173e-07,0.0005721932391518116,True,3.0741705359105254e-07,False,0.001,3edc6dad2ef18a3f037bac3c8337136ed66fe2a7e6b50ebebeeee4a520b785ab,"[2048, 6144]",4529615915812227647,3.0741705359105254e-07
ruler_qa_squad_16k:0305,ruler_qa_squad_16k,12,20260930,gaussian_bf16_scalar_bracket_binary_v1,5,7,True,2.5208198394466308e-05,2.5208196891940597e-05,13,cuda:0,bfloat16,3.0741705359105254e-07,3.6985919882326357e-10,0.9987968813229364,True,32,24,float32,3.0713101750734495e-07,0.0009304496297986479,True,3.0741705359105254e-07,False,0.001,48025d4dbf71e9a1dbfa65658e987c74c3ca1d466d4de5f0ddbbb7976cc01501,"[2048, 6144]",5188812309190011297,3.0741705359105254e-07
ruler_qa_squad_16k:0305,ruler_qa_squad_16k,18,20260926,gaussian_bf16_scalar_bracket_binary_v1,4,7,True,1.615562109691382e-05,1.615562109691382e-05,12,cuda:0,bfloat16,1.495890842306835e-07,1.4257907354764399e-10,0.9990468617795148,True,32,24,float32,1.4961261740609189e-07,0.00015731880123073463,True,1.495890842306835e-07,False,0.001,8d18fc98afcf1aa9ed6191ad9d9299e21dc2a90008510226407dd715a6c9ea0f,"[2048, 6144]",943781854648933033,1.495890842306835e-07
ruler_qa_squad_16k:0305,ruler_qa_squad_16k,18,20260927,gaussian_bf16_scalar_bracket_binary_v1,6,7,True,1.6006032012683136e-05,1.6006032012683136e-05,14,cuda:0,bfloat16,1.495890842306835e-07,2.098707041486847e-10,0.9985970185911089,True,32,24,float32,1.495894537129061e-07,2.469981178743418e-06,True,1.495890842306835e-07,False,0.001,64ce9d5025bd005f79918d510359185e0e4905d59e9ae8c95498e3293a74f5c8,"[2048, 6144]",7263916216551276639,1.495890842306835e-07
ruler_qa_squad_16k:0305,ruler_qa_squad_16k,18,20260928,gaussian_bf16_scalar_bracket_binary_v1,8,7,True,1.492151115201068e-05,1.4921509373227937e-05,16,cuda:0,bfloat16,1.495890842306835e-07,1.8406878798948867e-10,0.9987695038783335,True,32,24,float32,1.494604475738015e-07,0.0008599334473071316,True,1.495890842306835e-07,False,0.001,7dcd428823e0bc9901d4bec3e6e3da16f2828eec8cb678b6a25f8553e7d8e3df,"[2048, 6144]",9064974777451592857,1.495890842306835e-07
ruler_qa_squad_16k:0305,ruler_qa_squad_16k,18,20260929,gaussian_bf16_scalar_bracket_binary_v1,32,7,True,1.5482470217875743e-05,1.5482470217875743e-05,40,cuda:0,bfloat16,1.495890842306835e-07,1.4257907354764399e-10,0.9990468617795148,True,32,24,float32,1.497880077749869e-07,0.001329799866925014,True,1.495890842306835e-07,False,0.001,cf07cfe15731e1b8cbf4ac4b53c3140a43f0ff0af4801cf4f44eb213cb41a3d0,"[2048, 6144]",5694748820570759608,1.495890842306835e-07
ruler_qa_squad_16k:0305,ruler_qa_squad_16k,18,20260930,gaussian_bf16_scalar_bracket_binary_v1,14,7,True,1.5549668439307496e-05,1.5549668439307496e-05,22,cuda:0,bfloat16,1.495890842306835e-07,1.646361241780525e-10,0.9988994108425441,True,32,24,float32,1.4967724837333662e-07,0.0005893755089586217,True,1.495890842306835e-07,False,0.001,040d92a3e19ebe04a57f3f1a59140885a7af70fb0e37183e19d2c8284493f84d,"[2048, 6144]",292050783411551748,1.495890842306835e-07
ruler_qa_squad_16k:0305,ruler_qa_squad_16k,24,20260926,gaussian_bf16_scalar_bracket_binary_v1,11,7,True,3.565628308876967e-05,3.565628308876967e-05,19,cuda:0,bfloat16,4.77606135973474e-07,9.54676671049981e-10,0.9980011214280066,True,32,24,float32,4.777852495863044e-07,0.00037502368445357226,True,4.77606135973474e-07,False,0.001,63ab67c8e567e22ee1f407a2f84ef0288b070087519736007e884186cbd5ce98,"[2048, 6144]",7181948143312298542,4.77606135973474e-07
ruler_qa_squad_16k:0305,ruler_qa_squad_16k,24,20260927,gaussian_bf16_scalar_bracket_binary_v1,10,7,True,3.6208515183489e-05,3.6208510867097624e-05,18,cuda:0,bfloat16,4.77606135973474e-07,8.672746409921217e-10,0.9981841216524063,True,32,24,float32,4.776381956617115e-07,6.712578801390503e-05,True,4.77606135973474e-07,False,0.001,348a0d2b4f56a7f8eb913dad4096e82eae529f750a4d635741fc914fa39463fe,"[2048, 6144]",3785852916424157176,4.77606135973474e-07
ruler_qa_squad_16k:0305,ruler_qa_squad_16k,24,20260928,gaussian_bf16_scalar_bracket_binary_v1,9,7,True,3.5999562499000604e-05,3.5999562499000604e-05,17,cuda:0,bfloat16,4.77606135973474e-07,5.732789798429394e-10,0.9987996825487293,True,32,24,float32,4.777312483383866e-07,0.0002619571975507181,True,4.77606135973474e-07,False,0.001,016c650dc5a70ae5621c216829d21aa2c3f2969d489173a30dac3494d32ac689,"[2048, 6144]",102568001347717861,4.77606135973474e-07
ruler_qa_squad_16k:0305,ruler_qa_squad_16k,24,20260929,gaussian_bf16_scalar_bracket_binary_v1,13,7,True,3.586150447532077e-05,3.586150447532077e-05,21,cuda:0,bfloat16,4.77606135973474e-07,5.849797313217664e-10,0.998775183802592,True,32,24,float32,4.774860258294211e-07,0.00025148367034287473,True,4.77606135973474e-07,False,0.001,c13e255acdab510f27b234ac51db3999b14b9453ea5e802af3682b72c955d5c5,"[2048, 6144]",4701236132949217551,4.77606135973474e-07
ruler_qa_squad_16k:0305,ruler_qa_squad_16k,24,20260930,gaussian_bf16_scalar_bracket_binary_v1,7,7,True,3.5581657130023814e-05,3.5581657130023814e-05,15,cuda:0,bfloat16,4.77606135973474e-07,5.583082884896839e-10,0.998831027814683,True,32,24,float32,4.779281539413205e-07,0.0006742333140049149,True,4.77606135973474e-07,False,0.001,33c8bedc3babf642e6d9cbe9e954381ba211fd9e1060589d70397f35e5c13508,"[2048, 6144]",3731442144379663938,4.77606135973474e-07
ruler_qa_squad_16k:0363,ruler_qa_squad_16k,0,20260926,gaussian_bf16_scalar_bracket_binary_v1,6,7,True,2.814462519040717e-05,2.8144623512856784e-05,14,cuda:0,bfloat16,3.2350143897019734e-07,6.23868290361429e-10,0.9980715130901816,True,32,24,float32,3.2369456448577694e-07,0.0005969850279317829,True,3.2350143897019734e-07,False,0.001,0057cad91c6f2d72b0e24a231089e37b0efab80bcb59e1024b700d6585a315a0,"[2048, 6144]",24711356807589234,3.2350143897019734e-07
ruler_qa_squad_16k:0363,ruler_qa_squad_16k,0,20260927,gaussian_bf16_scalar_bracket_binary_v1,12,7,True,2.8877558138074022e-05,2.8877556416837428e-05,20,cuda:0,bfloat16,3.2350143897019734e-07,4.979647805214427e-10,0.998460703043218,True,32,24,float32,3.23252265843621e-07,0.0007702380779805653,True,3.2350143897019734e-07,False,0.001,444a680b2421cdf9eb8ec9852702795d3cdf81ec084b1d903efc434afa6e9843,"[2048, 6144]",4920859939915812345,3.2350143897019734e-07
ruler_qa_squad_16k:0363,ruler_qa_squad_16k,0,20260928,gaussian_bf16_scalar_bracket_binary_v1,7,7,True,2.7335871592981675e-05,2.7335871592981675e-05,15,cuda:0,bfloat16,3.2350143897019734e-07,1.678208683131288e-10,0.9994812360994518,True,32,24,float32,3.2374327929574065e-07,0.0007475710967875704,True,3.2350143897019734e-07,False,0.001,bf2a5dd8660b41bd40a74e9bf57a2abb903b9743e150cd9666b5261e2514e1db,"[2048, 6144]",4551553557417640381,3.2350143897019734e-07
ruler_qa_squad_16k:0363,ruler_qa_squad_16k,0,20260929,gaussian_bf16_scalar_bracket_binary_v1,5,7,True,2.782112375143697e-05,2.7821122093168773e-05,13,cuda:0,bfloat16,3.2350143897019734e-07,3.6204744757739604e-10,0.998880847489489,True,32,24,float32,3.235286953895411e-07,8.425439908558937e-05,True,3.2350143897019734e-07,False,0.001,fb2fb506e17dc071d2b47bd646711cfccfafcff76a93a6ea358e0d49f1688c1a,"[2048, 6144]",8876512431728083057,3.2350143897019734e-07
ruler_qa_squad_16k:0363,ruler_qa_squad_16k,0,20260930,gaussian_bf16_scalar_bracket_binary_v1,32,7,True,2.7800904911501334e-05,2.7800908225627458e-05,40,cuda:0,bfloat16,3.2350143897019734e-07,3.950516580530916e-10,0.9987788256543444,True,32,24,float32,3.2304032515639847e-07,0.0014253841196711179,True,3.2350143897019734e-07,False,0.001,9674e3fed5b470072cd135a9b22573bf77a0ea16cac5e57e36702a1731406098,"[2048, 6144]",1618168849779421191,3.2350143897019734e-07
ruler_qa_squad_16k:0424,ruler_qa_squad_16k,0,20260926,gaussian_bf16_scalar_bracket_binary_v1,6,7,True,2.0521933635109235e-05,2.0521933635109235e-05,14,cuda:0,bfloat16,2.206659530656907e-07,1.5468898384440877e-10,0.9992989902533883,True,32,24,float32,2.204472195899143e-07,0.000991242521728188,True,2.206659530656907e-07,False,0.001,c20863a57c670ce98f93185538b8c97522e587d96410700f0faf7535e01fd3b5,"[2048, 6144]",4758162568724810985,2.206659530656907e-07
ruler_qa_squad_16k:0424,ruler_qa_squad_16k,0,20260927,gaussian_bf16_scalar_bracket_binary_v1,6,7,True,2.1404597447371998e-05,2.1404597447371998e-05,14,cuda:0,bfloat16,2.206659530656907e-07,2.553850741993102e-10,0.9988426620842442,True,32,24,float32,2.2055421311506507e-07,0.0005063760361453185,True,2.206659530656907e-07,False,0.001,7334d7fda32cab2089ec38bb55108dd9b789b9436bfc9fa19cc25d226f5b884d,"[2048, 6144]",8301497497514978080,2.206659530656907e-07
ruler_qa_squad_16k:0424,ruler_qa_squad_16k,0,20260928,gaussian_bf16_scalar_bracket_binary_v1,12,7,True,2.10425673681236e-05,2.10425673681236e-05,20,cuda:0,bfloat16,2.206659530656907e-07,2.814206367940386e-10,0.9987246757694864,True,32,24,float32,2.2050670622775215e-07,0.0007216647413257585,True,2.206659530656907e-07,False,0.001,f0f6c25449776f1618c01d1ce39c1d283628c47f4239c057a53c19595d1d35f0,"[2048, 6144]",8139907043784355606,2.206659530656907e-07
ruler_qa_squad_16k:0424,ruler_qa_squad_16k,0,20260929,gaussian_bf16_scalar_bracket_binary_v1,32,7,True,2.1156348250173096e-05,2.115635077220634e-05,40,cuda:0,bfloat16,2.206659530656907e-07,6.668525454056606e-11,0.9996977999840296,True,32,24,float32,2.2139673205856525e-07,0.0033116979883933435,True,2.206659530656907e-07,False,0.001,acc0138a1346b901d9f342c2762bfff6827cbf53268dc78c54075eb137821b1d,"[2048, 6144]",3224598816947091713,2.206659530656907e-07
ruler_qa_squad_16k:0424,ruler_qa_squad_16k,0,20260930,gaussian_bf16_scalar_bracket_binary_v1,9,7,True,2.1377014203238787e-05,2.137701292906945e-05,17,cuda:0,bfloat16,2.206659530656907e-07,5.999908209153304e-11,0.9997280999571616,True,32,24,float32,2.2085593798237824e-07,0.0008609616211658099,True,2.206659530656907e-07,False,0.001,315d9192b4ed703ff2fcc623c63e632b4df71e9d40e230d729706388114e427a,"[2048, 6144]",3557159339979272255,2.206659530656907e-07
ruler_qa_squad_16k:0424,ruler_qa_squad_16k,6,20260926,gaussian_bf16_scalar_bracket_binary_v1,32,7,True,1.9203338839729467e-05,1.9203338839729467e-05,40,cuda:0,bfloat16,1.903197670571899e-07,2.3283064365386963e-10,0.9987766344649639,True,32,24,float32,1.9116113492145814e-07,0.004420811759481736,True,1.903197670571899e-07,False,0.001,00ea17f60abbf63c44545e6320b096e7f9531b202dadf6c1d62a8ec351e491c0,"[2048, 6144]",65891490059777596,1.903197670571899e-07
ruler_qa_squad_16k:0424,ruler_qa_squad_16k,6,20260927,gaussian_bf16_scalar_bracket_binary_v1,32,7,True,1.88936974999665e-05,1.8893696373814373e-05,40,cuda:0,bfloat16,1.903197670571899e-07,5.820766091346741e-11,0.999694158616241,True,32,24,float32,1.9052238542371924e-07,0.0010646207152432286,True,1.903197670571899e-07,False,0.001,a06b0024d24a18778f55f1ffe87755d7d55778d18e25cdfa06688b52ad50482b,"[2048, 6144]",2335960989868628087,1.903197670571899e-07
ruler_qa_squad_16k:0424,ruler_qa_squad_16k,6,20260928,gaussian_bf16_scalar_bracket_binary_v1,7,7,True,1.9507776123361964e-05,1.9507776123361964e-05,15,cuda:0,bfloat16,1.903197670571899e-07,1.3015628852475203e-10,0.9993161178655413,True,32,24,float32,1.9022103003862867e-07,0.0005187953941303095,True,1.903197670571899e-07,False,0.001,31c797c4191578acb38c2445fcf5aa65da37e4bb621230ceeb93954d87f4a4f6,"[2048, 6144]",3587002496714111148,1.903197670571899e-07
ruler_qa_squad_16k:0424,ruler_qa_squad_16k,6,20260929,gaussian_bf16_scalar_bracket_binary_v1,8,7,True,1.8794076996897502e-05,1.8794076996897502e-05,16,cuda:0,bfloat16,1.903197670571899e-07,1.1641532182693481e-10,0.9993883172324819,True,32,24,float32,1.9049174682095327e-07,0.0009036358462528793,True,1.903197670571899e-07,False,0.001,85efb670487d8c089d7e4bd45f30427f19bed9539d3f97c4208312b8091d43d2,"[2048, 6144]",427761082992266248,1.903197670571899e-07
ruler_qa_squad_16k:0424,ruler_qa_squad_16k,6,20260930,gaussian_bf16_scalar_bracket_binary_v1,8,7,True,1.8318277579254527e-05,1.8318277579254527e-05,16,cuda:0,bfloat16,1.903197670571899e-07,8.231806208902626e-11,0.9995674749745553,True,32,24,float32,1.9022510855393193e-07,0.0004973655901413344,True,1.903197670571899e-07,False,0.001,85bddfcdf8e313e987c22131f526759f430c8f6f334dac931cc2fe27ffc1a34b,"[2048, 6144]",413732816524874729,1.903197670571899e-07
ruler_qa_squad_16k:0424,ruler_qa_squad_16k,12,20260926,gaussian_bf16_scalar_bracket_binary_v1,9,7,True,2.3866219351020845e-05,2.3866219351020845e-05,17,cuda:0,bfloat16,2.811925696732942e-07,4.728812896814816e-10,0.9983183009059204,True,32,24,float32,2.8110545713389e-07,0.00030979673291296663,True,2.811925696732942e-07,False,0.001,6357050e08c7e871f90c114e556905fbb73d8cd1e691ac8349e3372be5286f0c,"[2048, 6144]",7158195690563692657,2.811925696732942e-07
ruler_qa_squad_16k:0424,ruler_qa_squad_16k,12,20260927,gaussian_bf16_scalar_bracket_binary_v1,7,7,True,2.2917194428373477e-05,2.2917194428373477e-05,15,cuda:0,bfloat16,2.811925696732942e-07,3.5792979691251503e-10,0.998727100800251,True,32,24,float32,2.813721380334755e-07,0.0006385956797860108,True,2.811925696732942e-07,False,0.001,e7d7b4b141295237c7ab88a4e57db8d2afc371d3dc7ed0111c90bd0a90b0273a,"[2048, 6144]",7482647979294806583,2.811925696732942e-07
ruler_qa_squad_16k:0424,ruler_qa_squad_16k,12,20260928,gaussian_bf16_scalar_bracket_binary_v1,11,7,True,2.357623951354526e-05,2.357623810829188e-05,19,cuda:0,bfloat16,2.811925696732942e-07,4.189839863943945e-10,0.9985099749012529,True,32,24,float32,2.813475816765276e-07,0.0005512663560545906,True,2.811925696732942e-07,False,0.001,48ee995c53f6aaf57f8a5aed2d8ef33190763eb822c98154022b3907305f29ec,"[2048, 6144]",5255306437012663029,2.811925696732942e-07
ruler_qa_squad_16k:0424,ruler_qa_squad_16k,12,20260929,gaussian_bf16_scalar_bracket_binary_v1,8,7,True,2.3409281425301742e-05,2.3409281425301742e-05,16,cuda:0,bfloat16,2.811925696732942e-07,6.264088137086787e-10,0.9977723137761554,True,32,24,float32,2.8129088036621397e-07,0.000349620521744193,True,2.811925696732942e-07,False,0.001,9fb34d3b981060017e92e2e6284918878c81900268322f58a681368df8639542,"[2048, 6144]",2284254354356592641,2.811925696732942e-07
ruler_qa_squad_16k:0424,ruler_qa_squad_16k,12,20260930,gaussian_bf16_scalar_bracket_binary_v1,6,7,True,2.3901368422230007e-05,2.3901366997597433e-05,14,cuda:0,bfloat16,2.811925696732942e-07,3.422021277454945e-10,0.9987830328228691,True,32,24,float32,2.814287825003703e-07,0.0008400393628840671,True,2.811925696732942e-07,False,0.001,90386cf8f9e535633509454e7e1b7620bb803475b0bef854a38ea608481491bc,"[2048, 6144]",1168803919902881123,2.811925696732942e-07
ruler_qa_squad_16k:0424,ruler_qa_squad_16k,18,20260926,gaussian_bf16_scalar_bracket_binary_v1,12,7,True,1.4888635085696933e-05,1.4888635085696933e-05,20,cuda:0,bfloat16,1.4194438335835002e-07,6.507814426237601e-11,0.9995415236395928,True,32,24,float32,1.4183579821747117e-07,0.0007649837091808457,True,1.4194438335835002e-07,False,0.001,213c67f166a6b9fd529126d49370e79ea6ce7b9419abd35fa946b7343635f13a,"[2048, 6144]",2394903388361243133,1.4194438335835002e-07
ruler_qa_squad_16k:0424,ruler_qa_squad_16k,18,20260927,gaussian_bf16_scalar_bracket_binary_v1,4,7,True,1.5329993402701803e-05,1.5329993402701803e-05,12,cuda:0,bfloat16,1.4194438335835002e-07,2.6832405741750165e-10,0.9981096535764991,True,32,24,float32,1.419848416617242e-07,0.00028502926580786125,True,1.4194438335835002e-07,False,0.001,5033a1342ecf01bdbd9759ecc0a5d7096ffe175152179de85c51f9682fe7813e,"[2048, 6144]",5779139992342167997,1.4194438335835002e-07
ruler_qa_squad_16k:0424,ruler_qa_squad_16k,18,20260928,gaussian_bf16_scalar_bracket_binary_v1,5,7,True,1.5046104635985103e-05,1.504610373916738e-05,13,cuda:0,bfloat16,1.4194438335835002e-07,8.731149137020111e-11,0.999384889424263,True,32,24,float32,1.4205788545496034e-07,0.0007996237253274983,True,1.4194438335835002e-07,False,0.001,218860405cb368d1279d3c2e45479568572d2a0d014a32bed17adf4dc6467960,"[2048, 6144]",2416287029633706193,1.4194438335835002e-07
ruler_qa_squad_16k:0424,ruler_qa_squad_16k,18,20260929,gaussian_bf16_scalar_bracket_binary_v1,8,7,True,1.5152562923503865e-05,1.5152562923503865e-05,16,cuda:0,bfloat16,1.4194438335835002e-07,1.4551915228366852e-10,0.9989748157071049,True,32,24,float32,1.41952767762632e-07,5.906823562579492e-05,True,1.4194438335835002e-07,False,0.001,d9ac91d82d2ef2ea12b0ebe5117752219a34b425eb1f5598582a9fe8811ebd15,"[2048, 6144]",6461699923026834154,1.4194438335835002e-07
ruler_qa_squad_16k:0424,ruler_qa_squad_16k,18,20260930,gaussian_bf16_scalar_bracket_binary_v1,9,7,True,1.541870864230077e-05,1.541870772327412e-05,17,cuda:0,bfloat16,1.4194438335835002e-07,8.231806208902626e-11,0.9994200681975475,True,32,24,float32,1.4196173481195729e-07,0.00012224121304931456,True,1.4194438335835002e-07,False,0.001,0c150211a4b86b50fd37e9f17a88255f67154dfbc9b89f47ab9f26ff35f393ca,"[2048, 6144]",870604377767308112,1.4194438335835002e-07
ruler_qa_squad_16k:0424,ruler_qa_squad_16k,24,20260926,gaussian_bf16_scalar_bracket_binary_v1,8,7,True,2.627229220308891e-05,2.627229220308891e-05,16,cuda:0,bfloat16,3.0817938068139483e-07,2.098707041486847e-10,0.9993189982286139,True,32,24,float32,3.0842832643429574e-07,0.0008077949678219269,True,3.0817938068139483e-07,False,0.001,f9c25ecfe89136c62a30ff8df8534101f82f9af761ef16fb0979c571853d6c61,"[2048, 6144]",8773679271124219590,3.0817938068139483e-07
ruler_qa_squad_16k:0424,ruler_qa_squad_16k,24,20260927,gaussian_bf16_scalar_bracket_binary_v1,32,7,True,2.6387859470844433e-05,2.6387859470844433e-05,40,cuda:0,bfloat16,3.0817938068139483e-07,2.016372485647011e-10,0.9993457146674808,True,32,24,float32,3.0883066415299254e-07,0.0021133259147892974,True,3.0817938068139483e-07,False,0.001,336c63935ef63e7507c98eccbd06491ceca3759d44912bae9a40b9ff1ca79d34,"[2048, 6144]",3705446078023614069,3.0817938068139483e-07
ruler_qa_squad_16k:0424,ruler_qa_squad_16k,24,20260928,gaussian_bf16_scalar_bracket_binary_v1,7,7,True,2.6657516428940653e-05,2.6657516428940653e-05,15,cuda:0,bfloat16,3.0817938068139483e-07,2.3283064365386963e-10,0.9992444963607264,True,32,24,float32,3.081682393712981e-07,3.615202961367683e-05,True,3.0817938068139483e-07,False,0.001,515ce70113717d4a176d526913d12ff94a269098a3d3e83cef14cfd8717a0d64,"[2048, 6144]",5862814806736731466,3.0817938068139483e-07
ruler_qa_squad_16k:0424,ruler_qa_squad_16k,24,20260929,gaussian_bf16_scalar_bracket_binary_v1,32,7,True,2.6134454159776332e-05,2.6134454159776332e-05,40,cuda:0,bfloat16,3.0817938068139483e-07,2.3283064365386963e-10,0.9992444963607264,True,32,24,float32,3.0881517432135297e-07,0.0020630635266784456,True,3.0817938068139483e-07,False,0.001,c87bc3e4cc35f8408a26c18408c6e85d33819c006b47c8636638cfe483ef4266,"[2048, 6144]",5222983580312270912,3.0817938068139483e-07
ruler_qa_squad_16k:0424,ruler_qa_squad_16k,24,20260930,gaussian_bf16_scalar_bracket_binary_v1,32,7,True,2.7062001866084984e-05,2.7062000253063974e-05,40,cuda:0,bfloat16,3.0817938068139483e-07,7.009130498225602e-10,0.9977256328821454,True,32,24,float32,3.0756973501411267e-07,0.0019782169265647144,True,3.0817938068139483e-07,False,0.001,02c8e16594474f0f841626049d38f4900826b0aa582d4ea1a65134c77c0a74c5,"[2048, 6144]",200658009813634831,3.0817938068139483e-07
ruler_qa_squad_16k:0429,ruler_qa_squad_16k,0,20260926,gaussian_bf16_scalar_bracket_binary_v1,32,7,True,2.089077080213997e-05,2.089077080213997e-05,40,cuda:0,bfloat16,2.216527406062596e-07,1.678208683131288e-10,0.9992428658095808,True,32,24,float32,2.2233498953028175e-07,0.003078008068639535,True,2.216527406062596e-07,False,0.001,1c49211521f3e786abe0352262a8950c109f82176b3e9b06ee987e2aadb9a2f1,"[2048, 6144]",2038196681009522566,2.216527406062596e-07
ruler_qa_squad_16k:0429,ruler_qa_squad_16k,0,20260927,gaussian_bf16_scalar_bracket_binary_v1,32,7,True,2.1389489468504053e-05,2.1389489468504053e-05,40,cuda:0,bfloat16,2.216527406062596e-07,2.761031681064452e-10,0.9987543435404802,True,32,24,float32,2.223507493681609e-07,0.003149109548531248,True,2.216527406062596e-07,False,0.001,79a6dc5046c74db8c1256163f8d23dba13dc2d5ddb10e2c3d32eb1c201541742,"[2048, 6144]",8765935962066210232,2.216527406062596e-07
ruler_qa_squad_16k:0429,ruler_qa_squad_16k,0,20260928,gaussian_bf16_scalar_bracket_binary_v1,32,7,True,2.149945000778919e-05,2.149945257072335e-05,40,cuda:0,bfloat16,2.216527406062596e-07,1.1365409308128349e-10,0.99948724255441,True,32,24,float32,2.2128324417280965e-07,0.0016670059320689152,True,2.216527406062596e-07,False,0.001,29b9d914a6586a9b193456a790c307f18028554f9f45fd399fc10713acc4483f,"[2048, 6144]",3006672908959902363,2.216527406062596e-07
ruler_qa_squad_16k:0429,ruler_qa_squad_16k,0,20260929,gaussian_bf16_scalar_bracket_binary_v1,9,7,True,2.158343561653453e-05,2.1583434330061516e-05,17,cuda:0,bfloat16,2.216527406062596e-07,2.6594595969875456e-10,0.9988001684122139,True,32,24,float32,2.217233117107753e-07,0.0003183858874141084,True,2.216527406062596e-07,False,0.001,5c78fd8204360afe5b70f770768623200845668c039f6861738ea24b4346eada,"[2048, 6144]",6663354383552875262,2.216527406062596e-07
ruler_qa_squad_16k:0429,ruler_qa_squad_16k,0,20260930,gaussian_bf16_scalar_bracket_binary_v1,7,7,True,2.0281225765472755e-05,2.0281225765472755e-05,15,cuda:0,bfloat16,2.216527406062596e-07,1.059395418612219e-10,0.9995220472276974,True,32,24,float32,2.2145525235828245e-07,0.000890980402213827,True,2.216527406062596e-07,False,0.001,81dfb85e9f1bb24a14d150bf62b788851ab8e94e97262272217d2429f61970b8,"[2048, 6144]",135029230380233290,2.216527406062596e-07
ruler_qa_squad_16k:0429,ruler_qa_squad_16k,6,20260926,gaussian_bf16_scalar_bracket_binary_v1,32,7,True,2.0592037653699435e-05,2.0592037653699435e-05,40,cuda:0,bfloat16,2.2276714162217104e-07,1.7462298274040222e-10,0.9992161187620903,True,32,24,float32,2.2322670645280596e-07,0.0020629830202443964,True,2.2276714162217104e-07,False,0.001,7db5519ba30b0255cf65bce966200f20dc2d26b3fcc6840d216733810423f520,"[2048, 6144]",9058235954422809173,2.2276714162217104e-07
ruler_qa_squad_16k:0429,ruler_qa_squad_16k,6,20260927,gaussian_bf16_scalar_bracket_binary_v1,32,7,True,2.055026881464528e-05,2.055026881464528e-05,40,cuda:0,bfloat16,2.2276714162217104e-07,2.8515814709528797e-10,0.9987199272522025,True,32,24,float32,2.2186299020177103e-07,0.004058728831442824,True,2.2276714162217104e-07,False,0.001,9b6208ed5fe0685961d831b7aec0a485fd2c6a02081bd3d89c94ca43b4527f5c,"[2048, 6144]",1973149402350512217,2.2276714162217104e-07
ruler_qa_squad_16k:0429,ruler_qa_squad_16k,6,20260928,gaussian_bf16_scalar_bracket_binary_v1,12,7,True,2.098536088812608e-05,2.098536088812608e-05,20,cuda:0,bfloat16,2.2276714162217104e-07,2.098707041486847e-10,0.9990578920094749,True,32,24,float32,2.2276320521541493e-07,1.767049991056303e-05,True,2.2276714162217104e-07,False,0.001,bc04d54190e24db0f712ed0f2c1503f667b7bdc134e2de122137621fa7a2efbd,"[2048, 6144]",4324816019762859440,2.2276714162217104e-07
ruler_qa_squad_16k:0429,ruler_qa_squad_16k,6,20260929,gaussian_bf16_scalar_bracket_binary_v1,32,7,True,1.9826275604373222e-05,1.9826274422635108e-05,40,cuda:0,bfloat16,2.2276714162217104e-07,2.6674101816226425e-10,0.9988026016035405,True,32,24,float32,2.2330225135647197e-07,0.0024021035167229275,True,2.2276714162217104e-07,False,0.001,9060d30aa5a12b49751ab62f6e52ac1d49df5ac243b4fbcbfd3570c5b85f5af8,"[2048, 6144]",1180175145053006665,2.2276714162217104e-07
ruler_qa_squad_16k:0429,ruler_qa_squad_16k,6,20260930,gaussian_bf16_scalar_bracket_binary_v1,32,7,True,2.1438291736619597e-05,2.1438294292263123e-05,40,cuda:0,bfloat16,2.2276714162217104e-07,3.134578430152857e-10,0.9985928901330209,True,32,24,float32,2.2339523297887354e-07,0.002819497310639223,True,2.2276714162217104e-07,False,0.001,23fbfc00a499d93cb9fcfac1d20a10d3a64e2d74bb122dd012ab8b60a9963d9f,"[2048, 6144]",2592943090173598012,2.2276714162217104e-07
ruler_qa_squad_16k:0429,ruler_qa_squad_16k,12,20260926,gaussian_bf16_scalar_bracket_binary_v1,32,7,True,1.5226687750669043e-05,1.5226689565831672e-05,40,cuda:0,bfloat16,1.4501607381589565e-07,1.243316144483586e-10,0.9991426356321975,True,32,24,float32,1.452485207664722e-07,0.0016029047295244036,True,1.4501607381589565e-07,False,0.001,20ca1f3c0ffad029530984d18a74da9de6bb67cc3072dd419300a32605dc3a4f,"[2048, 6144]",2362735297335840809,1.4501607381589565e-07
ruler_qa_squad_16k:0429,ruler_qa_squad_16k,12,20260927,gaussian_bf16_scalar_bracket_binary_v1,6,7,True,1.4936655603037252e-05,1.4936654712743202e-05,14,cuda:0,bfloat16,1.4501607381589565e-07,1.0986454801464873e-10,0.9992423974451679,True,32,24,float32,1.4497308598038217e-07,0.00029643497015414326,True,1.4501607381589565e-07,False,0.001,07a97410f02cb6b1a7d633801903d426c18d61e37ee6ecf22bbc3ece1524debf,"[2048, 6144]",552100045427357361,1.4501607381589565e-07
ruler_qa_squad_16k:0429,ruler_qa_squad_16k,12,20260928,gaussian_bf16_scalar_bracket_binary_v1,32,7,True,1.588379183514732e-05,1.588379183514732e-05,40,cuda:0,bfloat16,1.4501607381589565e-07,1.2347708966409243e-10,0.9991485282533518,True,32,24,float32,1.4532037084791227e-07,0.0020983676085655103,True,1.4501607381589565e-07,False,0.001,d75149f96d487131a603e093a0d9107b8dd25439f6faecbf776f42ad25022c70,"[2048, 6144]",6291891490042442033,1.4501607381589565e-07
ruler_qa_squad_16k:0429,ruler_qa_squad_16k,12,20260929,gaussian_bf16_scalar_bracket_binary_v1,11,7,True,1.5630013705969503e-05,1.563001277434809e-05,19,cuda:0,bfloat16,1.4501607381589565e-07,1.7032579513465151e-10,0.9988254695451837,True,32,24,float32,1.4511225288060814e-07,0.0006632303728936335,True,1.4501607381589565e-07,False,0.001,288f7008f7b4ccf7d77b4769ecfef21e13986fdb3fed817f5b8238ef2ab2b819,"[2048, 6144]",2922677867004611831,1.4501607381589565e-07
ruler_qa_squad_16k:0429,ruler_qa_squad_16k,12,20260930,gaussian_bf16_scalar_bracket_binary_v1,5,7,True,1.5951768119748522e-05,1.5951768119748522e-05,13,cuda:0,bfloat16,1.4501607381589565e-07,2.202104332216237e-10,0.9984814756914382,True,32,24,float32,1.4510703749692766e-07,0.0006272661963493127,True,1.4501607381589565e-07,False,0.001,61e1c6b390eb3814618603b265cdd1501f1cda4ecb868de26d66c655b8e2399d,"[2048, 6144]",7053136965971687444,1.4501607381589565e-07
ruler_qa_squad_16k:0429,ruler_qa_squad_16k,18,20260926,gaussian_bf16_scalar_bracket_binary_v1,32,7,True,1.4329872314533532e-05,1.4329871460406582e-05,40,cuda:0,bfloat16,1.3582817359747423e-07,1.3650906793838402e-10,0.9989949870905065,True,32,24,float32,1.3547118271617364e-07,0.0026282535636423213,True,1.3582817359747423e-07,False,0.001,c6ddc62d3068ee470eb0710294382aa0c6918553e38174c923ac990115f16a72,"[2048, 6144]",5106455449896021575,1.3582817359747423e-07
ruler_qa_squad_16k:0429,ruler_qa_squad_16k,18,20260927,gaussian_bf16_scalar_bracket_binary_v1,8,7,True,1.5246712486316483e-05,1.524671066876672e-05,16,cuda:0,bfloat16,1.3582817359747423e-07,1.9305297638272378e-10,0.9985786971048081,True,32,24,float32,1.3575143498201214e-07,0.000564968323063116,True,1.3582817359747423e-07,False,0.001,fc2ded1a7f3226bdf43094d30bf8d01419040a94911c84bdf539b1aeb30bee9b,"[2048, 6144]",8948068732713969341,1.3582817359747423e-07
ruler_qa_squad_16k:0429,ruler_qa_squad_16k,18,20260928,gaussian_bf16_scalar_bracket_binary_v1,32,7,True,1.5571426713822945e-05,1.5571426713822945e-05,40,cuda:0,bfloat16,1.3582817359747423e-07,7.128953677382199e-11,0.9994751491175529,True,32,24,float32,1.3563152378992527e-07,0.0014477836397309997,True,1.3582817359747423e-07,False,0.001,a395f972de10b67356e4985769c1c69717f6b32b4f90f842ab3a2ba79715e0c2,"[2048, 6144]",2564229834604590707,1.3582817359747423e-07
ruler_qa_squad_16k:0429,ruler_qa_squad_16k,18,20260929,gaussian_bf16_scalar_bracket_binary_v1,32,7,True,1.5501390311811747e-05,1.5501389387856885e-05,40,cuda:0,bfloat16,1.3582817359747423e-07,1.3337050908113213e-10,0.999018093923015,True,32,24,float32,1.356645640271381e-07,0.0012045333895232694,True,1.3582817359747423e-07,False,0.001,d5acbabc446fd1c687333714da630cc4e686bb3ebb7cab0f3939324eab8a47b6,"[2048, 6144]",6173514506982904262,1.3582817359747423e-07
ruler_qa_squad_16k:0429,ruler_qa_squad_16k,18,20260930,gaussian_bf16_scalar_bracket_binary_v1,32,7,True,1.4514513738017598e-05,1.4514512872885163e-05,40,cuda:0,bfloat16,1.3582817359747423e-07,4.115903104451313e-11,0.9996969772179483,True,32,24,float32,1.3610210203296447e-07,0.0020167276658082634,True,1.3582817359747423e-07,False,0.001,6d50b89d58b43fbe90db92ad233acd66c35bf7f3c59bd599f9dbba5be16b23a6,"[2048, 6144]",7876998734208581566,1.3582817359747423e-07
ruler_qa_squad_16k:0429,ruler_qa_squad_16k,24,20260926,gaussian_bf16_scalar_bracket_binary_v1,9,7,True,2.732113434689154e-05,2.732113434689154e-05,17,cuda:0,bfloat16,3.209531200809579e-07,2.968019996441029e-10,0.9990752481248064,True,32,24,float32,3.2124520998877415e-07,0.0009100703172556311,True,3.209531200809579e-07,False,0.001,c925f7c562a6885314f7916161358d0283efe2e0cf9fe423710de37e21e963c5,"[2048, 6144]",5270891366042732627,3.209531200809579e-07
ruler_qa_squad_16k:0429,ruler_qa_squad_16k,24,20260927,gaussian_bf16_scalar_bracket_binary_v1,9,7,True,2.732113434689154e-05,2.732113434689154e-05,17,cuda:0,bfloat16,3.209531200809579e-07,2.016372485647011e-10,0.9993717548266431,True,32,24,float32,3.212142019037856e-07,0.0008134578120375817,True,3.209531200809579e-07,False,0.001,ec870c86326759ae59ecb2277e385ffda4314126bc4e8ab6804fd1c7944d104e,"[2048, 6144]",7820233048462940590,3.209531200809579e-07
ruler_qa_squad_16k:0429,ruler_qa_squad_16k,24,20260928,gaussian_bf16_scalar_bracket_binary_v1,12,7,True,2.7055345044324497e-05,2.7055345044324497e-05,20,cuda:0,bfloat16,3.209531200809579e-07,1.1641532182693481e-10,0.9996372824735351,True,32,24,float32,3.2108059144775325e-07,0.00039716506498895643,True,3.209531200809579e-07,False,0.001,80e3ea6011de63ca94038056c22a6a581d93d34c1855a103187afbaa045bee36,"[2048, 6144]",64152518050866122,3.209531200809579e-07
ruler_qa_squad_16k:0429,ruler_qa_squad_16k,24,20260929,gaussian_bf16_scalar_bracket_binary_v1,11,7,True,2.7090449291833352e-05,2.7090449291833352e-05,19,cuda:0,bfloat16,3.209531200809579e-07,4.3945819205859493e-10,0.9986307713975556,True,32,24,float32,3.208134558008169e-07,0.0004351547668574653,True,3.209531200809579e-07,False,0.001,10210ae536357d338edc3923a941c4f2bfa03d2370669f2c26eaf420d1d7998d,"[2048, 6144]",1162222158411562291,3.209531200809579e-07
ruler_qa_squad_16k:0429,ruler_qa_squad_16k,24,20260930,gaussian_bf16_scalar_bracket_binary_v1,32,7,True,2.6185261195355025e-05,2.6185259634591832e-05,40,cuda:0,bfloat16,3.209531200809579e-07,1.540029909152807e-10,0.9995201698276794,True,32,24,float32,3.2056709642347414e-07,0.0012027415635852857,True,3.209531200809579e-07,False,0.001,a419e1f030bca4974e4817c39ac586300019c8ed964df9ec058c8b3f968c0189,"[2048, 6144]",2601358681509242007,3.209531200809579e-07
ruler_qa_squad_16k:0432,ruler_qa_squad_16k,0,20260926,gaussian_bf16_scalar_bracket_binary_v1,32,7,True,1.9675526710116742e-05,1.9675526710116742e-05,40,cuda:0,bfloat16,1.8324122663671005e-07,1.5262177632813234e-10,0.9991670991341336,True,32,24,float32,1.8352558583956124e-07,0.0015518298369337827,True,1.8324122663671005e-07,False,0.001,0896b1cbf02e3a70703fb5cf2e9c6da70e0dcaeab7babed1004f2f50f1c276f0,"[2048, 6144]",618877488276060784,1.8324122663671005e-07
ruler_qa_squad_16k:0432,ruler_qa_squad_16k,0,20260927,gaussian_bf16_scalar_bracket_binary_v1,32,7,True,1.7980545363727174e-05,1.7980545363727174e-05,40,cuda:0,bfloat16,1.8324122663671005e-07,7.970412524427317e-11,0.9995650316977942,True,32,24,float32,1.8304609739061561e-07,0.0010648763363786992,True,1.8324122663671005e-07,False,0.001,dd59f23a789aafda89e7b258bd81599106ed903043bec7d3b14ed2169aa23bff,"[2048, 6144]",6726673851399974874,1.8324122663671005e-07
ruler_qa_squad_16k:0432,ruler_qa_squad_16k,0,20260928,gaussian_bf16_scalar_bracket_binary_v1,9,7,True,1.9309044256843322e-05,1.9309043105934598e-05,17,cuda:0,bfloat16,1.8324122663671005e-07,2.5621291199762197e-10,0.9986017725557711,True,32,24,float32,1.830737659247461e-07,0.0009138811993217239,True,1.8324122663671005e-07,False,0.001,918beff52165f719a2bc4e4ce56db3f94dced6c6d64698e182677d84a3c1cf9b,"[2048, 6144]",1264367956513912601,1.8324122663671005e-07
ruler_qa_squad_16k:0432,ruler_qa_squad_16k,0,20260929,gaussian_bf16_scalar_bracket_binary_v1,9,7,True,1.825540720368224e-05,1.825540720368224e-05,17,cuda:0,bfloat16,1.8324122663671005e-07,4.3655745685100555e-11,0.9997617580580179,True,32,24,float32,1.8337645713017992e-07,0.0007379916405927975,True,1.8324122663671005e-07,False,0.001,ef37c278a3b422fba4f06217be749728ad76af00726bb15d73d6ed4f7d7d3c70,"[2048, 6144]",8014087885327442683,1.8324122663671005e-07
ruler_qa_squad_16k:0432,ruler_qa_squad_16k,0,20260930,gaussian_bf16_scalar_bracket_binary_v1,8,7,True,1.8369932970330183e-05,1.8369932970330183e-05,16,cuda:0,bfloat16,1.8324122663671005e-07,6.173854483204622e-11,0.999663075029756,True,32,24,float32,1.832578107041627e-07,9.050401897559842e-05,True,1.8324122663671005e-07,False,0.001,f477c3e16c060c68c26fe6cbd7914ef9025644438a1445018274194bfe3d0806,"[2048, 6144]",8392391803575602280,1.8324122663671005e-07
ruler_qa_squad_16k:0432,ruler_qa_squad_16k,6,20260926,gaussian_bf16_scalar_bracket_binary_v1,32,7,True,2.1765143011442944e-05,2.1765143011442944e-05,40,cuda:0,bfloat16,2.4706795898055134e-07,1.4257907354764399e-10,0.9994229155648674,True,32,24,float32,2.4627144057376427e-07,0.003223883866097637,True,2.4706795898055134e-07,False,0.001,d07deced03b7811089b6db46c2c6f68466489870a4ff10068a39018b11ce8d4d,"[2048, 6144]",5800052397836828944,2.4706795898055134e-07
ruler_qa_squad_16k:0432,ruler_qa_squad_16k,6,20260927,gaussian_bf16_scalar_bracket_binary_v1,14,7,True,2.1652225233315114e-05,2.1652225233315114e-05,22,cuda:0,bfloat16,2.4706795898055134e-07,1.3015628852475203e-10,0.9994731964069247,True,32,24,float32,2.471962545769202e-07,0.0005192724985393304,True,2.4706795898055134e-07,False,0.001,28761a83212b4156827ce6e4186e1374fa4d26f20d1d81533dfe28c5aec3c608,"[2048, 6144]",2915546959268495702,2.4706795898055134e-07
ruler_qa_squad_16k:0432,ruler_qa_squad_16k,6,20260928,gaussian_bf16_scalar_bracket_binary_v1,9,7,True,2.2946436690318706e-05,2.2946436690318706e-05,17,cuda:0,bfloat16,2.4706795898055134e-07,2.6674101816226425e-10,0.9989203738952518,True,32,24,float32,2.472305880019121e-07,0.0006582359850779904,True,2.4706795898055134e-07,False,0.001,39450e239500efb7f1cf0a710a20c4a43ae4ff9911c0a0ed9fc7c33d649576ca,"[2048, 6144]",4126720179541438391,2.4706795898055134e-07
ruler_qa_squad_16k:0432,ruler_qa_squad_16k,6,20260929,gaussian_bf16_scalar_bracket_binary_v1,10,7,True,2.206625708645049e-05,2.2066255771199076e-05,18,cuda:0,bfloat16,2.4706795898055134e-07,2.6674101816226425e-10,0.9989203738952518,True,32,24,float32,2.4682267962816695e-07,0.0009927606695601288,True,2.4706795898055134e-07,False,0.001,c223046a79c7493bf38f19860a784600a58774ff77f3ac1c2db1b101d95f115d,"[2048, 6144]",4765657686044264763,2.4706795898055134e-07
ruler_qa_squad_16k:0432,ruler_qa_squad_16k,6,20260930,gaussian_bf16_scalar_bracket_binary_v1,32,7,True,2.172846886128177e-05,2.172846886128177e-05,40,cuda:0,bfloat16,2.4706795898055134e-07,4.835091216293108e-10,0.9980430116328141,True,32,24,float32,2.473204290254216e-07,0.00102186477725407,True,2.4706795898055134e-07,False,0.001,e122c638b0eee5704ed97e167cbac90251fe8f9b456056360766c0b9db4744e1,"[2048, 6144]",6999374717676086640,2.4706795898055134e-07
ruler_qa_squad_16k:0432,ruler_qa_squad_16k,12,20260926,gaussian_bf16_scalar_bracket_binary_v1,6,7,True,1.4406324211790889e-05,1.440632335310705e-05,14,cuda:0,bfloat16,1.398672253571931e-07,1.2283229988696576e-10,0.9991217935468922,True,32,24,float32,1.397938547142985e-07,0.0005245735211177165,True,1.398672253571931e-07,False,0.001,f18a2fb06154c0ed192cbad77293fc9c2e70dd0728a6c43e2a9b2aa598bf5e4e,"[2048, 6144]",8181404107665621229,1.398672253571931e-07
ruler_qa_squad_16k:0432,ruler_qa_squad_16k,12,20260927,gaussian_bf16_scalar_bracket_binary_v1,32,7,True,1.4764733976768696e-05,1.4764733976768696e-05,40,cuda:0,bfloat16,1.398672253571931e-07,2.2962534651504996e-10,0.998358261945008,True,32,24,float32,1.39617839067796e-07,0.0017830216389879542,True,1.398672253571931e-07,False,0.001,652e4c2ce76618ef46f0d5b071d867209e22eb936df32562e47dabc872e81abe,"[2048, 6144]",7290848602503911663,1.398672253571931e-07
ruler_qa_squad_16k:0432,ruler_qa_squad_16k,12,20260928,gaussian_bf16_scalar_bracket_binary_v1,8,7,True,1.4930826306880363e-05,1.4930825416933765e-05,16,cuda:0,bfloat16,1.398672253571931e-07,1.4108605950191588e-10,0.9989912857773391,True,32,24,float32,1.3991768810228677e-07,0.0003607903493102869,True,1.398672253571931e-07,False,0.001,a7f5045e328c517acab29f2019dfdb89897b8af4de0097739da4531c5033fd3c,"[2048, 6144]",2879212339394793850,1.398672253571931e-07
ruler_qa_squad_16k:0432,ruler_qa_squad_16k,12,20260929,gaussian_bf16_scalar_bracket_binary_v1,7,7,True,1.4755992275183871e-05,1.4755990516132515e-05,15,cuda:0,bfloat16,1.398672253571931e-07,1.6860765561510505e-10,0.9987945163337264,True,32,24,float32,1.3990589309287316e-07,0.00027646030427296275,True,1.398672253571931e-07,False,0.001,8b164788d799c4cdf095e6be0f780fe0931f5ea4a90fb467f359c1a8175ebb3a,"[2048, 6144]",798904636963144909,1.398672253571931e-07
ruler_qa_squad_16k:0432,ruler_qa_squad_16k,12,20260930,gaussian_bf16_scalar_bracket_binary_v1,11,7,True,1.4550562287940494e-05,1.4550562287940494e-05,19,cuda:0,bfloat16,1.398672253571931e-07,2.999954104576652e-11,0.9997855141476557,True,32,24,float32,1.3994268499573081e-07,0.0005395090833110739,True,1.398672253571931e-07,False,0.001,f571f391c3f4f0ebed3e99098728736862f3ecf92624c443f7689bf325ea87b8,"[2048, 6144]",8462812982189289707,1.398672253571931e-07
ruler_qa_squad_16k:0432,ruler_qa_squad_16k,18,20260926,gaussian_bf16_scalar_bracket_binary_v1,32,7,True,1.605160610429479e-05,1.605160610429479e-05,40,cuda:0,bfloat16,1.530090543155893e-07,5.820766091346741e-11,0.9996195802844882,True,32,24,float32,1.5206158821001736e-07,0.006192222478662922,True,1.530090543155893e-07,False,0.001,989a60506f95beaf3e84a3df935528f0cb6d1b66140a280ad3dcd1a33b734da2,"[2048, 6144]",1772835301909446319,1.530090543155893e-07
ruler_qa_squad_16k:0432,ruler_qa_squad_16k,18,20260927,gaussian_bf16_scalar_bracket_binary_v1,32,7,True,1.5243527036190585e-05,1.5243527036190585e-05,40,cuda:0,bfloat16,1.530090543155893e-07,1.9305297638272378e-10,0.998738290506753,True,32,24,float32,1.5273361952949926e-07,0.0018001208315551467,True,1.530090543155893e-07,False,0.001,224b8bfa130616d0c817ddd995a8f64185a7070a0cab6541da3d3cf79beccbf4,"[2048, 6144]",2471222726720100048,1.530090543155893e-07
ruler_qa_squad_16k:0432,ruler_qa_squad_16k,18,20260928,gaussian_bf16_scalar_bracket_binary_v1,6,7,True,1.57599325945057e-05,1.57599325945057e-05,14,cuda:0,bfloat16,1.530090543155893e-07,8.731149137020111e-11,0.9994293704267323,True,32,24,float32,1.5286633470168454e-07,0.0009327527350793695,True,1.530090543155893e-07,False,0.001,16d32924545a80d01bdd0e8efc12b496e449a33e6c677da2616f76668c8b0876,"[2048, 6144]",1644703524931141840,1.530090543155893e-07
ruler_qa_squad_16k:0432,ruler_qa_squad_16k,18,20260929,gaussian_bf16_scalar_bracket_binary_v1,32,7,True,1.6391094943557505e-05,1.6391093966572112e-05,40,cuda:0,bfloat16,1.530090543155893e-07,2.016372485647011e-10,0.9986821874727178,True,32,24,float32,1.5186415680545906e-07,0.007482547456105685,True,1.530090543155893e-07,False,0.001,af16d61c8c3b27eb0fbe8ffe375077af00ad4a38734e99fc7bae4589ee589360,"[2048, 6144]",3393134787370362859,1.530090543155893e-07
ruler_qa_squad_16k:0432,ruler_qa_squad_16k,18,20260930,gaussian_bf16_scalar_bracket_binary_v1,32,7,True,1.5788621792189872e-05,1.5788621792189872e-05,40,cuda:0,bfloat16,1.530090543155893e-07,1.4551915228366852e-10,0.9990489507112205,True,32,24,float32,1.5276424392141053e-07,0.001599973251738753,True,1.530090543155893e-07,False,0.001,0897bce009d8a1866762cf41eca87b1358bc99c28db0f9c13f48de688eb2e1fa,"[2048, 6144]",619171144210620806,1.530090543155893e-07
ruler_qa_squad_16k:0432,ruler_qa_squad_16k,24,20260926,gaussian_bf16_scalar_bracket_binary_v1,10,7,True,2.0645735598456838e-05,2.0645735598456838e-05,18,cuda:0,bfloat16,2.2456272574800096e-07,2.9103830456733704e-10,0.9987039776810781,True,32,24,float32,2.2435743574078515e-07,0.000914176680622321,True,2.2456272574800096e-07,False,0.001,b511e81dcc9fc5650f92472c99ae888ac7a034b6306afa397807ecd05b4fcd32,"[2048, 6144]",3824092773298980197,2.2456272574800096e-07
ruler_qa_squad_16k:0432,ruler_qa_squad_16k,24,20260927,gaussian_bf16_scalar_bracket_binary_v1,6,7,True,2.1782584397556093e-05,2.1782584397556093e-05,14,cuda:0,bfloat16,2.2456272574800096e-07,3.343775534236926e-10,0.9985109837248818,True,32,24,float32,2.2459254012119345e-07,0.00013276634888174094,True,2.2456272574800096e-07,False,0.001,a193e4a694ae352b155d3ce3200347f70ad16c88f286ee96979a79761c27471d,"[2048, 6144]",2419528828938237227,2.2456272574800096e-07
ruler_qa_squad_16k:0432,ruler_qa_squad_16k,24,20260928,gaussian_bf16_scalar_bracket_binary_v1,8,7,True,2.138959962749709e-05,2.1389598352577604e-05,16,cuda:0,bfloat16,2.2456272574800096e-07,1.8406878798948867e-10,0.9991803235048187,True,32,24,float32,2.2454858594755933e-07,6.296592809215073e-05,True,2.2456272574800096e-07,False,0.001,94d6d4871b43abcc05c60786b74a0ee4964d7c200e5538075c0029ce03472f8f,"[2048, 6144]",1501621202517732300,2.2456272574800096e-07
ruler_qa_squad_16k:0432,ruler_qa_squad_16k,24,20260929,gaussian_bf16_scalar_bracket_binary_v1,6,7,True,2.133345894606009e-05,2.133345894606009e-05,14,cuda:0,bfloat16,2.2456272574800096e-07,3.188165009770927e-10,0.9985802786285429,True,32,24,float32,2.2446195657721546e-07,0.0004487350714587345,True,2.2456272574800096e-07,False,0.001,0f3c4a3191b78c9dafbd8110114ba2b9157a4911a7b62ccea8affdcaace1397c,"[2048, 6144]",1097833985930136733,2.2456272574800096e-07
ruler_qa_squad_16k:0432,ruler_qa_squad_16k,24,20260930,gaussian_bf16_scalar_bracket_binary_v1,12,7,True,2.1701882167990405e-05,2.1701882167990405e-05,20,cuda:0,bfloat16,2.2456272574800096e-07,2.9103830456733704e-10,0.9987039776810781,True,32,24,float32,2.2453433246027998e-07,0.0001264381149026303,True,2.2456272574800096e-07,False,0.001,8bd7c5be771d6bf2adb0c0cfea5303f122dc128bbac237c846216f3030ca727d,"[2048, 6144]",853368076242873330,2.2456272574800096e-07
ruler_qa_squad_16k:0444,ruler_qa_squad_16k,18,20260926,gaussian_bf16_scalar_bracket_binary_v1,11,7,True,1.4865166864108659e-05,1.4865166864108659e-05,19,cuda:0,bfloat16,1.3610453208912077e-07,1.7703169485905335e-10,0.9986992961061493,True,32,24,float32,1.3612002192076034e-07,0.00011380834570172504,True,1.3610453208912077e-07,False,0.001,7fb6b1a2569c3482da3d6dc3360917632be5e773b6ab3ee99d60ab7c927d1250,"[2048, 6144]",9202738199374083202,1.3610453208912077e-07
ruler_qa_squad_16k:0444,ruler_qa_squad_16k,18,20260927,gaussian_bf16_scalar_bracket_binary_v1,32,7,True,1.500127139619778e-05,1.500127139619778e-05,40,cuda:0,bfloat16,1.3610453208912077e-07,1.646361241780525e-10,0.9987903700071482,True,32,24,float32,1.3585754743417056e-07,0.001814668851647689,True,1.3610453208912077e-07,False,0.001,2426437b5201c70bc99aec2790c464771082c8258083b06c96eb7bba7afcd2db,"[2048, 6144]",2604843631416297227,1.3610453208912077e-07
ruler_qa_squad_16k:0444,ruler_qa_squad_16k,18,20260928,gaussian_bf16_scalar_bracket_binary_v1,7,7,True,1.4903446263758724e-05,1.4903446263758724e-05,15,cuda:0,bfloat16,1.3610453208912077e-07,1.3650906793838402e-10,0.9989970277562176,True,32,24,float32,1.35975184889503e-07,0.00095035189227257,True,1.3610453208912077e-07,False,0.001,015662c884f07043c6414cbe1e7f27f3885dd79273c7253e12dd0361fe497599,"[2048, 6144]",96373055398375491,1.3610453208912077e-07
ruler_qa_squad_16k:0444,ruler_qa_squad_16k,18,20260929,gaussian_bf16_scalar_bracket_binary_v1,7,7,True,1.5583968924204328e-05,1.5583968924204328e-05,15,cuda:0,bfloat16,1.3610453208912077e-07,1.0081862428235056e-10,0.9992592559356045,True,32,24,float32,1.3599824910670577e-07,0.0007808923096359647,True,1.3610453208912077e-07,False,0.001,9c17bf4ae6c8a29d8aeb5d6523c04c608d3bc097b13309967bf596d7ecc32254,"[2048, 6144]",2024296885946720925,1.3610453208912077e-07
ruler_qa_squad_16k:0444,ruler_qa_squad_16k,18,20260930,gaussian_bf16_scalar_bracket_binary_v1,6,7,True,1.4563184933535922e-05,1.4563184933535922e-05,14,cuda:0,bfloat16,1.3610453208912077e-07,6.507814426237601e-11,0.9995218517468635,True,32,24,float32,1.3600636350474815e-07,0.0007212734423004738,True,1.3610453208912077e-07,False,0.001,c2bfc3c696d533f40fc9929b525e3d7f61249eb8288f565bda171d8c4c7563d0,"[2048, 6144]",4809778184756474868,1.3610453208912077e-07
ruler_qa_squad_16k:0445,ruler_qa_squad_16k,0,20260926,gaussian_bf16_scalar_bracket_binary_v1,12,7,True,1.9648694998819494e-05,1.9648697341126465e-05,20,cuda:0,bfloat16,2.0040103265728249e-07,2.4961943623225125e-10,0.9987544004493273,True,32,24,float32,2.005299677421135e-07,0.00064338533150938,True,2.0040103265728249e-07,False,0.001,37c8c96d00cb751efb5d715ff861287aff1af0965bcd79ece2acd87bbaee3642,"[2048, 6144]",4019684137430119710,2.0040103265728249e-07
ruler_qa_squad_16k:0445,ruler_qa_squad_16k,0,20260927,gaussian_bf16_scalar_bracket_binary_v1,32,7,True,1.923536786896385e-05,1.923536786896385e-05,40,cuda:0,bfloat16,2.0040103265728249e-07,3.6233976929977985e-10,0.9981919266358301,True,32,24,float32,1.99449502247262e-07,0.004748131271597605,True,2.0040103265728249e-07,False,0.001,67553a1e84f31f2ba52dc9616d4aa18fa66db129dcf9bed6e1062f56547624c0,"[2048, 6144]",7445921461680938795,2.0040103265728249e-07
ruler_qa_squad_16k:0445,ruler_qa_squad_16k,0,20260928,gaussian_bf16_scalar_bracket_binary_v1,32,7,True,2.0465955460124974e-05,2.046595424025897e-05,40,cuda:0,bfloat16,2.0040103265728249e-07,3.401072479203293e-10,0.998302866789604,True,32,24,float32,2.014955242657379e-07,0.005461506829294548,True,2.0040103265728249e-07,False,0.001,b139e9872befbbaf1dcc193848c8c5e71e8f52f8c1407e29aa958f7cf4bef554,"[2048, 6144]",3547122948297964463,2.0040103265728249e-07
ruler_qa_squad_16k:0445,ruler_qa_squad_16k,0,20260929,gaussian_bf16_scalar_bracket_binary_v1,32,7,True,1.841184487538783e-05,1.8411843777956356e-05,40,cuda:0,bfloat16,2.0040103265728249e-07,3.946662163745174e-10,0.9980306178509097,True,32,24,float32,2.0018927671117126e-07,0.0010566609528073704,True,2.0040103265728249e-07,False,0.001,1ff49f17df7ca5c81acba8a24f56ae58348382134dded9fba1b9a01e657e8b75,"[2048, 6144]",2302640234375718344,2.0040103265728249e-07
ruler_qa_squad_16k:0445,ruler_qa_squad_16k,0,20260930,gaussian_bf16_scalar_bracket_binary_v1,6,7,True,1.9839702233070966e-05,1.9839702233070966e-05,14,cuda:0,bfloat16,2.0040103265728249e-07,6.173854483204622e-11,0.9996919250164862,True,32,24,float32,2.00508836201152e-07,0.0005379390636867802,True,2.0040103265728249e-07,False,0.001,0a633d5673af1e368bc3582e6f21bc0fdc46b7d9d90119eaf71a51a5be939a96,"[2048, 6144]",748509404590972470,2.0040103265728249e-07
ruler_qa_squad_16k:0458,ruler_qa_squad_16k,12,20260926,gaussian_bf16_scalar_bracket_binary_v1,32,7,True,1.4407367278757022e-05,1.4407367278757022e-05,40,cuda:0,bfloat16,1.4064544018310698e-07,1.2347708966409243e-10,0.9991220683052124,True,32,24,float32,1.403267759769733e-07,0.002265727248027517,True,1.4064544018310698e-07,False,0.001,f9a4056b21ee794dc8a94cd13ca537c2365a7de1491ee0ba2353fe7d60c2d4e0,"[2048, 6144]",8765136732458744141,1.4064544018310698e-07
ruler_qa_squad_16k:0458,ruler_qa_squad_16k,12,20260927,gaussian_bf16_scalar_bracket_binary_v1,32,7,True,1.5057852439603892e-05,1.5057852439603892e-05,40,cuda:0,bfloat16,1.4064544018310698e-07,1.957759926396463e-10,0.9986080174914682,True,32,24,float32,1.4082560539918632e-07,0.0012809886751022502,True,1.4064544018310698e-07,False,0.001,359cc9a122213a699199e5fc35d1a8d0e4fb882097cf994827b015471c7a8d82,"[2048, 6144]",3863184274276563561,1.4064544018310698e-07
ruler_qa_squad_16k:0458,ruler_qa_squad_16k,12,20260928,gaussian_bf16_scalar_bracket_binary_v1,8,7,True,1.55764825002791e-05,1.5576481571848392e-05,16,cuda:0,bfloat16,1.4064544018310698e-07,4.601719699737217e-11,0.9996728141563818,True,32,24,float32,1.4057286534807645e-07,0.0005160127120797596,True,1.4064544018310698e-07,False,0.001,ddf15ff403da545913abf7e2f10717704ab3b19cfbf282bd7530588820608abb,"[2048, 6144]",6769297216555865177,1.4064544018310698e-07
ruler_qa_squad_16k:0458,ruler_qa_squad_16k,12,20260929,gaussian_bf16_scalar_bracket_binary_v1,6,7,True,1.5049062099592447e-05,1.5049062099592447e-05,14,cuda:0,bfloat16,1.4064544018310698e-07,1.8748831653869757e-10,0.9986669435120357,True,32,24,float32,1.407585727974947e-07,0.0008043816723843678,True,1.4064544018310698e-07,False,0.001,f3f321a9efdf18174a91d35beb78469d71f631145ca0be753bd7d33338d840c3,"[2048, 6144]",8355058747459966999,1.4064544018310698e-07
ruler_qa_squad_16k:0458,ruler_qa_squad_16k,12,20260930,gaussian_bf16_scalar_bracket_binary_v1,32,7,True,1.4575482531475892e-05,1.4575482531475892e-05,40,cuda:0,bfloat16,1.4064544018310698e-07,2.417545608146554e-10,0.9982811063017762,True,32,24,float32,1.4100791645432764e-07,0.002577234432547176,True,1.4064544018310698e-07,False,0.001,6e84773b1933c574a80a2fbf7f08b92965fcf8131301d0f81bcc9df23266c0a5,"[2048, 6144]",7963621136807478644,1.4064544018310698e-07
ruler_qa_squad_16k:0472,ruler_qa_squad_16k,0,20260926,gaussian_bf16_scalar_bracket_binary_v1,32,7,True,1.485129988632039e-05,1.485129988632039e-05,40,cuda:0,bfloat16,1.3308361701547256e-07,8.851584742952667e-11,0.9993348854696424,True,32,24,float32,1.3291004563598108e-07,0.0013042279987873905,True,1.3308361701547256e-07,False,0.001,21f45087baaf5a1a2a3e5b3890cd56b958063521f1b700f1fc81a0e838020501,"[2048, 6144]",2446669041451883034,1.3308361701547256e-07
ruler_qa_squad_16k:0472,ruler_qa_squad_16k,0,20260927,gaussian_bf16_scalar_bracket_binary_v1,8,7,True,1.5337886861033212e-05,1.5337886861033212e-05,16,cuda:0,bfloat16,1.3308361701547256e-07,5.999908209153304e-11,0.9995491625232537,True,32,24,float32,1.330640202468203e-07,0.00014725154825018924,True,1.3308361701547256e-07,False,0.001,2274004f08a3d08be8974ece718dbc68aa7d20f9839e7b9c909f7780429510fa,"[2048, 6144]",2482609634035355787,1.3308361701547256e-07
ruler_qa_squad_16k:0472,ruler_qa_squad_16k,0,20260928,gaussian_bf16_scalar_bracket_binary_v1,32,7,True,1.4905365105732926e-05,1.4905365105732926e-05,40,cuda:0,bfloat16,1.3308361701547256e-07,6.864124546535066e-11,0.9994842246776523,True,32,24,float32,1.3282682687076885e-07,0.0019295398672087888,True,1.3308361701547256e-07,False,0.001,51fbdaab7319329aebf0a673314d44591025853466500a99fab9fdbffe21b3fc,"[2048, 6144]",5907555766131831450,1.3308361701547256e-07
ruler_qa_squad_16k:0472,ruler_qa_squad_16k,0,20260929,gaussian_bf16_scalar_bracket_binary_v1,10,7,True,1.4913682831796393e-05,1.4913682831796393e-05,18,cuda:0,bfloat16,1.3308361701547256e-07,6.825453396919201e-11,0.9994871304560256,True,32,24,float32,1.3298374312853412e-07,0.0007504596672243147,True,1.3308361701547256e-07,False,0.001,f48a09e8c1a0791b17977436642b4c64cfa29f269c07a2f2ef74c0c8cdd586b5,"[2048, 6144]",8397535350471293211,1.3308361701547256e-07
ruler_qa_squad_16k:0472,ruler_qa_squad_16k,0,20260930,gaussian_bf16_scalar_bracket_binary_v1,9,7,True,1.4190040664274761e-05,1.4190040664274761e-05,17,cuda:0,bfloat16,1.3308361701547256e-07,7.165987248036743e-11,0.9994615424942047,True,32,24,float32,1.3311185398379166e-07,0.00021217463841415957,True,1.3308361701547256e-07,False,0.001,f61dc815e2fae30609ecd739ac41d29f40db5997d51d0ddfa206ffb5e437f749,"[2048, 6144]",8511178867128066822,1.3308361701547256e-07
ruler_qa_squad_16k:0472,ruler_qa_squad_16k,6,20260926,gaussian_bf16_scalar_bracket_binary_v1,8,7,True,1.787836263034137e-05,1.787836263034137e-05,16,cuda:0,bfloat16,1.765764210404086e-07,8.231806208902626e-11,0.9995338105642645,True,32,24,float32,1.7646179628627578e-07,0.0006491509651030252,True,1.765764210404086e-07,False,0.001,106e0988a664c843876543c715ac15eaecc53244b30ba7e6e23ac4c7377cce69,"[2048, 6144]",1183894234556844099,1.765764210404086e-07
ruler_qa_squad_16k:0472,ruler_qa_squad_16k,6,20260927,gaussian_bf16_scalar_bracket_binary_v1,32,7,True,1.723827310406989e-05,1.723827310406989e-05,40,cuda:0,bfloat16,1.765764210404086e-07,2.098707041486847e-10,0.9988114454754938,True,32,24,float32,1.759596273132047e-07,0.0034930695931523186,True,1.765764210404086e-07,False,0.001,9d646463840aeded99786c052d17e0d71acc6d1f97e7cb27ce468332ad8e20ed,"[2048, 6144]",2117928103350824429,1.765764210404086e-07
ruler_qa_squad_16k:0472,ruler_qa_squad_16k,6,20260928,gaussian_bf16_scalar_bracket_binary_v1,32,7,True,1.7304489261960043e-05,1.730448823053211e-05,40,cuda:0,bfloat16,1.765764210404086e-07,1.646361241780525e-10,0.999067621128529,True,32,24,float32,1.756883563075462e-07,0.005029350621276748,True,1.765764210404086e-07,False,0.001,d58203e62e9400a472c5a41f7e6e4c953cb790ec05293f5d133896094d0ade87,"[2048, 6144]",6161491527355072676,1.765764210404086e-07
ruler_qa_squad_16k:0472,ruler_qa_squad_16k,6,20260929,gaussian_bf16_scalar_bracket_binary_v1,7,7,True,1.7569353893520656e-05,1.7569353893520656e-05,15,cuda:0,bfloat16,1.765764210404086e-07,5.820766091346741e-11,0.9996703542830322,True,32,24,float32,1.765294825872843e-07,0.0002658251472520818,True,1.765764210404086e-07,False,0.001,1b9033d91b758c68dd214179ccb152b3005b6677ca795c2611e55ddaf0335532,"[2048, 6144]",1986144443231997032,1.765764210404086e-07
ruler_qa_squad_16k:0472,ruler_qa_squad_16k,6,20260930,gaussian_bf16_scalar_bracket_binary_v1,32,7,True,1.7701786209300963e-05,1.7701786209300963e-05,40,cuda:0,bfloat16,1.765764210404086e-07,1.3015628852475203e-10,0.9992628897575461,True,32,24,float32,1.7684737940726336e-07,0.0015345104700743096,True,1.765764210404086e-07,False,0.001,0f00690fa374564570df538bf4daee4af876ec6534cde4a8393bd7262940a3c9,"[2048, 6144]",1080979426456655429,1.765764210404086e-07
ruler_qa_squad_16k:0472,ruler_qa_squad_16k,12,20260926,gaussian_bf16_scalar_bracket_binary_v1,32,7,True,1.527168037007698e-05,1.527168037007698e-05,40,cuda:0,bfloat16,1.4255944336127868e-07,1.251803105617455e-10,0.9991219079731919,True,32,24,float32,1.4291522631992848e-07,0.002495681452319934,True,1.4255944336127868e-07,False,0.001,20d5549e0c36145dbe569d2a066c12fb105e0e5dced4104f58d3c122e6c7094c,"[2048, 6144]",2365890217039500381,1.4255944336127868e-07
ruler_qa_squad_16k:0472,ruler_qa_squad_16k,12,20260927,gaussian_bf16_scalar_bracket_binary_v1,32,7,True,1.5409784830833217e-05,1.5409783912338465e-05,40,cuda:0,bfloat16,1.4255944336127868e-07,1.758314605027067e-10,0.998766609518409,True,32,24,float32,1.4273410897658323e-07,0.0012252125231851858,True,1.4255944336127868e-07,False,0.001,dc39c0ce5ca9383a7700c51b009fd0b456860be991b6e3062002341b3175763a,"[2048, 6144]",6645554717712267322,1.4255944336127868e-07
ruler_qa_squad_16k:0472,ruler_qa_squad_16k,12,20260928,gaussian_bf16_scalar_bracket_binary_v1,32,7,True,1.5485519535118897e-05,1.5485519535118897e-05,40,cuda:0,bfloat16,1.4255944336127868e-07,1.2347708966409243e-10,0.9991338554167108,True,32,24,float32,1.4225783218080323e-07,0.0021156871362852806,True,1.4255944336127868e-07,False,0.001,2ffc5f596acaaf8a36cb51ba2dfe8936bcb54708f2370448d466370077caef3c,"[2048, 6144]",3457743451562094474,1.4255944336127868e-07
ruler_qa_squad_16k:0472,ruler_qa_squad_16k,12,20260929,gaussian_bf16_scalar_bracket_binary_v1,32,7,True,1.5360780022177778e-05,1.5360780022177778e-05,40,cuda:0,bfloat16,1.4255944336127868e-07,4.3655745685100555e-11,0.9996937716319889,True,32,24,float32,1.421718849314857e-07,0.002718574235807207,True,1.4255944336127868e-07,False,0.001,004b700495f23590d28ae18ea20642e658931611c73bf1cddba290fe3b070c05,"[2048, 6144]",21233788251157904,1.4255944336127868e-07
ruler_qa_squad_16k:0472,ruler_qa_squad_16k,12,20260930,gaussian_bf16_scalar_bracket_binary_v1,32,7,True,1.50622961876401e-05,1.5062295289857286e-05,40,cuda:0,bfloat16,1.4255944336127868e-07,2.2212534589449717e-10,0.9984418756088183,True,32,24,float32,1.4272524140324094e-07,0.0011630098859329234,True,1.4255944336127868e-07,False,0.001,58e524a00764c7d430950f0a912c30633822ef824d5d10ec2ccc54a5ebb8f235,"[2048, 6144]",6405566314741811156,1.4255944336127868e-07
ruler_qa_squad_16k:0472,ruler_qa_squad_16k,18,20260926,gaussian_bf16_scalar_bracket_binary_v1,32,7,True,1.7375641288452925e-05,1.7375640252784e-05,40,cuda:0,bfloat16,1.7617887237975083e-07,1.0889656537615977e-10,0.9993818977048426,True,32,24,float32,1.758270684604213e-07,0.0019968564594466977,True,1.7617887237975083e-07,False,0.001,c5115e3a2e19aea28c9e63d9274779cc690b9e30fcf336a57fb102f6fb7305ee,"[2048, 6144]",4976862667195657890,1.7617887237975083e-07
ruler_qa_squad_16k:0472,ruler_qa_squad_16k,18,20260927,gaussian_bf16_scalar_bracket_binary_v1,8,7,True,1.8366647445589024e-05,1.8366647445589024e-05,16,cuda:0,bfloat16,1.7617887237975083e-07,2.346425831412091e-10,0.9986681570839241,True,32,24,float32,1.7630253523748252e-07,0.0007019165014584409,True,1.7617887237975083e-07,False,0.001,efef1c35a349be31b0595a4866b95958cfc2e6ec1e68eacdd14b46af645e06aa,"[2048, 6144]",8065696474342211121,1.7617887237975083e-07
ruler_qa_squad_16k:0472,ruler_qa_squad_16k,18,20260928,gaussian_bf16_scalar_bracket_binary_v1,10,7,True,1.718845123654944e-05,1.718845123654944e-05,18,cuda:0,bfloat16,1.7617887237975083e-07,8.731149137020111e-11,0.9995044156533026,True,32,24,float32,1.7627209558668255e-07,0.0005291395368383558,True,1.7617887237975083e-07,False,0.001,b99cbe35e0302a9107cd1676b3a933e0b1b3a7fdb6cf484a897027e3ec303398,"[2048, 6144]",4151402095132551825,1.7617887237975083e-07
ruler_qa_squad_16k:0472,ruler_qa_squad_16k,18,20260929,gaussian_bf16_scalar_bracket_binary_v1,3,7,True,1.8322602727494086e-05,1.8322602727494086e-05,11,cuda:0,bfloat16,1.7617887237975083e-07,1.4257907354764399e-10,0.9991907141212693,True,32,24,float32,1.7600984847376822e-07,0.0009593880565785676,True,1.7617887237975083e-07,False,0.001,c5d70e9b3b622b89c63489eb98a7ad3fa24493d3a047c1de965a4b381143da2f,"[2048, 6144]",5032507168488827785,1.7617887237975083e-07
ruler_qa_squad_16k:0472,ruler_qa_squad_16k,18,20260930,gaussian_bf16_scalar_bracket_binary_v1,32,7,True,1.730957421131052e-05,1.730957421131052e-05,40,cuda:0,bfloat16,1.7617887237975083e-07,1.0493535207434235e-10,0.999404381747613,True,32,24,float32,1.769362256709428e-07,0.004298774767723069,True,1.7617887237975083e-07,False,0.001,2c75115e1e1f38f4ccfbe466c00b1307c40db88cb775e45ae953821c6d6c6172,"[2048, 6144]",3203485805873936628,1.7617887237975083e-07
ruler_qa_squad_16k:0472,ruler_qa_squad_16k,24,20260926,gaussian_bf16_scalar_bracket_binary_v1,7,7,True,3.0350631732289912e-05,3.0350631732289912e-05,15,cuda:0,bfloat16,3.7702648114645854e-07,6.077058301023897e-10,0.9983881614144066,True,32,24,float32,3.7684691278627724e-07,0.00047627519328420317,True,3.7702648114645854e-07,False,0.001,a42f70e8f0871d64c2d69c7375593b74864f2eacd9206dcee4a1739edc264fef,"[2048, 6144]",2607426855040916836,3.7702648114645854e-07
ruler_qa_squad_16k:0472,ruler_qa_squad_16k,24,20260927,gaussian_bf16_scalar_bracket_binary_v1,9,7,True,2.8983910738134e-05,2.8983910738134e-05,17,cuda:0,bfloat16,3.7702648114645854e-07,4.197414082973694e-10,0.9988867057639532,True,32,24,float32,3.7703068755945424e-07,1.1156810478958858e-05,True,3.7702648114645854e-07,False,0.001,dc018678a4139b6e3792d236ec3b49a49ae98e2f414a77e791f103e8fd246a34,"[2048, 6144]",6629727979173026670,3.7702648114645854e-07
ruler_qa_squad_16k:0472,ruler_qa_squad_16k,24,20260928,gaussian_bf16_scalar_bracket_binary_v1,9,7,True,3.086904314386629e-05,3.086904314386629e-05,17,cuda:0,bfloat16,3.7702648114645854e-07,3.134578430152857e-10,0.9991686052341413,True,32,24,float32,3.7739872027486854e-07,0.0009873023435332715,True,3.7702648114645854e-07,False,0.001,6716d17f15174125e7b816fdeb3cf26678bb4b266aa27dab85b7fb9b90249c90,"[2048, 6144]",7428354979139109157,3.7702648114645854e-07
ruler_qa_squad_16k:0472,ruler_qa_squad_16k,24,20260929,gaussian_bf16_scalar_bracket_binary_v1,10,7,True,2.976152785549857e-05,2.976152785549857e-05,18,cuda:0,bfloat16,3.7702648114645854e-07,7.105150356956358e-10,0.9981154771051224,True,32,24,float32,3.771795888951601e-07,0.00040609282466318495,True,3.7702648114645854e-07,False,0.001,ae8d922d696e96bb83efad0665747eec7457f82ef375cec9c6ee49639c0e8d51,"[2048, 6144]",3354498021200926395,3.7702648114645854e-07
ruler_qa_squad_16k:0472,ruler_qa_squad_16k,24,20260930,gaussian_bf16_scalar_bracket_binary_v1,8,7,True,3.0444888352576527e-05,3.0444888352576527e-05,16,cuda:0,bfloat16,3.7702648114645854e-07,3.343775534236926e-10,0.9991131191835467,True,32,24,float32,3.7728338497799996e-07,0.0006813946616169535,True,3.7702648114645854e-07,False,0.001,5132d1e54a2a5282c3fe46445bf6a84b694203b5d2a9f8fc3a8a1fa8e4bd6b62,"[2048, 6144]",5850969648629699202,3.7702648114645854e-07
ruler_qa_squad_16k:0491,ruler_qa_squad_16k,0,20260926,gaussian_bf16_scalar_bracket_binary_v1,12,7,True,2.149176069643488e-05,2.1491759415426117e-05,20,cuda:0,bfloat16,2.1912899228482274e-07,2.6881685766255714e-10,0.9987732483280298,True,32,24,float32,2.190626844367216e-07,0.0003025973305026929,True,2.1912899228482274e-07,False,0.001,0209eceb8cb1fe5bce5468f8a41c24a64c1021a889ae389bf96f2254d644dd30,"[2048, 6144]",146908959288196699,2.1912899228482274e-07
ruler_qa_squad_16k:0491,ruler_qa_squad_16k,0,20260927,gaussian_bf16_scalar_bracket_binary_v1,7,7,True,2.070768977091575e-05,2.0707688536641256e-05,15,cuda:0,bfloat16,2.1912899228482274e-07,1.3035950097162186e-10,0.9994051015358014,True,32,24,float32,2.1934580729521258e-07,0.0009894400924731217,True,2.1912899228482274e-07,False,0.001,dcf57d192f01b9deb0aadd789055625b2a2fc5519126027e76ebd35509485ca7,"[2048, 6144]",6698397567899777502,2.1912899228482274e-07
ruler_qa_squad_16k:0491,ruler_qa_squad_16k,0,20260928,gaussian_bf16_scalar_bracket_binary_v1,11,7,True,2.1892355885455572e-05,2.1892354580569475e-05,19,cuda:0,bfloat16,2.1912899228482274e-07,3.094635103728649e-10,0.9985877564299177,True,32,24,float32,2.1934719995897467e-07,0.0009957955443353728,True,2.1912899228482274e-07,False,0.001,9d8d8b20a7ce63191c79381bae3ac450b98c3b42d718b88a1b549d79ee459297,"[2048, 6144]",2129511171186647833,2.1912899228482274e-07
ruler_qa_squad_16k:0491,ruler_qa_squad_16k,0,20260929,gaussian_bf16_scalar_bracket_binary_v1,8,7,True,2.109116550741419e-05,2.109116425028276e-05,16,cuda:0,bfloat16,2.1912899228482274e-07,1.4405661385996638e-10,0.9993425944583694,True,32,24,float32,2.1910797443069896e-07,9.591544188030064e-05,True,2.1912899228482274e-07,False,0.001,f38ca062065d7db569bfeddbd71ad71c832e4aeb98769af8aa5e29648216f49d,"[2048, 6144]",8326206153975233973,2.1912899228482274e-07
ruler_qa_squad_16k:0491,ruler_qa_squad_16k,0,20260930,gaussian_bf16_scalar_bracket_binary_v1,32,7,True,2.110143717892754e-05,2.110143592118387e-05,40,cuda:0,bfloat16,2.1912899228482274e-07,9.761721292411707e-11,0.9995545216910539,True,32,24,float32,2.1885698231471906e-07,0.0012413235111770349,True,2.1912899228482274e-07,False,0.001,8f0a1b4ecef2ec65db1b443ec2ed4290e42aac30869fc2fa4204fa008bdc58d9,"[2048, 6144]",1083708685629451365,2.1912899228482274e-07
ruler_qa_squad_16k:0491,ruler_qa_squad_16k,6,20260926,gaussian_bf16_scalar_bracket_binary_v1,7,7,True,2.425649974213684e-05,2.425649974213684e-05,15,cuda:0,bfloat16,2.772171399101353e-07,5.885885667744617e-10,0.9978767959045921,True,32,24,float32,2.7697262794390554e-07,0.0008820232627355885,True,2.772171399101353e-07,False,0.001,f2d3931f1f87b3da14fbc63e2fdeac6c81f7b87a05a649afd6ebd4c73ad6a2be,"[2048, 6144]",8274118702291989466,2.772171399101353e-07
ruler_qa_squad_16k:0491,ruler_qa_squad_16k,6,20260927,gaussian_bf16_scalar_bracket_binary_v1,32,7,True,2.4048586887204237e-05,2.4048585453796757e-05,40,cuda:0,bfloat16,2.772171399101353e-07,2.6193447411060333e-10,0.9990551288632603,True,32,24,float32,2.7761933552028495e-07,0.001450832406250298,True,2.772171399101353e-07,False,0.001,7762061b343f2de3c3b93b4a4dd545fa3ea902d4ff6f59cd26b4f500bf45b2b8,"[2048, 6144]",8602444952141508067,2.772171399101353e-07
ruler_qa_squad_16k:0491,ruler_qa_squad_16k,6,20260928,gaussian_bf16_scalar_bracket_binary_v1,32,7,True,2.316495725374068e-05,2.316495725374068e-05,40,cuda:0,bfloat16,2.772171399101353e-07,8.731149137020111e-11,0.9996850429544201,True,32,24,float32,2.776882581656537e-07,0.0016994557251081154,True,2.772171399101353e-07,False,0.001,9bd4bfffdcb41eef0b5ee00b877c95a9a370aaf41523cabfcbb26a54c8b6e19b,"[2048, 6144]",2005438839727070959,2.772171399101353e-07
ruler_qa_squad_16k:0491,ruler_qa_squad_16k,6,20260929,gaussian_bf16_scalar_bracket_binary_v1,10,7,True,2.2991696541296847e-05,2.2991699282120657e-05,18,cuda:0,bfloat16,2.772171399101353e-07,6.507814426237601e-11,0.9997652448752502,True,32,24,float32,2.773586516013893e-07,0.0005104723730280711,True,2.772171399101353e-07,False,0.001,89899e2199b3eab27723bebabfd7af66f86872669398c0191dd4a6fbb440a164,"[2048, 6144]",687254285300525746,2.772171399101353e-07
ruler_qa_squad_16k:0491,ruler_qa_squad_16k,6,20260930,gaussian_bf16_scalar_bracket_binary_v1,32,7,True,2.2489240475209726e-05,2.2489237794283346e-05,40,cuda:0,bfloat16,2.772171399101353e-07,2.8515814709528797e-10,0.9989713545591455,True,32,24,float32,2.766503541806742e-07,0.00204455514419076,True,2.772171399101353e-07,False,0.001,fbda55194495339912f191b90995c2ddeb63426cc302cb7d01ec511791f8e360,"[2048, 6144]",8924539178601231257,2.772171399101353e-07
ruler_qa_squad_16k:0491,ruler_qa_squad_16k,12,20260926,gaussian_bf16_scalar_bracket_binary_v1,32,7,True,1.743849433921696e-05,1.743849433921696e-05,40,cuda:0,bfloat16,1.635497710594791e-07,1.397665871927245e-10,0.9991454186313603,True,32,24,float32,1.6326242757713771e-07,0.001756917667814311,True,1.635497710594791e-07,False,0.001,7153a3f1c218c6a77b4d4e869d41bfadb2bc2c093956f7cd7dd20e15108939ae,"[2048, 6144]",8166050808091690663,1.635497710594791e-07
ruler_qa_squad_16k:0491,ruler_qa_squad_16k,12,20260927,gaussian_bf16_scalar_bracket_binary_v1,32,7,True,1.6522360074766596e-05,1.6522359089957194e-05,40,cuda:0,bfloat16,1.635497710594791e-07,2.3328494691554624e-10,0.9985736149588941,True,32,24,float32,1.6329573782059015e-07,0.0015532472912882602,True,1.635497710594791e-07,False,0.001,f4da82028540e7cfa34349286b6f0c532d24d4e627ad33953247ded50370b633,"[2048, 6144]",8420185400659732431,1.635497710594791e-07
ruler_qa_squad_16k:0491,ruler_qa_squad_16k,12,20260928,gaussian_bf16_scalar_bracket_binary_v1,5,7,True,1.7336275732304784e-05,1.7336275732304784e-05,13,cuda:0,bfloat16,1.635497710594791e-07,1.957759926396463e-10,0.9988029577090117,True,32,24,float32,1.6357815013634536e-07,0.00017351951447206623,True,1.635497710594791e-07,False,0.001,3822916c56a489e6db6984f133a598db968a9059edf1cc539d8e04a7e1e1c058,"[2048, 6144]",4044955309828245990,1.635497710594791e-07
ruler_qa_squad_16k:0491,ruler_qa_squad_16k,12,20260929,gaussian_bf16_scalar_bracket_binary_v1,32,7,True,1.6845626419126347e-05,1.684562541504877e-05,40,cuda:0,bfloat16,1.635497710594791e-07,1.4033359196918838e-10,0.9991419517675867,True,32,24,float32,1.648479326377128e-07,0.007937409938419253,True,1.635497710594791e-07,False,0.001,aa838d24d1b1da5b929518645e2ffa6804025d12358502531adbd3487ecfbd16,"[2048, 6144]",3063447360818502235,1.635497710594791e-07
ruler_qa_squad_16k:0491,ruler_qa_squad_16k,12,20260930,gaussian_bf16_scalar_bracket_binary_v1,7,7,True,1.7090951075715566e-05,1.7090951075715566e-05,15,cuda:0,bfloat16,1.635497710594791e-07,2.4010660126805305e-10,0.9985319049992388,True,32,24,float32,1.634925581583957e-07,0.0003498195119001195,True,1.635497710594791e-07,False,0.001,601cd4e9bc9d479cda68c7ca43d69b2c0d8b64ec782c709f2ed707108b06823b,"[2048, 6144]",6925644427345872796,1.635497710594791e-07
ruler_qa_squad_16k:0491,ruler_qa_squad_16k,18,20260926,gaussian_bf16_scalar_bracket_binary_v1,32,7,True,1.5705683571454188e-05,1.5705683571454188e-05,40,cuda:0,bfloat16,1.418921158347075e-07,1.462449328304416e-10,0.9989693230524463,True,32,24,float32,1.4161425099246117e-07,0.0019582824641929657,True,1.418921158347075e-07,False,0.001,4900c14e6491c69533424b93b28b23b6807a6b4aa74f70c267bde8347f846294,"[2048, 6144]",5260416907207624341,1.418921158347075e-07
ruler_qa_squad_16k:0491,ruler_qa_squad_16k,18,20260927,gaussian_bf16_scalar_bracket_binary_v1,32,7,True,1.498735473504098e-05,1.498735473504098e-05,40,cuda:0,bfloat16,1.418921158347075e-07,1.243316144483586e-10,0.999123759528731,True,32,24,float32,1.4174345608353178e-07,0.0010476956404604212,True,1.418921158347075e-07,False,0.001,bdf0db6e800330b9716a67c2bcc7702699340e4c734bfcd5ad40e0a7d03019d0,"[2048, 6144]",4463308498364739769,1.418921158347075e-07
ruler_qa_squad_16k:0491,ruler_qa_squad_16k,18,20260928,gaussian_bf16_scalar_bracket_binary_v1,9,7,True,1.5874180459007903e-05,1.5874180459007903e-05,17,cuda:0,bfloat16,1.418921158347075e-07,8.731149137020111e-11,0.9993846628415076,True,32,24,float32,1.4183777352627658e-07,0.0003829832835408327,True,1.418921158347075e-07,False,0.001,83b9a50e424c712a532d990a490352df155c6b123b9e7e4e862be7d8f7b75b14,"[2048, 6144]",268427133465686314,1.418921158347075e-07
ruler_qa_squad_16k:0491,ruler_qa_squad_16k,18,20260929,gaussian_bf16_scalar_bracket_binary_v1,8,7,True,1.5430767597024442e-05,1.5430767597024442e-05,16,cuda:0,bfloat16,1.418921158347075e-07,2.2164817203851328e-10,0.9984379105862604,True,32,24,float32,1.420102648808097e-07,0.0008326681535979297,True,1.418921158347075e-07,False,0.001,94dbbcafbedba2f58dfd88ea9f63f1f6fc3a770aa1d55918cc489f36788287cc,"[2048, 6144]",1503002363665556213,1.418921158347075e-07
ruler_qa_squad_16k:0491,ruler_qa_squad_16k,18,20260930,gaussian_bf16_scalar_bracket_binary_v1,32,7,True,1.520240997310296e-05,1.5202409066968713e-05,40,cuda:0,bfloat16,1.418921158347075e-07,1.1732129157060456e-10,0.9991731655357985,True,32,24,float32,1.4165686934575206e-07,0.0016579250198051633,True,1.418921158347075e-07,False,0.001,dd7cc13c517849afdba2c3a1fbc3e8c369534f52778bae7fa551ae2c3be3645d,"[2048, 6144]",6736471607448455599,1.418921158347075e-07
ruler_qa_squad_16k:0491,ruler_qa_squad_16k,24,20260926,gaussian_bf16_scalar_bracket_binary_v1,8,7,True,3.905505973023082e-05,3.905505973023082e-05,16,cuda:0,bfloat16,5.368393090066093e-07,6.021046994320045e-10,0.9988784265806724,True,32,24,float32,5.372239115786215e-07,0.0007164202873368426,True,5.368393090066093e-07,False,0.001,2289ab0f21e1ce4b91e3e94baaf8bf6641b009750aaf650da57e09a7ecb52ba9,"[2048, 6144]",2488708350580215371,5.368393090066093e-07
ruler_qa_squad_16k:0491,ruler_qa_squad_16k,24,20260927,gaussian_bf16_scalar_bracket_binary_v1,12,7,True,3.785555939916918e-05,3.785555714280201e-05,20,cuda:0,bfloat16,5.368393090066093e-07,6.214877501520277e-10,0.9988423207098935,True,32,24,float32,5.3661972287955e-07,0.00040903511232371015,True,5.368393090066093e-07,False,0.001,e962d89845c946682c836f051f7006745dc2801e52fce1ecc015b5ac78d54153,"[2048, 6144]",7593870070217524840,5.368393090066093e-07
ruler_qa_squad_16k:0491,ruler_qa_squad_16k,24,20260928,gaussian_bf16_scalar_bracket_binary_v1,10,7,True,3.7880723741778866e-05,3.7880723741778866e-05,18,cuda:0,bfloat16,5.368393090066093e-07,8.865926881540531e-10,0.9983484952139688,True,32,24,float32,5.363706350181019e-07,0.0008730247220059514,True,5.368393090066093e-07,False,0.001,6e93cb6c628b2c8884f6144f2823aa59e0322ef8947e747bd38048104f176040,"[2048, 6144]",7967935832118733960,5.368393090066093e-07
ruler_qa_squad_16k:0491,ruler_qa_squad_16k,24,20260929,gaussian_bf16_scalar_bracket_binary_v1,7,7,True,3.892084990297917e-05,3.892084990297917e-05,15,cuda:0,bfloat16,5.368393090066093e-07,9.129514921824011e-10,0.9982993952252271,True,32,24,float32,5.373635190153436e-07,0.0009764747102897373,True,5.368393090066093e-07,False,0.001,50a9d11833128da62bd6c8fc8b855b44ab72331b34750d2eb6c1bdab11b0e972,"[2048, 6144]",5812406695964609958,5.368393090066093e-07
ruler_qa_squad_16k:0491,ruler_qa_squad_16k,24,20260930,gaussian_bf16_scalar_bracket_binary_v1,7,7,True,3.784717128496595e-05,3.784717128496595e-05,15,cuda:0,bfloat16,5.368393090066093e-07,7.454217798574803e-10,0.9986114620011026,True,32,24,float32,5.373283329390688e-07,0.0009109316777946877,True,5.368393090066093e-07,False,0.001,98d7aad7dbc5a4b24de5c494993d5df61c53d8d62e9e2386589bf2754b9126a8,"[2048, 6144]",1790087220984915122,5.368393090066093e-07
ruler_vt_16k:0008,ruler_vt_16k,0,20260926,gaussian_bf16_scalar_bracket_binary_v1,9,7,True,3.2708537602843535e-05,3.2708537602843535e-05,17,cuda:0,bfloat16,4.3538818772503873e-07,5.417535309248933e-10,0.9987556999794698,True,32,24,float32,4.351914526523615e-07,0.00045186130038397113,True,4.3538818772503873e-07,False,0.001,db0d9d98b6d39d6c9b215b5d50f1580a021a5f2a180630af1eb0002931998b24,"[2048, 6144]",6561073511376592236,4.3538818772503873e-07
ruler_vt_16k:0008,ruler_vt_16k,0,20260927,gaussian_bf16_scalar_bracket_binary_v1,10,7,True,3.240920822378257e-05,3.240920822378257e-05,18,cuda:0,bfloat16,4.3538818772503873e-07,5.270928138401132e-10,0.9987893727282905,True,32,24,float32,4.3578063468885375e-07,0.0009013725564434951,True,4.3538818772503873e-07,False,0.001,386979042a1398cb5f18d31c41df8ba061b10a65518ee31bcd4cf0f52c9755a2,"[2048, 6144]",4064913197471340747,4.3538818772503873e-07
ruler_vt_16k:0008,ruler_vt_16k,0,20260928,gaussian_bf16_scalar_bracket_binary_v1,10,7,True,3.262690231764509e-05,3.2626900372930166e-05,18,cuda:0,bfloat16,4.3538818772503873e-07,4.728812896814816e-10,0.9989138858080823,True,32,24,float32,4.3502157609509595e-07,0.0008420339372512054,True,4.3538818772503873e-07,False,0.001,c82c78799b67f7f19ef640fc7a82caafa780a1f21cf676dc1f1d8a8ec2063ed4,"[2048, 6144]",5200664133399738353,4.3538818772503873e-07
ruler_vt_16k:0008,ruler_vt_16k,0,20260929,gaussian_bf16_scalar_bracket_binary_v1,5,7,True,3.396027864255302e-05,3.396027864255302e-05,13,cuda:0,bfloat16,4.3538818772503873e-07,5.87508208749199e-10,0.9986506105923108,True,32,24,float32,4.352636437943147e-07,0.00028605261749242434,True,4.3538818772503873e-07,False,0.001,0fe99116042cbf8ff2088c19552526079c5ae0f6a4d150fa36cde0cf412be189,"[2048, 6144]",1146607103887851407,4.3538818772503873e-07
ruler_vt_16k:0008,ruler_vt_16k,0,20260930,gaussian_bf16_scalar_bracket_binary_v1,11,7,True,3.413715509381632e-05,3.413715509381632e-05,19,cuda:0,bfloat16,4.3538818772503873e-07,1.0103892167379058e-09,0.9976793370945194,True,32,24,float32,4.3522805981410784e-07,0.0003677819367759742,True,4.3538818772503873e-07,False,0.001,c810e9e6ea01ba46d6dae11bd3ec6b67936eae2bddfe5366fd4bf03e34284b64,"[2048, 6144]",5192907548335913542,4.3538818772503873e-07
ruler_vt_16k:0008,ruler_vt_16k,6,20260926,gaussian_bf16_scalar_bracket_binary_v1,32,7,True,2.56633021589181e-05,2.566330062926609e-05,40,cuda:0,bfloat16,3.0528835281984357e-07,3.343775534236926e-10,0.9989047156554282,True,32,24,float32,3.0482232205031323e-07,0.0015265265288563043,True,3.0528835281984357e-07,False,0.001,05f1fbc18f801957074ee55b76b54dc5259dd8d2770644653094fd1efda64b5a,"[2048, 6144]",428400248331704663,3.0528835281984357e-07
ruler_vt_16k:0008,ruler_vt_16k,6,20260927,gaussian_bf16_scalar_bracket_binary_v1,6,7,True,2.5338933284047016e-05,2.5338933284047016e-05,14,cuda:0,bfloat16,3.0528835281984357e-07,3.588161157086489e-10,0.9988246649032156,True,32,24,float32,3.052729766750417e-07,5.036597256274078e-05,True,3.0528835281984357e-07,False,0.001,b611497d533e6528509718152eee8c5f24cc1283a9e9d4424861bb789dd1f0bc,"[2048, 6144]",3895975955268527400,3.0528835281984357e-07
ruler_vt_16k:0008,ruler_vt_16k,6,20260928,gaussian_bf16_scalar_bracket_binary_v1,10,7,True,2.6044912599942904e-05,2.6044912599942904e-05,18,cuda:0,bfloat16,3.0528835281984357e-07,4.0745362639427185e-10,0.9986653482760454,True,32,24,float32,3.0536179451701173e-07,0.00024056501497619627,True,3.0528835281984357e-07,False,0.001,f12cd9e314d53c7349194c1dd9f66e7d1f43f9281d1566cbd63b7956481989d5,"[2048, 6144]",8155132594591448179,3.0528835281984357e-07
ruler_vt_16k:0008,ruler_vt_16k,6,20260929,gaussian_bf16_scalar_bracket_binary_v1,2,7,True,2.4423068225587485e-05,2.4423068225587485e-05,10,cuda:0,bfloat16,3.0528835281984357e-07,4.032744971294022e-10,0.9986790373972525,True,32,24,float32,3.0528929073625477e-07,3.072231228411175e-06,True,3.0528835281984357e-07,False,0.001,40c3c6c702622f5dcc5e22296ac4516b10f20aa7686fe6dc575208db7c7d8d42,"[2048, 6144]",4666792196926746461,3.0528835281984357e-07
ruler_vt_16k:0008,ruler_vt_16k,6,20260930,gaussian_bf16_scalar_bracket_binary_v1,2,7,True,2.4423068225587485e-05,2.4423068225587485e-05,10,cuda:0,bfloat16,3.0528835281984357e-07,2.6674101816226425e-10,0.9991262653301429,True,32,24,float32,3.055436934573663e-07,0.0008363916774559394,True,3.0528835281984357e-07,False,0.001,3da14d32f29d2e1c96281c9b2f935c6af53014a08e50802bd1eb86077710037b,"[2048, 6144]",4440915588778110492,3.0528835281984357e-07
ruler_vt_16k:0008,ruler_vt_16k,12,20260926,gaussian_bf16_scalar_bracket_binary_v1,8,7,True,2.0979896067530035e-05,2.0979896067530035e-05,16,cuda:0,bfloat16,2.191111860838646e-07,3.612423138399379e-10,0.9983513287463942,True,32,24,float32,2.191231516235348e-07,5.460944228388362e-05,True,2.191111860838646e-07,False,0.001,e87f6796a4665c2289282a22159c09610dde721d4d4803015c8f6e437033fa07,"[2048, 6144]",7529850998687685666,2.191111860838646e-07
ruler_vt_16k:0008,ruler_vt_16k,12,20260927,gaussian_bf16_scalar_bracket_binary_v1,10,7,True,2.0281479161887717e-05,2.0281479161887717e-05,18,cuda:0,bfloat16,2.191111860838646e-07,1.6269535718649308e-10,0.9992574758044337,True,32,24,float32,2.1898775059980835e-07,0.0005633463369095167,True,2.191111860838646e-07,False,0.001,ff73eb50e2f93ad721bc990a247f1c1955a94d4b188e0472fa42e8c20d5bacc3,"[2048, 6144]",9183942797776468695,2.191111860838646e-07
ruler_vt_16k:0008,ruler_vt_16k,12,20260928,gaussian_bf16_scalar_bracket_binary_v1,32,7,True,2.0878899505194504e-05,2.0878899505194504e-05,40,cuda:0,bfloat16,2.191111860838646e-07,2.9715852001288567e-10,0.9986438003220012,True,32,24,float32,2.18778296812161e-07,0.0015192710041567385,True,2.191111860838646e-07,False,0.001,4f5944c693118cb3434eadf4a32a1be08c92f9f4bb0fd02df5843446dd5e8f2a,"[2048, 6144]",5717676821585169587,2.191111860838646e-07
ruler_vt_16k:0008,ruler_vt_16k,12,20260929,gaussian_bf16_scalar_bracket_binary_v1,32,7,True,2.066492373753448e-05,2.066492250580904e-05,40,cuda:0,bfloat16,2.191111860838646e-07,1.7477450042768794e-10,0.9992023478876118,True,32,24,float32,2.1974614128339454e-07,0.002897867566135634,True,2.191111860838646e-07,False,0.001,45fbed09dcc4bb169a2a25f92673d955cb9aa26efc39309c7528fed31c581e7a,"[2048, 6144]",5042884834385771286,2.191111860838646e-07
ruler_vt_16k:0008,ruler_vt_16k,12,20260930,gaussian_bf16_scalar_bracket_binary_v1,7,7,True,2.0706007084925204e-05,2.0706007084925204e-05,15,cuda:0,bfloat16,2.191111860838646e-07,4.192997338225979e-10,0.9980863608959604,True,32,24,float32,2.1903829861003032e-07,0.000332650628829025,True,2.191111860838646e-07,False,0.001,c6f64a345a30a9448ed7f596b0151a763e22c052f4a48f0b5a5ccb2a22fbc657,"[2048, 6144]",5113356015637670212,2.191111860838646e-07
ruler_vt_16k:0008,ruler_vt_16k,18,20260926,gaussian_bf16_scalar_bracket_binary_v1,10,7,True,3.14238268277478e-05,3.14238268277478e-05,18,cuda:0,bfloat16,4.1655445670585323e-07,3.915519852792926e-10,0.9990600220956085,True,32,24,float32,4.1614794099587016e-07,0.0009759005177806236,True,4.1655445670585323e-07,False,0.001,0a57ae475d96bda564cf465f13d55a92f4dcee32919fa9370c14b3938911661f,"[2048, 6144]",745255884889177509,4.1655445670585323e-07
ruler_vt_16k:0008,ruler_vt_16k,18,20260927,gaussian_bf16_scalar_bracket_binary_v1,5,7,True,3.082502979623314e-05,3.082502979623314e-05,13,cuda:0,bfloat16,4.1655445670585323e-07,8.515046445722874e-10,0.9979558383523104,True,32,24,float32,4.1634359604358906e-07,0.0005062019115859922,True,4.1655445670585323e-07,False,0.001,dc405ce0471728e6510165fda42a346b3c0a5fc5ad93621f07c9133ad7893919,"[2048, 6144]",6647415168333981926,4.1655445670585323e-07
ruler_vt_16k:0008,ruler_vt_16k,18,20260928,gaussian_bf16_scalar_bracket_binary_v1,32,7,True,3.2595386237233015e-05,3.25953842943966e-05,40,cuda:0,bfloat16,4.1655445670585323e-07,4.55547016775526e-10,0.998906392647007,True,32,24,float32,4.1550910623300297e-07,0.0025095169575593467,True,4.1655445670585323e-07,False,0.001,e69ce4945ca7a601a6c05dc38c4ca1545b54e2448d628b6045a2030ab7f1f560,"[2048, 6144]",7394036014096295425,4.1655445670585323e-07
ruler_vt_16k:0008,ruler_vt_16k,18,20260929,gaussian_bf16_scalar_bracket_binary_v1,6,7,True,3.124158425293899e-05,3.124158425293899e-05,14,cuda:0,bfloat16,4.1655445670585323e-07,6.228491611359743e-10,0.9985047593391233,True,32,24,float32,4.1694315200402343e-07,0.000933120008471496,True,4.1655445670585323e-07,False,0.001,b053dfc3ed82f065bbcc42c0233d3e0cdb143acaa5ff4e68c3b8022379270766,"[2048, 6144]",3482372969483923557,4.1655445670585323e-07
ruler_vt_16k:0008,ruler_vt_16k,18,20260930,gaussian_bf16_scalar_bracket_binary_v1,32,7,True,3.1150462965534587e-05,3.1150462965534587e-05,40,cuda:0,bfloat16,4.1655445670585323e-07,6.322970480532319e-10,0.9984820783024302,True,32,24,float32,4.154821340307535e-07,0.0025742676805806577,True,4.1655445670585323e-07,False,0.001,740a48d410a17a718b11564f40669a55ada517061ef836cc0aaae1964ae6c2f1,"[2048, 6144]",8361575733816031857,4.1655445670585323e-07
ruler_vt_16k:0008,ruler_vt_16k,24,20260926,gaussian_bf16_scalar_bracket_binary_v1,8,6,True,9.131121177574641e-05,9.131120633317408e-05,15,cuda:0,bfloat16,1.97964686776686e-06,6.346770664578116e-09,0.9967939884795021,True,32,24,float32,1.979375610972056e-06,0.00013702281918075976,True,1.97964686776686e-06,False,0.001,99670e819232d52e5c6ef1f7f7f82b4fdea91d479191a149577db7af7e3864cc,"[2048, 6144]",1830447723215770926,1.97964686776686e-06
ruler_vt_16k:0008,ruler_vt_16k,24,20260927,gaussian_bf16_scalar_bracket_binary_v1,10,6,True,9.03832523064807e-05,9.0383263081004e-05,17,cuda:0,bfloat16,1.97964686776686e-06,5.654538171029344e-09,0.9971436632143348,True,32,24,float32,1.981557261387934e-06,0.0009650173736435401,True,1.97964686776686e-06,False,0.001,6ed07985dcc4c38b88f57cd05b3df01bae3498955913108a716f37e401c8e030,"[2048, 6144]",7985015755169383307,1.97964686776686e-06
ruler_vt_16k:0008,ruler_vt_16k,24,20260928,gaussian_bf16_scalar_bracket_binary_v1,12,6,True,9.09245619968857e-05,9.09245619968857e-05,19,cuda:0,bfloat16,1.97964686776686e-06,6.104316163657586e-09,0.9969164620907649,True,32,24,float32,1.9780554794124328e-06,0.000803874862905396,True,1.97964686776686e-06,False,0.001,1f3592d31938d7d7d919a7e4666da9809d2e9ad47d1a5c6d0c99db07327bf91f,"[2048, 6144]",2248865024300341207,1.97964686776686e-06
ruler_vt_16k:0008,ruler_vt_16k,24,20260929,gaussian_bf16_scalar_bracket_binary_v1,8,6,True,9.131121177574641e-05,9.131120633317408e-05,15,cuda:0,bfloat16,1.97964686776686e-06,7.380446920279837e-09,0.9962718366389227,True,32,24,float32,1.978958380277618e-06,0.00034778298112266595,True,1.97964686776686e-06,False,0.001,4aa02883235285e533e0e0697f8f861a8b538de8509def66076ff66506d89272,"[2048, 6144]",5377342498778809829,1.97964686776686e-06
ruler_vt_16k:0008,ruler_vt_16k,24,20260930,gaussian_bf16_scalar_bracket_binary_v1,9,6,True,9.192985142192356e-05,9.192985142192356e-05,16,cuda:0,bfloat16,1.97964686776686e-06,7.232755727670792e-09,0.9963464414560816,True,32,24,float32,1.9779538433795096e-06,0.0008552153492203999,True,1.97964686776686e-06,False,0.001,a3bd005742d042fd9f8ba9c965434ce71f382462d45c1a7d10efc07f8d099c0a,"[2048, 6144]",2575214936708891389,1.97964686776686e-06
ruler_vt_16k:0024,ruler_vt_16k,0,20260926,gaussian_bf16_scalar_bracket_binary_v1,32,7,True,3.197121347398024e-05,3.1971209662714595e-05,40,cuda:0,bfloat16,4.15210564597146e-07,8.476412349800455e-10,0.9979585268120467,True,32,24,float32,4.17109532691029e-07,0.004573506205762054,True,4.15210564597146e-07,False,0.001,5c9b72c9418058e0a168dddedbf75f55970dc5ab9ba914e5325ae4807420a4b8,"[2048, 6144]",6673053481592445152,4.15210564597146e-07
ruler_vt_16k:0024,ruler_vt_16k,0,20260927,gaussian_bf16_scalar_bracket_binary_v1,32,7,True,3.219665983522635e-05,3.21966559970854e-05,40,cuda:0,bfloat16,4.15210564597146e-07,7.955786585078783e-10,0.9980839151834208,True,32,24,float32,4.1476275214336056e-07,0.0010785189298348687,True,4.15210564597146e-07,False,0.001,ed193d47be430df46c80a431124f0c5eb95f8406b248032d360403b7b30e9d66,"[2048, 6144]",7861382002895949300,4.15210564597146e-07
ruler_vt_16k:0024,ruler_vt_16k,0,20260928,gaussian_bf16_scalar_bracket_binary_v1,8,7,True,3.22826213974281e-05,3.228261947323392e-05,16,cuda:0,bfloat16,4.15210564597146e-07,7.173370786262012e-10,0.998272353500152,True,32,24,float32,4.15170347878302e-07,9.685861168547469e-05,True,4.15210564597146e-07,False,0.001,80d6de9cc20d90b4db335a24fa09e1f8ff9483ceb4ebfe1987ef8e78300f850f,"[2048, 6144]",60480409868013748,4.15210564597146e-07
ruler_vt_16k:0024,ruler_vt_16k,0,20260929,gaussian_bf16_scalar_bracket_binary_v1,7,7,True,3.176360819168167e-05,3.176360819168167e-05,15,cuda:0,bfloat16,4.15210564597146e-07,5.318919193975091e-10,0.9987189826927608,True,32,24,float32,4.149750623128057e-07,0.0005671876017143769,True,4.15210564597146e-07,False,0.001,0293d1828208846bd1a056b00dcc80e8646d134ea09aac2fc04aca687b48ef4f,"[2048, 6144]",185722368109872235,4.15210564597146e-07
ruler_vt_16k:0024,ruler_vt_16k,0,20260930,gaussian_bf16_scalar_bracket_binary_v1,32,7,True,3.2016627129483055e-05,3.201662522114337e-05,40,cuda:0,bfloat16,4.15210564597146e-07,7.673979784961205e-10,0.9981517859998561,True,32,24,float32,4.14689878880381e-07,0.0012540281032352625,True,4.15210564597146e-07,False,0.001,47716cc9c5b9db35235ee17a107976eee4e4a7fdc5f44100fda56a9766ee0388,"[2048, 6144]",5148015462922705717,4.15210564597146e-07
ruler_vt_16k:0024,ruler_vt_16k,6,20260926,gaussian_bf16_scalar_bracket_binary_v1,8,7,True,2.6193155910902988e-05,2.6193154349669234e-05,16,cuda:0,bfloat16,3.22377303518806e-07,3.134578430152857e-10,0.9990276677681902,True,32,24,float32,3.222905604616244e-07,0.0002690730899315089,True,3.22377303518806e-07,False,0.001,c20cdf7c190fdc4b5b05270c17c3fdd99deda450e1b2d26cf0b20df2b1e17c2f,"[2048, 6144]",4759424630313180235,3.22377303518806e-07
ruler_vt_16k:0024,ruler_vt_16k,6,20260927,gaussian_bf16_scalar_bracket_binary_v1,32,7,True,2.6364418853397353e-05,2.6364418853397353e-05,40,cuda:0,bfloat16,3.22377303518806e-07,5.040931561062223e-10,0.9984363255396582,True,32,24,float32,3.2280195227940567e-07,0.0013172414930100506,True,3.22377303518806e-07,False,0.001,29bf3620f887d1c27d0f8f2fcffa7041debfd3ab3509fad1c3a9d68349a2c0d0,"[2048, 6144]",3008182591343284674,3.22377303518806e-07
ruler_vt_16k:0024,ruler_vt_16k,6,20260928,gaussian_bf16_scalar_bracket_binary_v1,32,7,True,2.5508104140925525e-05,2.5508104140925525e-05,40,cuda:0,bfloat16,3.22377303518806e-07,1.4257907354764399e-10,0.9995577260806162,True,32,24,float32,3.2297441521222936e-07,0.0018522138094269564,True,3.22377303518806e-07,False,0.001,f2c349c36cf1ab71fd2f57c74f0e5ee194ecabf304d02399f948c28ca5e98e9f,"[2048, 6144]",8269534444477590385,3.22377303518806e-07
ruler_vt_16k:0024,ruler_vt_16k,6,20260929,gaussian_bf16_scalar_bracket_binary_v1,7,7,True,2.627375023678269e-05,2.627374867074514e-05,15,cuda:0,bfloat16,3.22377303518806e-07,3.772287482384229e-10,0.9988298532678297,True,32,24,float32,3.225676437068614e-07,0.0005904267638503654,True,3.22377303518806e-07,False,0.001,dd014447d4a55e0d363863c3f8ad18cefba34207be55254853c0e419aa06dff6,"[2048, 6144]",6701712795804982797,3.22377303518806e-07
ruler_vt_16k:0024,ruler_vt_16k,6,20260930,gaussian_bf16_scalar_bracket_binary_v1,32,7,True,2.6058412272322862e-05,2.6058412272322862e-05,40,cuda:0,bfloat16,3.22377303518806e-07,3.080059818305614e-10,0.9990445791981364,True,32,24,float32,3.217319033410604e-07,0.00200200253150875,True,3.22377303518806e-07,False,0.001,975d4c59de9fc60fa639b5c4d2040ce24b88f8d75a9d5bf4b00691ecf43d8500,"[2048, 6144]",1683585784577246735,3.22377303518806e-07
ruler_vt_16k:0024,ruler_vt_16k,12,20260926,gaussian_bf16_scalar_bracket_binary_v1,32,7,True,2.481261119768874e-05,2.4812609718741864e-05,40,cuda:0,bfloat16,3.049168810775882e-07,5.545501835513278e-10,0.9981813070447542,True,32,24,float32,3.045298626602744e-07,0.0012692587433863062,True,3.049168810775882e-07,False,0.001,1d3bca4efbd129800ddae1d72992ddc74139a944bd4d4cd237ceede3af557df5,"[2048, 6144]",2106499691306887552,3.049168810775882e-07
ruler_vt_16k:0024,ruler_vt_16k,12,20260927,gaussian_bf16_scalar_bracket_binary_v1,32,7,True,2.4965069638227533e-05,2.4965069638227533e-05,40,cuda:0,bfloat16,3.049168810775882e-07,4.147295840084553e-10,0.9986398602053688,True,32,24,float32,3.0547556661986164e-07,0.001832255204431565,True,3.049168810775882e-07,False,0.001,c4afd7fd4c23062b2485e57ff1a0ba50380718a66a7816e150e4bfc6f3b39403,"[2048, 6144]",4949411998407525931,3.049168810775882e-07
ruler_vt_16k:0024,ruler_vt_16k,12,20260928,gaussian_bf16_scalar_bracket_binary_v1,8,7,True,2.5994164111864393e-05,2.5994164111864393e-05,16,cuda:0,bfloat16,3.049168810775882e-07,3.422021277454945e-10,0.9988777199657293,True,32,24,float32,3.0474942036562425e-07,0.0005492011835229578,True,3.049168810775882e-07,False,0.001,8571d8e7eccb1f65da1b1b4b2315b69476d496a05500f50ca8870ee46299c02c,"[2048, 6144]",392333133179723621,3.049168810775882e-07
ruler_vt_16k:0024,ruler_vt_16k,12,20260929,gaussian_bf16_scalar_bracket_binary_v1,6,7,True,2.530810112943982e-05,2.530810112943982e-05,14,cuda:0,bfloat16,3.049168810775882e-07,3.778597434944686e-10,0.9987607778809783,True,32,24,float32,3.0520075711137906e-07,0.0009309948100861003,True,3.049168810775882e-07,False,0.001,fa6493f39d2934c89eb3dbc0a6dd787fa55fefae33f9ea9b2559f5e35fa591be,"[2048, 6144]",8819336644821333192,3.049168810775882e-07
ruler_vt_16k:0024,ruler_vt_16k,12,20260930,gaussian_bf16_scalar_bracket_binary_v1,6,7,True,2.4698267367284643e-05,2.4698267367284643e-05,14,cuda:0,bfloat16,3.049168810775882e-07,4.1828845942504245e-10,0.9986281885806165,True,32,24,float32,3.047054519811354e-07,0.0006933991181648478,True,3.049168810775882e-07,False,0.001,c6aca31510e6f129ed66bfd0378f403afccd657fe499f4eca2fd1c77151f2eb6,"[2048, 6144]",5092624589522399529,3.049168810775882e-07
ruler_vt_16k:0024,ruler_vt_16k,18,20260926,gaussian_bf16_scalar_bracket_binary_v1,0,6,False,4.550117955659516e-05,4.550117955659516e-05,7,cuda:0,bfloat16,7.109559305717994e-07,1.6731538377001698e-09,0.9976466138536119,True,32,24,float32,7.105510348992539e-07,0.0005695088192314405,True,7.109559305717994e-07,False,0.001,85109c88b73d35b05435d8d96011e43ffbe4f75f0a713f1c8e76c5902c2f0099,"[2048, 6144]",364963680820737456,7.109559305717994e-07
ruler_vt_16k:0024,ruler_vt_16k,18,20260927,gaussian_bf16_scalar_bracket_binary_v1,7,6,True,4.461248464338041e-05,4.461248464338041e-05,14,cuda:0,bfloat16,7.109559305717994e-07,1.5718762957916965e-09,0.9977890664833087,True,32,24,float32,7.111927970981924e-07,0.0003331662571581374,True,7.109559305717994e-07,False,0.001,51a02c3064ace906b8f2bbdbb85a2d3386bab3763a7f2bd6c3eb1ede9a2ecddb,"[2048, 6144]",5881749699704973574,7.109559305717994e-07
ruler_vt_16k:0024,ruler_vt_16k,18,20260928,gaussian_bf16_scalar_bracket_binary_v1,13,6,True,4.5087380987629544e-05,4.5087380987629544e-05,20,cuda:0,bfloat16,7.109559305717994e-07,1.95066229835561e-09,0.9972562824016578,True,32,24,float32,7.107287274266127e-07,0.00031957416123375935,True,7.109559305717994e-07,False,0.001,5d5268e18dbed61b4a8c2517ffc0f5449fac3ecb9f70a51aaf906377bdb9a783,"[2048, 6144]",6724552511572596251,7.109559305717994e-07
ruler_vt_16k:0024,ruler_vt_16k,18,20260929,gaussian_bf16_scalar_bracket_binary_v1,9,6,True,4.4212571932433775e-05,4.4212571932433775e-05,16,cuda:0,bfloat16,7.109559305717994e-07,1.3994070346967646e-09,0.99803165431988,True,32,24,float32,7.103422490217781e-07,0.0008631780447034441,True,7.109559305717994e-07,False,0.001,352c8aacef1662d6fc221f9e6438c7e946d5f9cde0becbd9444eae2890b46d7c,"[2048, 6144]",3831589858335679190,7.109559305717994e-07
ruler_vt_16k:0024,ruler_vt_16k,18,20260930,gaussian_bf16_scalar_bracket_binary_v1,32,6,True,4.453611242427602e-05,4.453611242427602e-05,39,cuda:0,bfloat16,7.109559305717994e-07,1.5229536520777742e-09,0.9978578789674728,True,32,24,float32,7.098765877344704e-07,0.0015181571612475912,True,7.109559305717994e-07,False,0.001,b742f8550346a1544ef2578702f6181f99c5e2964d0ce57dfa69b5f65d4e44c8,"[2048, 6144]",3982018064559808852,7.109559305717994e-07
ruler_vt_16k:0024,ruler_vt_16k,24,20260926,gaussian_bf16_scalar_bracket_binary_v1,8,6,True,9.655161261434841e-05,9.655161261434841e-05,15,cuda:0,bfloat16,2.1515679691219702e-06,7.207885399651559e-09,0.9966499383226117,True,32,24,float32,2.151276021322701e-06,0.00013569071647234572,True,2.1515679691219702e-06,False,0.001,1c5e55663e6600a43c980559a80fcee6275d03bc0e832d2508357990761141bd,"[2048, 6144]",2044165178494681252,2.1515679691219702e-06
ruler_vt_16k:0024,ruler_vt_16k,24,20260927,gaussian_bf16_scalar_bracket_binary_v1,10,6,True,9.67533221114536e-05,9.67533163445062e-05,17,cuda:0,bfloat16,2.1515679691219702e-06,7.603622620422357e-09,0.9964660086367035,True,32,24,float32,2.153540890503791e-06,0.0009169691174692709,True,2.1515679691219702e-06,False,0.001,a48a22e7f14f987a0ea00a0e7bd8dd28e3e68c203ce3bbef509394ebe25b3b59,"[2048, 6144]",2632955311732791418,2.1515679691219702e-06
ruler_vt_16k:0024,ruler_vt_16k,24,20260928,gaussian_bf16_scalar_bracket_binary_v1,8,6,True,9.655161261434841e-05,9.655161261434841e-05,15,cuda:0,bfloat16,2.1515679691219702e-06,6.880578773404977e-09,0.9968020630200156,True,32,24,float32,2.1526855107367737e-06,0.0005194079995806692,True,2.1515679691219702e-06,False,0.001,e05895e2caa62fbdd7d832b856c9bc8ee108e6914a422bc53a9c9e19fc544ef6,"[2048, 6144]",6942463626886655933,2.1515679691219702e-06
ruler_vt_16k:0024,ruler_vt_16k,24,20260929,gaussian_bf16_scalar_bracket_binary_v1,9,6,True,9.641713961627829e-05,9.641713961627829e-05,16,cuda:0,bfloat16,2.1515679691219702e-06,6.735509039401677e-09,0.9968694881425706,True,32,24,float32,2.152074785044533e-06,0.00023555654752091792,True,2.1515679691219702e-06,False,0.001,eabee588dd2bf284b3eedff37d49ff54f186c077137561e0b8d0ff894b2e0fa8,"[2048, 6144]",7691837589584343684,2.1515679691219702e-06
ruler_vt_16k:0024,ruler_vt_16k,24,20260930,gaussian_bf16_scalar_bracket_binary_v1,10,6,True,9.32570241616304e-05,9.32570241616304e-05,17,cuda:0,bfloat16,2.1515679691219702e-06,8.103417492577591e-09,0.9962337153141927,True,32,24,float32,2.151412900275318e-06,7.207248335992195e-05,True,2.1515679691219702e-06,False,0.001,00db82f76deb2861441573d9678ec00a74b6af80d4029a67754ae4e73703f2ca,"[2048, 6144]",61787019112294497,2.1515679691219702e-06
ruler_vt_16k:0045,ruler_vt_16k,12,20260926,gaussian_bf16_scalar_bracket_binary_v1,10,7,True,2.0254090263627234e-05,2.0254090263627234e-05,18,cuda:0,bfloat16,2.191111860838646e-07,3.052435526562647e-10,0.9986069010984249,True,32,24,float32,2.189771350913361e-07,0.0006117943813110145,True,2.191111860838646e-07,False,0.001,d70d397481d575922026eeafe94e2a15986b461e99c94b19b2dcc0a7fe26764a,"[2048, 6144]",6272733028554208658,2.191111860838646e-07
ruler_vt_16k:0045,ruler_vt_16k,12,20260927,gaussian_bf16_scalar_bracket_binary_v1,11,7,True,2.0206159691671388e-05,2.0206159691671388e-05,19,cuda:0,bfloat16,2.191111860838646e-07,1.853585063216201e-10,0.9991540436176057,True,32,24,float32,2.1896747171012976e-07,0.0006558970187849348,True,2.191111860838646e-07,False,0.001,2008d3a02bae268f0ca2afa3e9f8bb1579a98ce89fe1757232354c54741ce78d,"[2048, 6144]",2308327493908440719,2.191111860838646e-07
ruler_vt_16k:0045,ruler_vt_16k,12,20260928,gaussian_bf16_scalar_bracket_binary_v1,7,7,True,2.1363340643176798e-05,2.1363340643176798e-05,15,cuda:0,bfloat16,2.191111860838646e-07,1.3015628852475203e-10,0.9994059806308796,True,32,24,float32,2.1902860680711456e-07,0.00037688297994257445,True,2.191111860838646e-07,False,0.001,f8aa8265237c59a874a7f2f11c03b27a0ff179438f8252e12c7374a77f3961ff,"[2048, 6144]",8694905401490823592,2.191111860838646e-07
ruler_vt_16k:0045,ruler_vt_16k,12,20260929,gaussian_bf16_scalar_bracket_binary_v1,32,7,True,2.0197600660964987e-05,2.0197600660964987e-05,40,cuda:0,bfloat16,2.191111860838646e-07,3.1514221787709573e-10,0.9985617246498931,True,32,24,float32,2.1841449893145182e-07,0.003179605591410207,True,2.191111860838646e-07,False,0.001,a3d6453782474deeed59e48109fd3da254f2d80adda46be7bac8e87270441cee,"[2048, 6144]",2582327541054787054,2.191111860838646e-07
ruler_vt_16k:0045,ruler_vt_16k,12,20260930,gaussian_bf16_scalar_bracket_binary_v1,7,7,True,2.092511827100907e-05,2.092511827100907e-05,15,cuda:0,bfloat16,2.191111860838646e-07,2.4098692485985396e-10,0.998900161469768,True,32,24,float32,2.192070951423375e-07,0.0004377186769286586,True,2.191111860838646e-07,False,0.001,a046ff8e2c663a0a175555d9da9d64301cc1618bcfd5d964181222c5bfa72ca4,"[2048, 6144]",2325827243678775818,2.191111860838646e-07
ruler_vt_16k:0048,ruler_vt_16k,0,20260926,gaussian_bf16_scalar_bracket_binary_v1,32,7,True,2.14221429089001e-05,2.142214163204088e-05,40,cuda:0,bfloat16,2.240956433752217e-07,1.7762875892390895e-10,0.9992073529130305,True,32,24,float32,2.23568505930416e-07,0.0023522877859926696,True,2.240956433752217e-07,False,0.001,c798a89eff5b940c5b0e7bedb0d1f52ab3121acb3bc7e9398f7b9e7b9ecb195a,"[2048, 6144]",5159058773995394060,2.240956433752217e-07
ruler_vt_16k:0048,ruler_vt_16k,0,20260927,gaussian_bf16_scalar_bracket_binary_v1,32,7,True,2.131009508721249e-05,2.131009508721249e-05,40,cuda:0,bfloat16,2.240956433752217e-07,2.34190916659216e-10,0.9989549510506677,True,32,24,float32,2.247682431288922e-07,0.0030013959376457935,True,2.240956433752217e-07,False,0.001,c43b1869422a1ec768fc325ff53e6322eb3601f2707fa53bee274e2c374c55f3,"[2048, 6144]",4916550258565717703,2.240956433752217e-07
ruler_vt_16k:0048,ruler_vt_16k,0,20260928,gaussian_bf16_scalar_bracket_binary_v1,32,7,True,2.1821313273662213e-05,2.1821311973010586e-05,40,cuda:0,bfloat16,2.240956433752217e-07,3.0971999964712893e-10,0.9986179115533784,True,32,24,float32,2.2332133653435449e-07,0.0034552516470421793,True,2.240956433752217e-07,False,0.001,63090ceda43d27d3c7624b1743c63756c08dbd1ca7cf18e12c83e2e0d1339cd2,"[2048, 6144]",7136249299347515347,2.240956433752217e-07
ruler_vt_16k:0048,ruler_vt_16k,0,20260929,gaussian_bf16_scalar_bracket_binary_v1,32,7,True,2.171276694640234e-05,2.1712765652220578e-05,40,cuda:0,bfloat16,2.240956433752217e-07,1.5262177632813234e-10,0.9993189435812789,True,32,24,float32,2.2325214388274617e-07,0.003764015577327355,True,2.240956433752217e-07,False,0.001,d522b2dd39b7c0ef79104be19930e685da6cfa317ddc10ab0141fdd3a3fb2eae,"[2048, 6144]",6134662305657897199,2.240956433752217e-07
ruler_vt_16k:0048,ruler_vt_16k,0,20260930,gaussian_bf16_scalar_bracket_binary_v1,9,7,True,2.1541193719443186e-05,2.1541192435487984e-05,17,cuda:0,bfloat16,2.240956433752217e-07,3.1514221787709573e-10,0.9985937155531871,True,32,24,float32,2.2418845446736668e-07,0.00041415839570599355,True,2.240956433752217e-07,False,0.001,8ff632d371515863f868c7b791f3f9aeab218f3f4b5e445e539bdefabd1b467e,"[2048, 6144]",1150162638560385123,2.240956433752217e-07
ruler_vt_16k:0050,ruler_vt_16k,24,20260926,gaussian_bf16_scalar_bracket_binary_v1,7,7,True,3.450529419524173e-05,3.450529419524173e-05,15,cuda:0,bfloat16,4.4522960251924815e-07,1.0951706208572887e-09,0.9975402115792381,True,32,24,float32,4.4530926857078157e-07,0.00017893251275891592,True,4.4522960251924815e-07,False,0.001,feffac4ecf20c34da427bcf3de23c43ed5310bb92cc9029f571adac16edf732e,"[2048, 6144]",9151222422322594637,4.4522960251924815e-07
ruler_vt_16k:0050,ruler_vt_16k,24,20260927,gaussian_bf16_scalar_bracket_binary_v1,10,7,True,3.3253085938156346e-05,3.3253085938156346e-05,18,cuda:0,bfloat16,4.4522960251924815e-07,9.54676671049981e-10,0.9978557655069471,True,32,24,float32,4.4553604539032676e-07,0.0006882805396241996,True,4.4522960251924815e-07,False,0.001,72e153581171540009c1656ca05fb660aa65ffb79b8bfea74202ec2b6f146fd8,"[2048, 6144]",8277989227798549504,4.4522960251924815e-07
ruler_vt_16k:0050,ruler_vt_16k,24,20260928,gaussian_bf16_scalar_bracket_binary_v1,8,7,True,3.350352758957342e-05,3.3503525592607564e-05,16,cuda:0,bfloat16,4.4522960251924815e-07,2.098707041486847e-10,0.9995286236517941,True,32,24,float32,4.451438258001872e-07,0.00019265726846464797,True,4.4522960251924815e-07,False,0.001,08cccad507108fdc7f4d9ac6313bbea5a09eb419e5bbc6bfd0793fad988316f8,"[2048, 6144]",634104663847768028,4.4522960251924815e-07
ruler_vt_16k:0050,ruler_vt_16k,24,20260929,gaussian_bf16_scalar_bracket_binary_v1,11,7,True,3.438007336953319e-05,3.438007336953319e-05,19,cuda:0,bfloat16,4.4522960251924815e-07,7.722119055308951e-10,0.9982655872359756,True,32,24,float32,4.455759778920765e-07,0.0007779702222593323,True,4.4522960251924815e-07,False,0.001,6bc8d99fab622ebd8adf9c95c66617db903f9366b743e6a11d85692e99385a00,"[2048, 6144]",7766696837198786237,4.4522960251924815e-07
ruler_vt_16k:0050,ruler_vt_16k,24,20260930,gaussian_bf16_scalar_bracket_binary_v1,32,7,True,3.42609396672966e-05,3.42609396672966e-05,40,cuda:0,bfloat16,4.4522960251924815e-07,9.240179732472598e-10,0.9979246259277935,True,32,24,float32,4.457110662769992e-07,0.0010813830774655854,True,4.4522960251924815e-07,False,0.001,399908f24751a25f0f15d34fab074531b1d4cd3764d86f116346bb0a663f0028,"[2048, 6144]",4150358368270262879,4.4522960251924815e-07
ruler_vt_16k:0057,ruler_vt_16k,0,20260926,gaussian_bf16_scalar_bracket_binary_v1,8,7,True,3.2279289037262515e-05,3.2279289037262515e-05,16,cuda:0,bfloat16,4.1516770465932495e-07,4.692851662824182e-10,0.998869649153786,True,32,24,float32,4.1521548155287746e-07,0.00011507854059051515,True,4.1516770465932495e-07,False,0.001,276ebb3e0ae00be1c55f7c70d1004f6c31844e1ceafcfca57d8015ebb1e61dd8,"[2048, 6144]",2841414290062183393,4.1516770465932495e-07
ruler_vt_16k:0057,ruler_vt_16k,0,20260927,gaussian_bf16_scalar_bracket_binary_v1,12,7,True,3.1312726724852524e-05,3.131272485846857e-05,20,cuda:0,bfloat16,4.1516770465932495e-07,5.14282061381266e-10,0.9987612666987109,True,32,24,float32,4.147684933286655e-07,0.0009615664373196763,True,4.1516770465932495e-07,False,0.001,4b412461659d2f29d70bf835f75e7363437b69850d04a6a119095582d2c7d861,"[2048, 6144]",5422655427066015529,4.1516770465932495e-07
ruler_vt_16k:0057,ruler_vt_16k,0,20260928,gaussian_bf16_scalar_bracket_binary_v1,8,7,True,3.186412133260319e-05,3.186412133260319e-05,16,cuda:0,bfloat16,4.1516770465932495e-07,5.624649634938805e-10,0.9986452102194331,True,32,24,float32,4.1520735294398037e-07,9.549944326220621e-05,True,4.1516770465932495e-07,False,0.001,5a5d595fb095eb2fa78256bb61ddee3653408e25f4292ae86cf179f99a882e40,"[2048, 6144]",6511458903766985519,4.1516770465932495e-07
ruler_vt_16k:0057,ruler_vt_16k,0,20260929,gaussian_bf16_scalar_bracket_binary_v1,11,7,True,3.307070247426935e-05,3.307070247426935e-05,19,cuda:0,bfloat16,4.1516770465932495e-07,6.291074328146351e-10,0.9984846908231196,True,32,24,float32,4.154336181727558e-07,0.0006404966244883164,True,4.1516770465932495e-07,False,0.001,6b32ff8ee2918be318cbfd4a3f3b220febac873f5af29e78ebe67fe3dfb9b743,"[2048, 6144]",7724517300045450211,4.1516770465932495e-07
ruler_vt_16k:0057,ruler_vt_16k,0,20260930,gaussian_bf16_scalar_bracket_binary_v1,32,7,True,3.2246854060336005e-05,3.2246854060336005e-05,40,cuda:0,bfloat16,4.1516770465932495e-07,6.845589650694706e-10,0.9983511266474082,True,32,24,float32,4.156292732204747e-07,0.0011117641280130673,True,4.1516770465932495e-07,False,0.001,3c748e2fcd12adc5ef07ec30c18811864e9adf89ef34112af7161c3e69c25405,"[2048, 6144]",4356263075529272773,4.1516770465932495e-07
ruler_vt_16k:0057,ruler_vt_16k,6,20260926,gaussian_bf16_scalar_bracket_binary_v1,8,6,True,5.075275596055917e-05,5.075275596055917e-05,15,cuda:0,bfloat16,8.884508702067251e-07,1.4999065323095806e-09,0.9983117732419345,True,32,24,float32,8.87724411313684e-07,0.0008176691783442046,True,8.884508702067251e-07,False,0.001,a482acc9025a024db78ef33b4860a572235fae116ee2f7389eebb022204e05a5,"[2048, 6144]",2630855111665648205,8.884508702067251e-07
ruler_vt_16k:0057,ruler_vt_16k,6,20260927,gaussian_bf16_scalar_bracket_binary_v1,9,6,True,5.214096044525718e-05,5.2140957337413755e-05,16,cuda:0,bfloat16,8.884508702067251e-07,1.7010186592614218e-09,0.9980854105541417,True,32,24,float32,8.89063073827856e-07,0.0006890686268205855,True,8.884508702067251e-07,False,0.001,4230b112acd717b4202d9642ce612e5af3711d23e8423a9daae6e07e6747d8f3,"[2048, 6144]",4769506699152660404,8.884508702067251e-07
ruler_vt_16k:0057,ruler_vt_16k,6,20260928,gaussian_bf16_scalar_bracket_binary_v1,4,6,True,5.1530150471990055e-05,5.1530150471990055e-05,11,cuda:0,bfloat16,8.884508702067251e-07,1.5866259417407491e-09,0.99821416580821,True,32,24,float32,8.886903515303857e-07,0.00026954931520846117,True,8.884508702067251e-07,False,0.001,1b18a6fb1ec46247bf1c6afe187c0812ec52fd48551ee9699ba4b1765ab30243,"[2048, 6144]",1952494035948298823,8.884508702067251e-07
ruler_vt_16k:0057,ruler_vt_16k,6,20260929,gaussian_bf16_scalar_bracket_binary_v1,9,6,True,4.9808776910964525e-05,4.9808776910964525e-05,16,cuda:0,bfloat16,8.884508702067251e-07,2.639959584271878e-09,0.9970285812386479,True,32,24,float32,8.892548635230924e-07,0.0009049384083333669,True,8.884508702067251e-07,False,0.001,715dc42ef5edf5376387e1f1f0fcb647c3212c08995a51e2bfdab4c38b6326ee,"[2048, 6144]",8168901005093500215,8.884508702067251e-07
ruler_vt_16k:0057,ruler_vt_16k,6,20260930,gaussian_bf16_scalar_bracket_binary_v1,8,6,True,5.119698139566253e-05,5.119698139566253e-05,15,cuda:0,bfloat16,8.884508702067251e-07,2.118790920491165e-09,0.9976151850467565,True,32,24,float32,8.882310567059903e-07,0.00024741210584170885,True,8.884508702067251e-07,False,0.001,755fab28b28d0bba08290a9f2f7b6ec20806a2366486495ed452b5937e5996e5,"[2048, 6144]",8457666816507710394,8.884508702067251e-07
ruler_vt_16k:0057,ruler_vt_16k,12,20260926,gaussian_bf16_scalar_bracket_binary_v1,8,6,True,7.346875712244127e-05,7.346875712244127e-05,15,cuda:0,bfloat16,1.487974827796279e-06,5.021949966987904e-09,0.9966249765297269,True,32,24,float32,1.486953010498837e-06,0.0006867167900650692,True,1.487974827796279e-06,False,0.001,9ff26d96986c591411c9619b015c76d9c80be9332ebfec5747c4e530f9dfa888,"[2048, 6144]",2302022853109504276,1.487974827796279e-06
ruler_vt_16k:0057,ruler_vt_16k,12,20260927,gaussian_bf16_scalar_bracket_binary_v1,32,6,True,7.272041040728983e-05,7.272041040728983e-05,39,cuda:0,bfloat16,1.487974827796279e-06,3.790655345170535e-09,0.9974524734731,True,32,24,float32,1.4897158280291478e-06,0.0011700468316707244,True,1.487974827796279e-06,False,0.001,532b3ba2c856fbefd744a1ead0875c31218c9fdf109d6d8c5c3b241c71646490,"[2048, 6144]",5992949299478461423,1.487974827796279e-06
ruler_vt_16k:0057,ruler_vt_16k,12,20260928,gaussian_bf16_scalar_bracket_binary_v1,32,6,True,7.542172408392389e-05,7.542172408392389e-05,39,cuda:0,bfloat16,1.487974827796279e-06,4.98034902207678e-09,0.9966529346269568,True,32,24,float32,1.4859093653285527e-06,0.0013881030976749197,True,1.487974827796279e-06,False,0.001,50b8243f57200a1d7b9b898bffbe3263ea75c7c8978baf67c09b1247add89a64,"[2048, 6144]",5816438773212252701,1.487974827796279e-06
ruler_vt_16k:0057,ruler_vt_16k,12,20260929,gaussian_bf16_scalar_bracket_binary_v1,7,6,True,7.402674768286488e-05,7.402674768286488e-05,14,cuda:0,bfloat16,1.487974827796279e-06,5.4551052564022484e-09,0.9963338726203579,True,32,24,float32,1.4878195315759513e-06,0.00010436750503214115,True,1.487974827796279e-06,False,0.001,7f71f986e29997485482b1e945a772cf3db658212ada7ea3fab4f7da882db1e3,"[2048, 6144]",9183395472907802440,1.487974827796279e-06
ruler_vt_16k:0057,ruler_vt_16k,12,20260930,gaussian_bf16_scalar_bracket_binary_v1,6,6,True,7.216677914811953e-05,7.21667748466443e-05,13,cuda:0,bfloat16,1.487974827796279e-06,4.914692652846497e-09,0.9966970592774574,True,32,24,float32,1.486751330048719e-06,0.0008222570198798704,True,1.487974827796279e-06,False,0.001,8432be70b15883aba5f58ff75282b39ea346d73d72262735af759194e87f7464,"[2048, 6144]",302513516208227243,1.487974827796279e-06
ruler_vt_16k:0057,ruler_vt_16k,18,20260926,gaussian_bf16_scalar_bracket_binary_v1,9,6,True,4.426530271928186e-05,4.426530271928186e-05,16,cuda:0,bfloat16,7.219621238618856e-07,1.8762380538106527e-09,0.9974011960021194,True,32,24,float32,7.223331408567901e-07,0.0005139009134161601,True,7.219621238618856e-07,False,0.001,20e282af3affc2213b69a7b3cdc115b1c6b7c6ec94d79697310d81b319dad7fb,"[2048, 6144]",2369600043071029793,7.219621238618856e-07
ruler_vt_16k:0057,ruler_vt_16k,18,20260927,gaussian_bf16_scalar_bracket_binary_v1,14,6,True,4.500559591269493e-05,4.500559323015237e-05,21,cuda:0,bfloat16,7.219621238618856e-07,1.0877982958845678e-09,0.9984932751179996,True,32,24,float32,7.225256695164717e-07,0.0007805750966152614,True,7.219621238618856e-07,False,0.001,0f60f76b75bfcae8cb510df44ba1e6534a33e48b758c508e68de3ffbc1d8c1be,"[2048, 6144]",1108157549242206952,7.219621238618856e-07
ruler_vt_16k:0057,ruler_vt_16k,18,20260928,gaussian_bf16_scalar_bracket_binary_v1,11,6,True,4.493086155221704e-05,4.4930858874128995e-05,18,cuda:0,bfloat16,7.219621238618856e-07,1.4877153953207767e-09,0.9979393442589997,True,32,24,float32,7.225314675451955e-07,0.0007886060286159429,True,7.219621238618856e-07,False,0.001,91b94c5f306ca6ef35b30a5b7721df69a4cd499515460ad8737b6316540070d5,"[2048, 6144]",1277135941054277359,7.219621238618856e-07
ruler_vt_16k:0057,ruler_vt_16k,18,20260929,gaussian_bf16_scalar_bracket_binary_v1,7,6,True,4.494214221040238e-05,4.494214221040238e-05,14,cuda:0,bfloat16,7.219621238618856e-07,1.623826850760679e-09,0.9977508143473309,True,32,24,float32,7.220036764010729e-07,5.755501267155094e-05,True,7.219621238618856e-07,False,0.001,42b8d2723956247d48b69afe77b1a6bb377c72e1b3f75b04cf4948bb221f9526,"[2048, 6144]",4807823990248055933,7.219621238618856e-07
ruler_vt_16k:0057,ruler_vt_16k,18,20260930,gaussian_bf16_scalar_bracket_binary_v1,10,6,True,4.383663770823887e-05,4.383663509537165e-05,17,cuda:0,bfloat16,7.219621238618856e-07,1.1120557807942077e-09,0.9984596757308463,True,32,24,float32,7.226129810078419e-07,0.0009015114843902302,True,7.219621238618856e-07,False,0.001,0bf99869dda0d4e7d7ba7be9eef1290838d985510188c294a81975fdc4034574,"[2048, 6144]",862888384075453671,7.219621238618856e-07
ruler_vt_16k:0057,ruler_vt_16k,24,20260926,gaussian_bf16_scalar_bracket_binary_v1,8,6,True,0.0001445760665887974,0.0001445760579713923,15,cuda:0,bfloat16,3.94746939491597e-06,1.648428238354427e-08,0.9958240886161714,True,32,24,float32,3.947022378270049e-06,0.00011324132024864246,True,3.94746939491597e-06,False,0.001,9b4575620ce3cf22f75bbad223fdab72c371fa89bafab1b73f8d21dfa808657c,"[2048, 6144]",1965105876400590626,3.94746939491597e-06
ruler_vt_16k:0057,ruler_vt_16k,24,20260927,gaussian_bf16_scalar_bracket_binary_v1,7,6,True,0.00014309576556570391,0.00014309576556570391,14,cuda:0,bfloat16,3.94746939491597e-06,1.5591071544918123e-08,0.9960503629071835,True,32,24,float32,3.94485323340632e-06,0.0006627439627573144,True,3.94746939491597e-06,False,0.001,33fd606f29439fc61f15cc0ebc9534e547796274c9687fb4dddeefeb3c4cfd8c,"[2048, 6144]",3746256495592054726,3.94746939491597e-06
ruler_vt_16k:0057,ruler_vt_16k,24,20260928,gaussian_bf16_scalar_bracket_binary_v1,9,6,True,0.00014630308444907314,0.00014630308444907314,16,cuda:0,bfloat16,3.94746939491597e-06,1.8092004339109735e-08,0.9954168094723139,True,32,24,float32,3.945111984648975e-06,0.0005971953246886698,True,3.94746939491597e-06,False,0.001,f918ff54eb7867d38c57030142808f54fc07536cb408142746ffd4bddee41ab6,"[2048, 6144]",8726005018223208403,3.94746939491597e-06
ruler_vt_16k:0057,ruler_vt_16k,24,20260929,gaussian_bf16_scalar_bracket_binary_v1,7,6,True,0.0001450695002631619,0.0001450695002631619,14,cuda:0,bfloat16,3.94746939491597e-06,1.792654202859012e-08,0.9954587255187645,True,32,24,float32,3.946095603168942e-06,0.00034801834025549225,True,3.94746939491597e-06,False,0.001,b7954718bdece5be38593b1e56bd71382199dc46448d646dd2cf0d649b9ef62c,"[2048, 6144]",4005185615207130558,3.94746939491597e-06
ruler_vt_16k:0057,ruler_vt_16k,24,20260930,gaussian_bf16_scalar_bracket_binary_v1,9,6,True,0.00014432934975161515,0.00014432934975161515,16,cuda:0,bfloat16,3.94746939491597e-06,1.797005388937123e-08,0.995447702795995,True,32,24,float32,3.948438461520709e-06,0.0002454905935400377,True,3.94746939491597e-06,False,0.001,744e8862d2c441cc86d524a121733b0db8eb39a19de67f64c452ab87c643d439,"[2048, 6144]",8380785914607321548,3.94746939491597e-06
ruler_vt_16k:0063,ruler_vt_16k,24,20260926,gaussian_bf16_scalar_bracket_binary_v1,7,7,True,3.3627373127842475e-05,3.3627371123494846e-05,15,cuda:0,bfloat16,4.4539567056745e-07,7.270134494419267e-10,0.9983677132547883,True,32,24,float32,4.450943720257783e-07,0.0006764738895819256,True,4.4539567056745e-07,False,0.001,476974c047852637e59747bab4a937c4ba389aaebc66f329f34732649a1262c2,"[2048, 6144]",5145772418429953591,4.4539567056745e-07
ruler_vt_16k:0063,ruler_vt_16k,24,20260927,gaussian_bf16_scalar_bracket_binary_v1,32,7,True,3.3376838063148284e-05,3.3376838063148284e-05,40,cuda:0,bfloat16,4.4539567056745e-07,3.9478356694822025e-10,0.9991136340269198,True,32,24,float32,4.437395944023592e-07,0.0037182134325214264,True,4.4539567056745e-07,False,0.001,7148074ec77479a546732c308355e203bf71fc558e76f39cee1f80ff3604f0b1,"[2048, 6144]",8162782359544166821,4.4539567056745e-07
ruler_vt_16k:0063,ruler_vt_16k,24,20260928,gaussian_bf16_scalar_bracket_binary_v1,6,7,True,3.429546663369365e-05,3.429546663369365e-05,14,cuda:0,bfloat16,4.4539567056745e-07,2.6674101816226425e-10,0.9994011144791273,True,32,24,float32,4.457870943497255e-07,0.0008788226023320705,True,4.4539567056745e-07,False,0.001,d49332f1ac9a281a017da8b094f130a64f3ce36962d63686b3d9a5fd1e18bbb3,"[2048, 6144]",6094270734326704154,4.4539567056745e-07
ruler_vt_16k:0063,ruler_vt_16k,24,20260929,gaussian_bf16_scalar_bracket_binary_v1,32,7,True,3.315414022786456e-05,3.315414022786456e-05,40,cuda:0,bfloat16,4.4539567056745e-07,6.322970480532319e-10,0.9985803700174102,True,32,24,float32,4.443909631390852e-07,0.0022557637955590106,True,4.4539567056745e-07,False,0.001,e20145b2aa89b9143d6f2b65c76cf2a72895858177154550878cc90934f8fd33,"[2048, 6144]",7062002324361296148,4.4539567056745e-07
ruler_vt_16k:0063,ruler_vt_16k,24,20260930,gaussian_bf16_scalar_bracket_binary_v1,9,7,True,3.423979217487272e-05,3.423979013402207e-05,17,cuda:0,bfloat16,4.4539567056745e-07,8.107389204425886e-10,0.9981797332708473,True,32,24,float32,4.4503667595563456e-07,0.0008060128006140272,True,4.4539567056745e-07,False,0.001,aece62b23c8d973488b3ce7fb5f90880e30b400356159836a7d009e2d7e7009f,"[2048, 6144]",3372741688606693172,4.4539567056745e-07
ruler_vt_16k:0065,ruler_vt_16k,24,20260926,gaussian_bf16_scalar_bracket_binary_v1,9,6,True,9.499064145757075e-05,9.499064145757075e-05,16,cuda:0,bfloat16,2.1316272977855988e-06,7.663541801150586e-09,0.996404839716065,True,32,24,float32,2.1321052372513805e-06,0.00022421342899772972,True,2.1316272977855988e-06,False,0.001,eb622750b5eff59c08107a7c4a1fbed9021b3967feebaa930d073ef088211425,"[2048, 6144]",7737790337379202460,2.1316272977855988e-06
ruler_vt_16k:0065,ruler_vt_16k,24,20260927,gaussian_bf16_scalar_bracket_binary_v1,10,6,True,9.465757469229175e-05,9.465756905026063e-05,17,cuda:0,bfloat16,2.1316272977855988e-06,7.089874909382843e-09,0.9966739612892235,True,32,24,float32,2.132631834683707e-06,0.000471253534401508,True,2.1316272977855988e-06,False,0.001,c4a7dbda98c3b636a66dc1181af7e7851d6519c26fa831a85fe1c2b037bd54e4,"[2048, 6144]",4947164447602095670,2.1316272977855988e-06
ruler_vt_16k:0065,ruler_vt_16k,24,20260928,gaussian_bf16_scalar_bracket_binary_v1,8,6,True,9.565677498812875e-05,9.565677498812875e-05,15,cuda:0,bfloat16,2.1316272977855988e-06,5.6293156802667e-09,0.9973591463732357,True,32,24,float32,2.131534529326018e-06,4.352001856854125e-05,True,2.1316272977855988e-06,False,0.001,095b7a9d139bb52ff3de24f1e9c94267a85cd35c3fc059d55adbd6bac7545aba,"[2048, 6144]",674267384279446831,2.1316272977855988e-06
ruler_vt_16k:0065,ruler_vt_16k,24,20260929,gaussian_bf16_scalar_bracket_binary_v1,9,6,True,9.499064145757075e-05,9.499064145757075e-05,16,cuda:0,bfloat16,2.1316272977855988e-06,7.561173021031209e-09,0.996452863486555,True,32,24,float32,2.1324331100913696e-06,0.00037802682795811326,True,2.1316272977855988e-06,False,0.001,f0ec997ce97592cf4434f4896d62abac26efc707959d027ce8e183117db37502,"[2048, 6144]",8137047388523434703,2.1316272977855988e-06
ruler_vt_16k:0065,ruler_vt_16k,24,20260930,gaussian_bf16_scalar_bracket_binary_v1,9,6,True,9.685581534313314e-05,9.685581534313314e-05,16,cuda:0,bfloat16,2.1316272977855988e-06,6.933800644759458e-09,0.9967471796537967,True,32,24,float32,2.1305263544491027e-06,0.000516480220364894,True,2.1316272977855988e-06,False,0.001,55c08e86379c96e22379af487b67256a8902cfc55943cd4079dd0d4d0e55a6cb,"[2048, 6144]",6179095395862091490,2.1316272977855988e-06
ruler_vt_16k:0070,ruler_vt_16k,24,20260926,gaussian_bf16_scalar_bracket_binary_v1,9,7,True,3.301495408081223e-05,3.301495408081223e-05,17,cuda:0,bfloat16,4.4539567056745e-07,4.4329634407702656e-10,0.9990047133967148,True,32,24,float32,4.456852025214175e-07,0.0006500556092039502,True,4.4539567056745e-07,False,0.001,eb38ef96f62447437956063f47a21b7bc89603e4e8bdf644d97fdb478a3f9035,"[2048, 6144]",7726188592407791427,4.4539567056745e-07
ruler_vt_16k:0070,ruler_vt_16k,24,20260927,gaussian_bf16_scalar_bracket_binary_v1,8,7,True,3.307062853963316e-05,3.307062853963316e-05,16,cuda:0,bfloat16,4.4539567056745e-07,6.160119636611228e-10,0.9986169332026145,True,32,24,float32,4.453716542229813e-07,5.392136937050534e-05,True,4.4539567056745e-07,False,0.001,38a87ca863d1935689edf4bbaee372e0360c6ace09d362da76e532e8b66ca60b,"[2048, 6144]",4082650124882383702,4.4539567056745e-07
ruler_vt_16k:0070,ruler_vt_16k,24,20260928,gaussian_bf16_scalar_bracket_binary_v1,32,7,True,3.402405364694161e-05,3.402405364694161e-05,40,cuda:0,bfloat16,4.4539567056745e-07,4.0745362639427185e-10,0.9990851872765732,True,32,24,float32,4.444264902758732e-07,0.002175998456253529,True,4.4539567056745e-07,False,0.001,c20e9e36e123e70ca521e1b6a8e88725471ab6949a6cdfe3f0e3a2b631d2ee46,"[2048, 6144]",4759915814719842060,4.4539567056745e-07
ruler_vt_16k:0070,ruler_vt_16k,24,20260929,gaussian_bf16_scalar_bracket_binary_v1,10,7,True,3.415628048664132e-05,3.415628048664132e-05,18,cuda:0,bfloat16,4.4539567056745e-07,6.73802402761936e-10,0.9984871824148998,True,32,24,float32,4.4508090013550827e-07,0.0007067209062465641,True,4.4539567056745e-07,False,0.001,cc3597ec5270671c702755242425ff43b89a25a4c5b0f8d5947952f8418a96bd,"[2048, 6144]",5491462361899362076,4.4539567056745e-07
ruler_vt_16k:0070,ruler_vt_16k,24,20260930,gaussian_bf16_scalar_bracket_binary_v1,10,7,True,3.359953589843201e-05,3.3599539903808816e-05,18,cuda:0,bfloat16,4.4539567056745e-07,4.355862615046391e-10,0.9990220240332608,True,32,24,float32,4.450119206467207e-07,0.0008615932890420865,True,4.4539567056745e-07,False,0.001,18aa1022aa2bd7a1ac74ae9c29ff5886e20be0a02d5d7a17c2a3072791ce8cc8,"[2048, 6144]",1777250744021014433,4.4539567056745e-07
ruler_vt_16k:0083,ruler_vt_16k,0,20260926,gaussian_bf16_scalar_bracket_binary_v1,9,7,True,2.12644933395012e-05,2.12644933395012e-05,17,cuda:0,bfloat16,2.2413168210277945e-07,1.9469136025573874e-10,0.9991313527903366,True,32,24,float32,2.2406389632578794e-07,0.0003024372830987331,True,2.2413168210277945e-07,False,0.001,8aec1d9f5ecf53c1e9df9ee16761e8dac8c005fe90d939cf16637ba313ba8b25,"[2048, 6144]",787036605210645441,2.2413168210277945e-07
ruler_vt_16k:0083,ruler_vt_16k,0,20260927,gaussian_bf16_scalar_bracket_binary_v1,8,7,True,2.202093776659808e-05,2.202093776659808e-05,16,cuda:0,bfloat16,2.2413168210277945e-07,2.899448459103837e-10,0.9987063638518653,True,32,24,float32,2.2402429067369667e-07,0.00047914434976459666,True,2.2413168210277945e-07,False,0.001,9f26b65257b394b01a778c724910471a3ccc9f8bd57aa7f172517f3cfd661dca,"[2048, 6144]",2244681929065731248,2.2413168210277945e-07
ruler_vt_16k:0083,ruler_vt_16k,0,20260928,gaussian_bf16_scalar_bracket_binary_v1,32,7,True,2.1551662057195387e-05,2.1551660772616227e-05,40,cuda:0,bfloat16,2.2413168210277945e-07,1.5537193753800693e-10,0.9993067827980394,True,32,24,float32,2.245617451990256e-07,0.0019187965405486288,True,2.2413168210277945e-07,False,0.001,127508d7aa81a7bee97e487a19feba5a584a646425cc8aa1db0cd7af76bc7b1d,"[2048, 6144]",1329978987329464254,2.2413168210277945e-07
ruler_vt_16k:0083,ruler_vt_16k,0,20260929,gaussian_bf16_scalar_bracket_binary_v1,32,7,True,2.1355546835355455e-05,2.1355546835355455e-05,40,cuda:0,bfloat16,2.2413168210277945e-07,2.79533174385449e-10,0.9987528172199356,True,32,24,float32,2.24753733846228e-07,0.0027753851557821476,True,2.2413168210277945e-07,False,0.001,9fd7d5cf19b291213b1461511714f6086be2f3c48d01c84f95fbb59a8780eff7,"[2048, 6144]",2294537620634636577,2.2413168210277945e-07
ruler_vt_16k:0083,ruler_vt_16k,0,20260930,gaussian_bf16_scalar_bracket_binary_v1,9,7,True,2.2161020067912318e-05,2.2161020067912318e-05,17,cuda:0,bfloat16,2.2413168210277945e-07,2.5120500124486966e-10,0.9988792079777027,True,32,24,float32,2.2410044664411544e-07,0.00013936208558721497,True,2.2413168210277945e-07,False,0.001,715a9e2a7ca2007e21473a68b6a7c675a34390fcc600681010f5b8ef39f56ed8,"[2048, 6144]",8168014779506622590,2.2413168210277945e-07
ruler_vt_16k:0086,ruler_vt_16k,0,20260926,gaussian_bf16_scalar_bracket_binary_v1,6,7,True,2.084424643555849e-05,2.084424643555849e-05,14,cuda:0,bfloat16,2.2413168210277945e-07,2.421921274642358e-10,0.9989194203818398,True,32,24,float32,2.2419381195959431e-07,0.0002772024741525495,True,2.2413168210277945e-07,False,0.001,a03137e8f68fff2ed27089f3a578de53dc5712b61e6d7cdadbce7fff48fa4f5d,"[2048, 6144]",2319696756781088558,2.2413168210277945e-07
ruler_vt_16k:0086,ruler_vt_16k,0,20260927,gaussian_bf16_scalar_bracket_binary_v1,8,7,True,2.1572674402392522e-05,2.1572674402392522e-05,16,cuda:0,bfloat16,2.2413168210277945e-07,2.5120500124486966e-10,0.9988792079777027,True,32,24,float32,2.2427518331369356e-07,0.0006402540219561859,True,2.2413168210277945e-07,False,0.001,5fc86eb31bb9434fbf0c3bc331f86aa0e6fa539e15fe29c4eff3425f9b36db24,"[2048, 6144]",6901888144488612687,2.2413168210277945e-07
ruler_vt_16k:0086,ruler_vt_16k,0,20260928,gaussian_bf16_scalar_bracket_binary_v1,10,7,True,2.1082386347792692e-05,2.1082385091184542e-05,18,cuda:0,bfloat16,2.2413168210277945e-07,3.718576835343157e-10,0.9983408963871346,True,32,24,float32,2.2392839582607849e-07,0.0009069948290833075,True,2.2413168210277945e-07,False,0.001,f5a86593090b6a84d2fa7391abeac7b7b1133127fad45e06ac71eb908d92e721,"[2048, 6144]",8478137980711299716,2.2413168210277945e-07
ruler_vt_16k:0086,ruler_vt_16k,0,20260929,gaussian_bf16_scalar_bracket_binary_v1,8,7,True,2.0676147673981404e-05,2.0676146441586965e-05,16,cuda:0,bfloat16,2.2413168210277945e-07,3.394060588135517e-10,0.9984856845956391,True,32,24,float32,2.2433685842315754e-07,0.0009154275667462282,True,2.2413168210277945e-07,False,0.001,21f1051e05e338d293588e3555bace5ac355203ed63e8e5cea1398691fa4dddd,"[2048, 6144]",2445741699144825042,2.2413168210277945e-07
ruler_vt_16k:0086,ruler_vt_16k,0,20260930,gaussian_bf16_scalar_bracket_binary_v1,32,7,True,2.153064971199825e-05,2.1530652278651707e-05,40,cuda:0,bfloat16,2.2413168210277945e-07,6.343033043254565e-11,0.9997169952510174,True,32,24,float32,2.23863153792081e-07,0.0011980827885605158,True,2.2413168210277945e-07,False,0.001,bb58fd80fd1081405870c33e3dcfa1dc8f8ee2d770125e2236c43ba44e0f3ee8,"[2048, 6144]",4276446576631644480,2.2413168210277945e-07
ruler_vt_16k:0091,ruler_vt_16k,0,20260926,gaussian_bf16_scalar_bracket_binary_v1,32,7,True,4.3123400791600375e-05,4.312339822124539e-05,40,cuda:0,bfloat16,6.262531542233774e-07,8.984555877056266e-10,0.998565347604804,True,32,24,float32,6.2737473172092e-07,0.001790933091480365,True,6.262531542233774e-07,False,0.001,ff084627548962dc9b517d230f17db77e3d30e7653550e2a61c0b0061889aaa3,"[2048, 6144]",9153643377366491868,6.262531542233774e-07
ruler_vt_16k:0091,ruler_vt_16k,0,20260927,gaussian_bf16_scalar_bracket_binary_v1,16,7,True,4.337353510808217e-05,4.337353510808217e-05,24,cuda:0,bfloat16,6.262531542233774e-07,1.1484955209084546e-09,0.9981660842533676,True,32,24,float32,6.259460860746913e-07,0.0004903259115187741,True,6.262531542233774e-07,False,0.001,e405d187e0ac7a41d55249bcfa153a8a508f26836840f84404fd19b3e366ec71,"[2048, 6144]",7207397160196536897,6.262531542233774e-07
ruler_vt_16k:0091,ruler_vt_16k,0,20260928,gaussian_bf16_scalar_bracket_binary_v1,7,7,True,4.289834106430135e-05,4.289834106430135e-05,15,cuda:0,bfloat16,6.262531542233774e-07,1.316123987571416e-09,0.9978984153952828,True,32,24,float32,6.260833060878213e-07,0.0002712132216990183,True,6.262531542233774e-07,False,0.001,1b985e60747f008b3935b06206999d859bf2ec58709faad1c9b69964110c6e2e,"[2048, 6144]",1988443003848425611,6.262531542233774e-07
ruler_vt_16k:0091,ruler_vt_16k,0,20260929,gaussian_bf16_scalar_bracket_binary_v1,32,7,True,4.299619311964875e-05,4.299619311964875e-05,40,cuda:0,bfloat16,6.262531542233774e-07,1.2499409285382512e-09,0.9980040963943914,True,32,24,float32,6.252634534575918e-07,0.001580352544511917,True,6.262531542233774e-07,False,0.001,ff7a482d662ba5bc19af4ed6a614724b8d938748bba22bb3aacc18b8e488a3c7,"[2048, 6144]",9185733749800412604,6.262531542233774e-07
ruler_vt_16k:0091,ruler_vt_16k,0,20260930,gaussian_bf16_scalar_bracket_binary_v1,32,7,True,4.282739832417448e-05,4.2827395771462615e-05,40,cuda:0,bfloat16,6.262531542233774e-07,1.0641818537493464e-09,0.9983007161775193,True,32,24,float32,6.255127118492965e-07,0.001182337157246122,True,6.262531542233774e-07,False,0.001,463364b525edc470988e643619948bdb37832e61a152ef3053d54d8371992720,"[2048, 6144]",5058497535655396464,6.262531542233774e-07
ruler_vt_16k:0091,ruler_vt_16k,6,20260926,gaussian_bf16_scalar_bracket_binary_v1,0,6,True,4.217597597744316e-05,4.217597597744316e-05,7,cuda:0,bfloat16,6.589996246475494e-07,9.457625793629632e-10,0.9985648511106986,True,32,24,float32,6.593479611183284e-07,0.0005285837165162745,True,6.589996246475494e-07,False,0.001,2050ab89905d990fabdfd0d46f7b8dc775333233da456ce4df583f0fc43ff4ed,"[2048, 6144]",2328549614671468815,6.589996246475494e-07
ruler_vt_16k:0091,ruler_vt_16k,6,20260927,gaussian_bf16_scalar_bracket_binary_v1,7,6,True,4.201122607128127e-05,4.201122356721707e-05,14,cuda:0,bfloat16,6.589996246475494e-07,8.998686240602183e-10,0.998634492964178,True,32,24,float32,6.586697622879001e-07,0.0005005501479999903,True,6.589996246475494e-07,False,0.001,7570a51aab8c69092fca547fa27d31dcaac56b061925ad54293c786117d60159,"[2048, 6144]",8462445233795000585,6.589996246475494e-07
ruler_vt_16k:0091,ruler_vt_16k,6,20260928,gaussian_bf16_scalar_bracket_binary_v1,10,7,True,4.262903821938835e-05,4.262903821938835e-05,18,cuda:0,bfloat16,6.589996246475494e-07,1.2168046570337765e-09,0.9981535578905912,True,32,24,float32,6.592482009182277e-07,0.0003772024465283401,True,6.589996246475494e-07,False,0.001,9caf5131b27b118b62a0a1b885a85e86cfcf99e9e04a787a0f262d053188dcb1,"[2048, 6144]",2066960027876004235,6.589996246475494e-07
ruler_vt_16k:0091,ruler_vt_16k,6,20260929,gaussian_bf16_scalar_bracket_binary_v1,9,7,True,4.3411600273657314e-05,4.3411600273657314e-05,17,cuda:0,bfloat16,6.589996246475494e-07,1.1059455573558807e-09,0.9983217812029144,True,32,24,float32,6.590259431504819e-07,3.9937052993967864e-05,True,6.589996246475494e-07,False,0.001,b6871586d3b32c07b7aa0f0ad397d93be167aef482939472ec6418738e4fdae6,"[2048, 6144]",3929132868725582855,6.589996246475494e-07
ruler_vt_16k:0091,ruler_vt_16k,6,20260930,gaussian_bf16_scalar_bracket_binary_v1,8,6,True,4.176410121203844e-05,4.176410619070727e-05,15,cuda:0,bfloat16,6.589996246475494e-07,1.1028777890942365e-09,0.9983264363926093,True,32,24,float32,6.590364591829712e-07,5.589462276477576e-05,True,6.589996246475494e-07,False,0.001,26c6ed34c19746a324547182aea902ffb08ec678aae5f43aa6eb3eba84890496,"[2048, 6144]",2794181429671970467,6.589996246475494e-07
ruler_vt_16k:0091,ruler_vt_16k,12,20260926,gaussian_bf16_scalar_bracket_binary_v1,32,7,True,4.009041492913923e-05,4.009041253956429e-05,40,cuda:0,bfloat16,6.031468160472286e-07,1.0815754958315438e-09,0.9982067790676245,True,32,24,float32,6.041795472810918e-07,0.001712238556826425,True,6.031468160472286e-07,False,0.001,91f5f640e476c53c1c1c2a480db761b02d9112677af537c0a8c74ee2ca7e7c66,"[2048, 6144]",1294211226510214460,6.031468160472286e-07
ruler_vt_16k:0091,ruler_vt_16k,12,20260927,gaussian_bf16_scalar_bracket_binary_v1,9,7,True,4.00338699151348e-05,4.00338699151348e-05,17,cuda:0,bfloat16,6.031468160472286e-07,1.336005306384891e-09,0.9977849417905569,True,32,24,float32,6.031551151863823e-07,1.3759733008402579e-05,True,6.031468160472286e-07,False,0.001,0b400f3ac73ebefdbaa1ee11e6e6bde08376a04338f32d580b26a7d53fc9ffd6,"[2048, 6144]",810664678051987197,6.031468160472286e-07
ruler_vt_16k:0091,ruler_vt_16k,12,20260928,gaussian_bf16_scalar_bracket_binary_v1,9,6,True,3.833751949500197e-05,3.833751949500197e-05,16,cuda:0,bfloat16,6.031468160472286e-07,1.3998798786829525e-09,0.9976790395946096,True,32,24,float32,6.036482318449998e-07,0.0008313329100487613,True,6.031468160472286e-07,False,0.001,071b55610e5e1e994b32ada31ac5280b24e96855318823c87327b566d19afc5c,"[2048, 6144]",512096857977921177,6.031468160472286e-07
ruler_vt_16k:0091,ruler_vt_16k,12,20260929,gaussian_bf16_scalar_bracket_binary_v1,32,7,True,3.8643804987525954e-05,3.8643804987525954e-05,40,cuda:0,bfloat16,6.031468160472286e-07,1.0961611618398592e-09,0.9981825964546681,True,32,24,float32,6.04226443101652e-07,0.0017899904727985629,True,6.031468160472286e-07,False,0.001,ff34d4789d26d67cf3692f43cb7cf585a783f1162bd1445af661ea27cc423607,"[2048, 6144]",9166184756103534204,6.031468160472286e-07
ruler_vt_16k:0091,ruler_vt_16k,12,20260930,gaussian_bf16_scalar_bracket_binary_v1,6,7,True,3.920454304306986e-05,3.9204540706296997e-05,14,cuda:0,bfloat16,6.031468160472286e-07,1.383446357472451e-09,0.9977062858981185,True,32,24,float32,6.029317773936782e-07,0.0003565278765122394,True,6.031468160472286e-07,False,0.001,e2b585b2bd6b7e5553bf5a4894ad67aba26edaac558513cbd46833973935b0ec,"[2048, 6144]",7112738189230177877,6.031468160472286e-07
ruler_vt_16k:0091,ruler_vt_16k,18,20260926,gaussian_bf16_scalar_bracket_binary_v1,8,6,True,8.128409454855046e-05,8.128408970364088e-05,15,cuda:0,bfloat16,1.7067526414393797e-06,5.6492175382061305e-09,0.9966900783388025,True,32,24,float32,1.7079587451007683e-06,0.0007066657652109822,True,1.7067526414393797e-06,False,0.001,3a6b649a2cecedf9798764c7df9c8a62b670b88f235a3d57b652efd2eafae231,"[2048, 6144]",4209568890049326585,1.7067526414393797e-06
ruler_vt_16k:0091,ruler_vt_16k,18,20260927,gaussian_bf16_scalar_bracket_binary_v1,6,6,True,8.107075046837053e-05,8.107075046837053e-05,13,cuda:0,bfloat16,1.7067526414393797e-06,5.720143025911284e-09,0.9966485225292593,True,32,24,float32,1.7077076108762412e-06,0.0005595242179067066,True,1.7067526414393797e-06,False,0.001,cf009acb3d99c55f34614bb2821b727a79ef8da22a9d1e1e3af120ebbfe6aa41,"[2048, 6144]",5692720126698833247,1.7067526414393797e-06
ruler_vt_16k:0091,ruler_vt_16k,18,20260928,gaussian_bf16_scalar_bracket_binary_v1,8,6,True,8.085740638819061e-05,8.085740156871363e-05,15,cuda:0,bfloat16,1.7067526414393797e-06,5.690375726175034e-09,0.9966659634278485,True,32,24,float32,1.7062337747120182e-06,0.0003040081583959773,True,1.7067526414393797e-06,False,0.001,afaa68c71170d6853aa481df3675903cb342330dba243b317d9a420db76a65a7,"[2048, 6144]",3434672870023812741,1.7067526414393797e-06
ruler_vt_16k:0091,ruler_vt_16k,18,20260929,gaussian_bf16_scalar_bracket_binary_v1,9,6,True,8.11774225084605e-05,8.11774225084605e-05,16,cuda:0,bfloat16,1.7067526414393797e-06,5.45702638632406e-09,0.9968026846692196,True,32,24,float32,1.705486965875025e-06,0.0007415694188042101,True,1.7067526414393797e-06,False,0.001,cc0d6ad67bcb985e2ee1bca872746982a70a6c0ed2fd620525e59a5c1586edea,"[2048, 6144]",5480153791012247646,1.7067526414393797e-06
ruler_vt_16k:0091,ruler_vt_16k,18,20260930,gaussian_bf16_scalar_bracket_binary_v1,8,6,True,8.17107827089103e-05,8.17107827089103e-05,15,cuda:0,bfloat16,1.7067526414393797e-06,4.786938845313671e-09,0.9971952943097386,True,32,24,float32,1.7055185708159115e-06,0.0007230518315925358,True,1.7067526414393797e-06,False,0.001,7021311d06af8219cebd10a45890fe06fdcde64432bbb6065fe259239037a05c,"[2048, 6144]",8079793207215358489,1.7067526414393797e-06
ruler_vt_16k:0091,ruler_vt_16k,24,20260926,gaussian_bf16_scalar_bracket_binary_v1,9,6,True,0.00014493830863671064,0.00014493829135871783,16,cuda:0,bfloat16,3.9777237361704465e-06,1.799934779000978e-08,0.9954749628219937,True,32,24,float32,3.978454515163321e-06,0.00018371788523908534,True,3.9777237361704465e-06,False,0.001,834ff4ec11443e9b645a6082bd64dd4208152e17d1a93cc278aee7bacb106b61,"[2048, 6144]",238678600013069979,3.9777237361704465e-06
ruler_vt_16k:0091,ruler_vt_16k,24,20260927,gaussian_bf16_scalar_bracket_binary_v1,9,6,True,0.00014294944676862542,0.00014294943824817442,16,cuda:0,bfloat16,3.9777237361704465e-06,1.8563589776476874e-08,0.9953331123507464,True,32,24,float32,3.9805154301575385e-06,0.0007018320457266614,True,3.9777237361704465e-06,False,0.001,6820d105fc8f24e7f81b18be2c6e5b389192cf38425c223c5856d77437c4dce8,"[2048, 6144]",7503226802841527527,3.9777237361704465e-06
ruler_vt_16k:0091,ruler_vt_16k,24,20260928,gaussian_bf16_scalar_bracket_binary_v1,8,6,True,0.0001446897009032,0.00014468969227902177,15,cuda:0,bfloat16,3.9777237361704465e-06,1.7040633792930748e-08,0.9957159835817717,True,32,24,float32,3.981295321864309e-06,0.0008978968703595372,True,3.9777237361704465e-06,False,0.001,fd503d058f8b75250e0120b490b425f0abb8c100ad9e3fc508dafdd212f9bbfc,"[2048, 6144]",9029784346970256677,3.9777237361704465e-06
ruler_vt_16k:0091,ruler_vt_16k,24,20260929,gaussian_bf16_scalar_bracket_binary_v1,8,6,True,0.00014270083903511477,0.00014270083903511477,15,cuda:0,bfloat16,3.9777237361704465e-06,1.9783499283221317e-08,0.9950264270232432,True,32,24,float32,3.980776909884298e-06,0.0007675680656473049,True,3.9777237361704465e-06,False,0.001,06c0ff5425494dadaa02ba80e3133f272d1aa74a907446253f7f0727d15b3029,"[2048, 6144]",486669496623910317,3.9777237361704465e-06
ruler_vt_16k:0091,ruler_vt_16k,24,20260930,gaussian_bf16_scalar_bracket_binary_v1,6,6,True,0.0001451869163702213,0.0001451869077164067,13,cuda:0,bfloat16,3.9777237361704465e-06,1.5989847668151924e-08,0.9959801512803033,True,32,24,float32,3.9769665818312205e-06,0.00019034864898760242,True,3.9777237361704465e-06,False,0.001,aeda2d2df87c1d52c39f9d95246575c075a778da8404e9c32b6b2e373603e453,"[2048, 6144]",3376060546133269842,3.9777237361704465e-06
ruler_vt_16k:0098,ruler_vt_16k,0,20260926,gaussian_bf16_scalar_bracket_binary_v1,7,7,True,2.1852839005020996e-05,2.1852839005020996e-05,15,cuda:0,bfloat16,2.2413168210277945e-07,1.317732034600283e-10,0.9994120723932299,True,32,24,float32,2.2426600310154754e-07,0.0005992950104505713,True,2.2413168210277945e-07,False,0.001,888f23e8a9bbda654916c7137bcecfd1c63e566c4ff853f39590bb9ce15ea4da,"[2048, 6144]",616751156160092773,2.2413168210277945e-07
ruler_vt_16k:0098,ruler_vt_16k,0,20260927,gaussian_bf16_scalar_bracket_binary_v1,32,7,True,2.1481620906538268e-05,2.1481620906538268e-05,40,cuda:0,bfloat16,2.2413168210277945e-07,1.4108605950191588e-10,0.9993705215693817,True,32,24,float32,2.233334015500077e-07,0.0035616586877962753,True,2.2413168210277945e-07,False,0.001,1c9367e68abd2d5710b6db159fc142d644dbadf294a59601b476332311d0967c,"[2048, 6144]",2059103694506241367,2.2413168210277945e-07
ruler_vt_16k:0098,ruler_vt_16k,0,20260928,gaussian_bf16_scalar_bracket_binary_v1,32,7,True,2.081622997529564e-05,2.081622997529564e-05,40,cuda:0,bfloat16,2.2413168210277945e-07,5.999908209153304e-11,0.9997323043242766,True,32,24,float32,2.2467322935426637e-07,0.0024162012545757903,True,2.2413168210277945e-07,False,0.001,29700cb765dc9ab6200829e42b83282978856a9d112c2eab920b1cffc1543ed6,"[2048, 6144]",2985900534774143670,2.2413168210277945e-07
ruler_vt_16k:0098,ruler_vt_16k,0,20260929,gaussian_bf16_scalar_bracket_binary_v1,10,7,True,2.1390567410684014e-05,2.1390567410684014e-05,18,cuda:0,bfloat16,2.2413168210277945e-07,4.8263244095680946e-11,0.9997846656767001,True,32,24,float32,2.2405707511552464e-07,0.00033287122353634145,True,2.2413168210277945e-07,False,0.001,028a46d2a8d768896ee51357f44197d9b0ca8dc1cfd012ad7acf256ab82d9881,"[2048, 6144]",183036605451692169,2.2413168210277945e-07
ruler_vt_16k:0098,ruler_vt_16k,0,20260930,gaussian_bf16_scalar_bracket_binary_v1,9,7,True,2.160069086265537e-05,2.160069086265537e-05,17,cuda:0,bfloat16,2.2413168210277945e-07,3.7834979593753815e-10,0.998311930770394,True,32,24,float32,2.2410100086744933e-07,0.00013688932792665928,True,2.2413168210277945e-07,False,0.001,1b4818f7cf2356e53369be1fee383c4a877507e3642ad23ba7c9989eda173088,"[2048, 6144]",1965848689958409957,2.2413168210277945e-07
ruler_vt_16k:0098,ruler_vt_16k,6,20260926,gaussian_bf16_scalar_bracket_binary_v1,32,7,True,2.3247290615202587e-05,2.3247290615202587e-05,40,cuda:0,bfloat16,2.756765979938791e-07,2.968019996441029e-10,0.9989233688974546,True,32,24,float32,2.763544841855037e-07,0.0024589907034459893,True,2.756765979938791e-07,False,0.001,73db415346ec0ab0fe3ec08fab0f46fe8fb03fa2a3867db77751dfeee0e0cb16,"[2048, 6144]",8348338160189311664,2.756765979938791e-07
ruler_vt_16k:0098,ruler_vt_16k,6,20260927,gaussian_bf16_scalar_bracket_binary_v1,32,7,True,2.3919252322812667e-05,2.391925089711413e-05,40,cuda:0,bfloat16,2.756765979938791e-07,2.3999632836613216e-10,0.9991294279960192,True,32,24,float32,2.7524757229002716e-07,0.0015562645033129516,True,2.756765979938791e-07,False,0.001,c09d2312875932958bee709360726bb21e5787614d73748d56c21b7c321628b1,"[2048, 6144]",4655916152258114197,2.756765979938791e-07
ruler_vt_16k:0098,ruler_vt_16k,6,20260928,gaussian_bf16_scalar_bracket_binary_v1,8,7,True,2.3501429978978194e-05,2.3501429978978194e-05,16,cuda:0,bfloat16,2.756765979938791e-07,3.394060588135517e-10,0.9987688252783028,True,32,24,float32,2.755093362338812e-07,0.0006067318053657979,True,2.756765979938791e-07,False,0.001,7d2aea53c9bdf406268437ab5d8acb19bbe14ed2fd2f34d4974bcaf13ef8b79a,"[2048, 6144]",9019278849350693894,2.756765979938791e-07
ruler_vt_16k:0098,ruler_vt_16k,6,20260929,gaussian_bf16_scalar_bracket_binary_v1,32,7,True,2.34175693732408e-05,2.34175693732408e-05,40,cuda:0,bfloat16,2.756765979938791e-07,1.7462298274040222e-10,0.9993665658093174,True,32,24,float32,2.7639313771032903e-07,0.0025992040008627243,True,2.756765979938791e-07,False,0.001,1230a0144d9803f6db997e0cdfda66e6e7987532e4b0edb39996517fa59780fa,"[2048, 6144]",1310723500626412534,2.756765979938791e-07
ruler_vt_16k:0098,ruler_vt_16k,6,20260930,gaussian_bf16_scalar_bracket_binary_v1,4,7,True,2.3156834231485846e-05,2.3156834231485846e-05,12,cuda:0,bfloat16,2.756765979938791e-07,2.7915414424484197e-10,0.9989873854136467,True,32,24,float32,2.7579190486903826e-07,0.0004182686379556571,True,2.756765979938791e-07,False,0.001,263acf2991ae8820f4263dc1092a06459dce9e5f87da96e9d1b230e9f3d1878f,"[2048, 6144]",2754741899535222816,2.756765979938791e-07
ruler_vt_16k:0098,ruler_vt_16k,12,20260926,gaussian_bf16_scalar_bracket_binary_v1,7,7,True,2.0755612545997337e-05,2.0755611308866426e-05,15,cuda:0,bfloat16,2.2198516091975762e-07,1.7477450042768794e-10,0.9992126748486091,True,32,24,float32,2.2182135239745548e-07,0.0007379255515252499,True,2.2198516091975762e-07,False,0.001,11c0ebad32fb0d861f5820c767e0732debe0436afa9c88bde6bf7fde6e380be5,"[2048, 6144]",1279281423290404230,2.2198516091975762e-07
ruler_vt_16k:0098,ruler_vt_16k,12,20260927,gaussian_bf16_scalar_bracket_binary_v1,11,7,True,2.1900223531989838e-05,2.1900223531989838e-05,19,cuda:0,bfloat16,2.2198516091975762e-07,9.680031776149178e-11,0.9995639333847343,True,32,24,float32,2.2216175921130343e-07,0.000795540975865731,True,2.2198516091975762e-07,False,0.001,467384812dc83e6957fac9dbb7e767620dcb812484765d09664056a002d5f129,"[2048, 6144]",5076546895330426473,2.2198516091975762e-07
ruler_vt_16k:0098,ruler_vt_16k,12,20260928,gaussian_bf16_scalar_bracket_binary_v1,9,7,True,2.1671301334791337e-05,2.1671301334791337e-05,17,cuda:0,bfloat16,2.2198516091975762e-07,2.8076146962874304e-10,0.9987352241543288,True,32,24,float32,2.221946289182597e-07,0.0009436126164207672,True,2.2198516091975762e-07,False,0.001,bcfb69e2a14dcc86ba5c297e495d420d8eb56e551934f89930c92b297291691d,"[2048, 6144]",4394222283519806598,2.2198516091975762e-07
ruler_vt_16k:0098,ruler_vt_16k,12,20260929,gaussian_bf16_scalar_bracket_binary_v1,5,7,True,2.0866605126457216e-05,2.0866605126457216e-05,13,cuda:0,bfloat16,2.2198516091975762e-07,4.949790577413182e-10,0.9977702155599479,True,32,24,float32,2.2180302039487287e-07,0.000820507659746606,True,2.2198516091975762e-07,False,0.001,6beb65fdb3c8170c79107cf9d47ee4b99f55fd44a631541c35f0fd349ce6dd1e,"[2048, 6144]",7776421321902659340,2.2198516091975762e-07
ruler_vt_16k:0098,ruler_vt_16k,12,20260930,gaussian_bf16_scalar_bracket_binary_v1,13,7,True,2.052148757158978e-05,2.052148757158978e-05,21,cuda:0,bfloat16,2.2198516091975762e-07,6.507814426237601e-11,0.9997068356101249,True,32,24,float32,2.2203343519322516e-07,0.00021746621831623787,True,2.2198516091975762e-07,False,0.001,ec9fe908acc783aca2f337843ea4fdaa7caf90588168bdd6671e927a172ca85b,"[2048, 6144]",7827230900860978092,2.2198516091975762e-07
ruler_vt_16k:0098,ruler_vt_16k,18,20260926,gaussian_bf16_scalar_bracket_binary_v1,32,7,True,2.6951200045033374e-05,2.6951200045033374e-05,40,cuda:0,bfloat16,3.3075298233598005e-07,5.710583672602354e-10,0.9982734596579385,True,32,24,float32,3.3018181966326665e-07,0.0017268556996206004,True,3.3075298233598005e-07,False,0.001,d9ac55d57b228b3be57683d30fd71c69a55f42f40fa42bba25f48e341de049d8,"[2048, 6144]",6461633940752075579,3.3075298233598005e-07
ruler_vt_16k:0098,ruler_vt_16k,18,20260927,gaussian_bf16_scalar_bracket_binary_v1,11,7,True,2.7442161503188345e-05,2.7442159867508055e-05,19,cuda:0,bfloat16,3.3075298233598005e-07,7.128953538604321e-10,0.9978446290980492,True,32,24,float32,3.308076941266336e-07,0.00016541586493678623,True,3.3075298233598005e-07,False,0.001,960bb801ccefd6167e3a6021ade39097c206555c5beb6dc612263563462b4e1a,"[2048, 6144]",1588565611450979862,3.3075298233598005e-07
ruler_vt_16k:0098,ruler_vt_16k,18,20260928,gaussian_bf16_scalar_bracket_binary_v1,32,7,True,2.6925359968288376e-05,2.692535836341186e-05,40,cuda:0,bfloat16,3.3075298233598005e-07,4.4329634407702656e-10,0.9986597359124438,True,32,24,float32,3.313913907732058e-07,0.001930166835433814,True,3.3075298233598005e-07,False,0.001,73a9f00ef3767939927ba5908f38b65cdfcfc6489d231e7b577fc81ee1fb891e,"[2048, 6144]",8334456532430649657,3.3075298233598005e-07
ruler_vt_16k:0098,ruler_vt_16k,18,20260929,gaussian_bf16_scalar_bracket_binary_v1,8,7,True,2.687367981479838e-05,2.687367821300224e-05,16,cuda:0,bfloat16,3.3075298233598005e-07,4.257523222861437e-10,0.9987127785839474,True,32,24,float32,3.3070372751353716e-07,0.00014891724360283144,True,3.3075298233598005e-07,False,0.001,3d45db508d42b81a064fa648553ed568b6f6fff644c6a87a4d8002ee6246acb9,"[2048, 6144]",4415176148720465946,3.3075298233598005e-07
ruler_vt_16k:0098,ruler_vt_16k,18,20260930,gaussian_bf16_scalar_bracket_binary_v1,9,7,True,2.6088141481750426e-05,2.6088139926776022e-05,17,cuda:0,bfloat16,3.3075298233598005e-07,3.958549044114079e-10,0.9988031705667001,True,32,24,float32,3.304283779925754e-07,0.0009814101784119665,True,3.3075298233598005e-07,False,0.001,1d47fb529260e8af22da784319599a21788a2fb636a136bfe60daf0655f27b33,"[2048, 6144]",2109931282508081327,3.3075298233598005e-07
ruler_vt_16k:0098,ruler_vt_16k,24,20260926,gaussian_bf16_scalar_bracket_binary_v1,10,7,True,3.3376838063148284e-05,3.3376838063148284e-05,18,cuda:0,bfloat16,4.4539567056745e-07,3.540633897181067e-10,0.9992050587531149,True,32,24,float32,4.450951394119329e-07,0.0006747509582529272,True,4.4539567056745e-07,False,0.001,a918e3e6af49ca120ab1c6cff04faf5cdb2b770ed4cc9a1d7012a78a00a6aa2b,"[2048, 6144]",2961367334918933010,4.4539567056745e-07
ruler_vt_16k:0098,ruler_vt_16k,24,20260927,gaussian_bf16_scalar_bracket_binary_v1,7,7,True,3.4963560139544825e-05,3.4963560139544825e-05,15,cuda:0,bfloat16,4.4539567056745e-07,6.984919309616089e-10,0.9984317496169828,True,32,24,float32,4.454397242170671e-07,9.890902073879679e-05,True,4.4539567056745e-07,False,0.001,25aaf0747f214312a3aa9feb664660c91261562320c095292c788653bce1ff7b,"[2048, 6144]",2714246108583904018,4.4539567056745e-07
ruler_vt_16k:0098,ruler_vt_16k,24,20260928,gaussian_bf16_scalar_bracket_binary_v1,8,7,True,3.396141988076806e-05,3.396141988076806e-05,16,cuda:0,bfloat16,4.4539567056745e-07,5.964510552125546e-10,0.998660851250636,True,32,24,float32,4.4567923396243714e-07,0.0006366550322006294,True,4.4539567056745e-07,False,0.001,3c95c1a15efc2d925efc835a4a2ed05d69f9850047fac29a20ed0772ddf0a5ee,"[2048, 6144]",4365608312633044370,4.4539567056745e-07
ruler_vt_16k:0098,ruler_vt_16k,24,20260929,gaussian_bf16_scalar_bracket_binary_v1,11,7,True,3.533936273658611e-05,3.533936063019595e-05,19,cuda:0,bfloat16,4.4539567056745e-07,6.5854449671221e-10,0.9985214393847314,True,32,24,float32,4.4554266764862405e-07,0.00033003706791035934,True,4.4539567056745e-07,False,0.001,4796971bee6d2ee34eaec556cd3e951373f06861d821556d95885dc5eeead3aa,"[2048, 6144]",5158476569419525859,4.4539567056745e-07
ruler_vt_16k:0098,ruler_vt_16k,24,20260930,gaussian_bf16_scalar_bracket_binary_v1,10,7,True,3.3376838063148284e-05,3.3376838063148284e-05,18,cuda:0,bfloat16,4.4539567056745e-07,3.7271088992874013e-10,0.9991631914844302,True,32,24,float32,4.450364201602497e-07,0.0008065871110570266,True,4.4539567056745e-07,False,0.001,fbbad0405f8ac9c56c61a21e552ee35947b1f1537f13acae39279d25e79913d2,"[2048, 6144]",8915667387232733637,4.4539567056745e-07
ruler_vt_16k:0108,ruler_vt_16k,0,20260926,gaussian_bf16_scalar_bracket_binary_v1,32,7,True,2.126445558836565e-05,2.126445558836565e-05,40,cuda:0,bfloat16,2.2413128419884742e-07,2.957298572692224e-10,0.9986805507391514,True,32,24,float32,2.2332309868033917e-07,0.003605857707000142,True,2.2413128419884742e-07,False,0.001,a1d21a104c3abf4b9644026538f5f679b9804e482ace89a99a9b887c56751ab2,"[2048, 6144]",2437039005661577035,2.2413128419884742e-07
ruler_vt_16k:0108,ruler_vt_16k,0,20260927,gaussian_bf16_scalar_bracket_binary_v1,32,7,True,2.10893530225853e-05,2.10893530225853e-05,40,cuda:0,bfloat16,2.2413128419884742e-07,3.231049594543123e-10,0.9985584120458273,True,32,24,float32,2.2384132591923844e-07,0.0012936983814884721,True,2.2413128419884742e-07,False,0.001,83406601f986e0f32061480c052c4e38e31207a5553526cfae43d2f228ef3884,"[2048, 6144]",234299339290632435,2.2413128419884742e-07
ruler_vt_16k:0108,ruler_vt_16k,0,20260928,gaussian_bf16_scalar_bracket_binary_v1,8,7,True,2.1572636104139065e-05,2.1572636104139065e-05,16,cuda:0,bfloat16,2.2413128419884742e-07,2.549701560994322e-10,0.9988624071065723,True,32,24,float32,2.2392397625026206e-07,0.0009249398151908367,True,2.2413128419884742e-07,False,0.001,d5fabfbbf46b8920befaac6b52301f92f6ceefe066da086f6300a8ba93a57688,"[2048, 6144]",6195475051382016288,2.2413128419884742e-07
ruler_vt_16k:0108,ruler_vt_16k,0,20260929,gaussian_bf16_scalar_bracket_binary_v1,7,7,True,2.1628668925188776e-05,2.1628668925188776e-05,15,cuda:0,bfloat16,2.2413128419884742e-07,9.203439399474433e-11,0.9995893728342131,True,32,24,float32,2.243165369009148e-07,0.0008265365664126506,True,2.2413128419884742e-07,False,0.001,c96ab144f1150830af9ce8d747ec1a5cd8e00edbd029078ae489779a03cd7de6,"[2048, 6144]",5290235621960648752,2.2413128419884742e-07
ruler_vt_16k:0108,ruler_vt_16k,0,20260930,gaussian_bf16_scalar_bracket_binary_v1,32,7,True,2.1208422767315938e-05,2.1208421503195432e-05,40,cuda:0,bfloat16,2.2413128419884742e-07,3.5585309698937806e-10,0.9984123006377206,True,32,24,float32,2.2349669848154008e-07,0.00283131254780277,True,2.2413128419884742e-07,False,0.001,dc8bd30e0a3aee478c96a8aa0a81b6b53130ecc5fd3368aff1d91d9bc4c1e90e,"[2048, 6144]",6668655730506788423,2.2413128419884742e-07
ruler_vt_16k:0108,ruler_vt_16k,6,20260926,gaussian_bf16_scalar_bracket_binary_v1,9,7,True,2.3890648563451578e-05,2.3890648563451578e-05,17,cuda:0,bfloat16,2.757939228104078e-07,1.4257907354764399e-10,0.9994830231496955,True,32,24,float32,2.757797687991115e-07,5.132096875851485e-05,True,2.757939228104078e-07,False,0.001,34c58e0c408042c12f736192dca87e259d936beb6653f206ff9b5b964fdac236,"[2048, 6144]",3802601643657151169,2.757939228104078e-07
ruler_vt_16k:0108,ruler_vt_16k,6,20260927,gaussian_bf16_scalar_bracket_binary_v1,9,7,True,2.3821700082748976e-05,2.3821698662865003e-05,17,cuda:0,bfloat16,2.757939228104078e-07,3.6350672472096335e-10,0.9986819625283373,True,32,24,float32,2.7552135861697025e-07,0.0009882893381408784,True,2.757939228104078e-07,False,0.001,ff709b58f5429149cc35a446a43f3205f686f4e5630cad9cc89ed18e4b21a170,"[2048, 6144]",9183010446582649161,2.757939228104078e-07
ruler_vt_16k:0108,ruler_vt_16k,6,20260928,gaussian_bf16_scalar_bracket_binary_v1,7,7,True,2.3856174323100277e-05,2.3856174323100277e-05,15,cuda:0,bfloat16,2.757939228104078e-07,3.394060588135517e-10,0.9987693490293226,True,32,24,float32,2.7563979188016674e-07,0.0005588626778663174,True,2.757939228104078e-07,False,0.001,63a33310e44eb74801deb33162f8ff379549807ac31682e5484aab0cf67fa780,"[2048, 6144]",7179638378601559880,2.757939228104078e-07
ruler_vt_16k:0108,ruler_vt_16k,6,20260929,gaussian_bf16_scalar_bracket_binary_v1,4,7,True,2.3166689516074257e-05,2.3166689516074257e-05,12,cuda:0,bfloat16,2.757939228104078e-07,3.134578430152857e-10,0.9988634345535207,True,32,24,float32,2.757448100965121e-07,0.00017807757834279852,True,2.757939228104078e-07,False,0.001,5072779330eb03e92ff9b840ddcbddb4d28e2355502a3f0d11772d8ffb022690,"[2048, 6144]",5796827144443855849,2.757939228104078e-07
ruler_vt_16k:0108,ruler_vt_16k,6,20260930,gaussian_bf16_scalar_bracket_binary_v1,8,7,True,2.433881368801849e-05,2.433881368801849e-05,16,cuda:0,bfloat16,2.757939228104078e-07,4.583275703406997e-10,0.9983381520315233,True,32,24,float32,2.75678900152343e-07,0.0004170601617785333,True,2.757939228104078e-07,False,0.001,2e1cb76ffb670e49525548aacd3d30305484cd46c5b67900b1744529ef07adbc,"[2048, 6144]",3322732316679671369,2.757939228104078e-07
ruler_vt_16k:0108,ruler_vt_16k,12,20260926,gaussian_bf16_scalar_bracket_binary_v1,32,7,True,2.139292216796207e-05,2.139292216796207e-05,40,cuda:0,bfloat16,2.315877907221875e-07,3.1690114421500937e-10,0.9986316154956754,True,32,24,float32,2.3203789112358209e-07,0.0019435411512454606,True,2.315877907221875e-07,False,0.001,af50f92d46b8f564796ce1f0c9f355ed371d1cf91b0f306905682f34b491bfab,"[2048, 6144]",3409498890774836580,2.315877907221875e-07
ruler_vt_16k:0108,ruler_vt_16k,12,20260927,gaussian_bf16_scalar_bracket_binary_v1,11,7,True,2.1631747077144325e-05,2.1631745787791725e-05,19,cuda:0,bfloat16,2.315877907221875e-07,3.6763392330385614e-10,0.9984125504969091,True,32,24,float32,2.3158675332979328e-07,4.4794779162352354e-06,True,2.315877907221875e-07,False,0.001,271b7b485c0fc7082ad188bc57181b4fed848d4ec5c8fd9a69d8fb1c9eea9d78,"[2048, 6144]",2817981542562776840,2.315877907221875e-07
ruler_vt_16k:0108,ruler_vt_16k,12,20260928,gaussian_bf16_scalar_bracket_binary_v1,10,7,True,2.0481045241993456e-05,2.0481045241993456e-05,18,cuda:0,bfloat16,2.315877907221875e-07,3.376075807803858e-10,0.9985422047521263,True,32,24,float32,2.315747025249948e-07,5.6515056997981533e-05,True,2.315877907221875e-07,False,0.001,93486b8ddc2ed99130f635b280c5d21eca09507507e0eb824d1fc8b7d2df59a6,"[2048, 6144]",1389478742072416657,2.315877907221875e-07
ruler_vt_16k:0108,ruler_vt_16k,12,20260929,gaussian_bf16_scalar_bracket_binary_v1,32,7,True,2.121923132492043e-05,2.121923132492043e-05,40,cuda:0,bfloat16,2.315877907221875e-07,4.011686260962932e-10,0.998267747082671,True,32,24,float32,2.3235600110638188e-07,0.003317145441038964,True,2.315877907221875e-07,False,0.001,1e8b6cd78147408c08d245f73f6fb1dc6d1cffc416a9ece31444b7b843fcb6b0,"[2048, 6144]",2200972515743318156,2.315877907221875e-07
ruler_vt_16k:0108,ruler_vt_16k,12,20260930,gaussian_bf16_scalar_bracket_binary_v1,9,7,True,2.098764353419824e-05,2.098764353419824e-05,17,cuda:0,bfloat16,2.315877907221875e-07,1.4857926000644284e-10,0.9993584322405636,True,32,24,float32,2.317357825631916e-07,0.0006390312742421061,True,2.315877907221875e-07,False,0.001,77ccb78c8ebe1370d33c78763f2d639a43a6258d2179a41b0db0ed12929aaaed,"[2048, 6144]",8632476400080524144,2.315877907221875e-07
ruler_vt_16k:0108,ruler_vt_16k,18,20260926,gaussian_bf16_scalar_bracket_binary_v1,14,7,True,2.0549740722464183e-05,2.0549739497604186e-05,22,cuda:0,bfloat16,2.136512051720274e-07,2.346425831412091e-10,0.9989017493116771,True,32,24,float32,2.1346136236388702e-07,0.0008885641809861367,True,2.136512051720274e-07,False,0.001,1a87d97a5d8f0f87f5e599eaa24804ca48231dd27b5be17281c1665a61e9214c,"[2048, 6144]",1911735686420959111,2.136512051720274e-07
ruler_vt_16k:0108,ruler_vt_16k,18,20260927,gaussian_bf16_scalar_bracket_binary_v1,32,7,True,1.9559100173482946e-05,1.9559100173482946e-05,40,cuda:0,bfloat16,2.136512051720274e-07,2.098707041486847e-10,0.9990176947329659,True,32,24,float32,2.130416305590188e-07,0.0028531297659555605,True,2.136512051720274e-07,False,0.001,d9320639425248795e56788abb0e2c8e432f36ee1f92127e1d31349032720b28,"[2048, 6144]",6427206461206710393,2.136512051720274e-07
ruler_vt_16k:0108,ruler_vt_16k,18,20260928,gaussian_bf16_scalar_bracket_binary_v1,8,7,True,2.002980048487757e-05,2.002980048487757e-05,16,cuda:0,bfloat16,2.136512051720274e-07,1.7703169485905335e-10,0.9991713985665726,True,32,24,float32,2.135964223271003e-07,0.0002564125247175355,True,2.136512051720274e-07,False,0.001,0573650e9de22b9b86bda39830dbecb1e96b1301ecdda985be2606ca2cc558c2,"[2048, 6144]",392768705964157851,2.136512051720274e-07
ruler_vt_16k:0108,ruler_vt_16k,18,20260929,gaussian_bf16_scalar_bracket_binary_v1,5,7,True,2.0083213286170576e-05,2.0083213286170576e-05,13,cuda:0,bfloat16,2.136512051720274e-07,1.7462298274040222e-10,0.9991826726060365,True,32,24,float32,2.137441157401554e-07,0.0004348703207790524,True,2.136512051720274e-07,False,0.001,d1a7dce2cf92d1e47d00acf6a42709bbf734165aeda411256e3d3ef67045706a,"[2048, 6144]",5883914304886067684,2.136512051720274e-07
ruler_vt_16k:0108,ruler_vt_16k,18,20260930,gaussian_bf16_scalar_bracket_binary_v1,32,7,True,2.0470456095544876e-05,2.0470454875410612e-05,40,cuda:0,bfloat16,2.136512051720274e-07,3.394060588135517e-10,0.9984114011501116,True,32,24,float32,2.145132782516157e-07,0.004034955379232129,True,2.136512051720274e-07,False,0.001,599f64fecb0488cd2048f978a8d52b2ab74ef48e59c699d9c062d5e6205a12a7,"[2048, 6144]",6457991436163123405,2.136512051720274e-07
ruler_vt_16k:0108,ruler_vt_16k,24,20260926,gaussian_bf16_scalar_bracket_binary_v1,7,6,True,9.580195006719805e-05,9.580195006719805e-05,14,cuda:0,bfloat16,2.1408256998256547e-06,6.602914659481485e-09,0.996915715903439,True,32,24,float32,2.1408779957710067e-06,2.4427932342274418e-05,True,2.1408256998256547e-06,False,0.001,e53ddcb2d631dcc618109e3df6d3b9bd05bd44ef0f982fc1a345c80b832a0993,"[2048, 6144]",7295229632065952966,2.1408256998256547e-06
ruler_vt_16k:0108,ruler_vt_16k,24,20260927,gaussian_bf16_scalar_bracket_binary_v1,9,6,True,9.352732276113329e-05,9.352732276113329e-05,16,cuda:0,bfloat16,2.1408256998256547e-06,8.056663780564577e-09,0.9962366558934617,True,32,24,float32,2.1426153580250684e-06,0.0008359663281132258,True,2.1408256998256547e-06,False,0.001,7fe011fb0dd07124a008cc7b536b2577e902dcff764fd36d2949245682eec508,"[2048, 6144]",9214384607566262564,2.1408256998256547e-06
ruler_vt_16k:0108,ruler_vt_16k,24,20260928,gaussian_bf16_scalar_bracket_binary_v1,10,6,True,9.693926372023043e-05,9.693926372023043e-05,17,cuda:0,bfloat16,2.1408256998256547e-06,8.081856073260951e-09,0.9962248883344781,True,32,24,float32,2.142732682841597e-06,0.000890769863281111,True,2.1408256998256547e-06,False,0.001,bd0bad2d75cff35303e7376e6b9375dea9b2b020a5ea03c3f794e5568572b9b5,"[2048, 6144]",4398799871819117395,2.1408256998256547e-06
ruler_vt_16k:0108,ruler_vt_16k,24,20260929,gaussian_bf16_scalar_bracket_binary_v1,10,6,True,9.60026524765567e-05,9.60026524765567e-05,17,cuda:0,bfloat16,2.1408256998256547e-06,6.525491702547015e-09,0.996951880901337,True,32,24,float32,2.1394841951405397e-06,0.0006266295687800829,True,2.1408256998256547e-06,False,0.001,66b8fe615803aac64a01c93ab81714d9f4a756e1003f8947b1dd77ea22467d7b,"[2048, 6144]",7401945681625328326,2.1408256998256547e-06
ruler_vt_16k:0108,ruler_vt_16k,24,20260930,gaussian_bf16_scalar_bracket_binary_v1,8,6,True,9.660475970463267e-05,9.660475394654029e-05,15,cuda:0,bfloat16,2.1408256998256547e-06,7.605405194510695e-09,0.9964474430612776,True,32,24,float32,2.139857770089293e-06,0.000452129165135053,True,2.1408256998256547e-06,False,0.001,120aa1aa065a4b4f5607bdf92d4b9133c06d011b938794dc768e6623b207a4cd,"[2048, 6144]",1300029194072902479,2.1408256998256547e-06
ruler_vt_16k:0113,ruler_vt_16k,24,20260926,gaussian_bf16_scalar_bracket_binary_v1,3,6,True,9.43996210480691e-05,9.43996210480691e-05,10,cuda:0,bfloat16,2.1454459329106612e-06,6.775381589108065e-09,0.9968419704802739,True,32,24,float32,2.1475166249729227e-06,0.0009651569543177765,True,2.1454459329106612e-06,False,0.001,13b30d2983b55f2ee999328b7c5dc8dfd5aa9ec6576c6a9f2caa7ec93b1670d7,"[2048, 6144]",1419492779506360110,2.1454459329106612e-06
ruler_vt_16k:0113,ruler_vt_16k,24,20260927,gaussian_bf16_scalar_bracket_binary_v1,10,6,True,9.379621437943797e-05,9.379620878874794e-05,17,cuda:0,bfloat16,2.1454459329106612e-06,8.136797902125181e-09,0.9962074094819596,True,32,24,float32,2.1436505903693615e-06,0.0008368155606998093,True,2.1454459329106612e-06,False,0.001,7f9653d0745cb3279f58d75e4d8383399cb8f2252a4e55813b88344422c55844,"[2048, 6144]",9193627844093981479,2.1454459329106612e-06
ruler_vt_16k:0113,ruler_vt_16k,24,20260928,gaussian_bf16_scalar_bracket_binary_v1,9,6,True,9.453371141887601e-05,9.453370578422772e-05,16,cuda:0,bfloat16,2.1454459329106612e-06,7.0786354555707476e-09,0.996700622771711,True,32,24,float32,2.1433190795505652e-06,0.0009913339355098803,True,2.1454459329106612e-06,False,0.001,454adec2a6b17bdb157610b0440d59cc28a810711c076f799dbbed659ef0b89a,"[2048, 6144]",4993048064495287259,2.1454459329106612e-06
ruler_vt_16k:0113,ruler_vt_16k,24,20260929,gaussian_bf16_scalar_bracket_binary_v1,9,6,True,9.319280771080685e-05,9.319280215608264e-05,16,cuda:0,bfloat16,2.1454459329106612e-06,6.828182907980818e-09,0.9968173595972576,True,32,24,float32,2.146830411220435e-06,0.0006453102772417856,True,2.1454459329106612e-06,False,0.001,25de6b21c6f1d9668575b7315922968b307c824dbd81e4e71c79f1db715f3cab,"[2048, 6144]",2728736217048930662,2.1454459329106612e-06
ruler_vt_16k:0113,ruler_vt_16k,24,20260930,gaussian_bf16_scalar_bracket_binary_v1,8,6,True,9.252235585677226e-05,9.252235034201012e-05,15,cuda:0,bfloat16,2.1454459329106612e-06,5.783979073470391e-09,0.9973040667281587,True,32,24,float32,2.1468301838467596e-06,0.0006452042975608459,True,2.1454459329106612e-06,False,0.001,761888450e3dc36bd39ebc438be635a81c573c3c1f6f12f0bbc6d8d2a57fdd41,"[2048, 6144]",8509701326089601899,2.1454459329106612e-06
ruler_vt_16k:0123,ruler_vt_16k,0,20260926,gaussian_bf16_scalar_bracket_binary_v1,11,7,True,3.2335554697837665e-05,3.2335552770488414e-05,19,cuda:0,bfloat16,4.1572428699510056e-07,5.084848098135808e-10,0.9987768700898161,True,32,24,float32,4.155912165515474e-07,0.0003200930225053699,True,4.1572428699510056e-07,False,0.001,d41924981a0a8c64a8a263494168f747567167222a80b50488976abdbb578faa,"[2048, 6144]",6059915009294240868,4.1572428699510056e-07
ruler_vt_16k:0123,ruler_vt_16k,0,20260927,gaussian_bf16_scalar_bracket_binary_v1,10,7,True,3.1672994115439224e-05,3.167299222758166e-05,18,cuda:0,bfloat16,4.1572428699510056e-07,4.482840210151551e-10,0.9989216794999989,True,32,24,float32,4.155812121098279e-07,0.0003441581109124374,True,4.1572428699510056e-07,False,0.001,9ea3c9e7b2c8de31f4c590b5e87ec02cd48b8a1c6f1d8901e982c4486403cdf4,"[2048, 6144]",2207830239315811889,4.1572428699510056e-07
ruler_vt_16k:0123,ruler_vt_16k,0,20260928,gaussian_bf16_scalar_bracket_binary_v1,7,7,True,3.221863224212029e-05,3.221863224212029e-05,15,cuda:0,bfloat16,4.1572428699510056e-07,6.728589352356096e-10,0.9983814779259131,True,32,24,float32,4.157285502515151e-07,1.025500926437537e-05,True,4.1572428699510056e-07,False,0.001,261b5e9fa4be91bf2b567416e7eb448ccab8dd6d7539f653f94401d378de7bf6,"[2048, 6144]",2745892437569212863,4.1572428699510056e-07
ruler_vt_16k:0123,ruler_vt_16k,0,20260929,gaussian_bf16_scalar_bracket_binary_v1,32,7,True,3.3493005813289844e-05,3.349300980596727e-05,40,cuda:0,bfloat16,4.1572428699510056e-07,7.836445936604264e-10,0.9981149896261181,True,32,24,float32,4.1435131947764603e-07,0.003302591550227873,True,4.1572428699510056e-07,False,0.001,952351652d7298d1c49fcd4c2083adf63ef59b06da98d4ed1572775bd3fc7aae,"[2048, 6144]",1523150593977391313,4.1572428699510056e-07
ruler_vt_16k:0123,ruler_vt_16k,0,20260930,gaussian_bf16_scalar_bracket_binary_v1,32,7,True,3.201401794461489e-05,3.201401794461489e-05,40,cuda:0,bfloat16,4.1572428699510056e-07,5.628412735880772e-10,0.9986461188552241,True,32,24,float32,4.162311881827918e-07,0.0012193206015342314,True,4.1572428699510056e-07,False,0.001,20dc8682d13228e9dd9ea9bf588c524f7a5bfd16cd041509c1f64dda5bd6e018,"[2048, 6144]",2367915400503634153,4.1572428699510056e-07
ruler_vt_16k:0123,ruler_vt_16k,6,20260926,gaussian_bf16_scalar_bracket_binary_v1,9,6,True,4.071444212172537e-05,4.071444212172537e-05,16,cuda:0,bfloat16,6.50780293653952e-07,1.1742953276439039e-09,0.9981955579492879,True,32,24,float32,6.511655215035717e-07,0.0005919476256060977,True,6.50780293653952e-07,False,0.001,f4263465ba15a9419cf49a73dc3d0d7e758540b6e6e80e4e5634a7a11365f872,"[2048, 6144]",8369434569032968513,6.50780293653952e-07
ruler_vt_16k:0123,ruler_vt_16k,6,20260927,gaussian_bf16_scalar_bracket_binary_v1,6,6,True,4.132454864702595e-05,4.132454864702595e-05,13,cuda:0,bfloat16,6.50780293653952e-07,1.2538313720611427e-09,0.9980733415189614,True,32,24,float32,6.501796292468498e-07,0.0009229910815670112,True,6.50780293653952e-07,False,0.001,ec5d53037fab6d8cfac1a359c9b8c4434da06bba92d7491f9e43fca3e59ada0a,"[2048, 6144]",7808488603422256524,6.50780293653952e-07
ruler_vt_16k:0123,ruler_vt_16k,6,20260928,gaussian_bf16_scalar_bracket_binary_v1,9,7,True,4.303284691786757e-05,4.303284691786757e-05,17,cuda:0,bfloat16,6.50780293653952e-07,1.1612392158966145e-09,0.9982156201912991,True,32,24,float32,6.510152843475225e-07,0.0003610906720164687,True,6.50780293653952e-07,False,0.001,2ee0cf461a79b3c809e0368e3a1fb8271a270d7b9a60a8d4924e5ea20a971489,"[2048, 6144]",3377927620526715848,6.50780293653952e-07
ruler_vt_16k:0123,ruler_vt_16k,6,20260929,gaussian_bf16_scalar_bracket_binary_v1,32,6,True,4.089238985827137e-05,4.089238985827137e-05,39,cuda:0,bfloat16,6.50780293653952e-07,1.1301883873215957e-09,0.9982633334193697,True,32,24,float32,6.521271984638588e-07,0.0020696766989429668,True,6.50780293653952e-07,False,0.001,e66b556563c490a3aa28a776c96d3c1825c8a82de9d5c788a4661df5d82ce5d1,"[2048, 6144]",7380086308330573987,6.50780293653952e-07
ruler_vt_16k:0123,ruler_vt_16k,6,20260930,gaussian_bf16_scalar_bracket_binary_v1,32,7,True,4.173128633055967e-05,4.173128633055967e-05,40,cuda:0,bfloat16,6.50780293653952e-07,1.2402466831318293e-09,0.9980942159816054,True,32,24,float32,6.51990717415174e-07,0.0018599576124621877,True,6.50780293653952e-07,False,0.001,e23884252d59e8258e8bf48f43af715b0a2b714aca71bc69cca740109102d68e,"[2048, 6144]",7077552109622257701,6.50780293653952e-07
ruler_vt_16k:0123,ruler_vt_16k,12,20260926,gaussian_bf16_scalar_bracket_binary_v1,32,7,True,2.5641603148052194e-05,2.5641603148052194e-05,40,cuda:0,bfloat16,3.040201193016401e-07,5.206251540990081e-10,0.9982875305907553,True,32,24,float32,3.0361690050995094e-07,0.0013262898278422143,True,3.040201193016401e-07,False,0.001,bea08ea221aee6aad790a5f09526f31c12ef965c72c2caed6b4fd14b625bd83e,"[2048, 6144]",4512763653626193578,3.040201193016401e-07
ruler_vt_16k:0123,ruler_vt_16k,12,20260927,gaussian_bf16_scalar_bracket_binary_v1,32,7,True,2.4749137836899138e-05,2.474913636173557e-05,40,cuda:0,bfloat16,3.040201193016401e-07,3.3445671232534835e-10,0.9988998862539308,True,32,24,float32,3.047148879886663e-07,0.0022852720689083617,True,3.040201193016401e-07,False,0.001,c8b8da2c337ce7f68950510e798b151b580dbc4c5ab0601c0c7d6d0e9f320428,"[2048, 6144]",5240178049822812150,3.040201193016401e-07
ruler_vt_16k:0123,ruler_vt_16k,12,20260928,gaussian_bf16_scalar_bracket_binary_v1,6,7,True,2.5233669902036127e-05,2.5233669902036127e-05,14,cuda:0,bfloat16,3.040201193016401e-07,4.007064680067174e-10,0.9986819738478915,True,32,24,float32,3.0375480264410726e-07,0.0008726944063513829,True,3.040201193016401e-07,False,0.001,6b14dac169cfb4e69f5ef529293806c8831674c5cbb7b300f0b5bd24a387c42d,"[2048, 6144]",7716032585831265510,3.040201193016401e-07
ruler_vt_16k:0123,ruler_vt_16k,12,20260929,gaussian_bf16_scalar_bracket_binary_v1,8,7,True,2.4549624633607436e-05,2.454962317033578e-05,16,cuda:0,bfloat16,3.040201193016401e-07,3.8836170390688096e-10,0.9987225789372132,True,32,24,float32,3.0394710393011337e-07,0.00024016624851812564,True,3.040201193016401e-07,False,0.001,3d134078046461fe77e7bba501f661551f513a24df05c11c3397857332154f94,"[2048, 6144]",4400932145085047294,3.040201193016401e-07
ruler_vt_16k:0123,ruler_vt_16k,12,20260930,gaussian_bf16_scalar_bracket_binary_v1,32,7,True,2.489164726782178e-05,2.489164726782178e-05,40,cuda:0,bfloat16,3.040201193016401e-07,3.305559714839035e-10,0.9989127167891282,True,32,24,float32,3.0450891586042417e-07,0.0016077770112941708,True,3.040201193016401e-07,False,0.001,ced5c4e974f5d052958fdfa9c2fb0971a143881764f83c5c917f1e8ebb5e65c4,"[2048, 6144]",5680663011966439506,3.040201193016401e-07
ruler_vt_16k:0123,ruler_vt_16k,18,20260926,gaussian_bf16_scalar_bracket_binary_v1,7,6,True,9.945075777295642e-05,9.945075777295642e-05,14,cuda:0,bfloat16,2.3263335151568754e-06,8.158318465234515e-09,0.996493057245627,True,32,24,float32,2.328182745259255e-06,0.0007949118603723097,True,2.3263335151568754e-06,False,0.001,1bbf16de71aeb91b644dec2f2fd639cc1c10e0a75326bd1dce98025ac4cdfc29,"[2048, 6144]",1999341904221616411,2.3263335151568754e-06
ruler_vt_16k:0123,ruler_vt_16k,18,20260927,gaussian_bf16_scalar_bracket_binary_v1,8,6,True,9.85783827047726e-05,9.85783827047726e-05,15,cuda:0,bfloat16,2.3263335151568754e-06,8.905105985945738e-09,0.9961720424316093,True,32,24,float32,2.3258903638634365e-06,0.0001904934484034958,True,2.3263335151568754e-06,False,0.001,e0fa5a1c4128e0d8629f975811a39898ef17f1a5d3a4b1ad02cb29a7545114e0,"[2048, 6144]",6987996849217528024,2.3263335151568754e-06
ruler_vt_16k:0123,ruler_vt_16k,18,20260928,gaussian_bf16_scalar_bracket_binary_v1,8,6,True,9.974154946235103e-05,9.974154946235103e-05,15,cuda:0,bfloat16,2.3263335151568754e-06,9.024909708443829e-09,0.9961205434862872,True,32,24,float32,2.3254328880284447e-06,0.00038714445824845916,True,2.3263335151568754e-06,False,0.001,031511a1eea8348acc4f32082889e06baedb2bc7751a69d9e6c2ab033df80832,"[2048, 6144]",222103143816115338,2.3263335151568754e-06
ruler_vt_16k:0123,ruler_vt_16k,18,20260929,gaussian_bf16_scalar_bracket_binary_v1,5,6,True,0.00010003234115174564,0.00010003233518935348,12,cuda:0,bfloat16,2.3263335151568754e-06,7.576448801671631e-09,0.9967431803082798,True,32,24,float32,2.3276720639842097e-06,0.0005753899080304668,True,2.3263335151568754e-06,False,0.001,a7bc73e34f2e4f6ed3768ae63449c15c7139a9efb926706ca6ed5ba3b06d3e6b,"[2048, 6144]",2863290883223998318,2.3263335151568754e-06
ruler_vt_16k:0123,ruler_vt_16k,18,20260930,gaussian_bf16_scalar_bracket_binary_v1,8,6,True,0.00010032313284114025,0.00010032313284114025,15,cuda:0,bfloat16,2.3263335151568754e-06,7.915653021939306e-09,0.9965973696504108,True,32,24,float32,2.3275515559362248e-06,0.00052358820066574,True,2.3263335151568754e-06,False,0.001,29fc702d0903a61b1a2a56eebf142a727536c49dda49ddf51226c0b2858c4946,"[2048, 6144]",3025416388413203995,2.3263335151568754e-06
ruler_vt_16k:0123,ruler_vt_16k,24,20260926,gaussian_bf16_scalar_bracket_binary_v1,7,6,True,9.023061193147441e-05,9.023061193147441e-05,14,cuda:0,bfloat16,1.9722538127098233e-06,6.333678470582527e-09,0.9967886088343365,True,32,24,float32,1.973276994249318e-06,0.0005187879637503251,True,1.9722538127098233e-06,False,0.001,54e89e2d33659cd7948d1303aaf90675544b2ce9931d89efffb2b4f27767c35f,"[2048, 6144]",6118314010755833047,1.9722538127098233e-06
ruler_vt_16k:0123,ruler_vt_16k,24,20260927,gaussian_bf16_scalar_bracket_binary_v1,10,6,True,9.103184004288778e-05,9.10318346169673e-05,17,cuda:0,bfloat16,1.9722538127098233e-06,5.762852417490194e-09,0.997078037126686,True,32,24,float32,1.971597612282494e-06,0.0003327160140852085,True,1.9722538127098233e-06,False,0.001,7f7125606b835524f10883d023f4e43d36b60161c26a416aa51fa8f70f1d20ef,"[2048, 6144]",9183162211236009252,1.9722538127098233e-06
ruler_vt_16k:0123,ruler_vt_16k,24,20260928,gaussian_bf16_scalar_bracket_binary_v1,10,6,True,8.893632036688359e-05,8.89363150658658e-05,17,cuda:0,bfloat16,1.9722538127098233e-06,6.7853758167757405e-09,0.9965595828624852,True,32,24,float32,1.9729986888705753e-06,0.00037767763761023667,True,1.9722538127098233e-06,False,0.001,264d35dfe2a9230d13da9b4807da0ccb989bccabd92622be7cf68435ed6522ac,"[2048, 6144]",2759921382344696589,1.9722538127098233e-06
ruler_vt_16k:0123,ruler_vt_16k,24,20260929,gaussian_bf16_scalar_bracket_binary_v1,9,6,True,9.06004095213575e-05,9.06004095213575e-05,16,cuda:0,bfloat16,1.9722538127098233e-06,6.416057907188133e-09,0.996746839648203,True,32,24,float32,1.9727674498426495e-06,0.0002604315578026632,True,1.9722538127098233e-06,False,0.001,01fe19a02839d4103708e252ba41070805a3a3194d4fd7395bdc04f3f2efee5e,"[2048, 6144]",143580413782774800,1.9722538127098233e-06
ruler_vt_16k:0123,ruler_vt_16k,24,20260930,gaussian_bf16_scalar_bracket_binary_v1,8,6,True,8.949101675170823e-05,8.949101141762797e-05,15,cuda:0,bfloat16,1.9722538127098233e-06,5.0587112276900825e-09,0.9974350607436577,True,32,24,float32,1.972131485672435e-06,6.202398322170554e-05,True,1.9722538127098233e-06,False,0.001,5228321eadf03d1de2236e67d68203ffccaae8d6b126bfe6f52489d3f9494c45,"[2048, 6144]",5920036817527127325,1.9722538127098233e-06
ruler_vt_16k:0139,ruler_vt_16k,18,20260926,gaussian_bf16_scalar_bracket_binary_v1,10,7,True,2.685300775340238e-05,2.685300775340238e-05,18,cuda:0,bfloat16,3.3075298233598005e-07,5.270928138401132e-10,0.9984063853026586,True,32,24,float32,3.306492430965591e-07,0.0003136456659840362,True,3.3075298233598005e-07,False,0.001,64d52c02354bef24a956dcd6033ac4034e52b65bb727d9c85cb8011272b06b40,"[2048, 6144]",7265761961827888932,3.3075298233598005e-07
ruler_vt_16k:0139,ruler_vt_16k,18,20260927,gaussian_bf16_scalar_bracket_binary_v1,7,7,True,2.6956368060382374e-05,2.6956368060382374e-05,15,cuda:0,bfloat16,3.3075298233598005e-07,3.7834979593753815e-10,0.9988560955875124,True,32,24,float32,3.305721634205838e-07,0.0005466886923261475,True,3.3075298233598005e-07,False,0.001,8cb45cc8372ae4eff9633937bbe57f077998af9601e46d6df828aeed3614225b,"[2048, 6144]",915458639251825903,3.3075298233598005e-07
ruler_vt_16k:0139,ruler_vt_16k,18,20260928,gaussian_bf16_scalar_bracket_binary_v1,10,7,True,2.7721234332034328e-05,2.7721234332034328e-05,18,cuda:0,bfloat16,3.3075298233598005e-07,4.878690784693163e-10,0.9985249745141414,True,32,24,float32,3.3063835758184723e-07,0.0003465569783324981,True,3.3075298233598005e-07,False,0.001,2b1b66566f9a41cd3be51c00fe012493399f2663359900c6e814d8556cbb73e2,"[2048, 6144]",3106188889427689933,3.3075298233598005e-07
ruler_vt_16k:0139,ruler_vt_16k,18,20260929,gaussian_bf16_scalar_bracket_binary_v1,9,7,True,2.6915023937590377e-05,2.6915023937590377e-05,17,cuda:0,bfloat16,3.3075298233598005e-07,3.4065159026930303e-10,0.9989700725058821,True,32,24,float32,3.3064705462493293e-07,0.00032026230058150763,True,3.3075298233598005e-07,False,0.001,4a9cd897f24da0908bff37c2ca1631a74ad50af897ae6e1edae6875f322069aa,"[2048, 6144]",5376410202290364560,3.3075298233598005e-07
ruler_vt_16k:0139,ruler_vt_16k,18,20260930,gaussian_bf16_scalar_bracket_binary_v1,10,7,True,2.6150157665938423e-05,2.6150156107267563e-05,18,cuda:0,bfloat16,3.3075298233598005e-07,3.7271088992874013e-10,0.9988731442803738,True,32,24,float32,3.307044380562729e-07,0.0001467689856166394,True,3.3075298233598005e-07,False,0.001,9a3ae59f9ee73e8062874ad11602fcd7703133f3d325ed856da609d3c1e1330f,"[2048, 6144]",1890075467363860096,3.3075298233598005e-07
ruler_vt_16k:0140,ruler_vt_16k,18,20260926,gaussian_bf16_scalar_bracket_binary_v1,6,7,True,3.124158425293899e-05,3.124158425293899e-05,14,cuda:0,bfloat16,4.1655445670585323e-07,6.488261594661537e-10,0.9984423977489111,True,32,24,float32,4.1646183035481954e-07,0.0002223631257391493,True,4.1655445670585323e-07,False,0.001,002e4847955c6c75c9278c0f7aca9584d0ac6222a5f03f09a99fe5f3fd38bf81,"[2048, 6144]",13027321214430325,4.1655445670585323e-07
ruler_vt_16k:0140,ruler_vt_16k,18,20260927,gaussian_bf16_scalar_bracket_binary_v1,10,7,True,3.199658920571835e-05,3.199658729857302e-05,18,cuda:0,bfloat16,4.1655445670585323e-07,6.819245723654888e-10,0.9983629401597136,True,32,24,float32,4.1682218920868763e-07,0.0006427310967974183,True,4.1655445670585323e-07,False,0.001,1cd513029f68238536fa88849d4c2fa0e0e4a36c8053a63b70b7cf42447469ce,"[2048, 6144]",2077587705086616453,4.1655445670585323e-07
ruler_vt_16k:0140,ruler_vt_16k,18,20260928,gaussian_bf16_scalar_bracket_binary_v1,9,7,True,3.0981237717497834e-05,3.0981235870872164e-05,17,cuda:0,bfloat16,4.1655445670585323e-07,6.66852517650085e-10,0.9983991228351664,True,32,24,float32,4.1652504023659276e-07,7.061854407487559e-05,True,4.1655445670585323e-07,False,0.001,c3c2057f4a6cf418080b793ea311676ba148d615fbacd5618a3666248fe1da5d,"[2048, 6144]",4882470990290678808,4.1655445670585323e-07
ruler_vt_16k:0140,ruler_vt_16k,18,20260929,gaussian_bf16_scalar_bracket_binary_v1,32,7,True,3.164512138287279e-05,3.164512138287279e-05,40,cuda:0,bfloat16,4.1655445670585323e-07,8.574523868709605e-10,0.9979415599255574,True,32,24,float32,4.1767344782783766e-07,0.0026863021244173204,True,4.1655445670585323e-07,False,0.001,7d3bfb9248ff4fcf38fe177fb6094b8f9b3d69ec9c3ac41433e57ea1b68317d5,"[2048, 6144]",9024082884075409359,4.1655445670585323e-07
ruler_vt_16k:0140,ruler_vt_16k,18,20260930,gaussian_bf16_scalar_bracket_binary_v1,9,7,True,3.1606069402556614e-05,3.1606069402556614e-05,17,cuda:0,bfloat16,4.1655445670585323e-07,6.488261594661537e-10,0.9984423977489111,True,32,24,float32,4.168490761458088e-07,0.0007072771283866282,True,4.1655445670585323e-07,False,0.001,a812c33301b0036a0cfad22aaf4ddf89bacb6f4a55093a18a89011a5aec1eb43,"[2048, 6144]",2887584934936970090,4.1655445670585323e-07
ruler_vt_16k:0149,ruler_vt_16k,18,20260926,gaussian_bf16_scalar_bracket_binary_v1,9,7,True,3.1259961339458187e-05,3.1259959476219294e-05,17,cuda:0,bfloat16,4.2030200120279915e-07,8.272862950242654e-10,0.9980316860432338,True,32,24,float32,4.2024851154565113e-07,0.0001272648167149962,True,4.2030200120279915e-07,False,0.001,923166119885ec58338c33b60001d368a500c8c2fc33fbe960444f0240ee1dc9,"[2048, 6144]",1310941192300915800,4.2030200120279915e-07
ruler_vt_16k:0149,ruler_vt_16k,18,20260927,gaussian_bf16_scalar_bracket_binary_v1,32,7,True,3.156862062159149e-05,3.156862062159149e-05,40,cuda:0,bfloat16,4.2030200120279915e-07,4.94765117764473e-10,0.9988228342564428,True,32,24,float32,4.208010579986876e-07,0.001187376682624133,True,4.2030200120279915e-07,False,0.001,f5de566897967e5e7da7dd0014c4e3f4fef7b3832abdf030e247abe1c90648c2,"[2048, 6144]",8493320954487144030,4.2030200120279915e-07
ruler_vt_16k:0149,ruler_vt_16k,18,20260928,gaussian_bf16_scalar_bracket_binary_v1,12,7,True,3.104324312008799e-05,3.104324312008799e-05,20,cuda:0,bfloat16,4.2030200120279915e-07,6.462099189086246e-10,0.9984625104875557,True,32,24,float32,4.1989142118836753e-07,0.0009768690447740887,True,4.2030200120279915e-07,False,0.001,a9789f435094833388d32aa9fde819b41ebc9bd0ba79baed4ae5336c1dabc48d,"[2048, 6144]",2988313464223859507,4.2030200120279915e-07
ruler_vt_16k:0149,ruler_vt_16k,18,20260929,gaussian_bf16_scalar_bracket_binary_v1,9,7,True,3.1575187840360286e-05,3.1575187840360286e-05,17,cuda:0,bfloat16,4.2030200120279915e-07,7.128953538604321e-10,0.9983038497275285,True,32,24,float32,4.20361686792603e-07,0.00014200643735467163,True,4.2030200120279915e-07,False,0.001,0bba7886f579afeddc830080888f8ec69a240875cb4198bdeda95288a23af73e,"[2048, 6144]",845120401124732909,4.2030200120279915e-07
ruler_vt_16k:0149,ruler_vt_16k,18,20260930,gaussian_bf16_scalar_bracket_binary_v1,32,7,True,3.0393088461977413e-05,3.0393088461977413e-05,40,cuda:0,bfloat16,4.2030200120279915e-07,7.72760133660455e-10,0.9981614169538832,True,32,24,float32,4.2073733652614465e-07,0.0010357679052197645,True,4.2030200120279915e-07,False,0.001,4c89992f797f5e469d8d9eb5f863527906d65775b569b8788dc0ad0371161770,"[2048, 6144]",5515107647872785990,4.2030200120279915e-07
ruler_vt_16k:0157,ruler_vt_16k,0,20260926,gaussian_bf16_scalar_bracket_binary_v1,32,7,True,2.0684902817813544e-05,2.068490158489726e-05,40,cuda:0,bfloat16,2.2413168210277945e-07,2.6594595969875456e-10,0.9988134387909657,True,32,24,float32,2.2457280124399404e-07,0.0019681248856745857,True,2.2413168210277945e-07,False,0.001,cdb70f703f19178efe05857537d2b7b7dfa2b1d6799ca7fb3ed2ed576cc340e5,"[2048, 6144]",5599961636427863950,2.2413168210277945e-07
ruler_vt_16k:0157,ruler_vt_16k,0,20260927,gaussian_bf16_scalar_bracket_binary_v1,9,7,True,2.171275670370676e-05,2.171275670370676e-05,17,cuda:0,bfloat16,2.2413168210277945e-07,3.4343752841614617e-10,0.9984676975374742,True,32,24,float32,2.2421238554670708e-07,0.0003600715578024539,True,2.2413168210277945e-07,False,0.001,ac54058c5af84c23e41c0bce3d4b93731abeebae5d5c5767db2d0dccf342afbc,"[2048, 6144]",3194184136092306467,2.2413168210277945e-07
ruler_vt_16k:0157,ruler_vt_16k,0,20260928,gaussian_bf16_scalar_bracket_binary_v1,32,7,True,2.1096394577924116e-05,2.1096393320481012e-05,40,cuda:0,bfloat16,2.2413168210277945e-07,2.691120937203806e-10,0.9987993125684169,True,32,24,float32,2.2437404822994722e-07,0.0010813559461737721,True,2.2413168210277945e-07,False,0.001,953d7eb64f5c6a6da98ff7145084cc2926a73aff91b25d2a71f8b3be4ce5efb5,"[2048, 6144]",1530518769856440941,2.2413168210277945e-07
ruler_vt_16k:0157,ruler_vt_16k,0,20260929,gaussian_bf16_scalar_bracket_binary_v1,1,7,True,2.1516641481866827e-05,2.1516640199375055e-05,9,cuda:0,bfloat16,2.2413168210277945e-07,2.478101890357465e-10,0.9988943544852258,True,32,24,float32,2.2417647471684177e-07,0.00019984954220696158,True,2.2413168210277945e-07,False,0.001,d10ddead32dde7f7e8d30b99fa56696d291873e1a54bc585b5a97adf365e1566,"[2048, 6144]",5840569127233513463,2.2413168210277945e-07
ruler_vt_16k:0157,ruler_vt_16k,0,20260930,gaussian_bf16_scalar_bracket_binary_v1,12,7,True,2.079171557256565e-05,2.079171557256565e-05,20,cuda:0,bfloat16,2.2413168210277945e-07,2.8329555368244996e-10,0.9987360307519909,True,32,24,float32,2.2420060474814818e-07,0.00030750960650500114,True,2.2413168210277945e-07,False,0.001,e235eb5ba73d1a1f0631da46a76a70161ae7658fbe52b6d1dda02139a2750626,"[2048, 6144]",7076821168362953247,2.2413168210277945e-07
ruler_vt_16k:0160,ruler_vt_16k,6,20260926,gaussian_bf16_scalar_bracket_binary_v1,7,7,True,2.3018995932488906e-05,2.3018995932488906e-05,15,cuda:0,bfloat16,2.756765979938791e-07,3.343775534236926e-10,0.9987870658740822,True,32,24,float32,2.7565567961573834e-07,7.588013742552715e-05,True,2.756765979938791e-07,False,0.001,99d3a404f68891e2fe9a8506503e1891db8da7f6807f1584c647b04c7fb3402c,"[2048, 6144]",1861011412257116642,2.756765979938791e-07
ruler_vt_16k:0160,ruler_vt_16k,6,20260927,gaussian_bf16_scalar_bracket_binary_v1,32,7,True,2.3828795939095926e-05,2.3828795939095926e-05,40,cuda:0,bfloat16,2.756765979938791e-07,2.254373077104077e-10,0.9991822399530793,True,32,24,float32,2.751154397628852e-07,0.002035567164850011,True,2.756765979938791e-07,False,0.001,91fb949e5de8ee4928561a061993d1515a6e5878c96250f50c2c60e30d12d0ac,"[2048, 6144]",1295792725700439625,2.756765979938791e-07
ruler_vt_16k:0160,ruler_vt_16k,6,20260928,gaussian_bf16_scalar_bracket_binary_v1,5,7,True,2.3708187427473604e-05,2.3708187427473604e-05,13,cuda:0,bfloat16,2.756765979938791e-07,1.540029909152807e-10,0.9994413635686309,True,32,24,float32,2.755988077751681e-07,0.00028217926105117907,True,2.756765979938791e-07,False,0.001,d34923a97583f080ec529bab414a5e0ce1c5a6e6326425807ba757a906eed02d,"[2048, 6144]",6001367189175922816,2.756765979938791e-07
ruler_vt_16k:0160,ruler_vt_16k,6,20260929,gaussian_bf16_scalar_bracket_binary_v1,32,7,True,2.3642498863107875e-05,2.3642498863107875e-05,40,cuda:0,bfloat16,2.756765979938791e-07,4.1568584685514054e-10,0.9984921250121334,True,32,24,float32,2.764577970992832e-07,0.002833751979997336,True,2.756765979938791e-07,False,0.001,695244915e842fc80ee6c820eb0d29b974cdbeb993f1319a8a7a6e5dbfb25018,"[2048, 6144]",7589203713219375048,2.756765979938791e-07
ruler_vt_16k:0160,ruler_vt_16k,6,20260930,gaussian_bf16_scalar_bracket_binary_v1,11,7,True,2.333774699891933e-05,2.333774699891933e-05,19,cuda:0,bfloat16,2.756765979938791e-07,1.0081862428235056e-10,0.9996342866060594,True,32,24,float32,2.757541892606241e-07,0.00028145757496153415,True,2.756765979938791e-07,False,0.001,2258a624ad819a660592cb564dc024b4a81c9d382cff5fffae501109bf32789a,"[2048, 6144]",2474910671700073062,2.756765979938791e-07
ruler_vt_16k:0164,ruler_vt_16k,12,20260926,gaussian_bf16_scalar_bracket_binary_v1,10,7,True,2.0669327382982772e-05,2.0669327382982772e-05,18,cuda:0,bfloat16,2.3207665833524516e-07,3.115095681405222e-10,0.9986577298623004,True,32,24,float32,2.3193625509065896e-07,0.0006049864971055254,True,2.3207665833524516e-07,False,0.001,aef1a1b6dfd23fc0d38e2da3294acbf6a361309fa37298154c93cdcd5a7a6560,"[2048, 6144]",3382662601943171008,2.3207665833524516e-07
ruler_vt_16k:0164,ruler_vt_16k,12,20260927,gaussian_bf16_scalar_bracket_binary_v1,32,7,True,2.1688288960985957e-05,2.1688288960985957e-05,40,cuda:0,bfloat16,2.3207665833524516e-07,2.479169647351398e-10,0.9989317453702,True,32,24,float32,2.328550152697062e-07,0.003353878584965975,True,2.3207665833524516e-07,False,0.001,3501f75e519d1837c52540f1d774ce191e40b6e77bded21688137948b2442b15,"[2048, 6144]",3819605943455127607,2.3207665833524516e-07
ruler_vt_16k:0164,ruler_vt_16k,12,20260928,gaussian_bf16_scalar_bracket_binary_v1,6,7,True,2.111897590850731e-05,2.111897590850731e-05,14,cuda:0,bfloat16,2.3207665833524516e-07,1.7522826245564005e-10,0.9992449552500773,True,32,24,float32,2.3189811315660336e-07,0.0007693370799224515,True,2.3207665833524516e-07,False,0.001,f5061da5a33c000837d140b7f29c15f44c973ebb2230c35b5ff48f7e3d6d80b0,"[2048, 6144]",8432459949543260168,2.3207665833524516e-07
ruler_vt_16k:0164,ruler_vt_16k,12,20260929,gaussian_bf16_scalar_bracket_binary_v1,9,7,True,2.1031947161631592e-05,2.1031947161631592e-05,17,cuda:0,bfloat16,2.3207665833524516e-07,2.016372485647011e-10,0.999131161013731,True,32,24,float32,2.3192325215859455e-07,0.000661015104884023,True,2.3207665833524516e-07,False,0.001,7014babe1d4011faaebff67e349397525698a5532d6475d584245edcd944a349,"[2048, 6144]",8076285357479432698,2.3207665833524516e-07
ruler_vt_16k:0164,ruler_vt_16k,12,20260930,gaussian_bf16_scalar_bracket_binary_v1,32,7,True,2.1206004655383026e-05,2.1206004655383026e-05,40,cuda:0,bfloat16,2.3207665833524516e-07,2.671376453378116e-10,0.9988489249748163,True,32,24,float32,2.3184246344953863e-07,0.0010091272745241962,True,2.3207665833524516e-07,False,0.001,d1fd845c761567132cb31e82f6b5f39aeecec730998d8e5daa4cf0b9b3a0af0f,"[2048, 6144]",5908023818832930579,2.3207665833524516e-07
ruler_vt_16k:0165,ruler_vt_16k,6,20260926,gaussian_bf16_scalar_bracket_binary_v1,7,6,True,7.210042682004314e-05,7.210041822500249e-05,14,cuda:0,bfloat16,1.5589281474603922e-06,5.251709289666451e-09,0.996631205037755,True,32,24,float32,1.5592178215229069e-06,0.00018581617311008068,True,1.5589281474603922e-06,False,0.001,1e9edfc6730864061c2b36409df7147da65be2aa4b711b161b2c142b5a9cebfb,"[2048, 6144]",2206446910884570118,1.5589281474603922e-06
ruler_vt_16k:0165,ruler_vt_16k,6,20260927,gaussian_bf16_scalar_bracket_binary_v1,8,6,True,7.463368505966628e-05,7.463368505966628e-05,15,cuda:0,bfloat16,1.5589281474603922e-06,4.147295840084553e-09,0.9973396491385181,True,32,24,float32,1.5593641364830546e-06,0.00027967230136466224,True,1.5589281474603922e-06,False,0.001,074930495f9efef3358f26440a92cef2be162924ed1ea11e974de98aa46ea2db,"[2048, 6144]",525003923260374771,1.5589281474603922e-06
ruler_vt_16k:0165,ruler_vt_16k,6,20260928,gaussian_bf16_scalar_bracket_binary_v1,5,6,True,7.638747922555922e-05,7.638747467251066e-05,12,cuda:0,bfloat16,1.5589281474603922e-06,4.419016708112622e-09,0.9971653493361374,True,32,24,float32,1.5603973224642687e-06,0.0009424263756285608,True,1.5589281474603922e-06,False,0.001,1d3fd5d9a81d1f6f0305a1f3e04b8434962a499a95c891d6fd298754b68cbcad,"[2048, 6144]",2107638281437781871,1.5589281474603922e-06
ruler_vt_16k:0165,ruler_vt_16k,6,20260929,gaussian_bf16_scalar_bracket_binary_v1,8,6,True,7.346448894907098e-05,7.346448894907098e-05,15,cuda:0,bfloat16,1.5589281474603922e-06,4.23358192946921e-09,0.9972842995128633,True,32,24,float32,1.557590394440922e-06,0.0008581235906539716,True,1.5589281474603922e-06,False,0.001,0a36d7a7c66a80c3e1de5f05a83f8fcb7771db084ddd00b115497ed0d42b977a,"[2048, 6144]",736012704710033603,1.5589281474603922e-06
ruler_vt_16k:0165,ruler_vt_16k,6,20260930,gaussian_bf16_scalar_bracket_binary_v1,8,6,True,7.385422098593608e-05,7.385422098593608e-05,15,cuda:0,bfloat16,1.5589281474603922e-06,4.257125318929411e-09,0.9972691972199844,True,32,24,float32,1.5602267922076862e-06,0.000833036948758419,True,1.5589281474603922e-06,False,0.001,79e938be6c14fcc963bf9bcc0ce3f8f0670a2f68ed76d264635912f3e164153a,"[2048, 6144]",8784614938671119561,1.5589281474603922e-06
ruler_vt_16k:0170,ruler_vt_16k,18,20260926,gaussian_bf16_scalar_bracket_binary_v1,32,7,True,2.7101072490154365e-05,2.7101072490154365e-05,40,cuda:0,bfloat16,3.3075298233598005e-07,4.799926567322643e-10,0.998548788121751,True,32,24,float32,3.3038213587133214e-07,0.0011212188081533437,True,3.3075298233598005e-07,False,0.001,ddbef5170094826e58c528483b1080ca8c3d103386ce085d3113e8d91b759c4f,"[2048, 6144]",6755105970245108334,3.3075298233598005e-07
ruler_vt_16k:0170,ruler_vt_16k,18,20260927,gaussian_bf16_scalar_bracket_binary_v1,7,7,True,2.5302603148702474e-05,2.53026016405498e-05,15,cuda:0,bfloat16,3.3075298233598005e-07,3.7497663307739515e-10,0.9988662940227203,True,32,24,float32,3.3096378615482536e-07,0.0006373451793434511,True,3.3075298233598005e-07,False,0.001,954491eb0322f99a0bb53787be5b95bb899b2bb400e79aec84033c403cfafc39,"[2048, 6144]",1532510211768777114,3.3075298233598005e-07
ruler_vt_16k:0170,ruler_vt_16k,18,20260928,gaussian_bf16_scalar_bracket_binary_v1,32,7,True,2.6935695998986375e-05,2.6935695998986375e-05,40,cuda:0,bfloat16,3.3075298233598005e-07,4.2074918549239726e-10,0.998727905089409,True,32,24,float32,3.3129387588815007e-07,0.00163533990940882,True,3.3075298233598005e-07,False,0.001,3692f9806306eccb07d8fc9400b519b79d9279dd291c5602c5dcd9a7a8943c00,"[2048, 6144]",3932479754460392651,3.3075298233598005e-07
ruler_vt_16k:0170,ruler_vt_16k,18,20260929,gaussian_bf16_scalar_bracket_binary_v1,32,7,True,2.685300775340238e-05,2.6853004552274405e-05,40,cuda:0,bfloat16,3.3075298233598005e-07,3.4065159026930303e-10,0.9989700725058821,True,32,24,float32,3.31378856799347e-07,0.0018922715645573866,True,3.3075298233598005e-07,False,0.001,0322a014aebd05af8f057bdbaffdd94605e192ba6f41f786dc2ebea3ee561b25,"[2048, 6144]",225918942013359535,3.3075298233598005e-07
ruler_vt_16k:0170,ruler_vt_16k,18,20260930,gaussian_bf16_scalar_bracket_binary_v1,13,7,True,2.7155336651318862e-05,2.7155336651318862e-05,21,cuda:0,bfloat16,3.3075298233598005e-07,3.4065159026930303e-10,0.9989700725058821,True,32,24,float32,3.30455691255338e-07,0.0008988311414227448,True,3.3075298233598005e-07,False,0.001,805bfe27297d0adf5952ddaf029bd07407e60e57f3b960abf7932cc280fe7b18,"[2048, 6144]",25893667033909983,3.3075298233598005e-07
ruler_vt_16k:0172,ruler_vt_16k,18,20260926,gaussian_bf16_scalar_bracket_binary_v1,9,7,True,2.6418894464086407e-05,2.641889288939759e-05,17,cuda:0,bfloat16,3.3075298233598005e-07,2.346425831412091e-10,0.9992905805973872,True,32,24,float32,3.3085345307881653e-07,0.00030376367924755287,True,3.3075298233598005e-07,False,0.001,0cca3ceabaea563a162e5a6344e2f607bb9b690c655db0539f819366e80bda50,"[2048, 6144]",921616052606621242,3.3075298233598005e-07
ruler_vt_16k:0172,ruler_vt_16k,18,20260927,gaussian_bf16_scalar_bracket_binary_v1,8,7,True,2.621217385012642e-05,2.621217385012642e-05,16,cuda:0,bfloat16,3.3075298233598005e-07,4.2872619343548024e-10,0.9987037873690282,True,32,24,float32,3.3068354809984157e-07,0.00020992777041068506,True,3.3075298233598005e-07,False,0.001,ad872dba0871fb1b003954e9c753d33aba9e8160f32b0cfb1ad6d81a1c5c5f97,"[2048, 6144]",3280641130591550235,3.3075298233598005e-07
ruler_vt_16k:0172,ruler_vt_16k,18,20260928,gaussian_bf16_scalar_bracket_binary_v1,32,7,True,2.666695920083839e-05,2.6666962379787652e-05,40,cuda:0,bfloat16,3.3075298233598005e-07,5.475853104286443e-10,0.9983444281996756,True,32,24,float32,3.3037824209714017e-07,0.001132991261917676,True,3.3075298233598005e-07,False,0.001,67eef0c1438105cb6c9b562a119d484d24231633a11c375b872b6f320f38f041,"[2048, 6144]",7489187943215597003,3.3075298233598005e-07
ruler_vt_16k:0172,ruler_vt_16k,18,20260929,gaussian_bf16_scalar_bracket_binary_v1,8,7,True,2.65429268324624e-05,2.65429268324624e-05,16,cuda:0,bfloat16,3.3075298233598005e-07,6.66852517650085e-10,0.9979838352085585,True,32,24,float32,3.305634379557887e-07,0.0005730693003965856,True,3.3075298233598005e-07,False,0.001,4003e6ab4745d0eb6df7c8905e8cb8372800ffbc32d0d97e00578db17052898c,"[2048, 6144]",4612784066667073771,3.3075298233598005e-07
ruler_vt_16k:0172,ruler_vt_16k,18,20260930,gaussian_bf16_scalar_bracket_binary_v1,32,7,True,2.6749647446422387e-05,2.6749645852019154e-05,40,cuda:0,bfloat16,3.3075298233598005e-07,3.915519852792926e-10,0.9988161800310494,True,32,24,float32,3.313065235488466e-07,0.0016735789015630382,True,3.3075298233598005e-07,False,0.001,b05500967eb6d197c1b637d6969903d710c436195ffdcb60c5b8544b9048b837,"[2048, 6144]",3482690533211951511,3.3075298233598005e-07
ruler_vt_16k:0183,ruler_vt_16k,0,20260926,gaussian_bf16_scalar_bracket_binary_v1,4,7,True,4.2575953102641506e-05,4.2575948027192385e-05,12,cuda:0,bfloat16,6.261169573917869e-07,9.33508492728663e-10,0.998509050934162,True,32,24,float32,6.266479886107845e-07,0.0008481342227333744,True,6.261169573917869e-07,False,0.001,f1ab5adfa5d99fef72ae07a717f838a9d4d228a05ec323118af37de4fe4bef08,"[2048, 6144]",8190740263910088687,6.261169573917869e-07
ruler_vt_16k:0183,ruler_vt_16k,0,20260927,gaussian_bf16_scalar_bracket_binary_v1,9,7,True,4.17150422862278e-05,4.17150422862278e-05,17,cuda:0,bfloat16,6.261169573917869e-07,9.961687030823896e-10,0.9984089734492544,True,32,24,float32,6.265214551604004e-07,0.0006460418677981902,True,6.261169573917869e-07,False,0.001,375a8ed8f31582d5f85851d5d31195d4a40eabb18b839d839f0374d9eccff908,"[2048, 6144]",3988657482432348885,6.261169573917869e-07
ruler_vt_16k:0183,ruler_vt_16k,0,20260928,gaussian_bf16_scalar_bracket_binary_v1,32,7,True,4.297461350910581e-05,4.2974610947619235e-05,40,cuda:0,bfloat16,6.261169573917869e-07,1.09604036957478e-09,0.9982494638475524,True,32,24,float32,6.268774086493067e-07,0.001214551448482882,True,6.261169573917869e-07,False,0.001,03892c0f8a67e29da5f5b2244cab9e32f1092eac18652ff71480e33572fcbb32,"[2048, 6144]",254783299181339293,6.261169573917869e-07
ruler_vt_16k:0183,ruler_vt_16k,0,20260929,gaussian_bf16_scalar_bracket_binary_v1,32,7,True,4.196940230016821e-05,4.1969399798596895e-05,40,cuda:0,bfloat16,6.261169573917869e-07,7.606421048578227e-10,0.9987851437405139,True,32,24,float32,6.250755859582569e-07,0.0016632218968609955,True,6.261169573917869e-07,False,0.001,9712e014a347daea6b1b9e14af7f927f63f112305c69a53c6f415cb184be8e1b,"[2048, 6144]",1662637591696497386,6.261169573917869e-07
ruler_vt_16k:0183,ruler_vt_16k,0,20260930,gaussian_bf16_scalar_bracket_binary_v1,8,7,True,4.335859929938124e-05,4.335859929938124e-05,16,cuda:0,bfloat16,6.261169573917869e-07,1.3366391327096494e-09,0.997865192569967,True,32,24,float32,6.263485374802258e-07,0.0003698671401643939,True,6.261169573917869e-07,False,0.001,d56c414c70bc4d6cf6568a493479a30962bfd9b60e5dbd8e60bc38644c7ac9d2,"[2048, 6144]",6155366587273334124,6.261169573917869e-07
ruler_vt_16k:0183,ruler_vt_16k,6,20260926,gaussian_bf16_scalar_bracket_binary_v1,32,7,True,2.608426072470138e-05,2.608426072470138e-05,40,cuda:0,bfloat16,3.281039084868098e-07,3.588161157086489e-10,0.9989063948754421,True,32,24,float32,3.284515628365625e-07,0.001059586127321851,True,3.281039084868098e-07,False,0.001,e999993cae5d530c6131a1e14a54ce9cd02f664a89feb277b5df98a41d6b7dce,"[2048, 6144]",7609281531321602828,3.281039084868098e-07
ruler_vt_16k:0183,ruler_vt_16k,6,20260927,gaussian_bf16_scalar_bracket_binary_v1,8,7,True,2.6002234747579678e-05,2.6002233197725713e-05,16,cuda:0,bfloat16,3.281039084868098e-07,2.7301813587676804e-10,0.9991678912417231,True,32,24,float32,3.2795492188597564e-07,0.0004540835905347566,True,3.281039084868098e-07,False,0.001,632a44d0a85f0f610180745f6f99cb37f3d54375a5b5095e9ba05ed1a92b1b2c,"[2048, 6144]",7145599421745401697,3.281039084868098e-07
ruler_vt_16k:0183,ruler_vt_16k,6,20260928,gaussian_bf16_scalar_bracket_binary_v1,11,7,True,2.699679972018032e-05,2.699679972018032e-05,19,cuda:0,bfloat16,3.281039084868098e-07,3.4436117846148306e-10,0.9989504508493982,True,32,24,float32,3.280636065028375e-07,0.00012283298957998568,True,3.281039084868098e-07,False,0.001,370b1864a1cea5425c13ad71b758acc8c1ac79ce9cd7796531b9eca61aea8dc1,"[2048, 6144]",3966290717320324418,3.281039084868098e-07
ruler_vt_16k:0183,ruler_vt_16k,6,20260929,gaussian_bf16_scalar_bracket_binary_v1,11,7,True,2.63405919032067e-05,2.6340590333185078e-05,19,cuda:0,bfloat16,3.281039084868098e-07,3.9478356694822025e-10,0.99879677273956,True,32,24,float32,3.282052318809292e-07,0.000308814956172531,True,3.281039084868098e-07,False,0.001,6246af7c58681a49b15f423d8a3ac1e48c066cd05b2e0f82ca51141ce7c3bcca,"[2048, 6144]",7081540412680706633,3.281039084868098e-07
ruler_vt_16k:0183,ruler_vt_16k,6,20260930,gaussian_bf16_scalar_bracket_binary_v1,8,7,True,2.7642754290013727e-05,2.7642752642377178e-05,16,cuda:0,bfloat16,3.281039084868098e-07,3.904688516964683e-10,0.998809923193243,True,32,24,float32,3.283963962985581e-07,0.0008914487276217437,True,3.281039084868098e-07,False,0.001,f2a31d1d8617f6f54bc0f766cafa24396f839672fcf18d66c5246f8a3921284e,"[2048, 6144]",8260478154168596213,3.281039084868098e-07
ruler_vt_16k:0183,ruler_vt_16k,12,20260926,gaussian_bf16_scalar_bracket_binary_v1,32,7,True,2.5086773598470558e-05,2.5086773598470558e-05,40,cuda:0,bfloat16,3.0483263913083647e-07,3.1480607010081485e-10,0.9989672822733208,True,32,24,float32,3.0411507623284706e-07,0.0023539569123417477,True,3.0483263913083647e-07,False,0.001,0febf08ac5d3c9a530ba32dfcb86d250dd48188a5a78cf849c91a85cdac4df00,"[2048, 6144]",1147275008911067557,3.0483263913083647e-07
ruler_vt_16k:0183,ruler_vt_16k,12,20260927,gaussian_bf16_scalar_bracket_binary_v1,32,7,True,2.5510681487261877e-05,2.5510681487261877e-05,40,cuda:0,bfloat16,3.0483263913083647e-07,3.5644767693021606e-10,0.9988306774565002,True,32,24,float32,3.0544455853487307e-07,0.002007394633925529,True,3.0483263913083647e-07,False,0.001,a9d56fca09439f662ce51cda1140f9b30484e7fc7ebe96887643ce4b4dfabd3e,"[2048, 6144]",3014438439123918694,3.0483263913083647e-07
ruler_vt_16k:0183,ruler_vt_16k,12,20260928,gaussian_bf16_scalar_bracket_binary_v1,8,7,True,2.4005570331553372e-05,2.4005570331553372e-05,16,cuda:0,bfloat16,3.0483263913083647e-07,2.6674101816226425e-10,0.9991249591286457,True,32,24,float32,3.048463952382008e-07,4.5126753498372313e-05,True,3.0483263913083647e-07,False,0.001,fff8ebe021ee1460cac3eeca301015a46ce2776e4cb31d956e689c7b7cd4c965,"[2048, 6144]",9221379584915543136,3.0483263913083647e-07
ruler_vt_16k:0183,ruler_vt_16k,12,20260929,gaussian_bf16_scalar_bracket_binary_v1,8,7,True,2.5377317207642136e-05,2.5377317207642136e-05,16,cuda:0,bfloat16,3.0483263913083647e-07,2.217675626470239e-10,0.9992724940371236,True,32,24,float32,3.0456843091997143e-07,0.0008667320258695641,True,3.0483263913083647e-07,False,0.001,56347bddde7acb11f45cf2e3872e5ec8be34fc639c03eef7e9afb5c433850138,"[2048, 6144]",6211725978901334801,3.0483263913083647e-07
ruler_vt_16k:0183,ruler_vt_16k,12,20260930,gaussian_bf16_scalar_bracket_binary_v1,32,7,True,2.556783760709891e-05,2.556783608313703e-05,40,cuda:0,bfloat16,3.0483263913083647e-07,4.34186325781738e-10,0.9985756567045454,True,32,24,float32,3.052720956020494e-07,0.0014416319475037867,True,3.0483263913083647e-07,False,0.001,7f85e9b763407c5b079cbb414b5b6c1ebe17c70161a08370652dbe119925b497,"[2048, 6144]",9189007588572822619,3.0483263913083647e-07
ruler_vt_16k:0183,ruler_vt_16k,18,20260926,gaussian_bf16_scalar_bracket_binary_v1,8,6,True,9.804839248772623e-05,9.804839248772623e-05,15,cuda:0,bfloat16,2.3138263713917695e-06,8.580369303956559e-09,0.9962916969872742,True,32,24,float32,2.3122540824260795e-06,0.000679518992924355,True,2.3138263713917695e-06,False,0.001,c7153fe7b8ac2a8fa65c5ad19535636042a856191e0c3417af1d1aedf8f8ba64,"[2048, 6144]",5122070415672093327,2.3138263713917695e-06
ruler_vt_16k:0183,ruler_vt_16k,18,20260927,gaussian_bf16_scalar_bracket_binary_v1,4,6,True,9.718070759845432e-05,9.718070759845432e-05,11,cuda:0,bfloat16,2.3138263713917695e-06,8.299747555895465e-09,0.9964129773700767,True,32,24,float32,2.3154218524723547e-06,0.0006895422665726969,True,2.3138263713917695e-06,False,0.001,33612e619060c2a9afa3df881fd0e7015beabe93f58a7e361db2a67e65a79707,"[2048, 6144]",3702291365244224169,2.3138263713917695e-06
ruler_vt_16k:0183,ruler_vt_16k,18,20260928,gaussian_bf16_scalar_bracket_binary_v1,11,6,True,9.887992383994515e-05,9.887992383994515e-05,18,cuda:0,bfloat16,2.3138263713917695e-06,9.10247610619308e-09,0.9960660504959507,True,32,24,float32,2.313975301149185e-06,6.436513960454845e-05,True,2.3138263713917695e-06,False,0.001,4fb2fed669a590f41362f44bc95bd48ecc722e4220c20944bcf9def16a21b03a,"[2048, 6144]",5742932671699718388,2.3138263713917695e-06
ruler_vt_16k:0183,ruler_vt_16k,18,20260929,gaussian_bf16_scalar_bracket_binary_v1,9,6,True,9.93499198216341e-05,9.934991389991743e-05,16,cuda:0,bfloat16,2.3138263713917695e-06,8.40309777316861e-09,0.9963683110033386,True,32,24,float32,2.314654011570383e-06,0.00035769329490161275,True,2.3138263713917695e-06,False,0.001,9c5ffc3447ef561f0d46e4646dc2c1de7a74fab57e1eb27c33dfd3df07252c73,"[2048, 6144]",2044630057324860959,2.3138263713917695e-06
ruler_vt_16k:0183,ruler_vt_16k,18,20260930,gaussian_bf16_scalar_bracket_binary_v1,14,6,True,9.812521875396385e-05,9.812521875396385e-05,21,cuda:0,bfloat16,2.3138263713917695e-06,8.706913412481754e-09,0.9962370065791737,True,32,24,float32,2.313316144864075e-06,0.0002205120202635217,True,2.3138263713917695e-06,False,0.001,ecfe09fbd5b0fc785f6de8782397236c3103f4b4e1a8cdff2916b85d378c1c4f,"[2048, 6144]",7853725777407310968,2.3138263713917695e-06
ruler_vt_16k:0183,ruler_vt_16k,24,20260926,gaussian_bf16_scalar_bracket_binary_v1,11,6,True,9.129130338791924e-05,9.129130338791924e-05,18,cuda:0,bfloat16,1.971867504835245e-06,4.834040279177998e-09,0.9975484964038789,True,32,24,float32,1.9705544218595605e-06,0.0006659083191263283,True,1.971867504835245e-06,False,0.001,9ea08615a6418ae14225c86e9750f284e54a31721a2bcf596375a31c1be6f1eb,"[2048, 6144]",2206911244953291489,1.971867504835245e-06
ruler_vt_16k:0183,ruler_vt_16k,24,20260927,gaussian_bf16_scalar_bracket_binary_v1,9,6,True,9.107563037957789e-05,9.10756249510473e-05,16,cuda:0,bfloat16,1.971867504835245e-06,7.1850512206594885e-09,0.9963562200791681,True,32,24,float32,1.970150378838298e-06,0.0008708120564574946,True,1.971867504835245e-06,False,0.001,770e0173fe3719a71cb42732ec0eea502043eb726f1dea633aad6fe2d5e6b832,"[2048, 6144]",8578795937885264295,1.971867504835245e-06
ruler_vt_16k:0183,ruler_vt_16k,24,20260928,gaussian_bf16_scalar_bracket_binary_v1,10,6,True,8.916538373426874e-05,8.916538373426874e-05,17,cuda:0,bfloat16,1.971867504835245e-06,6.27158858179655e-09,0.9968194675522478,True,32,24,float32,1.9711494587681955e-06,0.0003641451899222415,True,1.971867504835245e-06,False,0.001,f92f813e0d1877a9cc9c12af15cbaa42e5aec4b36121123cd672270adb67f34b,"[2048, 6144]",8732340306002343849,1.971867504835245e-06
ruler_vt_16k:0183,ruler_vt_16k,24,20260929,gaussian_bf16_scalar_bracket_binary_v1,7,6,True,8.922700459379485e-05,8.922700459379485e-05,14,cuda:0,bfloat16,1.971867504835245e-06,7.763252263259801e-09,0.9960629949810403,True,32,24,float32,1.9712176708708284e-06,0.00032955254996762704,True,1.971867504835245e-06,False,0.001,7f1b22c14f946de75449932ec200a48cd1a6a363eafdf61a7782f52853e67f8a,"[2048, 6144]",9158952480847195623,1.971867504835245e-06
ruler_vt_16k:0183,ruler_vt_16k,24,20260930,gaussian_bf16_scalar_bracket_binary_v1,13,6,True,9.051334003640221e-05,9.051334003640221e-05,20,cuda:0,bfloat16,1.971867504835245e-06,6.664459650806975e-09,0.9966202294857718,True,32,24,float32,1.9729413907043636e-06,0.0005446034616854803,True,1.971867504835245e-06,False,0.001,554bba64e4b8138128c6290499d19f08eb95b254a7719bedbbcf4b51a1502893,"[2048, 6144]",6146211058973938561,1.971867504835245e-06
ruler_vt_16k:0188,ruler_vt_16k,0,20260926,gaussian_bf16_scalar_bracket_binary_v1,32,7,True,2.2147011837780894e-05,2.214701051771612e-05,40,cuda:0,bfloat16,2.2413168210277945e-07,2.0476359496868213e-10,0.999086413874881,True,32,24,float32,2.2347563799485215e-07,0.0029270476256295624,True,2.2413168210277945e-07,False,0.001,ce3fb2360b3b79b21eea12730f2781a76dae29c81e108d9837489b42ee1b3d72,"[2048, 6144]",5638421203677575602,2.2413168210277945e-07
ruler_vt_16k:0188,ruler_vt_16k,0,20260927,gaussian_bf16_scalar_bracket_binary_v1,9,7,True,2.182482254475815e-05,2.1824821243897353e-05,17,cuda:0,bfloat16,2.2413168210277945e-07,7.836446075382142e-11,0.9996503641965356,True,32,24,float32,2.24239983026564e-07,0.0004832022084896111,True,2.2413168210277945e-07,False,0.001,1b3b9a43d7446d698b2587e515fc3ddfddbcaa95e699296d4b82006962b8eb7f,"[2048, 6144]",1962331678815055209,2.2413168210277945e-07
ruler_vt_16k:0188,ruler_vt_16k,0,20260928,gaussian_bf16_scalar_bracket_binary_v1,6,7,True,2.1292509799764048e-05,2.1292508530631564e-05,14,cuda:0,bfloat16,2.2413168210277945e-07,2.7107213695920507e-10,0.9987905675163099,True,32,24,float32,2.2406455002510484e-07,0.00029952069714012894,True,2.2413168210277945e-07,False,0.001,96aa0fb1c3253bde96084a29554a4036e1d76d65d010e212d3487353b3ce884b,"[2048, 6144]",1633135071032851422,2.2413168210277945e-07
ruler_vt_16k:0188,ruler_vt_16k,0,20260929,gaussian_bf16_scalar_bracket_binary_v1,32,7,True,2.104649025808092e-05,2.104649025808092e-05,40,cuda:0,bfloat16,2.2413168210277945e-07,2.5120500124486966e-10,0.9988792079777027,True,32,24,float32,2.2451727943462174e-07,0.0017204052913209692,True,2.2413168210277945e-07,False,0.001,e29b94441e86bed5acf413bc2bfdf3998eeddd5d615de8d170364563ec5c6e83,"[2048, 6144]",7105435857397923541,2.2413168210277945e-07
ruler_vt_16k:0188,ruler_vt_16k,0,20260930,gaussian_bf16_scalar_bracket_binary_v1,9,7,True,2.1768789624232454e-05,2.176878832671148e-05,17,cuda:0,bfloat16,2.2413168210277945e-07,1.5740303505040742e-10,0.9992977207257195,True,32,24,float32,2.2406999278246076e-07,0.0002752369488326206,True,2.2413168210277945e-07,False,0.001,52c69913f570328aefdc76021a12fed1425b80914da0eab7377deabf2328948b,"[2048, 6144]",5964623067499999882,2.2413168210277945e-07
ruler_vt_16k:0194,ruler_vt_16k,6,20260926,gaussian_bf16_scalar_bracket_binary_v1,10,7,True,2.3415281042105107e-05,2.34152796464456e-05,18,cuda:0,bfloat16,2.756765979938791e-07,1.540029909152807e-10,0.9994413635686309,True,32,24,float32,2.7556191639632743e-07,0.00041600048167391584,True,2.756765979938791e-07,False,0.001,9d714a5857583e5395d602a0ebaf39075dc7952e86ef6a643f8c68a1bbc62d58,"[2048, 6144]",2121558642751192659,2.756765979938791e-07
ruler_vt_16k:0194,ruler_vt_16k,6,20260927,gaussian_bf16_scalar_bracket_binary_v1,8,7,True,2.3501429978978194e-05,2.350142857818381e-05,16,cuda:0,bfloat16,2.756765979938791e-07,1.3015628852475203e-10,0.9995278660231883,True,32,24,float32,2.758159780569258e-07,0.0005055926548026972,True,2.756765979938791e-07,False,0.001,d243ec32070c939d6e6b2e2621f5d423bb16e37d81d1765583eec94ae9844676,"[2048, 6144]",5927841234160489373,2.756765979938791e-07
ruler_vt_16k:0194,ruler_vt_16k,6,20260928,gaussian_bf16_scalar_bracket_binary_v1,9,7,True,2.367372785272437e-05,2.367372785272437e-05,17,cuda:0,bfloat16,2.756765979938791e-07,3.0245586590815776e-10,0.9989028598433485,True,32,24,float32,2.755541288479435e-07,0.00044424933718287566,True,2.756765979938791e-07,False,0.001,b21e30d6467824f15d09c4385b3e2154bf454bf8bcd93251f4a04eb82ccb377b,"[2048, 6144]",3611377648061129969,2.756765979938791e-07
ruler_vt_16k:0194,ruler_vt_16k,6,20260929,gaussian_bf16_scalar_bracket_binary_v1,10,7,True,2.3484200191603577e-05,2.3484198791836166e-05,18,cuda:0,bfloat16,2.756765979938791e-07,4.355862615046391e-10,0.9984199374750181,True,32,24,float32,2.7548460934667673e-07,0.0006964270765073857,True,2.756765979938791e-07,False,0.001,8998a0097542195dc30fc852e03d9c6f1538093eb13286adb53c7b5aa140a240,"[2048, 6144]",691478505283787101,2.756765979938791e-07
ruler_vt_16k:0194,ruler_vt_16k,6,20260930,gaussian_bf16_scalar_bracket_binary_v1,32,7,True,2.3432510829479725e-05,2.3432510829479725e-05,40,cuda:0,bfloat16,2.756765979938791e-07,4.835091216293108e-10,0.9982461002306766,True,32,24,float32,2.7496130883264414e-07,0.0025946676882992415,True,2.756765979938791e-07,False,0.001,9566697c9fc651d202687fb8688e8a861ce93eeda881d2f331666bba01312722,"[2048, 6144]",1542035906398409170,2.756765979938791e-07
ruler_vt_16k:0196,ruler_vt_16k,6,20260926,gaussian_bf16_scalar_bracket_binary_v1,9,7,True,2.339805125473049e-05,2.339805125473049e-05,17,cuda:0,bfloat16,2.756765979938791e-07,2.7301813587676804e-10,0.9990096434087494,True,32,24,float32,2.755629111561575e-07,0.00041239205122569104,True,2.756765979938791e-07,False,0.001,42695f4d248ae3185d1375b1b8cd57e74145c71fa6ac4ec3ddfa14e18339aefa,"[2048, 6144]",4785460863988065048,2.756765979938791e-07
ruler_vt_16k:0196,ruler_vt_16k,6,20260927,gaussian_bf16_scalar_bracket_binary_v1,32,7,True,2.3105144869361993e-05,2.310514349218804e-05,40,cuda:0,bfloat16,2.756765979938791e-07,3.588161157086489e-10,0.9986984164839534,True,32,24,float32,2.753551768819307e-07,0.001165935426827835,True,2.756765979938791e-07,False,0.001,05b23f86030d5a88d14dd28dda451a9961b7e8ee5780b7b151087b1d86fdbdaa,"[2048, 6144]",410460360853510792,2.756765979938791e-07
ruler_vt_16k:0196,ruler_vt_16k,6,20260928,gaussian_bf16_scalar_bracket_binary_v1,4,7,True,2.3156834231485846e-05,2.3156832851230967e-05,12,cuda:0,bfloat16,2.756765979938791e-07,3.588161157086489e-10,0.9986984164839534,True,32,24,float32,2.757907964223705e-07,0.00041424781545620665,True,2.756765979938791e-07,False,0.001,59e11f0bf7f43c371963ccf8e0c01754435b65fd7831a0c2f71a5ff5c282221a,"[2048, 6144]",6476491875400563767,2.756765979938791e-07
ruler_vt_16k:0196,ruler_vt_16k,6,20260929,gaussian_bf16_scalar_bracket_binary_v1,13,7,True,2.412385604788625e-05,2.412385604788625e-05,21,cuda:0,bfloat16,2.756765979938791e-07,4.692851662824182e-10,0.9982976967588202,True,32,24,float32,2.75534944194078e-07,0.000513840495827211,True,2.756765979938791e-07,False,0.001,b924de68af92d1811a686224a6f7184db768da52aee61df6a9a099317adc578b,"[2048, 6144]",4117660500527075713,2.756765979938791e-07
ruler_vt_16k:0196,ruler_vt_16k,6,20260930,gaussian_bf16_scalar_bracket_binary_v1,7,7,True,2.3846025726470543e-05,2.3846025726470543e-05,15,cuda:0,bfloat16,2.756765979938791e-07,4.237581674448876e-10,0.9984628431628633,True,32,24,float32,2.7593640083978244e-07,0.0009424189350635104,True,2.756765979938791e-07,False,0.001,9be8dbb0d740d0051dab5e764523aa0e25b059f9809b1c96c7937e04bdbc6e68,"[2048, 6144]",2011098786193002501,2.756765979938791e-07
ruler_vt_16k:0199,ruler_vt_16k,12,20260926,gaussian_bf16_scalar_bracket_binary_v1,6,7,True,2.0377340305799407e-05,2.0377339091215276e-05,14,cuda:0,bfloat16,2.191111860838646e-07,2.9689117830855594e-10,0.9986450204409238,True,32,24,float32,2.191788581740184e-07,0.00030884817595707104,True,2.191111860838646e-07,False,0.001,0b3de165cec53a16106076909b7f61a949421f1519aa04feef26d58cf6e6eb73,"[2048, 6144]",810051335373535766,2.191111860838646e-07
ruler_vt_16k:0199,ruler_vt_16k,12,20260927,gaussian_bf16_scalar_bracket_binary_v1,5,7,True,1.9720006747547814e-05,1.9720006747547814e-05,13,cuda:0,bfloat16,2.191111860838646e-07,2.6832405741750165e-10,0.9987753977228949,True,32,24,float32,2.192608548057251e-07,0.0006830720262872474,True,2.191111860838646e-07,False,0.001,c3b45b488beb163f81d66feeba2d909aacc05bf13df2af421d77b06e496efd3b,"[2048, 6144]",4878624663492302399,2.191111860838646e-07
ruler_vt_16k:0199,ruler_vt_16k,12,20260928,gaussian_bf16_scalar_bracket_binary_v1,32,7,True,1.977478454406878e-05,1.977478336539977e-05,40,cuda:0,bfloat16,2.191111860838646e-07,2.620355044058442e-10,0.9988040980057241,True,32,24,float32,2.1945319872429536e-07,0.0015609090824777044,True,2.191111860838646e-07,False,0.001,b84b72933d897a82793aa46fea2f08af8f3cd3a751fbc06a1326ba7d70f4e74a,"[2048, 6144]",4056461866095442562,2.191111860838646e-07
ruler_vt_16k:0199,ruler_vt_16k,12,20260929,gaussian_bf16_scalar_bracket_binary_v1,6,7,True,1.9939117933631678e-05,1.9939117933631678e-05,14,cuda:0,bfloat16,2.191111860838646e-07,3.055902197957039e-10,0.9986053189467071,True,32,24,float32,2.1921655957157782e-07,0.00048091331892517465,True,2.191111860838646e-07,False,0.001,8fed38bc358563f547748ab7023b890eb4319bb5c7b1f8c42839399fd4d0c253,"[2048, 6144]",1147635861052285941,2.191111860838646e-07
ruler_vt_16k:0199,ruler_vt_16k,12,20260930,gaussian_bf16_scalar_bracket_binary_v1,10,7,True,2.110314610970221e-05,2.110314610970221e-05,18,cuda:0,bfloat16,2.191111860838646e-07,3.6466996089501436e-10,0.9983356853321244,True,32,24,float32,2.189168526456342e-07,0.0008869170109644994,True,2.191111860838646e-07,False,0.001,9aed409a9bdf2f553388cd0abb6cd0b2b6b06e4c88d1cd8a6120e618678d2638,"[2048, 6144]",1940278047250788181,2.191111860838646e-07
ruler_vt_16k:0220,ruler_vt_16k,6,20260926,gaussian_bf16_scalar_bracket_binary_v1,32,7,True,2.362931687116543e-05,2.362931687116543e-05,40,cuda:0,bfloat16,2.763662791949173e-07,1.4257907354764399e-10,0.9994840938121575,True,32,24,float32,2.7590601803240133e-07,0.0016654027541158402,True,2.763662791949173e-07,False,0.001,2afb717a245932fa9de66939fce8338afa7cace72a7657e3936f1cff86bfb335,"[2048, 6144]",3097193938157122298,2.763662791949173e-07
ruler_vt_16k:0220,ruler_vt_16k,6,20260927,gaussian_bf16_scalar_bracket_binary_v1,32,7,True,2.3767500010762888e-05,2.3767500010762888e-05,40,cuda:0,bfloat16,2.763662791949173e-07,5.820766091346741e-11,0.9997893821884384,True,32,24,float32,2.758428081506281e-07,0.0018941205338585615,True,2.763662791949173e-07,False,0.001,1fd9ed59ec8a9417bf12c4fe8d23e4c737855f9a514a6106da66a4544cc998f5,"[2048, 6144]",2295126455598355479,2.763662791949173e-07
ruler_vt_16k:0220,ruler_vt_16k,6,20260928,gaussian_bf16_scalar_bracket_binary_v1,7,7,True,2.335295059197051e-05,2.3352949200026185e-05,15,cuda:0,bfloat16,2.763662791949173e-07,3.394060588135517e-10,0.9987718977155886,True,32,24,float32,2.7635752530841273e-07,3.167494431688766e-05,True,2.763662791949173e-07,False,0.001,746e83c0efaf9e7d7f12645d676c703d838e658d1ea8e6934c179db7b889802e,"[2048, 6144]",8389788020516036221,2.763662791949173e-07
ruler_vt_16k:0220,ruler_vt_16k,6,20260929,gaussian_bf16_scalar_bracket_binary_v1,32,7,True,2.2782945141130995e-05,2.2782945141130995e-05,40,cuda:0,bfloat16,2.763662791949173e-07,3.394060588135517e-10,0.9987718977155886,True,32,24,float32,2.758949619874329e-07,0.0017054077974251562,True,2.763662791949173e-07,False,0.001,4a8bc680a8962ffca830656721d9f55cf230af36169355e2996cc19e06579806,"[2048, 6144]",5371605236455976956,2.763662791949173e-07
ruler_vt_16k:0220,ruler_vt_16k,6,20260930,gaussian_bf16_scalar_bracket_binary_v1,5,7,True,2.3767500010762888e-05,2.3767500010762888e-05,13,cuda:0,bfloat16,2.763662791949173e-07,4.237581674448876e-10,0.9984666791886502,True,32,24,float32,2.7646993316921e-07,0.00037506013611587435,True,2.763662791949173e-07,False,0.001,b89c4b4356775dfa502b093b617488f7cc5104d16cd8955bcbba0db35aef0d06,"[2048, 6144]",4079218115076382202,2.763662791949173e-07
ruler_vt_16k:0223,ruler_vt_16k,24,20260926,gaussian_bf16_scalar_bracket_binary_v1,32,7,True,3.3703925508721255e-05,3.370392952654227e-05,40,cuda:0,bfloat16,4.4539567056745e-07,5.87868531631841e-10,0.998680120687112,True,32,24,float32,4.458684088604059e-07,0.001061389510934456,True,4.4539567056745e-07,False,0.001,b72d94b8daf5280d5b56b495e865412decb233f8bf5f49ff5f95572f751516a7,"[2048, 6144]",3975997567706408973,4.4539567056745e-07
ruler_vt_16k:0223,ruler_vt_16k,24,20260927,gaussian_bf16_scalar_bracket_binary_v1,8,7,True,3.418411771605179e-05,3.418411771605179e-05,16,cuda:0,bfloat16,4.4539567056745e-07,6.077058301023897e-10,0.9986355820896774,True,32,24,float32,4.4520717779050756e-07,0.0004232029842191615,True,4.4539567056745e-07,False,0.001,c3f0a8a4d41a8e6130ce3102273b980d074e5f5e672451bc65a2d98c63276d53,"[2048, 6144]",4895598220838342241,4.4539567056745e-07
ruler_vt_16k:0223,ruler_vt_16k,24,20260928,gaussian_bf16_scalar_bracket_binary_v1,10,7,True,3.3432512521969215e-05,3.3432512521969215e-05,18,cuda:0,bfloat16,4.4539567056745e-07,9.47552036834054e-10,0.9978725611867155,True,32,24,float32,4.4508874452731106e-07,0.0006891087193279139,True,4.4539567056745e-07,False,0.001,edbcc4492ba11cfd92d6e5a86180ad560dbc1c5af47316774fa6e111ea307e2d,"[2048, 6144]",7907410864299384061,4.4539567056745e-07
ruler_vt_16k:0223,ruler_vt_16k,24,20260929,gaussian_bf16_scalar_bracket_binary_v1,8,7,True,3.396141988076806e-05,3.396141988076806e-05,16,cuda:0,bfloat16,4.4539567056745e-07,6.322970480532319e-10,0.9985803700174102,True,32,24,float32,4.455454245544388e-07,0.00033622685824046466,True,4.4539567056745e-07,False,0.001,65f2f08588b02acb123435a6a393b78f40caaa8c9ac085264c79a7437b5971a9,"[2048, 6144]",7346198398509263563,4.4539567056745e-07
ruler_vt_16k:0223,ruler_vt_16k,24,20260930,gaussian_bf16_scalar_bracket_binary_v1,11,7,True,3.38083151190105e-05,3.38083151190105e-05,19,cuda:0,bfloat16,4.4539567056745e-07,4.4329634407702656e-10,0.9990047133967148,True,32,24,float32,4.454280144727818e-07,7.261836490371016e-05,True,4.4539567056745e-07,False,0.001,ea1d9dd8c407c409827c037b84e059f299e2bfa525a3b0ebbd22eb008f16537e,"[2048, 6144]",7646441296672310281,4.4539567056745e-07
ruler_vt_16k:0226,ruler_vt_16k,18,20260926,gaussian_bf16_scalar_bracket_binary_v1,8,6,True,5.395427454146784e-05,5.395427132554247e-05,15,cuda:0,bfloat16,9.282455835091241e-07,2.126173681560317e-09,0.9977094707270003,True,32,24,float32,9.276348578168836e-07,0.0006579354678227975,True,9.282455835091241e-07,False,0.001,7612b0ab1c9032a14343d27b2f26d08ba0bbc6bfe422de7931f8309cd5f969c9,"[2048, 6144]",8508056895021396641,9.282455835091241e-07
ruler_vt_16k:0226,ruler_vt_16k,18,20260927,gaussian_bf16_scalar_bracket_binary_v1,11,6,True,5.193824116478396e-05,5.193824116478396e-05,18,cuda:0,bfloat16,9.282455835091241e-07,1.8353882857979897e-09,0.9980227341574204,True,32,24,float32,9.282707083002606e-07,2.706696544840623e-05,True,9.282455835091241e-07,False,0.001,af200a5c99f1b67edf0099773e2ecf6b6342cff120f5af38829164c97d624549,"[2048, 6144]",3395725511873377918,9.282455835091241e-07
ruler_vt_16k:0226,ruler_vt_16k,18,20260928,gaussian_bf16_scalar_bracket_binary_v1,4,6,True,5.38382438435292e-05,5.38382406345198e-05,11,cuda:0,bfloat16,9.282455835091241e-07,2.2372119712343874e-09,0.997589849053979,True,32,24,float32,9.274310173168487e-07,0.0008775330653295504,True,9.282455835091241e-07,False,0.001,5b3e65f4914872301c1c4e4d9ab986263eb300821becb637830d8ae2b4dd3c93,"[2048, 6144]",6574804607091372592,9.282455835091241e-07
ruler_vt_16k:0226,ruler_vt_16k,18,20260929,gaussian_bf16_scalar_bracket_binary_v1,11,6,True,5.443290117046473e-05,5.443290117046473e-05,18,cuda:0,bfloat16,9.282455835091241e-07,2.021826261966453e-09,0.9978218843182391,True,32,24,float32,9.287428497373185e-07,0.0005357054609562391,True,9.282455835091241e-07,False,0.001,5e4acef50d79706e8dc1186c6aeca23def4965796b34a12ef564cb63a027aaee,"[2048, 6144]",6794470539730186350,9.282455835091241e-07
ruler_vt_16k:0226,ruler_vt_16k,18,20260930,gaussian_bf16_scalar_bracket_binary_v1,9,6,True,5.169167593166435e-05,5.169167285060037e-05,16,cuda:0,bfloat16,9.282455835091241e-07,2.0308135173507935e-09,0.9978122023380133,True,32,24,float32,9.283767781198549e-07,0.00014133610012425697,True,9.282455835091241e-07,False,0.001,1a9d0fdc84a6aaf9942701bb3421dddb09fa81323920052e346218b44e6abef0,"[2048, 6144]",1917706456122436345,9.282455835091241e-07
ruler_vt_16k:0237,ruler_vt_16k,6,20260926,gaussian_bf16_scalar_bracket_binary_v1,9,7,True,2.367372785272437e-05,2.367372503059609e-05,17,cuda:0,bfloat16,2.756765979938791e-07,2.3283064365386963e-10,0.9991554210790898,True,32,24,float32,2.756885635335493e-07,4.340426339150398e-05,True,2.756765979938791e-07,False,0.001,acf9213d03e2e13b14eb947634204878efceca926b0a004f4ed40cde81079017,"[2048, 6144]",3240657952811704635,2.756765979938791e-07
ruler_vt_16k:0237,ruler_vt_16k,6,20260927,gaussian_bf16_scalar_bracket_binary_v1,5,7,True,2.3708187427473604e-05,2.3708187427473604e-05,13,cuda:0,bfloat16,2.756765979938791e-07,2.6031257704950406e-10,0.9990557320463768,True,32,24,float32,2.7567747906687146e-07,3.1960383969991054e-06,True,2.756765979938791e-07,False,0.001,4509e8d81f800a0299e77e79a1034ae807f555fadb6ebd95102aaf9fe6bb24d3,"[2048, 6144]",4974763278346488322,2.756765979938791e-07
ruler_vt_16k:0237,ruler_vt_16k,6,20260928,gaussian_bf16_scalar_bracket_binary_v1,9,7,True,2.312237465673661e-05,2.312237465673661e-05,17,cuda:0,bfloat16,2.756765979938791e-07,6.104871053125294e-10,0.9977854953603059,True,32,24,float32,2.757584809387481e-07,0.00029702537489530395,True,2.756765979938791e-07,False,0.001,cae2c853e9d37c0eadda99a7307c4f8636a1431101778838a7d677f71ebdc8c9,"[2048, 6144]",5396095566274067470,2.756765979938791e-07
ruler_vt_16k:0237,ruler_vt_16k,6,20260929,gaussian_bf16_scalar_bracket_binary_v1,10,7,True,2.2553791673374235e-05,2.2553791673374235e-05,18,cuda:0,bfloat16,2.756765979938791e-07,3.588161157086489e-10,0.9986984164839534,True,32,24,float32,2.7547386594051204e-07,0.0007353981253482135,True,2.756765979938791e-07,False,0.001,f2b9bec5efc9968acb8313abaec972f55f010e66e22aa36cfca527627445b24a,"[2048, 6144]",8266848348356056714,2.756765979938791e-07
ruler_vt_16k:0237,ruler_vt_16k,6,20260930,gaussian_bf16_scalar_bracket_binary_v1,8,7,True,2.3501429978978194e-05,2.3501429978978194e-05,16,cuda:0,bfloat16,2.756765979938791e-07,4.355862615046391e-10,0.9984199374750181,True,32,24,float32,2.754559886852803e-07,0.0008002467754034535,True,2.756765979938791e-07,False,0.001,5e6615e49d18234d69c981b32a42bff3cdf767ab3b229a4ff862da1d0460c40b,"[2048, 6144]",6802148358822044493,2.756765979938791e-07
ruler_vt_16k:0240,ruler_vt_16k,6,20260926,gaussian_bf16_scalar_bracket_binary_v1,32,6,True,7.63993935432028e-05,7.639938898944409e-05,39,cuda:0,bfloat16,1.6159498272827477e-06,5.190772256469245e-09,0.9967877887241106,True,32,24,float32,1.6138511682584067e-06,0.0012987154606588062,True,1.6159498272827477e-06,False,0.001,c16f9cb2ecbf7f4f7724467c123679970fe7172f00860419f93b4bb697d02244,"[2048, 6144]",4715159627170283343,1.6159498272827477e-06
ruler_vt_16k:0240,ruler_vt_16k,6,20260927,gaussian_bf16_scalar_bracket_binary_v1,8,6,True,7.493967324023743e-05,7.493966877348483e-05,15,cuda:0,bfloat16,1.6159498272827477e-06,6.03179950431354e-09,0.9962673349119656,True,32,24,float32,1.6144377923410502e-06,0.0009356942376360846,True,1.6159498272827477e-06,False,0.001,39a16bed40fcb918996badd240d5c7cbd4fa66bed3e638a5508bdaeb5bee463f,"[2048, 6144]",4152718998154033432,1.6159498272827477e-06
ruler_vt_16k:0240,ruler_vt_16k,6,20260928,gaussian_bf16_scalar_bracket_binary_v1,8,6,True,7.695961052434086e-05,7.695961052434086e-05,15,cuda:0,bfloat16,1.6159498272827477e-06,6.047721434754294e-09,0.9962574819263271,True,32,24,float32,1.616154349903809e-06,0.00012656495740656512,True,1.6159498272827477e-06,False,0.001,f7ed0360ea073a71d33eb44ecf3f8b8c993ec995894819d9cd1f087b9ef3ed20,"[2048, 6144]",8641566974771935857,1.6159498272827477e-06
ruler_vt_16k:0240,ruler_vt_16k,6,20260929,gaussian_bf16_scalar_bracket_binary_v1,8,6,True,7.453568578341674e-05,7.453568134074366e-05,15,cuda:0,bfloat16,1.6159498272827477e-06,5.4294879703320476e-09,0.996640064017667,True,32,24,float32,1.6172907635336742e-06,0.0008298130475877908,True,1.6159498272827477e-06,False,0.001,f26101766c3d27a5a839059845937c31a8490a6ff24b2b160b5f53e14dfcb86c,"[2048, 6144]",8241870401198434213,1.6159498272827477e-06
ruler_vt_16k:0240,ruler_vt_16k,6,20260930,gaussian_bf16_scalar_bracket_binary_v1,32,6,True,7.874599255996984e-05,7.874598786634292e-05,39,cuda:0,bfloat16,1.6159498272827477e-06,4.895762462098219e-09,0.9969703499579993,True,32,24,float32,1.6142254253281862e-06,0.0010671135486063257,True,1.6159498272827477e-06,False,0.001,eb3cd57489888d4e6a61f676c93d0009c9c81c293ef615468c876d6d836259c4,"[2048, 6144]",7727285757161278798,1.6159498272827477e-06
ruler_vt_16k:0270,ruler_vt_16k,0,20260926,gaussian_bf16_scalar_bracket_binary_v1,9,7,True,2.1260765414865546e-05,2.1260764147625174e-05,17,cuda:0,bfloat16,2.2409238908949192e-07,2.8626986892099637e-10,0.9987225364052562,True,32,24,float32,2.2429553325764573e-07,0.0009065197126024948,True,2.2409238908949192e-07,False,0.001,de33cc8b6f73292214c9215232b64cb5c75cbfadda029e5bcabe747cf81a8c4a,"[2048, 6144]",6787993962619808034,2.2409238908949192e-07
ruler_vt_16k:0270,ruler_vt_16k,0,20260927,gaussian_bf16_scalar_bracket_binary_v1,32,7,True,2.1400823158046478e-05,2.1400821882458018e-05,40,cuda:0,bfloat16,2.2409238908949192e-07,1.5052617485800113e-10,0.9993282851975938,True,32,24,float32,2.2504451635541045e-07,0.004248815721886475,True,2.2409238908949192e-07,False,0.001,f7a6060959c7bfd4af13a4e686f0afa08b7786221a5ac57eb76564447bc328bf,"[2048, 6144]",8621585173878128596,2.2409238908949192e-07
ruler_vt_16k:0270,ruler_vt_16k,0,20260928,gaussian_bf16_scalar_bracket_binary_v1,32,7,True,2.1218748091911266e-05,2.1218748091911266e-05,40,cuda:0,bfloat16,2.2409238908949192e-07,3.474222021182527e-10,0.9984496474711619,True,32,24,float32,2.2442658575982932e-07,0.0014913343183821524,True,2.2409238908949192e-07,False,0.001,ac466af377f0d5b4a05e8b7b079e6772cc0f17f0881eca780629a833efa2752a,"[2048, 6144]",3190354979960444340,2.2409238908949192e-07
ruler_vt_16k:0270,ruler_vt_16k,0,20260929,gaussian_bf16_scalar_bracket_binary_v1,32,7,True,2.16144112163974e-05,2.16144112163974e-05,40,cuda:0,bfloat16,2.2409238908949192e-07,1.2175005448256115e-10,0.999456697057061,True,32,24,float32,2.2337309246722725e-07,0.0032098217399851607,True,2.2409238908949192e-07,False,0.001,30f3262f46ed48d85f1ea5c6763f508726ae05f7629d5b09ca956e15ea0b2172,"[2048, 6144]",3527204917656504536,2.2409238908949192e-07
ruler_vt_16k:0270,ruler_vt_16k,0,20260930,gaussian_bf16_scalar_bracket_binary_v1,6,7,True,2.1288776963501732e-05,2.1288775694591743e-05,14,cuda:0,bfloat16,2.2409238908949192e-07,1.7999725321349302e-10,0.9991967721262429,True,32,24,float32,2.2396395138457592e-07,0.0005731462163344769,True,2.2409238908949192e-07,False,0.001,1128ee8dcfc37b49264c4c7fbe21ebb37275379e628e80daa7c77eb7ea312a61,"[2048, 6144]",1236500390556695369,2.2409238908949192e-07
ruler_vt_16k:0270,ruler_vt_16k,6,20260926,gaussian_bf16_scalar_bracket_binary_v1,32,7,True,2.437483919237593e-05,2.437483919237593e-05,40,cuda:0,bfloat16,2.762021438229567e-07,3.540633897181067e-10,0.998718100501258,True,32,24,float32,2.767214937193785e-07,0.0018803253632769463,True,2.762021438229567e-07,False,0.001,6a55b6d4e277a6c9e74c60594e5164ed77b06db0a44f3ce0bc2912212bb172f1,"[2048, 6144]",7662231366489581257,2.762021438229567e-07
ruler_vt_16k:0270,ruler_vt_16k,6,20260927,gaussian_bf16_scalar_bracket_binary_v1,7,7,True,2.2234272577748015e-05,2.2234275228279855e-05,15,cuda:0,bfloat16,2.762021438229567e-07,1.0081862428235056e-10,0.9996349824701325,True,32,24,float32,2.763142958883691e-07,0.0004060506694845307,True,2.762021438229567e-07,False,0.001,a100be16293a684e2d5f1e056b010fbe677d83b6d299fb2ba96c39b4925fd2a9,"[2048, 6144]",2378109605641873486,2.762021438229567e-07
ruler_vt_16k:0270,ruler_vt_16k,6,20260928,gaussian_bf16_scalar_bracket_binary_v1,10,7,True,2.473735450614356e-05,2.473735450614356e-05,18,cuda:0,bfloat16,2.762021438229567e-07,1.4257907354764399e-10,0.9994837872307065,True,32,24,float32,2.761448172350356e-07,0.00020755301580088658,True,2.762021438229567e-07,False,0.001,4af153f800249a7084855c7fc6d4b4ed822846427acfe61ac945b869f9b8423a,"[2048, 6144]",5400189752813329008,2.762021438229567e-07
ruler_vt_16k:0270,ruler_vt_16k,6,20260929,gaussian_bf16_scalar_bracket_binary_v1,8,7,True,2.340813168899558e-05,2.340813168899558e-05,16,cuda:0,bfloat16,2.762021438229567e-07,1.9305297638272378e-10,0.9993010446127947,True,32,24,float32,2.7630517251964193e-07,0.00037301917812504405,True,2.762021438229567e-07,False,0.001,119461ce8c5965178640b09268a64d26f0c3edb2a46727853109cb4a1794757c,"[2048, 6144]",1266744934943778071,2.762021438229567e-07
ruler_vt_16k:0270,ruler_vt_16k,6,20260930,gaussian_bf16_scalar_bracket_binary_v1,4,7,True,2.3200980081128364e-05,2.3200980081128364e-05,12,cuda:0,bfloat16,2.762021438229567e-07,3.394060588135517e-10,0.9987711679058107,True,32,24,float32,2.7619040565696196e-07,4.249846084569467e-05,True,2.762021438229567e-07,False,0.001,f9fc2129147e2627d236580508a2be3788029aea321b02f1372188ef8da67f63,"[2048, 6144]",8789937033041552935,2.762021438229567e-07
ruler_vt_16k:0270,ruler_vt_16k,12,20260926,gaussian_bf16_scalar_bracket_binary_v1,10,7,True,2.153953302652667e-05,2.1539531742670456e-05,18,cuda:0,bfloat16,2.3301726059798966e-07,3.055902197957039e-10,0.9986885511441879,True,32,24,float32,2.3289572936846525e-07,0.0005215546230889646,True,2.3301726059798966e-07,False,0.001,dc8a2fd44f02d24f69b7913900af85a820b256cdbb2b5f689e040984da8661df,"[2048, 6144]",6668194787180597839,2.3301726059798966e-07
ruler_vt_16k:0270,ruler_vt_16k,12,20260927,gaussian_bf16_scalar_bracket_binary_v1,32,7,True,2.1656041656825664e-05,2.1656041656825664e-05,40,cuda:0,bfloat16,2.3301726059798966e-07,1.8233498044750718e-10,0.9992175044029804,True,32,24,float32,2.3255748260453402e-07,0.0019731499386600048,True,2.3301726059798966e-07,False,0.001,6b9f41cddb6efdec3f44df56e9bfebce77dd97dcdaf6e62d43eba73524b610a2,"[2048, 6144]",7754989435760868844,2.3301726059798966e-07
ruler_vt_16k:0270,ruler_vt_16k,12,20260928,gaussian_bf16_scalar_bracket_binary_v1,6,7,True,2.073853619322108e-05,2.073853619322108e-05,14,cuda:0,bfloat16,2.3301726059798966e-07,1.9859498767704764e-10,0.9991477241335367,True,32,24,float32,2.3313978658734413e-07,0.0005258236623331446,True,2.3301726059798966e-07,False,0.001,e4ae797eb3d0889c2430b3da946eb25ac2b961efd15836500ac3ae22b957409b,"[2048, 6144]",7254869634830076060,2.3301726059798966e-07
ruler_vt_16k:0270,ruler_vt_16k,12,20260929,gaussian_bf16_scalar_bracket_binary_v1,32,7,True,2.1270106818960244e-05,2.1270106818960244e-05,40,cuda:0,bfloat16,2.3301726059798966e-07,1.4276459181505885e-10,0.9993873218170676,True,32,24,float32,2.3365309687051194e-07,0.002728708898604951,True,2.3301726059798966e-07,False,0.001,59457a4661bebfff0dc6d6fddb85222f571b56b12449362762851a8285ad28c0,"[2048, 6144]",6432682085474811903,2.3301726059798966e-07
ruler_vt_16k:0270,ruler_vt_16k,12,20260930,gaussian_bf16_scalar_bracket_binary_v1,10,7,True,2.0520082511410465e-05,2.0520081288318236e-05,18,cuda:0,bfloat16,2.3301726059798966e-07,3.115095681405222e-10,0.9986631480975224,True,32,24,float32,2.3294478523894213e-07,0.0003110300020759728,True,2.3301726059798966e-07,False,0.001,f3def8b024716b32e25e69fc06ca17ddd6002b3f444053753d7ec4d225213899,"[2048, 6144]",8349384194600823602,2.3301726059798966e-07
ruler_vt_16k:0270,ruler_vt_16k,18,20260926,gaussian_bf16_scalar_bracket_binary_v1,32,7,True,2.4487982772214423e-05,2.4487981312616908e-05,40,cuda:0,bfloat16,3.0826728902866307e-07,4.3945819205859493e-10,0.9985744248329321,True,32,24,float32,3.0891220603734837e-07,0.00209207084772894,True,3.0826728902866307e-07,False,0.001,75a156f692096f4db62bc145a0d104f030203352dc5f1d48cbe8f364a393749d,"[2048, 6144]",8476151590700019533,3.0826728902866307e-07
ruler_vt_16k:0270,ruler_vt_16k,18,20260927,gaussian_bf16_scalar_bracket_binary_v1,32,7,True,2.5607860033138863e-05,2.5607860033138863e-05,40,cuda:0,bfloat16,3.0826728902866307e-07,1.7462298274040222e-10,0.9994335338553415,True,32,24,float32,3.075475092373381e-07,0.002334921079667507,True,3.0826728902866307e-07,False,0.001,446a9c944444701b4ec0eefe2aaae2a5bce5cdf9e01b6888941639a7d3365908,"[2048, 6144]",4929924902724857883,3.0826728902866307e-07
ruler_vt_16k:0270,ruler_vt_16k,18,20260928,gaussian_bf16_scalar_bracket_binary_v1,32,7,True,2.5162317466964623e-05,2.5162317466964623e-05,40,cuda:0,bfloat16,3.0826728902866307e-07,2.866394899214697e-10,0.9990701592412718,True,32,24,float32,3.0646265258837957e-07,0.005854128882664891,True,3.0826728902866307e-07,False,0.001,48853073e6c40cb23af022581915aa5f1344c6a35f1638f3c3e3d73bac36949c,"[2048, 6144]",5225636216984308914,3.0826728902866307e-07
ruler_vt_16k:0270,ruler_vt_16k,18,20260929,gaussian_bf16_scalar_bracket_binary_v1,8,7,True,2.658805367872219e-05,2.6588052093950695e-05,16,cuda:0,bfloat16,3.0826728902866307e-07,3.214623012226525e-10,0.9989571961973793,True,32,24,float32,3.0798645411778125e-07,0.0009110110636996896,True,3.0826728902866307e-07,False,0.001,adcf1a71971f93b6909d7db6cc303e1fbfa374cc39b3a0bf72478bc373057872,"[2048, 6144]",3300886127054918582,3.0826728902866307e-07
ruler_vt_16k:0270,ruler_vt_16k,18,20260930,gaussian_bf16_scalar_bracket_binary_v1,2,7,True,2.4661383122293046e-05,2.4661383122293046e-05,10,cuda:0,bfloat16,3.0826728902866307e-07,2.3999632836613216e-10,0.999221466769561,True,32,24,float32,3.084998070335132e-07,0.0007542740119549803,True,3.0826728902866307e-07,False,0.001,61bd3912b48100a2664cde10f64df2e576533dd8b2a6b261ab8eb41398ed9fd2,"[2048, 6144]",7042848144777871522,3.0826728902866307e-07
ruler_vt_16k:0270,ruler_vt_16k,24,20260926,gaussian_bf16_scalar_bracket_binary_v1,12,7,True,3.3955266808938234e-05,3.395527085672147e-05,20,cuda:0,bfloat16,4.597285965246556e-07,4.3945819205859493e-10,0.9990440921113442,True,32,24,float32,4.5928584313514875e-07,0.0009630755903675625,True,4.597285965246556e-07,False,0.001,ee437cd54b6cacb504657916c0e96d5e79f9121e253560d52b0acabffe57fa85,"[2048, 6144]",7945331423146978485,4.597285965246556e-07
ruler_vt_16k:0270,ruler_vt_16k,24,20260927,gaussian_bf16_scalar_bracket_binary_v1,9,7,True,3.453711081391475e-05,3.453711081391475e-05,17,cuda:0,bfloat16,4.597285965246556e-07,7.128953538604321e-10,0.998449312574311,True,32,24,float32,4.5964668515807716e-07,0.00017817331181405285,True,4.597285965246556e-07,False,0.001,5c41ea72eebe820853b506445d6ed6b6aef8c0434e98c59539c9c1585620153e,"[2048, 6144]",6647852304328196616,4.597285965246556e-07
ruler_vt_16k:0270,ruler_vt_16k,24,20260928,gaussian_bf16_scalar_bracket_binary_v1,7,7,True,3.3790051844562186e-05,3.3790051844562186e-05,15,cuda:0,bfloat16,4.597285965246556e-07,8.313716937102811e-10,0.9981916032633273,True,32,24,float32,4.597222584834526e-07,1.3786484571316371e-05,True,4.597285965246556e-07,False,0.001,4e932402c29e27c487d9d99dab4e1d0c39dab9a35dd7879eca776e3c033d86a8,"[2048, 6144]",5661908750808524740,4.597285965246556e-07
ruler_vt_16k:0270,ruler_vt_16k,24,20260929,gaussian_bf16_scalar_bracket_binary_v1,12,7,True,3.3093275690454504e-05,3.3093275690454504e-05,20,cuda:0,bfloat16,4.597285965246556e-07,2.7301813587676804e-10,0.9994061319266614,True,32,24,float32,4.597578708853689e-07,6.36774847912819e-05,True,4.597285965246556e-07,False,0.001,2905e62142b607cb6729f2f80e7aaebd653775bf49ea64d6ef27a34cc6ff6a86,"[2048, 6144]",2956021760966133707,4.597285965246556e-07
ruler_vt_16k:0270,ruler_vt_16k,24,20260930,gaussian_bf16_scalar_bracket_binary_v1,9,7,True,3.4077382217390095e-05,3.4077382217390095e-05,17,cuda:0,bfloat16,4.597285965246556e-07,8.190543798747285e-10,0.998218395840358,True,32,24,float32,4.5941570192553627e-07,0.0006806072136574975,True,4.597285965246556e-07,False,0.001,7f67fc1d92d68e3e7f9792eb72cd141022169be6c9c780ddcb121c4da4cbcde5,"[2048, 6144]",9180583569365831230,4.597285965246556e-07
ruler_vt_16k:0272,ruler_vt_16k,18,20260926,gaussian_bf16_scalar_bracket_binary_v1,32,7,True,2.5934393025117686e-05,2.5934391479307402e-05,40,cuda:0,bfloat16,3.3075298233598005e-07,5.00721242246982e-10,0.9984861172264855,True,32,24,float32,3.3141904509648157e-07,0.0020137770362564076,True,3.3075298233598005e-07,False,0.001,45610faef1f1f35164573b6ac75231371d6461e66d3bb754a620bb2876e69417,"[2048, 6144]",4999294305415852881,3.3075298233598005e-07
ruler_vt_16k:0272,ruler_vt_16k,18,20260927,gaussian_bf16_scalar_bracket_binary_v1,9,7,True,2.617082972733442e-05,2.617082972733442e-05,17,cuda:0,bfloat16,3.3075298233598005e-07,3.9692332753915593e-10,0.998799940291586,True,32,24,float32,3.306214182430267e-07,0.00039777144872331604,True,3.3075298233598005e-07,False,0.001,413c07d32db3a48af76501c67e3246fbc8ddbb7c2070eee71fe1df5c50a89a37,"[2048, 6144]",4700640714654196874,3.3075298233598005e-07
ruler_vt_16k:0272,ruler_vt_16k,18,20260928,gaussian_bf16_scalar_bracket_binary_v1,7,7,True,2.7617874025054334e-05,2.7617872378900763e-05,15,cuda:0,bfloat16,3.3075298233598005e-07,5.278956716203709e-10,0.9984039579389669,True,32,24,float32,3.3074624639084504e-07,2.0365485709100434e-05,True,3.3075298233598005e-07,False,0.001,f79535d86d9c934bd1d5c0e9bb3f4b3fe1aac8f386509b33fbb7dc353d26590f,"[2048, 6144]",8616852665711498059,3.3075298233598005e-07
ruler_vt_16k:0272,ruler_vt_16k,18,20260929,gaussian_bf16_scalar_bracket_binary_v1,32,7,True,2.750417768737634e-05,2.750417768737634e-05,40,cuda:0,bfloat16,3.3075298233598005e-07,5.776945588564786e-10,0.9982533957675107,True,32,24,float32,3.313267313842516e-07,0.0017346753586903393,True,3.3075298233598005e-07,False,0.001,fd69b936b24d6d40283258cc265a4532e3a2c3d04e5fb046ba5a72f8287a49b9,"[2048, 6144]",9036957771866402112,3.3075298233598005e-07
ruler_vt_16k:0272,ruler_vt_16k,18,20260930,gaussian_bf16_scalar_bracket_binary_v1,5,7,True,2.7121744551550364e-05,2.7121744551550364e-05,13,cuda:0,bfloat16,3.3075298233598005e-07,3.343775534236926e-10,0.9989890414560676,True,32,24,float32,3.3054834602808114e-07,0.0006186983000233043,True,3.3075298233598005e-07,False,0.001,bf9ba760ff63d99e77003040a7fc5cd73458f8289f5b8da7db7432c84c7a3e09,"[2048, 6144]",4583441080823044510,3.3075298233598005e-07
ruler_vt_16k:0277,ruler_vt_16k,24,20260926,gaussian_bf16_scalar_bracket_binary_v1,11,7,True,3.760062744362358e-05,3.760062744362358e-05,19,cuda:0,bfloat16,5.201989097258775e-07,7.009130498225602e-10,0.9986526056923266,True,32,24,float32,5.205904471949907e-07,0.0007526687614927319,True,5.201989097258775e-07,False,0.001,08c9577367b9aa36f272baee9983e31dc7db853d4b4285568fdf4e4f17980018,"[2048, 6144]",633133375795341878,5.201989097258775e-07
ruler_vt_16k:0277,ruler_vt_16k,24,20260927,gaussian_bf16_scalar_bracket_binary_v1,10,7,True,3.716170961354237e-05,3.716170961354237e-05,18,cuda:0,bfloat16,5.201989097258775e-07,6.712834732525153e-10,0.9987095638597047,True,32,24,float32,5.200603823141137e-07,0.0002662970051913164,True,5.201989097258775e-07,False,0.001,15486c3307aa5c01915ff18f1739c1372de1e73d0f1aa66c9170ef4dfb75767e,"[2048, 6144]",1533594639547390977,5.201989097258775e-07
ruler_vt_16k:0277,ruler_vt_16k,24,20260928,gaussian_bf16_scalar_bracket_binary_v1,32,7,True,3.6584613948065225e-05,3.6584613948065225e-05,40,cuda:0,bfloat16,5.201989097258775e-07,8.435091514158444e-10,0.9983784872754533,True,32,24,float32,5.188595650906791e-07,0.0025746778975452595,True,5.201989097258775e-07,False,0.001,dbc0d1cf0fc2525f6820a4d8231f1aeccd1973bae6151c4ca78e8d51ce9d87e2,"[2048, 6144]",6611514940232716895,5.201989097258775e-07
ruler_vt_16k:0277,ruler_vt_16k,24,20260929,gaussian_bf16_scalar_bracket_binary_v1,32,7,True,3.7294553378086626e-05,3.729455115515802e-05,40,cuda:0,bfloat16,5.201989097258775e-07,6.73802402761936e-10,0.9987047216167427,True,32,24,float32,5.186801104173355e-07,0.002919651079896095,True,5.201989097258775e-07,False,0.001,42d61212d084845ffb0c9efb4246b949143b0b3155b61cca3b274822dc630a32,"[2048, 6144]",4816056723536381023,5.201989097258775e-07
ruler_vt_16k:0277,ruler_vt_16k,24,20260930,gaussian_bf16_scalar_bracket_binary_v1,7,7,True,3.667402313567436e-05,3.667402094973224e-05,15,cuda:0,bfloat16,5.201989097258775e-07,4.3945819205859493e-10,0.9991552112396964,True,32,24,float32,5.197765631237417e-07,0.0008118944392989253,True,5.201989097258775e-07,False,0.001,56efc0ad928f38da90a2d1310f668f1971dd74231de8c3722fb757c12cf98c14,"[2048, 6144]",6264437458416384218,5.201989097258775e-07
ruler_vt_16k:0279,ruler_vt_16k,0,20260926,gaussian_bf16_scalar_bracket_binary_v1,8,7,True,2.2465280526517972e-05,2.2465280526517972e-05,16,cuda:0,bfloat16,2.2409257383060321e-07,2.7028981830490295e-10,0.998793847499341,True,32,24,float32,2.241642675926414e-07,0.00031992921859333494,True,2.2409257383060321e-07,False,0.001,311a1966d973482bb34dc0b80925ad7490842b444f0d584444b2c5f00067ca46,"[2048, 6144]",3538168386778515499,2.2409257383060321e-07
ruler_vt_16k:0279,ruler_vt_16k,0,20260927,gaussian_bf16_scalar_bracket_binary_v1,9,7,True,2.137282922909378e-05,2.1372827955173888e-05,17,cuda:0,bfloat16,2.2409257383060321e-07,3.855571140132241e-10,0.9982794739360499,True,32,24,float32,2.2408644895222096e-07,2.7331911439787385e-05,True,2.2409257383060321e-07,False,0.001,ec49e38c2c116d6a7a7a0443de0d7dd2bf7ad709f5994307cca3f97320191404,"[2048, 6144]",7803018020570361194,2.2409257383060321e-07
ruler_vt_16k:0279,ruler_vt_16k,0,20260928,gaussian_bf16_scalar_bracket_binary_v1,10,7,True,2.2283205310280607e-05,2.2283205310280607e-05,18,cuda:0,bfloat16,2.2409257383060321e-07,1.8973375648378976e-10,0.9991533242122195,True,32,24,float32,2.2425608392495633e-07,0.00072965422975915,True,2.2409257383060321e-07,False,0.001,b64ba5efa53da300efbbcfed8d421a8343cbfcf43576eaf508e7d0b1ddc92010,"[2048, 6144]",3912403149989454592,2.2409257383060321e-07
ruler_vt_16k:0279,ruler_vt_16k,0,20260929,gaussian_bf16_scalar_bracket_binary_v1,32,7,True,2.0581502327754464e-05,2.0581502327754464e-05,40,cuda:0,bfloat16,2.2409257383060321e-07,1.6138854141978243e-10,0.9992798130760826,True,32,24,float32,2.232588087736076e-07,0.0037206277867372754,True,2.2409257383060321e-07,False,0.001,ed3da32bb06b6e389f30122f3dd19c11ac3897a3dabb38a3ffa1b1950be59115,"[2048, 6144]",7871627131752246840,2.2409257383060321e-07
ruler_vt_16k:0279,ruler_vt_16k,0,20260930,gaussian_bf16_scalar_bracket_binary_v1,10,7,True,2.1498881301873496e-05,2.149888002044031e-05,18,cuda:0,bfloat16,2.2409257383060321e-07,2.408770682915673e-10,0.9989251001754585,True,32,24,float32,2.2389595244476368e-07,0.0008774114308141491,True,2.2409257383060321e-07,False,0.001,a9de852b4df4c8f658ae66c86cd69ffe6bf227c4593449f96725fe6cd33a0d18,"[2048, 6144]",3016995221422786806,2.2409257383060321e-07
ruler_vt_16k:0286,ruler_vt_16k,12,20260926,gaussian_bf16_scalar_bracket_binary_v1,8,7,True,2.2001413764627387e-05,2.2001412453240935e-05,16,cuda:0,bfloat16,2.334367508183277e-07,1.7110106387274726e-10,0.9992670345895711,True,32,24,float32,2.336179107942371e-07,0.0007760559349559445,True,2.334367508183277e-07,False,0.001,bb40172f4e66a481d09c19f062402e2a8608e24eabd0074034250c3a0e5622fe,"[2048, 6144]",4269437938693481601,2.334367508183277e-07
ruler_vt_16k:0286,ruler_vt_16k,12,20260927,gaussian_bf16_scalar_bracket_binary_v1,10,7,True,2.1519950466064586e-05,2.1519949183375584e-05,18,cuda:0,bfloat16,2.334367508183277e-07,2.4010660126805305e-10,0.9989714275904443,True,32,24,float32,2.3339619303897052e-07,0.0001737420488205417,True,2.334367508183277e-07,False,0.001,325ae6dcd99a10ced00ef39d4b569972b51456c484c230ba4ed59f3cc0172380,"[2048, 6144]",3628466286018302158,2.334367508183277e-07
ruler_vt_16k:0286,ruler_vt_16k,12,20260928,gaussian_bf16_scalar_bracket_binary_v1,32,7,True,2.0185240508596367e-05,2.0185240508596367e-05,40,cuda:0,bfloat16,2.334367508183277e-07,2.016372485647011e-10,0.9991362232045389,True,32,24,float32,2.3419227090926142e-07,0.0032365087685858793,True,2.334367508183277e-07,False,0.001,b159222a2c287ce592f7fa6a9ce5efcedb3ad441a50d3f1dabfb0e228ff78cd1,"[2048, 6144]",3555910945310538981,2.334367508183277e-07
ruler_vt_16k:0286,ruler_vt_16k,12,20260929,gaussian_bf16_scalar_bracket_binary_v1,32,7,True,2.06363558897249e-05,2.06363558897249e-05,40,cuda:0,bfloat16,2.334367508183277e-07,3.2539071437298617e-10,0.9986060861743821,True,32,24,float32,2.3419360672960465e-07,0.0032422311766409353,True,2.334367508183277e-07,False,0.001,2721ccee39195b272d9f4a2fad4919b9aa4b4b38d13a0780b6402d57f657ed67,"[2048, 6144]",2819760165242886951,2.334367508183277e-07
ruler_vt_16k:0286,ruler_vt_16k,12,20260930,gaussian_bf16_scalar_bracket_binary_v1,9,7,True,2.092176879209262e-05,2.092176879209262e-05,17,cuda:0,bfloat16,2.334367508183277e-07,2.6193447411060333e-10,0.9988779210077574,True,32,24,float32,2.3321891262639838e-07,0.0009331786497442479,True,2.334367508183277e-07,False,0.001,476801430cce9adeb6096fed43de4953492edd48c7e550aa4446c4f1b9858e11,"[2048, 6144]",5145363961760094942,2.334367508183277e-07
ruler_vt_16k:0295,ruler_vt_16k,0,20260926,gaussian_bf16_scalar_bracket_binary_v1,7,7,True,2.162493337465321e-05,2.162493337465321e-05,15,cuda:0,bfloat16,2.2409257383060321e-07,1.8917489796876907e-10,0.9991558180856462,True,32,24,float32,2.2418581124838965e-07,0.00041606652194070776,True,2.2409257383060321e-07,False,0.001,b1bcbcca7552c0340ede4a8cedbb829ba519f8af2177d3a0e2807161e7d64ce6,"[2048, 6144]",3583946981217845300,2.2409257383060321e-07
ruler_vt_16k:0295,ruler_vt_16k,0,20260927,gaussian_bf16_scalar_bracket_binary_v1,7,7,True,2.1176748226992004e-05,2.1176748226992004e-05,15,cuda:0,bfloat16,2.2409257383060321e-07,1.1271865385520385e-10,0.9994969996018681,True,32,24,float32,2.2422229051244358e-07,0.0005788531035322025,True,2.2409257383060321e-07,False,0.001,418b7fe24dd472c795ea1fad168bb846508b098df52b74dbc44102385c687ed5,"[2048, 6144]",4723009244173202119,2.2409257383060321e-07
ruler_vt_16k:0295,ruler_vt_16k,0,20260928,gaussian_bf16_scalar_bracket_binary_v1,32,7,True,2.08406093662461e-05,2.08406093662461e-05,40,cuda:0,bfloat16,2.2409257383060321e-07,9.430718705960572e-11,0.9995791596952656,True,32,24,float32,2.2312619307740533e-07,0.004312417572250259,True,2.2409257383060321e-07,False,0.001,4bc23977d3918d03eea3fde3aef08a49607b3725039cd98a24d6ae7e92716361,"[2048, 6144]",5458988885139885315,2.2409257383060321e-07
ruler_vt_16k:0295,ruler_vt_16k,0,20260929,gaussian_bf16_scalar_bracket_binary_v1,6,7,True,2.1736979661568512e-05,2.1736979661568512e-05,14,cuda:0,bfloat16,2.2409257383060321e-07,1.4696713290796026e-10,0.9993441677678304,True,32,24,float32,2.2391218124084844e-07,0.000804991377764875,True,2.2409257383060321e-07,False,0.001,756ee88c3503543fc78228aa3066cdb4cdbfa9e0fcf8ec1ebc0d432a3e78567e,"[2048, 6144]",8461956438758216767,2.2409257383060321e-07
ruler_vt_16k:0295,ruler_vt_16k,0,20260930,gaussian_bf16_scalar_bracket_binary_v1,5,7,True,2.1961072235399115e-05,2.1961072235399115e-05,13,cuda:0,bfloat16,2.2409257383060321e-07,1.3957707212242099e-10,0.9993771454817243,True,32,24,float32,2.2425346912768873e-07,0.0007179858499333475,True,2.2409257383060321e-07,False,0.001,96c32ee3d7b1b081361e49a5dddbf88eaeb9129e2e66c62016b456004503489a,"[2048, 6144]",1640206245404192897,2.2409257383060321e-07
ruler_vt_16k:0295,ruler_vt_16k,6,20260926,gaussian_bf16_scalar_bracket_binary_v1,32,7,True,2.482637278689026e-05,2.482637278689026e-05,40,cuda:0,bfloat16,2.762322424132435e-07,2.9103830456733704e-10,0.9989463999494601,True,32,24,float32,2.7560102466850367e-07,0.002285098000238295,True,2.762322424132435e-07,False,0.001,d6eec9e20597bcfbb9227ea86dfd8fb66f72c6f5512d87bb56f77224d7c53f3c,"[2048, 6144]",6264166104312560891,2.762322424132435e-07
ruler_vt_16k:0295,ruler_vt_16k,6,20260927,gaussian_bf16_scalar_bracket_binary_v1,6,7,True,2.34797406051257e-05,2.34797406051257e-05,14,cuda:0,bfloat16,2.762322424132435e-07,2.9103830456733704e-10,0.9989463999494601,True,32,24,float32,2.7612728104031703e-07,0.0003799750963519304,True,2.762322424132435e-07,False,0.001,dc6930073aab9e8020770d2a1a5c73d7d4473519e15311121ec2245f47e2f8d8,"[2048, 6144]",6658906331651219072,2.762322424132435e-07
ruler_vt_16k:0295,ruler_vt_16k,6,20260928,gaussian_bf16_scalar_bracket_binary_v1,10,7,True,2.3945882514198047e-05,2.3945882514198047e-05,18,cuda:0,bfloat16,2.762322424132435e-07,2.6674101816226425e-10,0.9990343595815175,True,32,24,float32,2.760781683264213e-07,0.0005577701048805347,True,2.762322424132435e-07,False,0.001,4d55103738dcb8cd8fb6f095d8f345b61f08fcff014a451f58b42a5c667e37fd,"[2048, 6144]",5572377943304091853,2.762322424132435e-07
ruler_vt_16k:0295,ruler_vt_16k,6,20260929,gaussian_bf16_scalar_bracket_binary_v1,8,7,True,2.368691478693563e-05,2.368691337508549e-05,16,cuda:0,bfloat16,2.762322424132435e-07,2.537213217301826e-10,0.9990814927341081,True,32,24,float32,2.7643642397379153e-07,0.0007391662854568827,True,2.762322424132435e-07,False,0.001,8e25ef33fd45fcbc843cad920e3468d06b7b272389af609e9b6b9e4aa7a0ff5c,"[2048, 6144]",1019483897240878268,2.762322424132435e-07
ruler_vt_16k:0295,ruler_vt_16k,6,20260930,gaussian_bf16_scalar_bracket_binary_v1,32,7,True,2.3656701885421683e-05,2.3656701885421683e-05,40,cuda:0,bfloat16,2.762322424132435e-07,3.343775534236926e-10,0.9987895057054076,True,32,24,float32,2.7580770733948157e-07,0.0015368773393470848,True,2.762322424132435e-07,False,0.001,ee1cd92a09313a5fa843bfce32a14ad2c53bfd2af73634e7fb49a45d2ca48490,"[2048, 6144]",7934455418086046303,2.762322424132435e-07
ruler_vt_16k:0295,ruler_vt_16k,12,20260926,gaussian_bf16_scalar_bracket_binary_v1,32,7,True,2.0293071247734495e-05,2.0293071247734495e-05,40,cuda:0,bfloat16,2.335263076247429e-07,3.588161157086489e-10,0.9984634873930982,True,32,24,float32,2.3284806616175047e-07,0.0029043471371213683,True,2.335263076247429e-07,False,0.001,018cbed04f345b476e05a94384475c93c7c0937068e82a102d3f22e3a468c170,"[2048, 6144]",111673892668726087,2.335263076247429e-07
ruler_vt_16k:0295,ruler_vt_16k,12,20260927,gaussian_bf16_scalar_bracket_binary_v1,6,7,True,2.2184999224350577e-05,2.2184999224350577e-05,14,cuda:0,bfloat16,2.335263076247429e-07,3.612423138399379e-10,0.9984530979934799,True,32,24,float32,2.3354768075023458e-07,9.152341639387638e-05,True,2.335263076247429e-07,False,0.001,9d077abfadae98b005e80153b214b616baa5f6ba3a22f63ddebd5771d7ac7a20,"[2048, 6144]",2091775515608127664,2.335263076247429e-07
ruler_vt_16k:0295,ruler_vt_16k,12,20260928,gaussian_bf16_scalar_bracket_binary_v1,6,7,True,2.1250893993851605e-05,2.1250892727199617e-05,14,cuda:0,bfloat16,2.335263076247429e-07,2.7495034027325005e-10,0.9988226151345866,True,32,24,float32,2.334202804377128e-07,0.000454026735182654,True,2.335263076247429e-07,False,0.001,3aacc06b187be70da9b6fcdd000bd0601aff3d04f5cb0ae7e9d93f6ff8037114,"[2048, 6144]",4227965716398860045,2.335263076247429e-07
ruler_vt_16k:0295,ruler_vt_16k,12,20260929,gaussian_bf16_scalar_bracket_binary_v1,4,7,True,2.1484420301476348e-05,2.1484420301476348e-05,12,cuda:0,bfloat16,2.335263076247429e-07,1.3650906793838402e-10,0.9994154445838379,True,32,24,float32,2.33418973039079e-07,0.00045962524203653477,True,2.335263076247429e-07,False,0.001,78528196a97f857ff98476f704bb318164ff130511adc9a138117e8191ff08d1,"[2048, 6144]",8670134716730410367,2.335263076247429e-07
ruler_vt_16k:0295,ruler_vt_16k,12,20260930,gaussian_bf16_scalar_bracket_binary_v1,10,7,True,2.176173279178073e-05,2.176173279178073e-05,18,cuda:0,bfloat16,2.335263076247429e-07,2.990232783606217e-10,0.9987195306541603,True,32,24,float32,2.335709723411128e-07,0.00019126203306246906,True,2.335263076247429e-07,False,0.001,00b8a617cb13959d6fc98756053f22be334adf966bf071fae4d3c0741701f6e6,"[2048, 6144]",51974016836277661,2.335263076247429e-07
ruler_vt_16k:0295,ruler_vt_16k,18,20260926,gaussian_bf16_scalar_bracket_binary_v1,32,7,True,2.6415264495094348e-05,2.6415264495094348e-05,40,cuda:0,bfloat16,3.139710145205754e-07,3.552575178478179e-10,0.9988685021819919,True,32,24,float32,3.134981625407818e-07,0.0015060370477690836,True,3.139710145205754e-07,False,0.001,b4ce30e1e6988b8ff0e47784e4111ad3cda21fbc19d6a938c941f640aa7a1c2e,"[2048, 6144]",3805032481969179535,3.139710145205754e-07
ruler_vt_16k:0295,ruler_vt_16k,18,20260927,gaussian_bf16_scalar_bracket_binary_v1,6,7,True,2.5431652176166608e-05,2.5431652176166608e-05,14,cuda:0,bfloat16,3.139710145205754e-07,3.305559714839035e-10,0.9989471767895879,True,32,24,float32,3.140230830922519e-07,0.0001658387853286627,True,3.139710145205754e-07,False,0.001,57ec9cf84421caae3701a779d02853d56061059674501e986be8d91c3218f853,"[2048, 6144]",6335611365912332974,3.139710145205754e-07
ruler_vt_16k:0295,ruler_vt_16k,18,20260928,gaussian_bf16_scalar_bracket_binary_v1,32,7,True,2.6057141306656817e-05,2.6057139753530164e-05,40,cuda:0,bfloat16,3.139710145205754e-07,4.4425069178899435e-10,0.9985850582657532,True,32,24,float32,3.1364228902930336e-07,0.0010469931174188387,True,3.139710145205754e-07,False,0.001,afe500f527411b452ed028f150d310e9acc412e78028fd2c73716d435e1d9667,"[2048, 6144]",3451165742374918981,3.139710145205754e-07
ruler_vt_16k:0295,ruler_vt_16k,18,20260929,gaussian_bf16_scalar_bracket_binary_v1,12,7,True,2.5338442031230812e-05,2.5338442031230812e-05,20,cuda:0,bfloat16,3.139710145205754e-07,5.950291925849172e-10,0.9981048276271823,True,32,24,float32,3.137069484182575e-07,0.000841052486074566,True,3.139710145205754e-07,False,0.001,c628589e2e444ac91d584b8b99d38993ef73cfe0919977a6f49f78ead8c87823,"[2048, 6144]",5055388018127686345,3.139710145205754e-07
ruler_vt_16k:0295,ruler_vt_16k,18,20260930,gaussian_bf16_scalar_bracket_binary_v1,32,7,True,2.5500333335592984e-05,2.5500333335592984e-05,40,cuda:0,bfloat16,3.139710145205754e-07,4.247564244774793e-10,0.9986471476511102,True,32,24,float32,3.1337754080595914e-07,0.001890218163999894,True,3.139710145205754e-07,False,0.001,f6927446aefaa3a7df589fa49cd87086ad5b0b3c810da5730690a25583349f5c,"[2048, 6144]",8544019290007446439,3.139710145205754e-07
ruler_vt_16k:0295,ruler_vt_16k,24,20260926,gaussian_bf16_scalar_bracket_binary_v1,8,7,True,3.572956127584348e-05,3.572956127584348e-05,16,cuda:0,bfloat16,4.595441964738711e-07,3.904688516964683e-10,0.9991503127344604,True,32,24,float32,4.5990645958227105e-07,0.0007883096145694164,True,4.595441964738711e-07,False,0.001,0650088e59f2276c7da9d1f2ddb57a37e138c81da55ab1f5553dc1ba1bf47573,"[2048, 6144]",454872969851840364,4.595441964738711e-07
ruler_vt_16k:0295,ruler_vt_16k,24,20260927,gaussian_bf16_scalar_bracket_binary_v1,8,7,True,3.366161239171106e-05,3.366161239171106e-05,16,cuda:0,bfloat16,4.595441964738711e-07,5.613343678767535e-10,0.9987784975369421,True,32,24,float32,4.593224218751857e-07,0.00048259688706144325,True,4.595441964738711e-07,False,0.001,5b3babfc57c66a0d1b11f76147df4f986f7665c90f5920cc934aeb31f4c67bb2,"[2048, 6144]",6574037181370100237,4.595441964738711e-07
ruler_vt_16k:0295,ruler_vt_16k,24,20260928,gaussian_bf16_scalar_bracket_binary_v1,9,7,True,3.337439726891489e-05,3.337440124745308e-05,17,cuda:0,bfloat16,4.595441964738711e-07,4.5461637232513397e-10,0.9990107232866535,True,32,24,float32,4.597213205670414e-07,0.0003854342945235056,True,4.595441964738711e-07,False,0.001,2935c76bd3cf4cc27ce4d8cd3636556c0ce896d5ffae78613a9d8c3b28ad01c1,"[2048, 6144]",2969498795249716418,4.595441964738711e-07
ruler_vt_16k:0295,ruler_vt_16k,24,20260929,gaussian_bf16_scalar_bracket_binary_v1,7,7,True,3.515513103025114e-05,3.515513103025114e-05,15,cuda:0,bfloat16,4.595441964738711e-07,7.38572425440509e-10,0.9983928152480052,True,32,24,float32,4.5909166601632023e-07,0.000984737618325298,True,4.595441964738711e-07,False,0.001,38de49d0df26d5a96981886ef62cf2b074b12b39244e390806754e81ef12e5ee,"[2048, 6144]",4097793872399619497,4.595441964738711e-07
ruler_vt_16k:0295,ruler_vt_16k,24,20260930,gaussian_bf16_scalar_bracket_binary_v1,7,7,True,3.42360426373034e-05,3.42360426373034e-05,15,cuda:0,bfloat16,4.595441964738711e-07,5.238689482212067e-10,0.9988600248850037,True,32,24,float32,4.593785263296013e-07,0.00036050970840460756,True,4.595441964738711e-07,False,0.001,38791dc2ec4ce19ea435668f40560e1ba2f066d58d345e61eeddfc96123bbc63,"[2048, 6144]",4069316461331276190,4.595441964738711e-07
ruler_vt_16k:0310,ruler_vt_16k,0,20260926,gaussian_bf16_scalar_bracket_binary_v1,32,7,True,2.1572674402392522e-05,2.1572673116560926e-05,40,cuda:0,bfloat16,2.2413168210277945e-07,1.646361241780525e-10,0.9992654491206533,True,32,24,float32,2.2335336780088255e-07,0.0034725760079736922,True,2.2413168210277945e-07,False,0.001,57b3a71857a3c354c68bf9e0d6de8182f80b9415073936f08c727379fffc0eb5,"[2048, 6144]",6319578425122341716,2.2413168210277945e-07
ruler_vt_16k:0310,ruler_vt_16k,0,20260927,gaussian_bf16_scalar_bracket_binary_v1,32,7,True,2.2283592081562276e-05,2.2283590753356684e-05,40,cuda:0,bfloat16,2.2413168210277945e-07,2.391123687939256e-10,0.9989331612266923,True,32,24,float32,2.251181285828352e-07,0.004401191615576217,True,2.2413168210277945e-07,False,0.001,ea1454f80d490f3f03e390ca9d544dd3fc1e94b80121fd06088c684bfd75407f,"[2048, 6144]",7643827891906088767,2.2413168210277945e-07
ruler_vt_16k:0310,ruler_vt_16k,0,20260928,gaussian_bf16_scalar_bracket_binary_v1,8,7,True,2.1572674402392522e-05,2.1572674402392522e-05,16,cuda:0,bfloat16,2.2413168210277945e-07,5.4448282688079885e-11,0.999757070119774,True,32,24,float32,2.24069381715708e-07,0.0002779633226634897,True,2.2413168210277945e-07,False,0.001,3e26cac1b5d38863fc3bb0a80ec1225b1b700abeb15b725e4fdacab9bb0fb995,"[2048, 6144]",4478489812794574947,2.2413168210277945e-07
ruler_vt_16k:0310,ruler_vt_16k,0,20260929,gaussian_bf16_scalar_bracket_binary_v1,4,7,True,2.062011475345571e-05,2.062011475345571e-05,12,cuda:0,bfloat16,2.2413168210277945e-07,4.760055682950792e-10,0.9978762236385804,True,32,24,float32,2.2434997504205967e-07,0.0009739494980460459,True,2.2413168210277945e-07,False,0.001,5d8782eaf4924fa96c68e09273b41d37c1760ecd4ce4d238a2ac8da192304366,"[2048, 6144]",6739499313020424105,2.2413168210277945e-07
ruler_vt_16k:0310,ruler_vt_16k,0,20260930,gaussian_bf16_scalar_bracket_binary_v1,32,7,True,2.158318057499109e-05,2.158317928853328e-05,40,cuda:0,bfloat16,2.2413168210277945e-07,2.1287616114307184e-10,0.9990502183397462,True,32,24,float32,2.2353951578679698e-07,0.002642046454239876,True,2.2413168210277945e-07,False,0.001,8205760bfe70170958da2cbaac7a2b6c2248de329b62ad0554469df142eb89ea,"[2048, 6144]",145652356844885769,2.2413168210277945e-07
ruler_vt_16k:0317,ruler_vt_16k,24,20260926,gaussian_bf16_scalar_bracket_binary_v1,32,7,True,3.3877908192536665e-05,3.3877908192536665e-05,40,cuda:0,bfloat16,4.4539567056745e-07,6.813031805386061e-10,0.9984703417083722,True,32,24,float32,4.473793353554356e-07,0.0044537136731894085,True,4.4539567056745e-07,False,0.001,65bc6f0238e844680610fff1cf6cb72270578ee78a5443c8b63c82e1917a0950,"[2048, 6144]",7330856348787688552,4.4539567056745e-07
ruler_vt_16k:0317,ruler_vt_16k,24,20260927,gaussian_bf16_scalar_bracket_binary_v1,9,7,True,3.4017094339588994e-05,3.401709231201217e-05,17,cuda:0,bfloat16,4.4539567056745e-07,5.460362717535361e-10,0.9987740422553774,True,32,24,float32,4.4554519718076335e-07,0.0003357163600689096,True,4.4539567056745e-07,False,0.001,19dbb353f3c26924454e336d156591a664fd84fa4e4dcd72ea905716f854796a,"[2048, 6144]",1863280044001093924,4.4539567056745e-07
ruler_vt_16k:0317,ruler_vt_16k,24,20260928,gaussian_bf16_scalar_bracket_binary_v1,9,7,True,3.423979217487272e-05,3.423979013402207e-05,17,cuda:0,bfloat16,4.4539567056745e-07,7.809377033929366e-10,0.9982466428054902,True,32,24,float32,4.4500328044705384e-07,0.0008809922195611796,True,4.4539567056745e-07,False,0.001,5c391baeacc77ef9307e9544aa5082f7b9d1585f7cd11cd4394d3f132e96482e,"[2048, 6144]",6645373162198892281,4.4539567056745e-07
ruler_vt_16k:0317,ruler_vt_16k,24,20260929,gaussian_bf16_scalar_bracket_binary_v1,12,7,True,3.284097139699682e-05,3.284096943952239e-05,20,cuda:0,bfloat16,4.4539567056745e-07,7.176322314172978e-10,0.9983887759157987,True,32,24,float32,4.450242840903229e-07,0.0008338349509637791,True,4.4539567056745e-07,False,0.001,9df1a66be21cd93a6812e0b1cb0263e23c72308d821017197c95d4d95054d5cd,"[2048, 6144]",2157688678772431162,4.4539567056745e-07
ruler_vt_16k:0317,ruler_vt_16k,24,20260930,gaussian_bf16_scalar_bracket_binary_v1,10,7,True,3.220767442790873e-05,3.220767442790873e-05,18,cuda:0,bfloat16,4.4539567056745e-07,5.964510552125546e-10,0.998660851250636,True,32,24,float32,4.453044368801784e-07,0.00020483739133647592,True,4.4539567056745e-07,False,0.001,014c5f95100837449dcdedb49d7673f6e0ce9c6a87eab579cea7cc43181bf23e,"[2048, 6144]",93554786091677508,4.4539567056745e-07
ruler_vt_16k:0322,ruler_vt_16k,0,20260926,gaussian_bf16_scalar_bracket_binary_v1,7,7,True,2.2525234051329335e-05,2.2525234051329335e-05,15,cuda:0,bfloat16,2.2413168210277945e-07,2.924898656608832e-10,0.9986950088317869,True,32,24,float32,2.2428396562190756e-07,0.0006794377202696066,True,2.2413168210277945e-07,False,0.001,378ff982ce6a46a9ff24ec7447d21800572ff0128b6f2d24c6f0cb9f8cbf9677,"[2048, 6144]",4003692933959796393,2.2413168210277945e-07
ruler_vt_16k:0322,ruler_vt_16k,0,20260927,gaussian_bf16_scalar_bracket_binary_v1,12,7,True,2.1674234070845344e-05,2.1674232778960322e-05,20,cuda:0,bfloat16,2.2413168210277945e-07,3.2047267617407726e-10,0.9985701589656248,True,32,24,float32,2.2404445587653754e-07,0.0003891740133459169,True,2.2413168210277945e-07,False,0.001,f50f6ea42bcc361ec77f8ec52fe580ab0b74acf39308ad27e996d163bda6d1bb,"[2048, 6144]",8435082278476723742,2.2413168210277945e-07
ruler_vt_16k:0322,ruler_vt_16k,0,20260928,gaussian_bf16_scalar_bracket_binary_v1,32,7,True,2.1049335679826364e-05,2.104933442518819e-05,40,cuda:0,bfloat16,2.2413168210277945e-07,1.7032579513465151e-10,0.9992400637271059,True,32,24,float32,2.2334475602292514e-07,0.003510998857776173,True,2.2413168210277945e-07,False,0.001,211423481474cbd69a612dc2fae27ceca33bcdf53bb65838625aeec88defdd77,"[2048, 6144]",2383568895273651158,2.2413168210277945e-07
ruler_vt_16k:0322,ruler_vt_16k,0,20260929,gaussian_bf16_scalar_bracket_binary_v1,32,7,True,2.141858387094686e-05,2.141858387094686e-05,40,cuda:0,bfloat16,2.2413168210277945e-07,2.0885927709546337e-10,0.9990681403220822,True,32,24,float32,2.2357713191922812e-07,0.0024742159535349815,True,2.2413168210277945e-07,False,0.001,9bbd8436561138d4976823b2c933a3940761ff926289aa649366e769b21aa872,"[2048, 6144]",1998899178529437908,2.2413168210277945e-07
ruler_vt_16k:0322,ruler_vt_16k,0,20260930,gaussian_bf16_scalar_bracket_binary_v1,7,7,True,2.1852839005020996e-05,2.185283770249029e-05,15,cuda:0,bfloat16,2.2413168210277945e-07,2.968019996441029e-10,0.998675769543781,True,32,24,float32,2.2394884524601366e-07,0.0008157564118130608,True,2.2413168210277945e-07,False,0.001,1fc609431f6b067a771157f4602dd3b341cfe0a1b21b9e4e9184e977c663eaad,"[2048, 6144]",2289527644459042426,2.2413168210277945e-07
ruler_vt_16k:0322,ruler_vt_16k,6,20260926,gaussian_bf16_scalar_bracket_binary_v1,10,7,True,2.3242983168358933e-05,2.3242981782969178e-05,18,cuda:0,bfloat16,2.756765979938791e-07,3.134578430152857e-10,0.998862950844227,True,32,24,float32,2.758896471277694e-07,0.000772822703996945,True,2.756765979938791e-07,False,0.001,a7e5d39d71b405e625db5ae3c125178b7bc425c2443d343d27ab0ff3f074e73f,"[2048, 6144]",2874936610316879334,2.756765979938791e-07
ruler_vt_16k:0322,ruler_vt_16k,6,20260927,gaussian_bf16_scalar_bracket_binary_v1,32,7,True,2.3708187427473604e-05,2.3708187427473604e-05,40,cuda:0,bfloat16,2.756765979938791e-07,1.540029909152807e-10,0.9994413635686309,True,32,24,float32,2.7605878472058976e-07,0.0013863589782079667,True,2.756765979938791e-07,False,0.001,3383859ff60182259d70952d1dbc4b4d6aa50540e256a13509d154525ba343c5,"[2048, 6144]",3711957439957008933,2.756765979938791e-07
ruler_vt_16k:0322,ruler_vt_16k,6,20260928,gaussian_bf16_scalar_bracket_binary_v1,11,7,True,2.3820181045408617e-05,2.3820181045408617e-05,19,cuda:0,bfloat16,2.756765979938791e-07,2.6674101816226425e-10,0.9990324132693766,True,32,24,float32,2.7555137194212875e-07,0.0004542498444250987,True,2.756765979938791e-07,False,0.001,e6fe6cd975cd13367341a501f7570fa81e9a2fa52485894406ec07648bc9c0c9,"[2048, 6144]",7421488917193233206,2.756765979938791e-07
ruler_vt_16k:0322,ruler_vt_16k,6,20260929,gaussian_bf16_scalar_bracket_binary_v1,6,7,True,2.3432510829479725e-05,2.3432510829479725e-05,14,cuda:0,bfloat16,2.756765979938791e-07,3.540633897181067e-10,0.9987156567068273,True,32,24,float32,2.7563530125007674e-07,0.00014980141260773227,True,2.756765979938791e-07,False,0.001,a91b7860f213c3681d4026466c20c4bef44dd0e45d11c84a454b97db2e4e588e,"[2048, 6144]",2962093537699808104,2.756765979938791e-07
ruler_vt_16k:0322,ruler_vt_16k,6,20260930,gaussian_bf16_scalar_bracket_binary_v1,5,7,True,2.481089381944912e-05,2.481089381944912e-05,13,cuda:0,bfloat16,2.756765979938791e-07,1.0081862428235056e-10,0.9996342866060594,True,32,24,float32,2.7540320957086806e-07,0.0009916997851849806,True,2.756765979938791e-07,False,0.001,0aca0ec38589aa17fff75223777f9cc87f1efd0a741eaca02178b9340b1af93e,"[2048, 6144]",777450118596635159,2.756765979938791e-07
ruler_vt_16k:0322,ruler_vt_16k,12,20260926,gaussian_bf16_scalar_bracket_binary_v1,32,7,True,2.1029625479007663e-05,2.1029625479007663e-05,40,cuda:0,bfloat16,2.2198516091975762e-07,1.5417478405055363e-10,0.9993054725666718,True,32,24,float32,2.2226269891234551e-07,0.0012502547081884386,True,2.2198516091975762e-07,False,0.001,815163a5ad2310166d2cf09c12e43da852a7cfc5ef268e48acdeaa7a95deab46,"[2048, 6144]",94966630377000982,2.2198516091975762e-07
ruler_vt_16k:0322,ruler_vt_16k,12,20260927,gaussian_bf16_scalar_bracket_binary_v1,32,7,True,2.116489768644314e-05,2.116489768644314e-05,40,cuda:0,bfloat16,2.2198516091975762e-07,2.057951586920126e-10,0.9990729328129893,True,32,24,float32,2.2271899524639593e-07,0.0033057809972423338,True,2.2198516091975762e-07,False,0.001,055679bbfbf6e52787cc0c78dba15bb4c2ff938998d73b3c712b8c89ccd36631,"[2048, 6144]",384628666479863079,2.2198516091975762e-07
ruler_vt_16k:0322,ruler_vt_16k,12,20260928,gaussian_bf16_scalar_bracket_binary_v1,8,7,True,2.0811108836227277e-05,2.0811108836227277e-05,16,cuda:0,bfloat16,2.2198516091975762e-07,2.676326382733407e-10,0.998794366987575,True,32,24,float32,2.2195652604750649e-07,0.00012899453338452142,True,2.2198516091975762e-07,False,0.001,21943ee77b285c8fcadce002a269d7eef39f877a48d3dc9a08dce50f35f846d4,"[2048, 6144]",2419628063729409167,2.2198516091975762e-07
ruler_vt_16k:0322,ruler_vt_16k,12,20260929,gaussian_bf16_scalar_bracket_binary_v1,9,7,True,2.045038294973267e-05,2.0450381730794858e-05,17,cuda:0,bfloat16,2.2198516091975762e-07,3.618280397521545e-10,0.9983700350138136,True,32,24,float32,2.2185869852364704e-07,0.0005696885124510453,True,2.2198516091975762e-07,False,0.001,177cb5567b38fb775378be2b450c701a491ab677e0c8f68b28191fcca28a5c5e,"[2048, 6144]",1692426943023610743,2.2198516091975762e-07
ruler_vt_16k:0322,ruler_vt_16k,12,20260930,gaussian_bf16_scalar_bracket_binary_v1,32,7,True,2.007578299068058e-05,2.0075781794070667e-05,40,cuda:0,bfloat16,2.2198516091975762e-07,3.094635103728649e-10,0.9986059270399397,True,32,24,float32,2.213165686271168e-07,0.003011878315967724,True,2.2198516091975762e-07,False,0.001,d230f04c7d5b5392356a38244a010dfac6cf9b211706e49eb60437798f600eeb,"[2048, 6144]",5922497721303520146,2.2198516091975762e-07
ruler_vt_16k:0322,ruler_vt_16k,18,20260926,gaussian_bf16_scalar_bracket_binary_v1,8,7,True,2.736980928830235e-05,2.736980765693459e-05,16,cuda:0,bfloat16,3.3075298233598005e-07,4.0745362639427185e-10,0.9987681029403981,True,32,24,float32,3.307693816623214e-07,4.9581794321312025e-05,True,3.3075298233598005e-07,False,0.001,1e22dc01f4d6dbf50834259266f026d56756e69d6bd303c11691612dd811e938,"[2048, 6144]",2171539871306800117,3.3075298233598005e-07
ruler_vt_16k:0322,ruler_vt_16k,18,20260927,gaussian_bf16_scalar_bracket_binary_v1,12,7,True,2.704422432131537e-05,2.704422432131537e-05,20,cuda:0,bfloat16,3.3075298233598005e-07,3.266896753117976e-10,0.9990122850200639,True,32,24,float32,3.3099436791417247e-07,0.000729806203069156,True,3.3075298233598005e-07,False,0.001,d61b8ae5aa7cc7ab2a652a36368fc5d3051cc9d78e2c04cd168471e82a307d8f,"[2048, 6144]",6204705630645438379,3.3075298233598005e-07
ruler_vt_16k:0322,ruler_vt_16k,18,20260928,gaussian_bf16_scalar_bracket_binary_v1,8,7,True,2.720443279713436e-05,2.7204431175623806e-05,16,cuda:0,bfloat16,3.3075298233598005e-07,3.468121623217968e-10,0.998951446605644,True,32,24,float32,3.307808640329313e-07,8.429764337817521e-05,True,3.3075298233598005e-07,False,0.001,ae77197c8713236d5ca829b1578400217ebe1d096b5c098542f1700253927c89,"[2048, 6144]",3348172870606070637,3.3075298233598005e-07
ruler_vt_16k:0322,ruler_vt_16k,18,20260929,gaussian_bf16_scalar_bracket_binary_v1,32,7,True,2.7240608904577357e-05,2.7240608904577357e-05,40,cuda:0,bfloat16,3.3075298233598005e-07,4.4425069178899435e-10,0.9986568505334361,True,32,24,float32,3.3015479061759834e-07,0.0018085754334153453,True,3.3075298233598005e-07,False,0.001,245915cd70035f18bca2332de07f7f5227f079b9ac76593a4ce2ffa6f3154016,"[2048, 6144]",2619148630384402200,3.3075298233598005e-07
ruler_vt_16k:0322,ruler_vt_16k,18,20260930,gaussian_bf16_scalar_bracket_binary_v1,11,7,True,2.638788637199241e-05,2.6387884799151816e-05,19,cuda:0,bfloat16,3.3075298233598005e-07,3.4924596548080444e-10,0.9989440882346269,True,32,24,float32,3.3071691518671287e-07,0.00010904557537910738,True,3.3075298233598005e-07,False,0.001,1c6b52419f147af3986c40b1fc6d0b9a20c3987c01c466e0921cfa081f47b7a0,"[2048, 6144]",2047820897365293811,3.3075298233598005e-07
ruler_vt_16k:0322,ruler_vt_16k,24,20260926,gaussian_bf16_scalar_bracket_binary_v1,11,7,True,3.297319823669653e-05,3.297319823669653e-05,19,cuda:0,bfloat16,4.4539567056745e-07,7.58935025935159e-10,0.9982960431003556,True,32,24,float32,4.4502263563117594e-07,0.0008375360627075534,True,4.4539567056745e-07,False,0.001,c1185a76fdc8acecc6be2698b6725624369527d29a4c598fb6af204b3179ccb7,"[2048, 6144]",4690598479016799468,4.4539567056745e-07
ruler_vt_16k:0322,ruler_vt_16k,24,20260927,gaussian_bf16_scalar_bracket_binary_v1,10,7,True,3.371088481607387e-05,3.371088481607387e-05,18,cuda:0,bfloat16,4.4539567056745e-07,9.27677434869878e-10,0.9979171835377565,True,32,24,float32,4.4583751446225506e-07,0.0009920255718744095,True,4.4539567056745e-07,False,0.001,dfd2fe66ff81990e022e2a2dba54d65528b7108cdd29e50abf15123d64ef51c9,"[2048, 6144]",6904860897039194382,4.4539567056745e-07
ruler_vt_16k:0322,ruler_vt_16k,24,20260928,gaussian_bf16_scalar_bracket_binary_v1,9,7,True,3.301495408081223e-05,3.301495408081223e-05,17,cuda:0,bfloat16,4.4539567056745e-07,4.0745362639427185e-10,0.9990851872765732,True,32,24,float32,4.455311284345953e-07,0.000304129285703939,True,4.4539567056745e-07,False,0.001,b0fac99de2702b6a546fbd3ae97943009d5e6d3cf93a281684752c2655036364,"[2048, 6144]",3529354937944255338,4.4539567056745e-07
ruler_vt_16k:0322,ruler_vt_16k,24,20260929,gaussian_bf16_scalar_bracket_binary_v1,4,7,True,3.38500709631262e-05,3.38500709631262e-05,12,cuda:0,bfloat16,4.4539567056745e-07,7.476909646975116e-10,0.9983212882070791,True,32,24,float32,4.458066200641042e-07,0.000922661632814363,True,4.4539567056745e-07,False,0.001,fd2e79627624dd392d0596ca715569458fb00315614d2f24089e5241015d891a,"[2048, 6144]",9020280567465565497,4.4539567056745e-07
ruler_vt_16k:0322,ruler_vt_16k,24,20260930,gaussian_bf16_scalar_bracket_binary_v1,9,7,True,3.5464630268933206e-05,3.5464630268933206e-05,17,cuda:0,bfloat16,4.4539567056745e-07,5.703162941905759e-10,0.9987195288776293,True,32,24,float32,4.4501544493869005e-07,0.0008536805673829828,True,4.4539567056745e-07,False,0.001,37a31bafc9409ad253c4dcf073291d8a104eda5e8824709ca8587720046b2465,"[2048, 6144]",4009078535099554514,4.4539567056745e-07
ruler_vt_16k:0323,ruler_vt_16k,0,20260926,gaussian_bf16_scalar_bracket_binary_v1,8,7,True,2.1092529802757554e-05,2.1092529802757554e-05,16,cuda:0,bfloat16,2.0832128200254374e-07,2.456645997739315e-10,0.9988207417052525,True,32,24,float32,2.0846599113610864e-07,0.0006946440237591041,True,2.0832128200254374e-07,False,0.001,a2f8c5680bd6f23a561b8a56cd58ddf7c840ba83ab64ff76378173683f52f320,"[2048, 6144]",2519981042179699258,2.0832128200254374e-07
ruler_vt_16k:0323,ruler_vt_16k,0,20260927,gaussian_bf16_scalar_bracket_binary_v1,32,7,True,2.0366456897027985e-05,2.0366456897027985e-05,40,cuda:0,bfloat16,2.0832128200254374e-07,1.3257425712787096e-10,0.9993636067527356,True,32,24,float32,2.0903156894291897e-07,0.003409574545372438,True,2.0832128200254374e-07,False,0.001,d057682d3c341b71090850c1f23d9bbb4f6c8587ffdff373d4549b6452156b31,"[2048, 6144]",5789210389500926833,2.0832128200254374e-07
ruler_vt_16k:0323,ruler_vt_16k,0,20260928,gaussian_bf16_scalar_bracket_binary_v1,10,7,True,2.0168104113871266e-05,2.0168102911758583e-05,18,cuda:0,bfloat16,2.0832128200254374e-07,2.549701560994322e-10,0.9987760724509351,True,32,24,float32,2.081223300365309e-07,0.000955024681589655,True,2.0832128200254374e-07,False,0.001,adbb33aa38a8af55e46a1e8725bd5c53b913fff3aac43210e93b49ee6b3aaf63,"[2048, 6144]",3295284358539685717,2.0832128200254374e-07
ruler_vt_16k:0323,ruler_vt_16k,0,20260929,gaussian_bf16_scalar_bracket_binary_v1,4,7,True,2.0832128200254374e-05,2.0832128200254374e-05,12,cuda:0,bfloat16,2.0832128200254374e-07,1.462449328304416e-10,0.9992979837133076,True,32,24,float32,2.082310288642475e-07,0.0004332401251982785,True,2.0832128200254374e-07,False,0.001,3c90001ad153d9ad2e54f2d8e137f58c5294ea0c2fc39d26587ddcafbfaddf94,"[2048, 6144]",4363988154103093677,2.0832128200254374e-07
ruler_vt_16k:0323,ruler_vt_16k,0,20260930,gaussian_bf16_scalar_bracket_binary_v1,10,7,True,2.0532666357375717e-05,2.0532666357375717e-05,18,cuda:0,bfloat16,2.0832128200254374e-07,2.5288532379263984e-10,0.9987860802249213,True,32,24,float32,2.083110643980035e-07,4.904733900449728e-05,True,2.0832128200254374e-07,False,0.001,9dfcdc19dd6d666563f17e05185e60a4c7076c0853fdea5cc5ff4dfd99d0ee8f,"[2048, 6144]",2160843924878222949,2.0832128200254374e-07
ruler_vt_16k:0323,ruler_vt_16k,6,20260926,gaussian_bf16_scalar_bracket_binary_v1,9,7,True,4.042114973401567e-05,4.042114973401567e-05,17,cuda:0,bfloat16,5.826472033731989e-07,7.938466550783119e-10,0.9986375174368256,True,32,24,float32,5.826021833854611e-07,7.726800622592813e-05,True,5.826472033731989e-07,False,0.001,77146b24c86249dd480ee9852e56b4ef3790da9c843ff35318fff557812f7937,"[2048, 6144]",8580600995772516829,5.826472033731989e-07
ruler_vt_16k:0323,ruler_vt_16k,6,20260927,gaussian_bf16_scalar_bracket_binary_v1,9,7,True,3.969284072979917e-05,3.969284072979917e-05,17,cuda:0,bfloat16,5.826472033731989e-07,1.0982599274456106e-09,0.9981150515765161,True,32,24,float32,5.825733637720987e-07,0.00012673123748419273,True,5.826472033731989e-07,False,0.001,5df3a55648c430a60cd7cff3eccd36f04edffac04a1beaae7a7e9b113718fc53,"[2048, 6144]",6769936454874575014,5.826472033731989e-07
ruler_vt_16k:0323,ruler_vt_16k,6,20260928,gaussian_bf16_scalar_bracket_binary_v1,32,7,True,3.8513890529223715e-05,3.8513890529223715e-05,40,cuda:0,bfloat16,5.826472033731989e-07,1.5876933101566237e-09,0.9972750348736512,True,32,24,float32,5.811254482068762e-07,0.002611795195295861,True,5.826472033731989e-07,False,0.001,28d2fa1d5c4060ce5b9743e624a5890cd7adbbeae1d524bb044088f0bae1efb7,"[2048, 6144]",2941688510635073742,5.826472033731989e-07
ruler_vt_16k:0323,ruler_vt_16k,6,20260929,gaussian_bf16_scalar_bracket_binary_v1,4,7,True,3.962000982937752e-05,3.962000746784091e-05,12,cuda:0,bfloat16,5.826472033731989e-07,8.979840759870683e-10,0.998458785915751,True,32,24,float32,5.827516247336462e-07,0.00017921884777402777,True,5.826472033731989e-07,False,0.001,8537bccb0b8392e70efb1df4a2334493130dd8d555d2aa867da96ebfe3206af6,"[2048, 6144]",375976674166280935,5.826472033731989e-07
ruler_vt_16k:0323,ruler_vt_16k,6,20260930,gaussian_bf16_scalar_bracket_binary_v1,10,7,True,3.8272638171577e-05,3.8272638171577e-05,18,cuda:0,bfloat16,5.826472033731989e-07,6.533793506235952e-10,0.9988786020994508,True,32,24,float32,5.825215225740976e-07,0.00021570651738071604,True,5.826472033731989e-07,False,0.001,369810f0b07ac821dd9e1480ba2a39c294a32c3327e24646b31ffb15614553f9,"[2048, 6144]",3933912900447160353,5.826472033731989e-07
ruler_vt_16k:0323,ruler_vt_16k,12,20260926,gaussian_bf16_scalar_bracket_binary_v1,32,6,True,4.108091829557736e-05,4.108091584696382e-05,39,cuda:0,bfloat16,6.543501172018296e-07,1.5270673614509178e-09,0.9976662839643384,True,32,24,float32,6.55225903756218e-07,0.0013384066593180406,True,6.543501172018296e-07,False,0.001,23b5db9e46ec1b017fe6b237556b3a4bc9dabee452507234f583413337bc30e8,"[2048, 6144]",2573204234953300737,6.543501172018296e-07
ruler_vt_16k:0323,ruler_vt_16k,12,20260927,gaussian_bf16_scalar_bracket_binary_v1,6,7,True,4.253275761811892e-05,4.253275761811892e-05,14,cuda:0,bfloat16,6.543501172018296e-07,1.0061099731117906e-09,0.998462428680514,True,32,24,float32,6.547514317389869e-07,0.0006133024608804678,True,6.543501172018296e-07,False,0.001,14f95cca6fd44299a41cf2a728bf27d7953f0172988e0afd05d81f24ee8c6936,"[2048, 6144]",1511341174488842905,6.543501172018296e-07
ruler_vt_16k:0323,ruler_vt_16k,12,20260928,gaussian_bf16_scalar_bracket_binary_v1,8,6,True,4.130585114836549e-05,4.130585114836549e-05,15,cuda:0,bfloat16,6.543501172018296e-07,1.20042276119392e-09,0.9981654732999403,True,32,24,float32,6.548939381900709e-07,0.0008310856435189001,True,6.543501172018296e-07,False,0.001,d12d68f85179ff41448bc1950e4b2556f890a4f3b553d1f6cb68391f281cdedb,"[2048, 6144]",5849446906752270145,6.543501172018296e-07
ruler_vt_16k:0323,ruler_vt_16k,12,20260929,gaussian_bf16_scalar_bracket_binary_v1,5,7,True,4.318710773532075e-05,4.318710773532075e-05,13,cuda:0,bfloat16,6.543501172018296e-07,1.4090583144721336e-09,0.9978466293847434,True,32,24,float32,6.537702574860305e-07,0.0008861612469464096,True,6.543501172018296e-07,False,0.001,3601164300ec96d6a3613a542f989b85df2af52a16f19799fba45ed755383f02,"[2048, 6144]",3891416030058944214,6.543501172018296e-07
ruler_vt_16k:0323,ruler_vt_16k,12,20260930,gaussian_bf16_scalar_bracket_binary_v1,9,6,True,4.052881038418832e-05,4.0528807968482974e-05,16,cuda:0,bfloat16,6.543501172018296e-07,1.4379177848411473e-09,0.9978025253651821,True,32,24,float32,6.543922381752054e-07,6.437069738136355e-05,True,6.543501172018296e-07,False,0.001,d5829b29480db8528dbab498bd44f7e879a87b06fda13118b5d22f300e3130fa,"[2048, 6144]",6161657841801082962,6.543501172018296e-07
ruler_vt_16k:0323,ruler_vt_16k,18,20260926,gaussian_bf16_scalar_bracket_binary_v1,9,6,True,4.8855072328990445e-05,4.885507815296891e-05,16,cuda:0,bfloat16,8.324612963406253e-07,1.7087815606942058e-09,0.9979473141055257,True,32,24,float32,8.322894018419902e-07,0.00020648947811832913,True,8.324612963406253e-07,False,0.001,d77c1e71558ed2478d9ff8eb7ee33db883be1b51157cbd4a66d0d47bcf707a53,"[2048, 6144]",6303947050527412807,8.324612963406253e-07
ruler_vt_16k:0323,ruler_vt_16k,18,20260927,gaussian_bf16_scalar_bracket_binary_v1,5,6,True,4.911521648409689e-05,4.911521355660186e-05,12,cuda:0,bfloat16,8.324612963406253e-07,2.2774095942423855e-09,0.9972642456721369,True,32,24,float32,8.324007580995385e-07,7.272198882143536e-05,True,8.324612963406253e-07,False,0.001,7c3786a0a7af8ff5badb679838aa550a8fe293dd11c8a5b2160df11e6c38242b,"[2048, 6144]",8950770808988340213,8.324612963406253e-07
ruler_vt_16k:0323,ruler_vt_16k,18,20260928,gaussian_bf16_scalar_bracket_binary_v1,8,6,True,5.025985076656525e-05,5.025985076656525e-05,15,cuda:0,bfloat16,8.324612963406253e-07,1.6860766116622017e-09,0.9979745885855907,True,32,24,float32,8.330093237418623e-07,0.0006583217786173318,True,8.324612963406253e-07,False,0.001,5aa4c7c0af56a32504bdbd0d2b4a0b27746b2cb6618897820f227fc128a20c92,"[2048, 6144]",6531564989983400741,8.324612963406253e-07
ruler_vt_16k:0323,ruler_vt_16k,18,20260929,gaussian_bf16_scalar_bracket_binary_v1,7,6,True,5.015579310452267e-05,5.015579011500444e-05,14,cuda:0,bfloat16,8.324612963406253e-07,1.4085321797807637e-09,0.9983079907907161,True,32,24,float32,8.332548304679221e-07,0.0009532384638002231,True,8.324612963406253e-07,False,0.001,27c8dffdfa8f2794deeb2afba6fe895373f6d02a1b8de949c8a9e92cf8d58aa4,"[2048, 6144]",2866787444744726420,8.324612963406253e-07
ruler_vt_16k:0323,ruler_vt_16k,18,20260930,gaussian_bf16_scalar_bracket_binary_v1,7,6,True,5.09882544008633e-05,5.09882544008633e-05,14,cuda:0,bfloat16,8.324612963406253e-07,1.5406486086888549e-09,0.998149284999241,True,32,24,float32,8.323370934704144e-07,0.0001491995733097054,True,8.324612963406253e-07,False,0.001,94d7415e9994817986cbc2098ef74a117c83e7f28280ae29238c77286c12f98f,"[2048, 6144]",1501740875310727545,8.324612963406253e-07
ruler_vt_16k:0323,ruler_vt_16k,24,20260926,gaussian_bf16_scalar_bracket_binary_v1,12,6,True,9.203660346024378e-05,9.203660346024378e-05,19,cuda:0,bfloat16,1.982946514544892e-06,6.059470702979297e-09,0.9969442087022856,True,32,24,float32,1.9840515506075462e-06,0.0005572697269183408,True,1.982946514544892e-06,False,0.001,a52fdce30f4cce8be56085004e72560e220cc74a85337a21f2c92e354e91516d,"[2048, 6144]",2679603171081113227,1.982946514544892e-06
ruler_vt_16k:0323,ruler_vt_16k,24,20260927,gaussian_bf16_scalar_bracket_binary_v1,9,6,True,9.13394738262241e-05,9.13394683819672e-05,16,cuda:0,bfloat16,1.982946514544892e-06,6.8835328548289e-09,0.9965286341288894,True,32,24,float32,1.981587956834119e-06,0.0006851207033615405,True,1.982946514544892e-06,False,0.001,0dcb62da814e2030b3ca2a98846bf58a37bf9c358fd2783dc1578eddf8b24834,"[2048, 6144]",993996833377099824,1.982946514544892e-06
ruler_vt_16k:0323,ruler_vt_16k,24,20260928,gaussian_bf16_scalar_bracket_binary_v1,9,6,True,9.109160551190598e-05,9.109160551190598e-05,16,cuda:0,bfloat16,1.982946514544892e-06,6.668525287523153e-09,0.996637062452966,True,32,24,float32,1.9845799670292763e-06,0.0008237501477739425,True,1.982946514544892e-06,False,0.001,ee59b741e87e5ca55bae799a7f70d5856aec5225dbc0e24e538728390833bcb4,"[2048, 6144]",7951588110800673957,1.982946514544892e-06
ruler_vt_16k:0323,ruler_vt_16k,24,20260929,gaussian_bf16_scalar_bracket_binary_v1,7,6,True,9.071980304042881e-05,9.071979763310718e-05,14,cuda:0,bfloat16,1.982946514544892e-06,5.72628477968351e-09,0.9971122343756217,True,32,24,float32,1.9822819012915716e-06,0.0003351644880210515,True,1.982946514544892e-06,False,0.001,cac15dc50d8e5979191ae025e3e8248cfef77e5bdde4f58aa0eac8e67bc6e934,"[2048, 6144]",5386689730229197177,1.982946514544892e-06
ruler_vt_16k:0323,ruler_vt_16k,24,20260930,gaussian_bf16_scalar_bracket_binary_v1,10,6,True,8.991423101889495e-05,8.991423101889495e-05,17,cuda:0,bfloat16,1.982946514544892e-06,7.038314819851621e-09,0.9964505775782525,True,32,24,float32,1.982772118935827e-06,8.794771204657766e-05,True,1.982946514544892e-06,False,0.001,9237db512eba0a7324e5368ccb278460b351e90cbce18683a1c71e566cef5003,"[2048, 6144]",1312758958124567155,1.982946514544892e-06
ruler_vt_16k:0333,ruler_vt_16k,12,20260926,gaussian_bf16_scalar_bracket_binary_v1,32,7,True,2.130363841201799e-05,2.130363841201799e-05,40,cuda:0,bfloat16,2.2198516091975762e-07,1.7477450042768794e-10,0.9992126748486091,True,32,24,float32,2.227517654773692e-07,0.0034534045178302776,True,2.2198516091975762e-07,False,0.001,43eca8e95a9be8eb8f1cb7878a0b7b32318b3d6da5f737832f0c85da8eaccabb,"[2048, 6144]",4894472615245900011,2.2198516091975762e-07
ruler_vt_16k:0333,ruler_vt_16k,12,20260927,gaussian_bf16_scalar_bracket_binary_v1,32,7,True,2.0609934784143746e-05,2.0609934784143746e-05,40,cuda:0,bfloat16,2.2198516091975762e-07,1.8649742861143181e-10,0.9991598653358688,True,32,24,float32,2.2250074493967986e-07,0.002322605789441103,True,2.2198516091975762e-07,False,0.001,8bf56b2b06681f8459d2881b25bfddd6504d76664115cc43d24acb63c3d1050a,"[2048, 6144]",861712736246570884,2.2198516091975762e-07
ruler_vt_16k:0333,ruler_vt_16k,12,20260928,gaussian_bf16_scalar_bracket_binary_v1,32,7,True,2.0377544068805875e-05,2.03775428542096e-05,40,cuda:0,bfloat16,2.2198516091975762e-07,2.867318049659673e-10,0.998708328954161,True,32,24,float32,2.215511187841912e-07,0.001955275450701458,True,2.2198516091975762e-07,False,0.001,8269910754908c3a70cbd9bd20c806684666421752e1049a307fbb2f69b44003,"[2048, 6144]",173829521300032570,2.2198516091975762e-07
ruler_vt_16k:0333,ruler_vt_16k,12,20260929,gaussian_bf16_scalar_bracket_binary_v1,32,7,True,2.0282593384740588e-05,2.0282593384740588e-05,40,cuda:0,bfloat16,2.2198516091975762e-07,1.382431946694851e-10,0.9993772412800176,True,32,24,float32,2.2150432243961404e-07,0.0021660838866494627,True,2.2198516091975762e-07,False,0.001,1bc2c37054045756d1fdf91d7363895acd915b0e7bcc125332c1f9cc47cdfa16,"[2048, 6144]",2000376071719245654,2.2198516091975762e-07
ruler_vt_16k:0333,ruler_vt_16k,12,20260930,gaussian_bf16_scalar_bracket_binary_v1,12,7,True,2.0925569934826527e-05,2.0925569934826527e-05,20,cuda:0,bfloat16,2.2198516091975762e-07,1.3096723705530167e-10,0.9994100180547535,True,32,24,float32,2.2206261007795547e-07,0.00034889340295069074,True,2.2198516091975762e-07,False,0.001,8cf3e87a104853507dedd3c8f991aaf96e3ead0cf3a1687dbb9621dd236a7102,"[2048, 6144]",933345158752654160,2.2198516091975762e-07
ruler_vt_16k:0342,ruler_vt_16k,12,20260926,gaussian_bf16_scalar_bracket_binary_v1,9,7,True,2.128282730318176e-05,2.1282826034626402e-05,17,cuda:0,bfloat16,2.2198516091975762e-07,3.8965453086348134e-10,0.9982446820803291,True,32,24,float32,2.2220368123271328e-07,0.0009843915334261967,True,2.2198516091975762e-07,False,0.001,0f3a273e75148f66c9f09a281c2cf1986d8e229ada61ded987be86b6015578b8,"[2048, 6144]",1097232608423874406,2.2198516091975762e-07
ruler_vt_16k:0342,ruler_vt_16k,12,20260927,gaussian_bf16_scalar_bracket_binary_v1,12,7,True,1.9607533041865466e-05,1.9607531873165424e-05,20,cuda:0,bfloat16,2.2198516091975762e-07,3.0184263422050606e-10,0.9986402576056441,True,32,24,float32,2.2196974214239162e-07,6.945859489935769e-05,True,2.2198516091975762e-07,False,0.001,20abcafa4d9720b6196362d372d60ced708596efd9d5b36054050c9d0b58d11a,"[2048, 6144]",2354198406623600822,2.2198516091975762e-07
ruler_vt_16k:0342,ruler_vt_16k,12,20260928,gaussian_bf16_scalar_bracket_binary_v1,32,7,True,1.986246912510925e-05,1.986246912510925e-05,40,cuda:0,bfloat16,2.2198516091975762e-07,2.899448459103837e-10,0.9986938548292641,True,32,24,float32,2.2292783796729054e-07,0.004246576859584233,True,2.2198516091975762e-07,False,0.001,00f3accb81448ec9970feb617ba1ac68516542aa8f14b0796524bd8ba723613d,"[2048, 6144]",68588409387781833,2.2198516091975762e-07
ruler_vt_16k:0342,ruler_vt_16k,12,20260929,gaussian_bf16_scalar_bracket_binary_v1,32,7,True,2.050587923996261e-05,2.050587923996261e-05,40,cuda:0,bfloat16,2.2198516091975762e-07,2.436087997992331e-10,0.9989025897100965,True,32,24,float32,2.2108358166406106e-07,0.004061439296036821,True,2.2198516091975762e-07,False,0.001,a10eb018cc365f1767755623ae41b3a145070cbcf44ab7614803fb41ae037436,"[2048, 6144]",2382034873477390103,2.2198516091975762e-07
ruler_vt_16k:0342,ruler_vt_16k,12,20260930,gaussian_bf16_scalar_bracket_binary_v1,32,7,True,2.1407693956199125e-05,2.1407693956199125e-05,40,cuda:0,bfloat16,2.2198516091975762e-07,3.3823421841105983e-10,0.9984763205927385,True,32,24,float32,2.228460118658404e-07,0.0038779661780814667,True,2.2198516091975762e-07,False,0.001,1cbd8add31050517955d16bc197fa9c2190839a265423675c2254fd32b170ebf,"[2048, 6144]",2070964086275114263,2.2198516091975762e-07
ruler_vt_16k:0352,ruler_vt_16k,6,20260926,gaussian_bf16_scalar_bracket_binary_v1,9,7,True,2.367372785272437e-05,2.367372644166023e-05,17,cuda:0,bfloat16,2.756765979938791e-07,2.968019996441029e-10,0.9989233688974546,True,32,24,float32,2.7574245109462936e-07,0.00023887809567248153,True,2.756765979938791e-07,False,0.001,91adbb315368763b6f1c690c69af3d7051f7925bf04fe07331b69c7873a96278,"[2048, 6144]",1273880090142864955,2.756765979938791e-07
ruler_vt_16k:0352,ruler_vt_16k,6,20260927,gaussian_bf16_scalar_bracket_binary_v1,32,7,True,2.400970870652941e-05,2.400970870652941e-05,40,cuda:0,bfloat16,2.756765979938791e-07,3.540633897181067e-10,0.9987156567068273,True,32,24,float32,2.750241776539042e-07,0.0023666148839714346,True,2.756765979938791e-07,False,0.001,c1bf522dc4093e4f513d4666f09d0c0bfea19c61dce14126572f421615508e4c,"[2048, 6144]",4737595689532997199,2.756765979938791e-07
ruler_vt_16k:0352,ruler_vt_16k,6,20260928,gaussian_bf16_scalar_bracket_binary_v1,32,7,True,2.3630653384287825e-05,2.3630651975791123e-05,40,cuda:0,bfloat16,2.756765979938791e-07,4.904664452354268e-10,0.9982208629647762,True,32,24,float32,2.7614348141469236e-07,0.0016935910563711067,True,2.756765979938791e-07,False,0.001,05c67ae2b633b5865a699c2489a4b736c2da72c55643f0f307045c25cb7b6caf,"[2048, 6144]",416155129716389254,2.756765979938791e-07
ruler_vt_16k:0352,ruler_vt_16k,6,20260929,gaussian_bf16_scalar_bracket_binary_v1,32,7,True,2.3595116947827677e-05,2.3595116947827677e-05,40,cuda:0,bfloat16,2.756765979938791e-07,3.343775534236926e-10,0.9987870658740822,True,32,24,float32,2.753874355221342e-07,0.0010489191822925451,True,2.756765979938791e-07,False,0.001,966828f2dc2975dfd8019363e514fc099e41dfc7b160930bb589224c24575448,"[2048, 6144]",1614585489953224159,2.756765979938791e-07
ruler_vt_16k:0352,ruler_vt_16k,6,20260930,gaussian_bf16_scalar_bracket_binary_v1,10,7,True,2.3277442743108168e-05,2.3277442743108168e-05,18,cuda:0,bfloat16,2.756765979938791e-07,4.197414082973694e-10,0.9984774137110227,True,32,24,float32,2.7576172101362317e-07,0.00030877854835523617,True,2.756765979938791e-07,False,0.001,2b65a9f4ca951aff5fe4c2be1e65d4a77fc48dbfa607f82dec9625fc7edab4d2,"[2048, 6144]",3127092385114561279,2.756765979938791e-07
ruler_vt_16k:0358,ruler_vt_16k,18,20260926,gaussian_bf16_scalar_bracket_binary_v1,32,7,True,2.6612210538234926e-05,2.6612210538234926e-05,40,cuda:0,bfloat16,3.3075298233598005e-07,2.6832405741750165e-10,0.999188747882113,True,32,24,float32,3.311393754756864e-07,0.0011682226928912253,True,3.3075298233598005e-07,False,0.001,616c3b0432a1ee49405ea36c47ad90686162651ed73fc04a364ab60346187226,"[2048, 6144]",7020050808379141705,3.3075298233598005e-07
ruler_vt_16k:0358,ruler_vt_16k,18,20260927,gaussian_bf16_scalar_bracket_binary_v1,7,7,True,2.7617874025054334e-05,2.7617874025054334e-05,15,cuda:0,bfloat16,3.3075298233598005e-07,4.3363732049606085e-10,0.9986889390461926,True,32,24,float32,3.308325631223852e-07,0.00024060489445350722,True,3.3075298233598005e-07,False,0.001,9b69223d0716016e89f2ba1cb827c21865161a44175e47df9b31da6f6e8f692a,"[2048, 6144]",1975147557085905262,3.3075298233598005e-07
ruler_vt_16k:0358,ruler_vt_16k,18,20260928,gaussian_bf16_scalar_bracket_binary_v1,32,7,True,2.65119187403684e-05,2.65119187403684e-05,40,cuda:0,bfloat16,3.3075298233598005e-07,4.2971290414861585e-10,0.9987008041435825,True,32,24,float32,3.3030821100510366e-07,0.0013447235690367623,True,3.3075298233598005e-07,False,0.001,9f8d8adecdf38030426727c91bd8ea063a75800d7f89be9a681338e8f2177c1f,"[2048, 6144]",2273626076434628656,3.3075298233598005e-07
ruler_vt_16k:0358,ruler_vt_16k,18,20260929,gaussian_bf16_scalar_bracket_binary_v1,8,7,True,2.687367981479838e-05,2.687367821300224e-05,16,cuda:0,bfloat16,3.3075298233598005e-07,6.990980017107518e-10,0.9978863440723247,True,32,24,float32,3.3098845619861095e-07,0.0007119326966240384,True,3.3075298233598005e-07,False,0.001,f2ecba1a0d9aa677ab0511948b5ad05d5615532e5687fd57cd0c8660c2c91c61,"[2048, 6144]",8281198435887654519,3.3075298233598005e-07
ruler_vt_16k:0358,ruler_vt_16k,18,20260930,gaussian_bf16_scalar_bracket_binary_v1,9,7,True,2.6253517972918416e-05,2.6253517972918416e-05,17,cuda:0,bfloat16,3.3075298233598005e-07,4.782247375878512e-10,0.9985541332561528,True,32,24,float32,3.305831910438428e-07,0.0005133477283804473,True,3.3075298233598005e-07,False,0.001,b8c456dfd8a0693af9a57457bf9038b5d45e69891ac1a4736075282e4a85c628,"[2048, 6144]",4090489880971340090,3.3075298233598005e-07
ruler_vt_16k:0362,ruler_vt_16k,0,20260926,gaussian_bf16_scalar_bracket_binary_v1,6,7,True,2.1740773163969607e-05,2.1740773163969607e-05,14,cuda:0,bfloat16,2.2413168210277945e-07,3.602884934839068e-10,0.9983925142126105,True,32,24,float32,2.2422723588988447e-07,0.00042632878229683047,True,2.2413168210277945e-07,False,0.001,ef6b30a24cc8dd4c7bcf672e61659b97d7c31e92b8c38f6227646cb960c97c76,"[2048, 6144]",8028564234349108556,2.2413168210277945e-07
ruler_vt_16k:0362,ruler_vt_16k,0,20260927,gaussian_bf16_scalar_bracket_binary_v1,8,7,True,2.190887192554669e-05,2.190887192554669e-05,16,cuda:0,bfloat16,2.2413168210277945e-07,2.3866916776249525e-10,0.9989351386402702,True,32,24,float32,2.240231964378836e-07,0.00048402646104312965,True,2.2413168210277945e-07,False,0.001,a84a7e32199d79c63438473921642a8c73e010e6275c14646aa940a1d2ba9572,"[2048, 6144]",2903271663436921286,2.2413168210277945e-07
ruler_vt_16k:0362,ruler_vt_16k,0,20260928,gaussian_bf16_scalar_bracket_binary_v1,9,7,True,2.1656723783181064e-05,2.1656723783181064e-05,17,cuda:0,bfloat16,2.2413168210277945e-07,8.731149137020111e-11,0.9996104455623986,True,32,24,float32,2.2417044931444252e-07,0.00017296622815374086,True,2.2413168210277945e-07,False,0.001,e2ea97153b4872018da68318c116fd278a7f85ed9f2044e145ac9014655fb5c2,"[2048, 6144]",7127675477711942145,2.2413168210277945e-07
ruler_vt_16k:0362,ruler_vt_16k,0,20260929,gaussian_bf16_scalar_bracket_binary_v1,32,7,True,2.1478118849005412e-05,2.1478118849005412e-05,40,cuda:0,bfloat16,2.2413168210277945e-07,3.8113795453043053e-10,0.9982994909467745,True,32,24,float32,2.2389930620647647e-07,0.0010367829042411915,True,2.2413168210277945e-07,False,0.001,789402578697c04fd099b44800ebf67f57670e9d6fbb1c8c45b8d6314b52576c,"[2048, 6144]",8688572156048031823,2.2413168210277945e-07
ruler_vt_16k:0362,ruler_vt_16k,0,20260930,gaussian_bf16_scalar_bracket_binary_v1,32,7,True,2.1183946016245514e-05,2.118394475358394e-05,40,cuda:0,bfloat16,2.2413168210277945e-07,3.468121623217968e-10,0.9984526410587381,True,32,24,float32,2.2386277009900368e-07,0.0011997946977101313,True,2.2413168210277945e-07,False,0.001,75230678ea6804d166488da042c4664e895b08badea07dcfd221e0875fa40812,"[2048, 6144]",8440597243020969169,2.2413168210277945e-07
ruler_vt_16k:0362,ruler_vt_16k,6,20260926,gaussian_bf16_scalar_bracket_binary_v1,9,7,True,2.3880485301219778e-05,2.3880483877831936e-05,17,cuda:0,bfloat16,2.756765979938791e-07,3.4436117846148306e-10,0.9987508508848142,True,32,24,float32,2.755290893219353e-07,0.0005350786864653342,True,2.756765979938791e-07,False,0.001,7bdc3d9d6a5daa44ca6c4d1bb3f0e6efc78d09d8666be3f3b652f5af1a29a4a8,"[2048, 6144]",8925076307845163588,2.756765979938791e-07
ruler_vt_16k:0362,ruler_vt_16k,6,20260927,gaussian_bf16_scalar_bracket_binary_v1,32,7,True,2.4205697537915682e-05,2.420569609514368e-05,40,cuda:0,bfloat16,2.756765979938791e-07,3.9905162507736236e-10,0.9985524646343531,True,32,24,float32,2.7596195195656037e-07,0.0010351040485764844,True,2.756765979938791e-07,False,0.001,9573f5526853f83f81a7f9d55c6d0b29a37d1553809c756ffda3e46a8c2b40b6,"[2048, 6144]",1545848831404668991,2.756765979938791e-07
ruler_vt_16k:0362,ruler_vt_16k,6,20260928,gaussian_bf16_scalar_bracket_binary_v1,9,7,True,2.4087242749715188e-05,2.4087242749715188e-05,17,cuda:0,bfloat16,2.756765979938791e-07,4.4329634407702656e-10,0.9983919696220029,True,32,24,float32,2.7542517955225776e-07,0.0009120050212856158,True,2.756765979938791e-07,False,0.001,cf81b48cabae0299b9c7cb4eb6897a08196f0cb4e26939a61838b5d1366673eb,"[2048, 6144]",5729058717260710553,2.756765979938791e-07
ruler_vt_16k:0362,ruler_vt_16k,6,20260929,gaussian_bf16_scalar_bracket_binary_v1,9,7,True,2.367372785272437e-05,2.367372644166023e-05,17,cuda:0,bfloat16,2.756765979938791e-07,4.4329634407702656e-10,0.9983919696220029,True,32,24,float32,2.7559326554182917e-07,0.00030228337354843153,True,2.756765979938791e-07,False,0.001,1126865ad4e3e67d9945faca1769b769692a15ecddc1ad7abee8efef79a7b158,"[2048, 6144]",1235822872436663933,2.756765979938791e-07
ruler_vt_16k:0362,ruler_vt_16k,6,20260930,gaussian_bf16_scalar_bracket_binary_v1,32,7,True,2.352727466004012e-05,2.3527273257705272e-05,40,cuda:0,bfloat16,2.756765979938791e-07,2.3999632836613216e-10,0.9991294279960192,True,32,24,float32,2.750041971921746e-07,0.0024390927869743497,True,2.756765979938791e-07,False,0.001,015053be9104b16d49d3485f7ac71a5f8db2aaa549a3c03ab6152daead18962c,"[2048, 6144]",94667670116675949,2.756765979938791e-07
ruler_vt_16k:0362,ruler_vt_16k,12,20260926,gaussian_bf16_scalar_bracket_binary_v1,5,7,True,2.0866605126457216e-05,2.0866603882710628e-05,13,cuda:0,bfloat16,2.2198516091975762e-07,3.0971999964712893e-10,0.9986047716056161,True,32,24,float32,2.2191161974660645e-07,0.000331288689957766,True,2.2198516091975762e-07,False,0.001,79f10c469d9984250ac5c101029711f99901918c92f241f771228f658d19aef3,"[2048, 6144]",8786817845407876133,2.2198516091975762e-07
ruler_vt_16k:0362,ruler_vt_16k,12,20260927,gaussian_bf16_scalar_bracket_binary_v1,9,7,True,2.0838856981342246e-05,2.0838856981342246e-05,17,cuda:0,bfloat16,2.2198516091975762e-07,3.8280112413247025e-10,0.9982755553454726,True,32,24,float32,2.217721970509956e-07,0.0009593608324071654,True,2.2198516091975762e-07,False,0.001,15d12e2de4f71ae456ead3dc8b01d7d20e9afe04d2e205cf83b3616c944725a8,"[2048, 6144]",1572088519578819300,2.2198516091975762e-07
ruler_vt_16k:0362,ruler_vt_16k,12,20260928,gaussian_bf16_scalar_bracket_binary_v1,7,7,True,2.0311642224157822e-05,2.0311642224157822e-05,15,cuda:0,bfloat16,2.2198516091975762e-07,2.1100277081131935e-10,0.9990494735326584,True,32,24,float32,2.2198901206138544e-07,1.7348644440300403e-05,True,2.2198516091975762e-07,False,0.001,cb38e5085a2e2727898dd3ffb1ed8b7c12dc9f12dff63fd83c10cbbffb435d21,"[2048, 6144]",5420333975575865127,2.2198516091975762e-07
ruler_vt_16k:0362,ruler_vt_16k,12,20260929,gaussian_bf16_scalar_bracket_binary_v1,7,7,True,2.1643553189676368e-05,2.1643553189676368e-05,15,cuda:0,bfloat16,2.2198516091975762e-07,2.27773508387763e-10,0.9989739246198078,True,32,24,float32,2.2203353466920817e-07,0.0002179143382833305,True,2.2198516091975762e-07,False,0.001,041c203f862b8699121b053c4b30a4eec13120a2d205329bd52445c6f9fd6f19,"[2048, 6144]",296147132705638041,2.2198516091975762e-07
ruler_vt_16k:0362,ruler_vt_16k,12,20260930,gaussian_bf16_scalar_bracket_binary_v1,7,7,True,2.053362738507758e-05,2.053362738507758e-05,15,cuda:0,bfloat16,2.2198516091975762e-07,3.828702632713288e-10,0.9982752438870915,True,32,24,float32,2.218656760533122e-07,0.0005382560976164051,True,2.2198516091975762e-07,False,0.001,e5cedd7e06857c26d00a5a1714ffe7f20b6b9326fa4842930772214c7e5690b5,"[2048, 6144]",7336044376378145830,2.2198516091975762e-07
ruler_vt_16k:0362,ruler_vt_16k,18,20260926,gaussian_bf16_scalar_bracket_binary_v1,9,7,True,2.6915023937590377e-05,2.6915022333329937e-05,17,cuda:0,bfloat16,3.3075298233598005e-07,4.1670344952393634e-10,0.9987401369850668,True,32,24,float32,3.305681275378447e-07,0.0005588907976877182,True,3.3075298233598005e-07,False,0.001,676fad771346839995804eeb985bfa94d5431cc2ef9c5d462c8e92cb08b2bffb,"[2048, 6144]",7453366635257562009,3.3075298233598005e-07
ruler_vt_16k:0362,ruler_vt_16k,18,20260927,gaussian_bf16_scalar_bracket_binary_v1,32,7,True,2.7121744551550364e-05,2.7121742934968414e-05,40,cuda:0,bfloat16,3.3075298233598005e-07,5.620883203327764e-10,0.9983005797366876,True,32,24,float32,3.3026316259565647e-07,0.001480923125361337,True,3.3075298233598005e-07,False,0.001,779148579babb250f3020a27d671de0a47373716343e828e13c997c640d007d4,"[2048, 6144]",8615747103247544912,3.3075298233598005e-07
ruler_vt_16k:0362,ruler_vt_16k,18,20260928,gaussian_bf16_scalar_bracket_binary_v1,7,7,True,2.6956368060382374e-05,2.6956368060382374e-05,15,cuda:0,bfloat16,3.3075298233598005e-07,3.504565249112801e-10,0.9989404282239992,True,32,24,float32,3.309306180199201e-07,0.0005370644965480072,True,3.3075298233598005e-07,False,0.001,1703c86c57ecd6cb8d61552b409bc121d52033613a5b840812640c1bb2fbb328,"[2048, 6144]",1658389455459636939,3.3075298233598005e-07
ruler_vt_16k:0362,ruler_vt_16k,18,20260929,gaussian_bf16_scalar_bracket_binary_v1,32,7,True,2.6607527024324895e-05,2.6607525438392697e-05,40,cuda:0,bfloat16,3.3075298233598005e-07,2.0372681319713593e-10,0.999384051470199,True,32,24,float32,3.313568299745384e-07,0.0018256755669854338,True,3.3075298233598005e-07,False,0.001,aedd4c7ce7b0071d90c0b493d01933d810ae05cc452b287ed7a9a413fd8a24c0,"[2048, 6144]",3376939394944468765,3.3075298233598005e-07
ruler_vt_16k:0362,ruler_vt_16k,18,20260930,gaussian_bf16_scalar_bracket_binary_v1,11,7,True,2.6408558433388407e-05,2.6408558433388407e-05,19,cuda:0,bfloat16,3.3075298233598005e-07,2.417545608146554e-10,0.9992690782132719,True,32,24,float32,3.304330675746314e-07,0.0009672316757030991,True,3.3075298233598005e-07,False,0.001,a6d31e85fc23b54818f68642c739ea3eea579b48c5ae31573f4d6b1ef9b35ce4,"[2048, 6144]",2797613354336892232,3.3075298233598005e-07
ruler_vt_16k:0362,ruler_vt_16k,24,20260926,gaussian_bf16_scalar_bracket_binary_v1,32,7,True,3.366793284100694e-05,3.366793284100694e-05,40,cuda:0,bfloat16,4.4539567056745e-07,5.238689482212067e-10,0.9988238122127371,True,32,24,float32,4.446103218924691e-07,0.0017632606845512469,True,4.4539567056745e-07,False,0.001,ec0f7226acb8343b6618d74b3aa40d9ae2c66f0d75e9542a0774009de0761626,"[2048, 6144]",7786567791178953787,4.4539567056745e-07
ruler_vt_16k:0362,ruler_vt_16k,24,20260927,gaussian_bf16_scalar_bracket_binary_v1,32,7,True,3.351602421020061e-05,3.351602221248989e-05,40,cuda:0,bfloat16,4.4539567056745e-07,4.115903173840252e-10,0.9990758995998779,True,32,24,float32,4.4347902417030127e-07,0.004303244337123548,True,4.4539567056745e-07,False,0.001,5fd3a79ead46d822d4c57306aa359a137ef9a7b18ab27a7fc1e2b2bbdb94d457,"[2048, 6144]",6905046953642874914,4.4539567056745e-07
ruler_vt_16k:0362,ruler_vt_16k,24,20260928,gaussian_bf16_scalar_bracket_binary_v1,17,7,True,3.326527166715165e-05,3.326527166715165e-05,25,cuda:0,bfloat16,4.4539567056745e-07,6.296121402016297e-10,0.9985863981582949,True,32,24,float32,4.4570401769306045e-07,0.0006922993329001331,True,4.4539567056745e-07,False,0.001,b98900843c22a91c37a320183927c69620f39f26629ebd0dcd0930c3cf6d7e44,"[2048, 6144]",4145845499915839772,4.4539567056745e-07
ruler_vt_16k:0362,ruler_vt_16k,24,20260929,gaussian_bf16_scalar_bracket_binary_v1,32,7,True,3.309846576904363e-05,3.309846576904363e-05,40,cuda:0,bfloat16,4.4539567056745e-07,5.936039992882058e-10,0.9986672434455146,True,32,24,float32,4.448654635780258e-07,0.0011904179237950026,True,4.4539567056745e-07,False,0.001,9c141b24d18d4e359d7a5b81a2c46f316406fd2fefc533bb6d3a584e6375f6da,"[2048, 6144]",2023271977544666677,4.4539567056745e-07
ruler_vt_16k:0362,ruler_vt_16k,24,20260930,gaussian_bf16_scalar_bracket_binary_v1,9,7,True,3.3683047586663406e-05,3.368304357133123e-05,17,cuda:0,bfloat16,4.4539567056745e-07,4.728812896814816e-10,0.9989382894335749,True,32,24,float32,4.454451243418589e-07,0.00011103335231322993,True,4.4539567056745e-07,False,0.001,f9c759287f285268da02bd5b9e6004026c7309d9d3e84391653d0c7e5a4156d1,"[2048, 6144]",8775080429421613672,4.4539567056745e-07
ruler_vt_16k:0372,ruler_vt_16k,0,20260926,gaussian_bf16_scalar_bracket_binary_v1,5,7,True,2.10648007907821e-05,2.10648007907821e-05,13,cuda:0,bfloat16,2.2409362543385214e-07,1.3728249093070133e-10,0.9993873877908623,True,32,24,float32,2.2388023523944867e-07,0.0009522367893791861,True,2.2409362543385214e-07,False,0.001,a0a2bdae9b5064ca2fecce7d9040b30590cb9734a75912d8070d21221c0d24e5,"[2048, 6144]",2351650513068516554,2.2409362543385214e-07
ruler_vt_16k:0372,ruler_vt_16k,0,20260927,gaussian_bf16_scalar_bracket_binary_v1,8,7,True,2.1120824197140564e-05,2.1120824197140564e-05,16,cuda:0,bfloat16,2.2409362543385214e-07,2.377802676978291e-10,0.9989389244462555,True,32,24,float32,2.24018236849588e-07,0.0003364155679046738,True,2.2409362543385214e-07,False,0.001,233c4bac943e48ce27a2c97b522619d3fed6743370ae881b4440f7a6fe56fb4a,"[2048, 6144]",2538987494523685070,2.2409362543385214e-07
ruler_vt_16k:0372,ruler_vt_16k,0,20260928,gaussian_bf16_scalar_bracket_binary_v1,7,7,True,2.2297315730668288e-05,2.2297314401644703e-05,15,cuda:0,bfloat16,2.2409362543385214e-07,2.946538291137557e-10,0.9986851306968536,True,32,24,float32,2.2404820754218235e-07,0.0002026737332748987,True,2.2409362543385214e-07,False,0.001,96402554743529ad508badac2dbb7ef4750763e2073d41e8c5f1d7a52b55c277,"[2048, 6144]",1603322512001018285,2.2409362543385214e-07
ruler_vt_16k:0372,ruler_vt_16k,0,20260929,gaussian_bf16_scalar_bracket_binary_v1,5,7,True,2.196117529251751e-05,2.1961173983529456e-05,13,cuda:0,bfloat16,2.2409362543385214e-07,1.6138854141978243e-10,0.999279816455701,True,32,24,float32,2.2423189705023105e-07,0.0006170261028675733,True,2.2409362543385214e-07,False,0.001,2f8b5d57c7e850a9d7ffcb80a2615f9a93b26a356a32eb7e04973fcb12e4a7d0,"[2048, 6144]",3425934573142823081,2.2409362543385214e-07
ruler_vt_16k:0372,ruler_vt_16k,0,20260930,gaussian_bf16_scalar_bracket_binary_v1,8,7,True,2.1120824197140564e-05,2.1120824197140564e-05,16,cuda:0,bfloat16,2.2409362543385214e-07,1.251803105617455e-10,0.9994413928092806,True,32,24,float32,2.2417700051846623e-07,0.0003720546912152161,True,2.2409362543385214e-07,False,0.001,91216a435acf6ffb5bf02b1cc4297c4f8093c5eb2aed289889b1eb349c9f96d0,"[2048, 6144]",1234384610395123707,2.2409362543385214e-07
ruler_vt_16k:0373,ruler_vt_16k,0,20260926,gaussian_bf16_scalar_bracket_binary_v1,8,7,True,2.17968060844953e-05,2.1796803486113532e-05,16,cuda:0,bfloat16,2.2413168210277945e-07,2.478101890357465e-10,0.9988943544852258,True,32,24,float32,2.2407948563341051e-07,0.0002328830483902823,True,2.2413168210277945e-07,False,0.001,95c91759d0cef1f232084bb1e8f4e55937b5f38b365a499713978644adf2315f,"[2048, 6144]",1569811619638079986,2.2413168210277945e-07
ruler_vt_16k:0373,ruler_vt_16k,0,20260927,gaussian_bf16_scalar_bracket_binary_v1,32,7,True,2.1008843139602718e-05,2.1008843139602718e-05,40,cuda:0,bfloat16,2.2413168210277945e-07,3.958549044114079e-10,0.9982338288781955,True,32,24,float32,2.2510948838316835e-07,0.00436264195768858,True,2.2413168210277945e-07,False,0.001,987070a4c0dc33b2aeb7826d2667bbe52ec256601b65632c44ec3acd27ba1690,"[2048, 6144]",1761031307214468018,2.2413168210277945e-07
ruler_vt_16k:0373,ruler_vt_16k,0,20260928,gaussian_bf16_scalar_bracket_binary_v1,8,7,True,2.1460608561341132e-05,2.1460607282189184e-05,16,cuda:0,bfloat16,2.2413168210277945e-07,3.6525016344768346e-10,0.9983703769140492,True,32,24,float32,2.2396696408577554e-07,0.0007349162575256636,True,2.2413168210277945e-07,False,0.001,137e2e6f47b557b401ad6d07a19001628b3742a07929e621a2c3d6427e1d6eef,"[2048, 6144]",1404611189265487796,2.2413168210277945e-07
ruler_vt_16k:0373,ruler_vt_16k,0,20260929,gaussian_bf16_scalar_bracket_binary_v1,11,7,True,2.1061374002595556e-05,2.106137274723984e-05,19,cuda:0,bfloat16,2.2413168210277945e-07,2.7533514357358513e-10,0.9987715474180606,True,32,24,float32,2.2432641344494186e-07,0.0008688255954511404,True,2.2413168210277945e-07,False,0.001,998c4db103af2d3f28bde65b3329847827ff1861ce23b7d9d00c116a08dbd547,"[2048, 6144]",1840931770354052415,2.2413168210277945e-07
ruler_vt_16k:0373,ruler_vt_16k,0,20260930,gaussian_bf16_scalar_bracket_binary_v1,8,7,True,2.1348542720289743e-05,2.134854144781744e-05,16,cuda:0,bfloat16,2.2413168210277945e-07,3.0175492660156067e-10,0.9986536712535661,True,32,24,float32,2.2419597200951102e-07,0.0002868398886244588,True,2.2413168210277945e-07,False,0.001,305728a27e50a22e0bd3ffc231a5411477f8867d0c85b7d1e45304702ce54e09,"[2048, 6144]",3483297515163394606,2.2413168210277945e-07
ruler_vt_16k:0373,ruler_vt_16k,6,20260926,gaussian_bf16_scalar_bracket_binary_v1,3,7,True,2.4259540623461362e-05,2.425953917748006e-05,11,cuda:0,bfloat16,2.756765979938791e-07,1.9305297638272378e-10,0.9992997121344808,True,32,24,float32,2.7562978743844724e-07,0.00016980242709217829,True,2.756765979938791e-07,False,0.001,8b57d53c487e5aeb29ac9dbbdf150d05b28be4a96b060c65cafa884328aabcc4,"[2048, 6144]",817356312282028779,2.756765979938791e-07
ruler_vt_16k:0373,ruler_vt_16k,6,20260927,gaussian_bf16_scalar_bracket_binary_v1,32,7,True,2.441460870983292e-05,2.441460870983292e-05,40,cuda:0,bfloat16,2.756765979938791e-07,1.0081862428235056e-10,0.9996342866060594,True,32,24,float32,2.751422698565875e-07,0.0019382426407607478,True,2.756765979938791e-07,False,0.001,53125b97bc6d4e91449e577c02497f104ee9fdc753c493a62266bed7a1585225,"[2048, 6144]",5985947561988279953,2.756765979938791e-07
ruler_vt_16k:0373,ruler_vt_16k,6,20260928,gaussian_bf16_scalar_bracket_binary_v1,9,7,True,2.3880485301219778e-05,2.3880483877831936e-05,17,cuda:0,bfloat16,2.756765979938791e-07,2.9103830456733704e-10,0.9989442763488622,True,32,24,float32,2.7546565206648665e-07,0.0007651934510492697,True,2.756765979938791e-07,False,0.001,33dfa47cead04b895125acbbc1eddd85965d66916fa9755461656d56a6915eb0,"[2048, 6144]",3737887072163220361,2.756765979938791e-07
ruler_vt_16k:0373,ruler_vt_16k,6,20260929,gaussian_bf16_scalar_bracket_binary_v1,32,7,True,2.3647883171662443e-05,2.3647883171662443e-05,40,cuda:0,bfloat16,2.756765979938791e-07,2.968019996441029e-10,0.9989233688974546,True,32,24,float32,2.749614509411913e-07,0.0025941521982352092,True,2.756765979938791e-07,False,0.001,4981eb74a1cb20c2cacf1f41d9a31cfb3f169e9433167ee85dff38d01481cf25,"[2048, 6144]",5296773522927591618,2.756765979938791e-07
ruler_vt_16k:0373,ruler_vt_16k,6,20260930,gaussian_bf16_scalar_bracket_binary_v1,32,7,True,2.4164776792900966e-05,2.4164776792900966e-05,40,cuda:0,bfloat16,2.756765979938791e-07,3.24086535385959e-10,0.9988243959126587,True,32,24,float32,2.7505134880811966e-07,0.002268053183728494,True,2.756765979938791e-07,False,0.001,8f206eed752ada204083b561286d5bde22e78db0e7452f472ab95b09d5861cba,"[2048, 6144]",1089993075975707168,2.756765979938791e-07
ruler_vt_16k:0373,ruler_vt_16k,12,20260926,gaussian_bf16_scalar_bracket_binary_v1,15,7,True,2.1200883562139117e-05,2.1200883562139117e-05,23,cuda:0,bfloat16,2.2198516091975762e-07,4.1727474253683283e-10,0.9981202583956156,True,32,24,float32,2.2203759897365671e-07,0.00023622323979597225,True,2.2198516091975762e-07,False,0.001,3671fa4e77927c1ca41a7a5fa6b9a106b934b48e0bc03f016b7d35c1d3c5ce27,"[2048, 6144]",3923191965336894492,2.2198516091975762e-07
ruler_vt_16k:0373,ruler_vt_16k,12,20260927,gaussian_bf16_scalar_bracket_binary_v1,11,7,True,2.0124342244631777e-05,2.0124342244631777e-05,19,cuda:0,bfloat16,2.2198516091975762e-07,3.2088540158348167e-10,0.9985544736402472,True,32,24,float32,2.2195135329639015e-07,0.00015229677167333822,True,2.2198516091975762e-07,False,0.001,7463f567e7de5dd3e14463d5886c049bfb62554ab36901f7fa21fc2554732792,"[2048, 6144]",8386816757714542035,2.2198516091975762e-07
ruler_vt_16k:0373,ruler_vt_16k,12,20260928,gaussian_bf16_scalar_bracket_binary_v1,7,7,True,2.142156802875661e-05,2.142156802875661e-05,15,cuda:0,bfloat16,2.2198516091975762e-07,3.7299485722286363e-10,0.9983197306717376,True,32,24,float32,2.2182675252224726e-07,0.0007135990390259357,True,2.2198516091975762e-07,False,0.001,800611380ff45826ef6dfc07f0d1f53a3c215b31b75118057f1d6c976b97d18d,"[2048, 6144]",1707782343776294,2.2198516091975762e-07
ruler_vt_16k:0373,ruler_vt_16k,12,20260929,gaussian_bf16_scalar_bracket_binary_v1,32,7,True,2.0389683882293674e-05,2.038968266697381e-05,40,cuda:0,bfloat16,2.2198516091975762e-07,1.7703169485905335e-10,0.9992025066264539,True,32,24,float32,2.2274703326274903e-07,0.003432086810824299,True,2.2198516091975762e-07,False,0.001,d3976ffd52ec1fbd6501e38874c2262a8f387c73b6010e0b728c13bb8ed2957e,"[2048, 6144]",6023406160439943101,2.2198516091975762e-07
ruler_vt_16k:0373,ruler_vt_16k,12,20260930,gaussian_bf16_scalar_bracket_binary_v1,32,7,True,2.04590542450811e-05,2.04590542450811e-05,40,cuda:0,bfloat16,2.2198516091975762e-07,2.2461389692640665e-10,0.9989881580552693,True,32,24,float32,2.2113930242539936e-07,0.0038104280973267914,True,2.2198516091975762e-07,False,0.001,ca24bb5012c89c3b0d07b090f948788cfce49b6d888a76a0dfdef0bd7fd673e1,"[2048, 6144]",5342601010555165755,2.2198516091975762e-07
ruler_vt_16k:0373,ruler_vt_16k,18,20260926,gaussian_bf16_scalar_bracket_binary_v1,32,7,True,2.669796729293239e-05,2.669796570160953e-05,40,cuda:0,bfloat16,3.3075298233598005e-07,6.1463539813289e-10,0.9981417086739719,True,32,24,float32,3.313124068426987e-07,0.0016913664776887082,True,3.3075298233598005e-07,False,0.001,6f0e91351eaafbd41c90975dc273d6c0e49f3d8d2b65c4ce5a9ec4c0bad2749b,"[2048, 6144]",8002493245217766356,3.3075298233598005e-07
ruler_vt_16k:0373,ruler_vt_16k,18,20260927,gaussian_bf16_scalar_bracket_binary_v1,32,7,True,2.5995117205468432e-05,2.5995117205468432e-05,40,cuda:0,bfloat16,3.3075298233598005e-07,3.6350672472096335e-10,0.9989009721933461,True,32,24,float32,3.3123208709184837e-07,0.0014485273949295613,True,3.3075298233598005e-07,False,0.001,716039823683c811825ec2316ea72e6b2709f79d5a9967918f55d76d73dcb096,"[2048, 6144]",8169592955473217553,3.3075298233598005e-07
ruler_vt_16k:0373,ruler_vt_16k,18,20260928,gaussian_bf16_scalar_bracket_binary_v1,11,7,True,2.7979635099484312e-05,2.797963176405189e-05,19,cuda:0,bfloat16,3.3075298233598005e-07,3.8390587930869913e-10,0.9988392973009727,True,32,24,float32,3.3050733350137307e-07,0.0007426957509863082,True,3.3075298233598005e-07,False,0.001,00eff11fac697366fee2c3bfd13e54213477f7381ac6ac380b2e8bb679492dc3,"[2048, 6144]",67537637772718950,3.3075298233598005e-07
ruler_vt_16k:0373,ruler_vt_16k,18,20260929,gaussian_bf16_scalar_bracket_binary_v1,10,7,True,2.7555857840866338e-05,2.755585619840922e-05,18,cuda:0,bfloat16,3.3075298233598005e-07,4.0952718993736426e-10,0.9987618337193968,True,32,24,float32,3.304480173937918e-07,0.0009220323276736187,True,3.3075298233598005e-07,False,0.001,ae79c45d53617bb5a8563f6a1f5e54f63f88d810cdef0a3993b85ccd32711621,"[2048, 6144]",3348923703036574645,3.3075298233598005e-07
ruler_vt_16k:0373,ruler_vt_16k,18,20260930,gaussian_bf16_scalar_bracket_binary_v1,32,7,True,2.6977040121778373e-05,2.6977036905864584e-05,40,cuda:0,bfloat16,3.3075298233598005e-07,4.592506930300999e-10,0.9986114994646863,True,32,24,float32,3.3118880082838587e-07,0.0013176555184107428,True,3.3075298233598005e-07,False,0.001,e5d66bc4d4573f6caba5aee796cfd1f74a4579d5bcaeb6484e4fb11aa0e51145,"[2048, 6144]",7338171135967051628,3.3075298233598005e-07
ruler_vt_16k:0373,ruler_vt_16k,24,20260926,gaussian_bf16_scalar_bracket_binary_v1,9,7,True,3.256955841024478e-05,3.256955841024478e-05,17,cuda:0,bfloat16,4.4539567056745e-07,8.16983425355744e-10,0.9981657131414976,True,32,24,float32,4.4503767071546463e-07,0.0008037793711134737,True,4.4539567056745e-07,False,0.001,c04586ce61b03c1426aeef25dd023a2355feb4da5b56e9d95768f10a85930d54,"[2048, 6144]",4631256012780747796,4.4539567056745e-07
ruler_vt_16k:0373,ruler_vt_16k,24,20260927,gaussian_bf16_scalar_bracket_binary_v1,12,7,True,3.2910564470522985e-05,3.2910564470522985e-05,20,cuda:0,bfloat16,4.4539567056745e-07,8.495128489549586e-10,0.9980926782519627,True,32,24,float32,4.4519737230075407e-07,0.00044521821786747427,True,4.4539567056745e-07,False,0.001,d997fea94732c759975e01be219cabb910d4b1dd5a850ce40c815b4c1e3487b7,"[2048, 6144]",6455908593856333657,4.4539567056745e-07
ruler_vt_16k:0373,ruler_vt_16k,24,20260928,gaussian_bf16_scalar_bracket_binary_v1,9,7,True,3.4128443257230856e-05,3.4128441223017116e-05,17,cuda:0,bfloat16,4.4539567056745e-07,6.712834732525153e-10,0.9984928379020899,True,32,24,float32,4.457105831079389e-07,0.0007070399676037861,True,4.4539567056745e-07,False,0.001,7c549fe8dfcd860be30d0b7eec4fe725fc9d804a935e94df95d3a4c1619a3a7d,"[2048, 6144]",8958961381282776587,4.4539567056745e-07
ruler_vt_16k:0373,ruler_vt_16k,24,20260929,gaussian_bf16_scalar_bracket_binary_v1,8,7,True,3.351602421020061e-05,3.351602421020061e-05,16,cuda:0,bfloat16,4.4539567056745e-07,5.964510552125546e-10,0.998660851250636,True,32,24,float32,4.4554641931426886e-07,0.00033846028774101814,True,4.4539567056745e-07,False,0.001,225a423dadd640975f4aa4108f62ff603aba25d5c61a1e6a1c6e4b53f575c1f2,"[2048, 6144]",2475363777870446743,4.4539567056745e-07
ruler_vt_16k:0373,ruler_vt_16k,24,20260930,gaussian_bf16_scalar_bracket_binary_v1,32,7,True,3.407972810576254e-05,3.407972810576254e-05,40,cuda:0,bfloat16,4.4539567056745e-07,7.85264298031052e-10,0.9982369287581296,True,32,24,float32,4.459698175196536e-07,0.0012890716954480218,True,4.4539567056745e-07,False,0.001,df732ddafb459801d5502e2f5792ed30397cb6edd80982b586c6d12e798fd39f,"[2048, 6144]",6877891474466641921,4.4539567056745e-07
ruler_vt_16k:0376,ruler_vt_16k,0,20260926,gaussian_bf16_scalar_bracket_binary_v1,11,7,True,3.272487554362158e-05,3.272487554362158e-05,19,cuda:0,bfloat16,4.1538913819749723e-07,3.257159542080501e-10,0.9992158775368527,True,32,24,float32,4.1544160467310576e-07,0.0001263068067600279,True,4.1538913819749723e-07,False,0.001,991e037558c13d1365bf565630046a61b98229367e3c0182f97346e57e2202fb,"[2048, 6144]",1809887902784634131,4.1538913819749723e-07
ruler_vt_16k:0376,ruler_vt_16k,0,20260927,gaussian_bf16_scalar_bracket_binary_v1,8,7,True,3.271189463305291e-05,3.2711898532614624e-05,16,cuda:0,bfloat16,4.1538913819749723e-07,5.508625777750353e-10,0.9986738637891077,True,32,24,float32,4.153666566253378e-07,5.412171405589494e-05,True,4.1538913819749723e-07,False,0.001,2dacccf0b5599baaafb62e4316a5e94f2ea080cda4ee616152ffc55b14101dc0,"[2048, 6144]",3291230761907755946,4.1538913819749723e-07
ruler_vt_16k:0376,ruler_vt_16k,0,20260928,gaussian_bf16_scalar_bracket_binary_v1,8,7,True,3.229650549485541e-05,3.229650549485541e-05,16,cuda:0,bfloat16,4.1538913819749723e-07,5.46423906122584e-10,0.9986845493637756,True,32,24,float32,4.156278521350032e-07,0.0005746754441914811,True,4.1538913819749723e-07,False,0.001,bd3f6aa9824e70757857848a6ebd9ca7f022563f8c10af4b451dfa477ed117ca,"[2048, 6144]",4413363436114571381,4.1538913819749723e-07
ruler_vt_16k:0376,ruler_vt_16k,0,20260929,gaussian_bf16_scalar_bracket_binary_v1,32,7,True,3.2551255864765594e-05,3.2551255864765594e-05,40,cuda:0,bfloat16,4.1538913819749723e-07,5.049325957351414e-10,0.9987844347641679,True,32,24,float32,4.133605671086116e-07,0.0048835438925732555,True,4.1538913819749723e-07,False,0.001,f90913b7f13736b8b5e850d72d49a875ee267d5993f84dd3b0a8fba1f0d333b5,"[2048, 6144]",8721523834126546616,4.1538913819749723e-07
ruler_vt_16k:0376,ruler_vt_16k,0,20260930,gaussian_bf16_scalar_bracket_binary_v1,2,7,True,3.323113105579978e-05,3.323113105579978e-05,10,cuda:0,bfloat16,4.1538913819749723e-07,5.358583576864362e-10,0.9987099846663982,True,32,24,float32,4.157070350174763e-07,0.0007652988264414474,True,4.1538913819749723e-07,False,0.001,e9076e54fb13a9bc2419b1b93743808deb491dbd8711757d6b50563ab87917ef,"[2048, 6144]",7568139010088085948,4.1538913819749723e-07
ruler_vt_16k:0376,ruler_vt_16k,6,20260926,gaussian_bf16_scalar_bracket_binary_v1,9,6,True,5.1432022896591434e-05,5.1432022896591434e-05,16,cuda:0,bfloat16,9.07290370832925e-07,2.1019332940852564e-09,0.9976832849089364,True,32,24,float32,9.071646331904049e-07,0.00013858588888657078,True,9.07290370832925e-07,False,0.001,a55968abbbb73e961831de5058896438710e07b82a401d249e04e6a0684eaa22,"[2048, 6144]",2691297339128626838,9.07290370832925e-07
ruler_vt_16k:0376,ruler_vt_16k,6,20260927,gaussian_bf16_scalar_bracket_binary_v1,12,6,True,5.245981276980061e-05,5.245981276980061e-05,19,cuda:0,bfloat16,9.07290370832925e-07,2.2730817228477918e-09,0.9974946480245778,True,32,24,float32,9.077260756384931e-07,0.0004802264187683386,True,9.07290370832925e-07,False,0.001,ca8887fb6126397687cdf30eebb62a871bf24d3f5984b9c3f923c41ca88793b6,"[2048, 6144]",5370692069375752566,9.07290370832925e-07
ruler_vt_16k:0376,ruler_vt_16k,6,20260928,gaussian_bf16_scalar_bracket_binary_v1,8,6,True,5.409718836091315e-05,5.409718836091315e-05,15,cuda:0,bfloat16,9.07290370832925e-07,2.0825006163960325e-09,0.9977047032754418,True,32,24,float32,9.078969469555886e-07,0.0006685578753655501,True,9.07290370832925e-07,False,0.001,81212d2ca6ec835a4646e2bdf8a983e24a51b48a9692471a860cca7932e2b7df,"[2048, 6144]",81395938071708506,9.07290370832925e-07
ruler_vt_16k:0376,ruler_vt_16k,6,20260929,gaussian_bf16_scalar_bracket_binary_v1,10,6,True,5.1120141831617616e-05,5.112013878461972e-05,17,cuda:0,bfloat16,9.07290370832925e-07,2.163101919805399e-09,0.9976158658910712,True,32,24,float32,9.06859099814028e-07,0.0004753395745851774,True,9.07290370832925e-07,False,0.001,e11677c0271c7376f8366f2651cc5b47fe9472e8e786eb844241f5b46044e052,"[2048, 6144]",6995910738340246390,9.07290370832925e-07
ruler_vt_16k:0376,ruler_vt_16k,6,20260930,gaussian_bf16_scalar_bracket_binary_v1,32,6,True,5.1814786021786574e-05,5.1814786021786574e-05,39,cuda:0,bfloat16,9.07290370832925e-07,1.7208217073516607e-09,0.9981033396113618,True,32,24,float32,9.082437486540584e-07,0.001050796803076657,True,9.07290370832925e-07,False,0.001,9e70c862e9f7e8350394b08deb7a87c5ba1aa2d821e5909c1ab6e8d3f58e3e3d,"[2048, 6144]",2193473345687119925,9.07290370832925e-07
ruler_vt_16k:0376,ruler_vt_16k,12,20260926,gaussian_bf16_scalar_bracket_binary_v1,9,6,True,6.247478259524541e-05,6.247478259524541e-05,16,cuda:0,bfloat16,1.1885808817169163e-06,3.5429357225780223e-09,0.9970191883639755,True,32,24,float32,1.1885497315233806e-06,2.620788708188377e-05,True,1.1885808817169163e-06,False,0.001,794114e9a14c5fe1546a9014c013e54847b6db1370ab18c5114b978950ab70c1,"[2048, 6144]",8737287745741545441,1.1885808817169163e-06
ruler_vt_16k:0376,ruler_vt_16k,12,20260927,gaussian_bf16_scalar_bracket_binary_v1,9,6,True,6.247478259524541e-05,6.247478259524541e-05,16,cuda:0,bfloat16,1.1885808817169163e-06,3.6459155694501533e-09,0.9969325473549738,True,32,24,float32,1.1886227184731979e-06,3.519891403698258e-05,True,1.1885808817169163e-06,False,0.001,2a17890d6a6163683d6eeae65316f0e5c88d24086f214ee5c1921c8757726068,"[2048, 6144]",3033043564769665896,1.1885808817169163e-06
ruler_vt_16k:0376,ruler_vt_16k,12,20260928,gaussian_bf16_scalar_bracket_binary_v1,5,6,True,6.299478673099657e-05,6.299478297621468e-05,12,cuda:0,bfloat16,1.1885808817169163e-06,2.423592881939385e-09,0.9979609356677196,True,32,24,float32,1.189372483167972e-06,0.0006660055392377981,True,1.1885808817169163e-06,False,0.001,7907a425b7b5347bb229b2037f0c53e11fa8b630191abb35646dc044882a374f,"[2048, 6144]",8721119685329106043,1.1885808817169163e-06
ruler_vt_16k:0376,ruler_vt_16k,12,20260929,gaussian_bf16_scalar_bracket_binary_v1,7,6,True,6.388622239228425e-05,6.388622239228425e-05,14,cuda:0,bfloat16,1.1885808817169163e-06,3.9033869470017635e-09,0.9967159265246104,True,32,24,float32,1.1896237310793367e-06,0.0008773903219055467,True,1.1885808817169163e-06,False,0.001,9f5acdace2bf89688f194b3d7b16e21037a48b1d6a9729c5b3846f6ee0c88836,"[2048, 6144]",2259344305501997416,1.1885808817169163e-06
ruler_vt_16k:0376,ruler_vt_16k,12,20260930,gaussian_bf16_scalar_bracket_binary_v1,9,6,True,6.321764564631849e-05,6.321764564631849e-05,16,cuda:0,bfloat16,1.1885808817169163e-06,2.9880720120445403e-09,0.9974860170998812,True,32,24,float32,1.1877156111950171e-06,0.0007279862356942239,True,1.1885808817169163e-06,False,0.001,d3d7745bc7405f63c5ddc18758629f0380199bbc88e1e54efc9aba55351432ba,"[2048, 6144]",6041425362674540387,1.1885808817169163e-06
ruler_vt_16k:0376,ruler_vt_16k,18,20260926,gaussian_bf16_scalar_bracket_binary_v1,5,6,True,4.9280389248451684e-05,4.928038631111159e-05,12,cuda:0,bfloat16,8.352608347195201e-07,1.5542644948851603e-09,0.9981391866704643,True,32,24,float32,8.350287998837302e-07,0.0002777992528139254,True,8.352608347195201e-07,False,0.001,c82fadc485878b28a771ec661057357c803c783d1acb60ac9fc874b9fe028aff,"[2048, 6144]",5201567154201660200,8.352608347195201e-07
ruler_vt_16k:0376,ruler_vt_16k,18,20260927,gaussian_bf16_scalar_bracket_binary_v1,32,6,True,4.937133806004468e-05,4.937133806004468e-05,39,cuda:0,bfloat16,8.352608347195201e-07,2.0113253285103383e-09,0.99759197936153,True,32,24,float32,8.362025596397871e-07,0.0011274620826477958,True,8.352608347195201e-07,False,0.001,27064c748fdeee2054439bf78979c3da8f8c3781533f838ad153c395f4221911,"[2048, 6144]",2812019080853122592,8.352608347195201e-07
ruler_vt_16k:0376,ruler_vt_16k,18,20260928,gaussian_bf16_scalar_bracket_binary_v1,8,6,True,4.8967166435431864e-05,4.8967166435431864e-05,15,cuda:0,bfloat16,8.352608347195201e-07,1.7218058090406885e-09,0.9979386010483553,True,32,24,float32,8.354575129487785e-07,0.00023546923437927042,True,8.352608347195201e-07,False,0.001,fac88c89e16534228c32b47474cc10ca823ac18266ea9403293803131edd1e82,"[2048, 6144]",8847475991789253666,8.352608347195201e-07
ruler_vt_16k:0376,ruler_vt_16k,18,20260929,gaussian_bf16_scalar_bracket_binary_v1,7,6,True,4.9489204457131564e-05,4.9489204457131564e-05,14,cuda:0,bfloat16,8.352608347195201e-07,1.8854700023496207e-09,0.9977426572347514,True,32,24,float32,8.347573725586699e-07,0.0006027604071957221,True,8.352608347195201e-07,False,0.001,441a3d12769cef9ca9250d1bdef4d20ac4340d42ab9d8a8f425c3d5869773d1e,"[2048, 6144]",4907301893482278812,8.352608347195201e-07
ruler_vt_16k:0376,ruler_vt_16k,18,20260930,gaussian_bf16_scalar_bracket_binary_v1,9,6,True,4.9645815863641474e-05,4.9645815863641474e-05,16,cuda:0,bfloat16,8.352608347195201e-07,2.437782420372514e-09,0.9970814117949262,True,32,24,float32,8.352379268217192e-07,2.7426040882903465e-05,True,8.352608347195201e-07,False,0.001,8b188231fcd90cc614b3d85665fd53329c320b283a64c505d2c8d294794979b5,"[2048, 6144]",799532085065354438,8.352608347195201e-07
ruler_vt_16k:0376,ruler_vt_16k,24,20260926,gaussian_bf16_scalar_bracket_binary_v1,9,6,True,0.00014385866268185055,0.00014385865410720605,16,cuda:0,bfloat16,3.96168434235733e-06,2.1555861096089757e-08,0.9945589150388334,True,32,24,float32,3.9593192013853695e-06,0.0005970038921761154,True,3.96168434235733e-06,False,0.001,a3d4d37be6a577bade48b630b18d50afaa37fc290506dd396b5509b3f2c66fbe,"[2048, 6144]",2581921015494178746,3.96168434235733e-06
ruler_vt_16k:0376,ruler_vt_16k,24,20260927,gaussian_bf16_scalar_bracket_binary_v1,9,6,True,0.0001443538732246452,0.0001443538732246452,16,cuda:0,bfloat16,3.96168434235733e-06,1.710948893673958e-08,0.9956812589145961,True,32,24,float32,3.957894023187691e-06,0.0009567443647929094,True,3.96168434235733e-06,False,0.001,bcaca20df78d3e351534aa6d4c32fe0e99b6784413c8d6ba2351fa0da4df5487,"[2048, 6144]",4372047519141412405,3.96168434235733e-06
ruler_vt_16k:0376,ruler_vt_16k,24,20260928,gaussian_bf16_scalar_bracket_binary_v1,8,6,True,0.00014212542578206921,0.00014212540883939818,15,cuda:0,bfloat16,3.96168434235733e-06,1.7431421639457767e-08,0.9955999973412608,True,32,24,float32,3.965573341702111e-06,0.0009816530063238105,True,3.96168434235733e-06,False,0.001,045af6f763e8076d410653321dd402481f8ca8a561f2b5fb9e75a08f0540f72a,"[2048, 6144]",313834666449176429,3.96168434235733e-06
ruler_vt_16k:0376,ruler_vt_16k,24,20260929,gaussian_bf16_scalar_bracket_binary_v1,9,6,True,0.0001458395048530292,0.0001458395048530292,16,cuda:0,bfloat16,3.96168434235733e-06,2.14545572418956e-08,0.9945844859438929,True,32,24,float32,3.964056304539554e-06,0.0005987256876736431,True,3.96168434235733e-06,False,0.001,862b87f5ff67990404480ea085d3443cf5d9f04febdeec376ce9e12002bb12c7,"[2048, 6144]",444598478847842564,3.96168434235733e-06
ruler_vt_16k:0376,ruler_vt_16k,24,20260930,gaussian_bf16_scalar_bracket_binary_v1,11,6,True,0.00014231112973561721,0.00014231112125321287,18,cuda:0,bfloat16,3.96168434235733e-06,1.753558365180652e-08,0.9955737049859524,True,32,24,float32,3.963195467804326e-06,0.0003814350958856434,True,3.96168434235733e-06,False,0.001,ba99bb3c7520f82ffa99fd9f8fc0457021c8be88125057d7ef8be885be5552c5,"[2048, 6144]",4222611993974077487,3.96168434235733e-06
ruler_vt_16k:0381,ruler_vt_16k,6,20260926,gaussian_bf16_scalar_bracket_binary_v1,11,7,True,3.778921970543081e-05,3.778921745301779e-05,19,cuda:0,bfloat16,5.653366201840981e-07,1.1421167345204708e-09,0.997979758087936,True,32,24,float32,5.653627681567741e-07,4.625204124837477e-05,True,5.653366201840981e-07,False,0.001,199ef54141fe578a7c45fbf879f04c4abe31b473722714731919b126fac5e4aa,"[2048, 6144]",1846182557897349002,5.653366201840981e-07
ruler_vt_16k:0381,ruler_vt_16k,6,20260927,gaussian_bf16_scalar_bracket_binary_v1,11,7,True,3.768321908914629e-05,3.768321908914629e-05,19,cuda:0,bfloat16,5.653366201840981e-07,9.997493943814106e-10,0.9982315856452818,True,32,24,float32,5.65250900308456e-07,0.00015162625696206336,True,5.653366201840981e-07,False,0.001,a127780e6308a10bc7d277d91cccc628822105d475d696b7ee51ea11ea8ed98f,"[2048, 6144]",2389010130529722635,5.653366201840981e-07
ruler_vt_16k:0381,ruler_vt_16k,6,20260928,gaussian_bf16_scalar_bracket_binary_v1,10,7,True,3.791288709109608e-05,3.791288709109608e-05,18,cuda:0,bfloat16,5.653366201840981e-07,9.054986760403949e-10,0.9983983017485307,True,32,24,float32,5.652913728226849e-07,8.003614094283981e-05,True,5.653366201840981e-07,False,0.001,230e3a7ac16deb904ba40bb54474e14db5daf8622a075b3f3d87831e58a0ead0,"[2048, 6144]",2526020739907054480,5.653366201840981e-07
ruler_vt_16k:0381,ruler_vt_16k,6,20260929,gaussian_bf16_scalar_bracket_binary_v1,4,7,True,3.844289017251867e-05,3.844289017251867e-05,12,cuda:0,bfloat16,5.653366201840981e-07,9.652648680358311e-10,0.9982925838631831,True,32,24,float32,5.657078645526781e-07,0.0006566784378111643,True,5.653366201840981e-07,False,0.001,d056bf14276b5a5393c8d55f6c5ba080d025abf5dffbdd6aeb2fbb2ec4b1991d,"[2048, 6144]",5789024464312949331,5.653366201840981e-07
ruler_vt_16k:0381,ruler_vt_16k,6,20260930,gaussian_bf16_scalar_bracket_binary_v1,32,7,True,3.783449080196899e-05,3.78344885468576e-05,40,cuda:0,bfloat16,5.653366201840981e-07,8.808417328864948e-10,0.998441916370817,True,32,24,float32,5.667127993547183e-07,0.0024342650404851154,True,5.653366201840981e-07,False,0.001,6bd891b3c5df63b0cd83d4186ad66869c519ef3169dbb92241372ce34623f842,"[2048, 6144]",7771121358332715952,5.653366201840981e-07
ruler_vt_16k:0394,ruler_vt_16k,0,20260926,gaussian_bf16_scalar_bracket_binary_v1,8,7,True,2.0415286027031243e-05,2.0415286027031243e-05,16,cuda:0,bfloat16,2.0778917075858772e-07,2.647488894780281e-10,0.9987258773471616,True,32,24,float32,2.079257370724008e-07,0.000657234991190931,True,2.0778917075858772e-07,False,0.001,d4ae9dfe2b931861b436c4423433c83a193b2605d298bf52b99166005e37f5f6,"[2048, 6144]",6101988260111915105,2.0778917075858772e-07
ruler_vt_16k:0394,ruler_vt_16k,0,20260927,gaussian_bf16_scalar_bracket_binary_v1,32,7,True,2.0785410487444977e-05,2.0785410487444977e-05,40,cuda:0,bfloat16,2.0778917075858772e-07,4.115903104451313e-11,0.9998019192680049,True,32,24,float32,2.0800754896299622e-07,0.0010509604692644158,True,2.0778917075858772e-07,False,0.001,b3c7e7bb3371741847ca2d6a702c62d0dec4b7085561ed905fdfd83f5a504cee,"[2048, 6144]",3731205607507719192,2.0778917075858772e-07
ruler_vt_16k:0394,ruler_vt_16k,0,20260928,gaussian_bf16_scalar_bracket_binary_v1,10,7,True,2.1025666716134594e-05,2.1025666716134594e-05,18,cuda:0,bfloat16,2.0778917075858772e-07,1.0986454801464873e-10,0.9994712691348949,True,32,24,float32,2.0788790777714894e-07,0.0004751788469089062,True,2.0778917075858772e-07,False,0.001,bcc00a6c606e0394678feb0fec81884ece3cd586d7a9cad294530cedaf901d5b,"[2048, 6144]",4377510298394690452,2.0778917075858772e-07
ruler_vt_16k:0394,ruler_vt_16k,0,20260929,gaussian_bf16_scalar_bracket_binary_v1,7,7,True,2.0051654978203715e-05,2.0051653783031942e-05,15,cuda:0,bfloat16,2.0778917075858772e-07,1.5262177632813234e-10,0.999265496966127,True,32,24,float32,2.0785377330412302e-07,0.000310904294480122,True,2.0778917075858772e-07,False,0.001,18ddb152e5af22d98b2c642e3fc9750f71b2cb03701d238f4db21512a51b6985,"[2048, 6144]",1791783196362220249,2.0778917075858772e-07
ruler_vt_16k:0394,ruler_vt_16k,0,20260930,gaussian_bf16_scalar_bracket_binary_v1,8,7,True,2.062307519778983e-05,2.062307519778983e-05,16,cuda:0,bfloat16,2.0778917075858772e-07,1.4911276380313865e-10,0.9992823843357247,True,32,24,float32,2.0758166385803634e-07,0.0009986415547731504,True,2.0778917075858772e-07,False,0.001,6d9602e76dcd1ac5d43a51374d914801b31a61432d1b0ba954d3dbe20fae0141,"[2048, 6144]",7896502189643602629,2.0778917075858772e-07
ruler_vt_16k:0394,ruler_vt_16k,6,20260926,gaussian_bf16_scalar_bracket_binary_v1,12,6,True,5.162778678302615e-05,5.162778370577026e-05,19,cuda:0,bfloat16,8.90734156655526e-07,1.6193869578629005e-09,0.9981819637814909,True,32,24,float32,8.910470796763548e-07,0.0003513091066404058,True,8.90734156655526e-07,False,0.001,813aaac954bb243453379d5c041f87b839739f4782f947f7f6f0fffb2dda853d,"[2048, 6144]",88570924373845044,8.90734156655526e-07
ruler_vt_16k:0394,ruler_vt_16k,6,20260927,gaussian_bf16_scalar_bracket_binary_v1,14,6,True,5.0568300256848e-05,5.0568297242742424e-05,21,cuda:0,bfloat16,8.90734156655526e-07,1.8852455152540415e-09,0.9978834925087721,True,32,24,float32,8.899487511371262e-07,0.0008817507586649386,True,8.90734156655526e-07,False,0.001,926629981d45c4679977e2df18aa3edd0f24e6294ae7ebd5907578cd0f71a7e6,"[2048, 6144]",1325792873610069095,8.90734156655526e-07
ruler_vt_16k:0394,ruler_vt_16k,6,20260928,gaussian_bf16_scalar_bracket_binary_v1,11,6,True,5.092494186254015e-05,5.092494186254015e-05,18,cuda:0,bfloat16,8.90734156655526e-07,1.599387178252698e-09,0.9982044169224878,True,32,24,float32,8.902422905521234e-07,0.0005522030335621129,True,8.90734156655526e-07,False,0.001,ce8f0c9aa09190952c880fce8b4e7aa05607962ac5076a7e50e89485a7c47a8c,"[2048, 6144]",5660757114886394005,8.90734156655526e-07
ruler_vt_16k:0394,ruler_vt_16k,6,20260929,gaussian_bf16_scalar_bracket_binary_v1,4,6,True,5.166258108602051e-05,5.166258108602051e-05,11,cuda:0,bfloat16,8.90734156655526e-07,2.0214072637969593e-09,0.9977306278773603,True,32,24,float32,8.905757908905798e-07,0.00017779240165307367,True,8.90734156655526e-07,False,0.001,bb6010c5bcac67493f198fb6f31fea49907c0a7126b2d6c8614e500654318cf5,"[2048, 6144]",4278438087461988169,8.90734156655526e-07
ruler_vt_16k:0394,ruler_vt_16k,6,20260930,gaussian_bf16_scalar_bracket_binary_v1,32,6,True,5.0435646976682014e-05,5.0435646976682014e-05,39,cuda:0,bfloat16,8.90734156655526e-07,1.152452910879731e-09,0.998706176357706,True,32,24,float32,8.9165956751458e-07,0.0010389304734070492,True,8.90734156655526e-07,False,0.001,97846c4e8e202863d40229924eb6bd49fd4b0e2d9e3736a7bc0de30dce1d1abc,"[2048, 6144]",1694598444445870179,8.90734156655526e-07
ruler_vt_16k:0394,ruler_vt_16k,12,20260926,gaussian_bf16_scalar_bracket_binary_v1,5,6,True,6.278003536408505e-05,6.278003536408505e-05,12,cuda:0,bfloat16,1.1845289691336802e-06,3.7483260939552565e-09,0.9968355977847493,True,32,24,float32,1.1847574796775007e-06,0.00019291258363024437,True,1.1845289691336802e-06,False,0.001,23de4f0ae379e9448488dde3df1979155356991042d657265c7b61ecd14b3840,"[2048, 6144]",2584590144341928260,1.1845289691336802e-06
ruler_vt_16k:0394,ruler_vt_16k,12,20260927,gaussian_bf16_scalar_bracket_binary_v1,32,6,True,6.292810148522676e-05,6.292810148522676e-05,39,cuda:0,bfloat16,1.1845289691336802e-06,3.40915695673516e-09,0.9971219302815122,True,32,24,float32,1.1865903388752486e-06,0.0017402442618823833,True,1.1845289691336802e-06,False,0.001,2d24001af244e7fdb0b5f4e5fba97907e4e9b8b31f6e7e6392aaa1b6f15968bc,"[2048, 6144]",3252724946602092541,1.1845289691336802e-06
ruler_vt_16k:0394,ruler_vt_16k,12,20260928,gaussian_bf16_scalar_bracket_binary_v1,8,6,True,6.233583700065992e-05,6.23358332851545e-05,15,cuda:0,bfloat16,1.1845289691336802e-06,2.9447051463904472e-09,0.9975140285943838,True,32,24,float32,1.1836773410323076e-06,0.0007189592855592838,True,1.1845289691336802e-06,False,0.001,24515273851418d8f731fe051d465473c11e194b9f7f8095fb0fc567bfc8f4f0,"[2048, 6144]",2616963514586372312,1.1845289691336802e-06
ruler_vt_16k:0394,ruler_vt_16k,12,20260929,gaussian_bf16_scalar_bracket_binary_v1,32,6,True,6.1974925830377e-05,6.1974925830377e-05,39,cuda:0,bfloat16,1.1845289691336802e-06,3.0029525532881962e-09,0.9974648551183307,True,32,24,float32,1.186695499200141e-06,0.0018290224409162022,True,1.1845289691336802e-06,False,0.001,c707e68dee80bbfbd60b9b1fa6f1a5b8d82d421b30e1abe1020f5e816eec7bba,"[2048, 6144]",5118312998796049403,1.1845289691336802e-06
ruler_vt_16k:0394,ruler_vt_16k,12,20260930,gaussian_bf16_scalar_bracket_binary_v1,6,6,True,6.337229984865189e-05,6.337229984865189e-05,13,cuda:0,bfloat16,1.1845289691336802e-06,3.3136535737554595e-09,0.9972025559018798,True,32,24,float32,1.1836349358418374e-06,0.0007547584864021102,True,1.1845289691336802e-06,False,0.001,2ee4ebfcd426d07f90768f8371c4880b65e98c80c1cea2890626d151f237b830,"[2048, 6144]",3379085091558314111,1.1845289691336802e-06
ruler_vt_16k:0394,ruler_vt_16k,18,20260926,gaussian_bf16_scalar_bracket_binary_v1,9,7,True,3.069437254765717e-05,3.069437254765717e-05,17,cuda:0,bfloat16,4.1549066054358264e-07,5.296977301227912e-10,0.9987251272280591,True,32,24,float32,4.153555721586599e-07,0.0003251297748690075,True,4.1549066054358264e-07,False,0.001,1e28c9fa32ef516a2a19137730f4f214572baf39578c95560ab208eb60ce203b,"[2048, 6144]",2173208896639816042,4.1549066054358264e-07
ruler_vt_16k:0394,ruler_vt_16k,18,20260927,gaussian_bf16_scalar_bracket_binary_v1,9,7,True,3.0486627217385376e-05,3.0486627217385376e-05,17,cuda:0,bfloat16,4.1549066054358264e-07,5.776945588564786e-10,0.9986096087981841,True,32,24,float32,4.158253830155445e-07,0.0008056076916962554,True,4.1549066054358264e-07,False,0.001,db10be7e5e08c179f17cfbd597aa70a0a7b78ef41ecc53878d3921ebe23b1200,"[2048, 6144]",6561954107031601529,4.1549066054358264e-07
ruler_vt_16k:0394,ruler_vt_16k,18,20260928,gaussian_bf16_scalar_bracket_binary_v1,10,7,True,3.2330367023547524e-05,3.2330367023547524e-05,18,cuda:0,bfloat16,4.1549066054358264e-07,3.6496017319365137e-10,0.9991216164216155,True,32,24,float32,4.157019759531977e-07,0.0005085924418579994,True,4.1549066054358264e-07,False,0.001,c4524f62e20ecb5d4de55a29c313cf33b716aff872874a26c7bbdc0af73a7e04,"[2048, 6144]",4923084628787383133,4.1549066054358264e-07
ruler_vt_16k:0394,ruler_vt_16k,18,20260929,gaussian_bf16_scalar_bracket_binary_v1,8,7,True,3.1681162866448176e-05,3.1681162866448176e-05,16,cuda:0,bfloat16,4.1549066054358264e-07,5.598233543402387e-10,0.9986526210875406,True,32,24,float32,4.1548113927092345e-07,2.29157320810262e-05,True,4.1549066054358264e-07,False,0.001,5ef278582885b08f3050270265605da811ad321687f000feac5db4733ea1149e,"[2048, 6144]",6841663103961510031,4.1549066054358264e-07
ruler_vt_16k:0394,ruler_vt_16k,18,20260930,gaussian_bf16_scalar_bracket_binary_v1,32,7,True,3.1512369785602345e-05,3.1512369785602345e-05,40,cuda:0,bfloat16,4.1549066054358264e-07,4.375265150180496e-10,0.9989469642604105,True,32,24,float32,4.1734810451998783e-07,0.00447048310057106,True,4.1549066054358264e-07,False,0.001,0c0c586c67bf0878c5a163406095097c5ed4a1b0f290bfe9c7c72cc1b2b52a3b,"[2048, 6144]",868166050795948152,4.1549066054358264e-07
ruler_vt_16k:0394,ruler_vt_16k,24,20260926,gaussian_bf16_scalar_bracket_binary_v1,9,6,True,9.174214416418636e-05,9.174214416418636e-05,16,cuda:0,bfloat16,1.980936986001325e-06,6.130347340871367e-09,0.9969053294556098,True,32,24,float32,1.980963816095027e-06,1.3544142944425512e-05,True,1.980936986001325e-06,False,0.001,acb219ab92926e370ac6f1a8a47f8209f764e4b8f924580d45864444a717721c,"[2048, 6144]",3220664908212497975,1.980936986001325e-06
ruler_vt_16k:0394,ruler_vt_16k,24,20260927,gaussian_bf16_scalar_bracket_binary_v1,9,6,True,9.198976128743652e-05,9.198975580441947e-05,16,cuda:0,bfloat16,1.980936986001325e-06,6.0168252602466055e-09,0.9969626367205188,True,32,24,float32,1.9826557036140002e-06,0.0008676286145501054,True,1.980936986001325e-06,False,0.001,6c335dd9eb446b7dc4c59f88287416db15022fd2ec994bcec9e0acfd430c5f59,"[2048, 6144]",7796678570444876669,1.980936986001325e-06
ruler_vt_16k:0394,ruler_vt_16k,24,20260928,gaussian_bf16_scalar_bracket_binary_v1,10,6,True,8.846121728112166e-05,8.846121200842223e-05,17,cuda:0,bfloat16,1.980936986001325e-06,6.110972616824029e-09,0.996915110041355,True,32,24,float32,1.981241211979068e-06,0.00015357680728509605,True,1.980936986001325e-06,False,0.001,a5900c2af8ce71cee2329cecdccc71f627703d7a8265297fc78da73607cc33a5,"[2048, 6144]",2706676754752106958,1.980936986001325e-06
ruler_vt_16k:0394,ruler_vt_16k,24,20260929,gaussian_bf16_scalar_bracket_binary_v1,11,6,True,9.189690486621771e-05,9.189690486621771e-05,18,cuda:0,bfloat16,1.980936986001325e-06,6.2374607701087825e-09,0.9968512573523606,True,32,24,float32,1.9798917492153123e-06,0.000527647670470543,True,1.980936986001325e-06,False,0.001,601b20a42798931762230baaa1057a3e4429c499e10fed6214d4a0d5d52668e1,"[2048, 6144]",6925164741423305495,1.980936986001325e-06
ruler_vt_16k:0394,ruler_vt_16k,24,20260930,gaussian_bf16_scalar_bracket_binary_v1,7,6,True,9.161833560256127e-05,9.161833560256127e-05,14,cuda:0,bfloat16,1.980936986001325e-06,5.31509591894519e-09,0.997316877842907,True,32,24,float32,1.9810352114291163e-06,4.958533688128662e-05,True,1.980936986001325e-06,False,0.001,9c0cd1167009857b6c0b5609cf404149d4b47c57ca8d143c9031105459efb71a,"[2048, 6144]",2021220227081667963,1.980936986001325e-06
ruler_vt_16k:0396,ruler_vt_16k,18,20260926,gaussian_bf16_scalar_bracket_binary_v1,32,6,True,4.352272441732197e-05,4.3522721823165436e-05,39,cuda:0,bfloat16,6.916946517776523e-07,1.1645169273322153e-09,0.9983164291868682,True,32,24,float32,6.925247362232767e-07,0.001200073534602394,True,6.916946517776523e-07,False,0.001,88e0b047a2d09afa450aca9801cc7cff5db6d49452d17be0c98298fe64dd75f5,"[2048, 6144]",639704968807357178,6.916946517776523e-07
ruler_vt_16k:0396,ruler_vt_16k,18,20260927,gaussian_bf16_scalar_bracket_binary_v1,5,6,True,4.3576763061992096e-05,4.357676046461461e-05,12,cuda:0,bfloat16,6.916946517776523e-07,9.93374715818618e-10,0.9985638536986434,True,32,24,float32,6.922221587046806e-07,0.0007626297610840388,True,6.916946517776523e-07,False,0.001,188a69b2edda79119ad740eb8c99d760e4207fe650a104b88529219277980dd3,"[2048, 6144]",1768342020911954193,6.916946517776523e-07
ruler_vt_16k:0396,ruler_vt_16k,18,20260928,gaussian_bf16_scalar_bracket_binary_v1,8,6,True,4.418199588229754e-05,4.418199324884537e-05,15,cuda:0,bfloat16,6.916946517776523e-07,1.2679386429681472e-09,0.9981669098644762,True,32,24,float32,6.922089141880861e-07,0.0007434818371257865,True,6.916946517776523e-07,False,0.001,6e34ac814013303a395da25a28e7df89d82e546fb17a3445fe7600d7f2d6d3c5,"[2048, 6144]",7941161714086785082,6.916946517776523e-07
ruler_vt_16k:0396,ruler_vt_16k,18,20260929,gaussian_bf16_scalar_bracket_binary_v1,8,6,True,4.349030123051989e-05,4.349030123051989e-05,15,cuda:0,bfloat16,6.916946517776523e-07,1.2268567273210351e-09,0.9982263030021007,True,32,24,float32,6.918378403497627e-07,0.00020701124657011784,True,6.916946517776523e-07,False,0.001,016646ccd05cdfffde6b338e44aeb0b8bdeba4e25631fd0ad6fd8939f6209cb4,"[2048, 6144]",100845887145435135,6.916946517776523e-07
ruler_vt_16k:0396,ruler_vt_16k,18,20260930,gaussian_bf16_scalar_bracket_binary_v1,32,7,True,4.431168862950585e-05,4.431168598832339e-05,40,cuda:0,bfloat16,6.916946517776523e-07,1.0959437801716376e-09,0.9984155670752187,True,32,24,float32,6.906539624651487e-07,0.0015045501795179505,True,6.916946517776523e-07,False,0.001,5c9022788ee147b2266c84998ff7d199c77346cc4e1a3b907854f8c2f997aff3,"[2048, 6144]",6669868949324253106,6.916946517776523e-07
ruler_vt_16k:0404,ruler_vt_16k,6,20260926,gaussian_bf16_scalar_bracket_binary_v1,32,7,True,2.5071805975329653e-05,2.5071804480933565e-05,40,cuda:0,bfloat16,3.0528835281984357e-07,1.4257907354764399e-10,0.9995329691675733,True,32,24,float32,3.0481328394671436e-07,0.0015561316661482664,True,3.0528835281984357e-07,False,0.001,e3f71a6068893b9998e6527149c1da2ee1ea3a7247ceb9f26ab2933b0f7a2acd,"[2048, 6144]",7203255130375404441,3.0528835281984357e-07
ruler_vt_16k:0404,ruler_vt_16k,6,20260927,gaussian_bf16_scalar_bracket_binary_v1,32,7,True,2.484283971071477e-05,2.4842838229966134e-05,40,cuda:0,bfloat16,3.0528835281984357e-07,4.835091216293108e-10,0.9984162215257697,True,32,24,float32,3.0574926768167643e-07,0.0015097689039740615,True,3.0528835281984357e-07,False,0.001,313465720822b9cc05e0f6f6bcebc6e619c671a8f4c90be480bc17ce8fb453e9,"[2048, 6144]",3545570347084593612,3.0528835281984357e-07
ruler_vt_16k:0404,ruler_vt_16k,6,20260928,gaussian_bf16_scalar_bracket_binary_v1,4,7,True,2.564422163686686e-05,2.564422163686686e-05,12,cuda:0,bfloat16,3.0528835281984357e-07,2.7301813587676804e-10,0.9991057040553464,True,32,24,float32,3.05580584836207e-07,0.0009572327724401122,True,3.0528835281984357e-07,False,0.001,7adcc7b665a4e25460e064f4b67e478fb57543635e8fe76c1ca1cce32ac0d58b,"[2048, 6144]",8853170553706832468,3.0528835281984357e-07
ruler_vt_16k:0404,ruler_vt_16k,6,20260929,gaussian_bf16_scalar_bracket_binary_v1,32,7,True,2.482852931917634e-05,2.482852783928067e-05,40,cuda:0,bfloat16,3.0528835281984357e-07,4.237581674448876e-10,0.9986119412564195,True,32,24,float32,3.045626044695382e-07,0.0023772552853781625,True,3.0528835281984357e-07,False,0.001,e9b7bafde02eb8e4eee90df4ce395b7801acc6a1276219e513b207405d53b1a6,"[2048, 6144]",7617762894271133924,3.0528835281984357e-07
ruler_vt_16k:0404,ruler_vt_16k,6,20260930,gaussian_bf16_scalar_bracket_binary_v1,7,7,True,2.579686581327678e-05,2.579686888850283e-05,15,cuda:0,bfloat16,3.0528835281984357e-07,2.968019996441029e-10,0.9990277978281757,True,32,24,float32,3.0518933158418804e-07,0.00032435313938741013,True,3.0528835281984357e-07,False,0.001,e02e6f2cc0a7104b4a45008277475226cacb642445d165ec929352d5b2efb86e,"[2048, 6144]",6930599114571190347,3.0528835281984357e-07
ruler_vt_16k:0405,ruler_vt_16k,0,20260926,gaussian_bf16_scalar_bracket_binary_v1,8,7,True,1.979778088667672e-05,1.979777970663702e-05,16,cuda:0,bfloat16,2.0785071797035926e-07,3.9638947679776493e-10,0.9980929126410124,True,32,24,float32,2.0791556210042472e-07,0.00031197453007939045,True,2.0785071797035926e-07,False,0.001,d8a990c31209138708e1769730b97a3902073ea352a4e8da1ca8529a345d2b25,"[2048, 6144]",6388796713897366407,2.0785071797035926e-07
ruler_vt_16k:0405,ruler_vt_16k,0,20260927,gaussian_bf16_scalar_bracket_binary_v1,7,7,True,2.0265445002110027e-05,2.0265445002110027e-05,15,cuda:0,bfloat16,2.0785071797035926e-07,1.4551915228366852e-10,0.9992998862178363,True,32,24,float32,2.0766421471307694e-07,0.000897294265343397,True,2.0785071797035926e-07,False,0.001,8ea0d0c4baf8a039c32a3dd6d2b44fe77d5097b539cc5d615e5380216978ae7c,"[2048, 6144]",1054071856173719609,2.0785071797035926e-07
ruler_vt_16k:0405,ruler_vt_16k,0,20260928,gaussian_bf16_scalar_bracket_binary_v1,32,7,True,2.1005913184879432e-05,2.1005913184879432e-05,40,cuda:0,bfloat16,2.0785071797035926e-07,7.836446075382142e-11,0.9996229771947913,True,32,24,float32,2.0754794149979716e-07,0.0014567015862089617,True,2.0785071797035926e-07,False,0.001,dabb42596cf3b9dc3e5f5d64476eeb5878d94f113ae90d85fca53d231c199471,"[2048, 6144]",6537892235905841628,2.0785071797035926e-07
ruler_vt_16k:0405,ruler_vt_16k,0,20260929,gaussian_bf16_scalar_bracket_binary_v1,6,7,True,2.0992922515006285e-05,2.0992922515006285e-05,14,cuda:0,bfloat16,2.0785071797035926e-07,2.456645997739315e-10,0.998818071921171,True,32,24,float32,2.0795157240627304e-07,0.0004852253429702902,True,2.0785071797035926e-07,False,0.001,9f309ac1a1a43649570a57e78145c0f15305d677c8ae06513205dd9df23fd668,"[2048, 6144]",2247466370489136713,2.0785071797035926e-07
ruler_vt_16k:0405,ruler_vt_16k,0,20260930,gaussian_bf16_scalar_bracket_binary_v1,32,7,True,2.0057594284139668e-05,2.0057594284139668e-05,40,cuda:0,bfloat16,2.0785071797035926e-07,7.561396647703944e-11,0.9996362102223394,True,32,24,float32,2.0692593238891277e-07,0.004449277782039538,True,2.0785071797035926e-07,False,0.001,0876b3cc04f5fa97a96018a95cc969e36a279e8bf97801748ad5e9187e50c03e,"[2048, 6144]",609872488393210519,2.0785071797035926e-07
ruler_vt_16k:0405,ruler_vt_16k,6,20260926,gaussian_bf16_scalar_bracket_binary_v1,32,7,True,4.043605024639518e-05,4.043605024639518e-05,40,cuda:0,bfloat16,6.277899728956982e-07,1.3737501136645847e-09,0.9978117679909284,True,32,24,float32,6.271610004660033e-07,0.0010018835229140223,True,6.277899728956982e-07,False,0.001,a872ecb6e1df325ef43d223f0dbce74af81c53ecfb4f02856f43e3dec400baf5,"[2048, 6144]",2914652179079836254,6.277899728956982e-07
ruler_vt_16k:0405,ruler_vt_16k,6,20260927,gaussian_bf16_scalar_bracket_binary_v1,32,7,True,4.212078349397075e-05,4.212078349397075e-05,40,cuda:0,bfloat16,6.277899728956982e-07,1.1135781186055738e-09,0.9982261932068314,True,32,24,float32,6.288084932748461e-07,0.0016223903265769049,True,6.277899728956982e-07,False,0.001,790ff263a3f596abba3eb3a29d31fd69f3fcd6affcf7edfb0cf8dfdfeae52dce,"[2048, 6144]",8723457513006405291,6.277899728956982e-07
ruler_vt_16k:0405,ruler_vt_16k,6,20260928,gaussian_bf16_scalar_bracket_binary_v1,9,7,True,4.104176947805627e-05,4.104177437061645e-05,17,cuda:0,bfloat16,6.277899728956982e-07,9.203439121918677e-10,0.9985339939280222,True,32,24,float32,6.278233399825695e-07,5.315007934482884e-05,True,6.277899728956982e-07,False,0.001,597d66c9b352905f8b2f69901afe5d398233b03b962a67bd42b236133f5d21a9,"[2048, 6144]",6448423257947410527,6.277899728956982e-07
ruler_vt_16k:0405,ruler_vt_16k,6,20260929,gaussian_bf16_scalar_bracket_binary_v1,11,7,True,4.110062478801524e-05,4.1100619888438956e-05,19,cuda:0,bfloat16,6.277899728956982e-07,1.1135781186055738e-09,0.9982261932068314,True,32,24,float32,6.27754502602329e-07,5.650025470387257e-05,True,6.277899728956982e-07,False,0.001,329b987e7b712af64a2bdbd13975bf6c427bb3a47f39f14dd6f38f4b2f952c5c,"[2048, 6144]",3646675992290863862,6.277899728956982e-07
ruler_vt_16k:0405,ruler_vt_16k,6,20260930,gaussian_bf16_scalar_bracket_binary_v1,8,7,True,4.0335505758548607e-05,4.033550335436511e-05,16,cuda:0,bfloat16,6.277899728956982e-07,1.1495091545299374e-09,0.9981689590401902,True,32,24,float32,6.280504294409184e-07,0.00041487847284157707,True,6.277899728956982e-07,False,0.001,6430c1bd1d1c501586bc2bc665de2b55f98eb91271e3b7d34daf068e63cd880a,"[2048, 6144]",7219483220656279573,6.277899728956982e-07
ruler_vt_16k:0405,ruler_vt_16k,12,20260926,gaussian_bf16_scalar_bracket_binary_v1,32,7,True,2.0784713331556404e-05,2.0784713331556404e-05,40,cuda:0,bfloat16,2.2733973992217216e-07,2.5078317200666334e-10,0.9988968793045487,True,32,24,float32,2.2667602195269865e-07,0.0029194982351115903,True,2.2733973992217216e-07,False,0.001,2f533343267038fc65cc6fe5d3c04b2f14ab72548d64813aa8d5b49a038807c4,"[2048, 6144]",3410125706350311676,2.2733973992217216e-07
ruler_vt_16k:0405,ruler_vt_16k,12,20260927,gaussian_bf16_scalar_bracket_binary_v1,32,7,True,2.101471720905579e-05,2.101471720905579e-05,40,cuda:0,bfloat16,2.2733973992217216e-07,1.7477450042768794e-10,0.9992312188775816,True,32,24,float32,2.2641454222593893e-07,0.004069669898232311,True,2.2733973992217216e-07,False,0.001,6848a49352bac5c9e467366e8f9db5234f4b69f82982f79ddc9524095f75e7a0,"[2048, 6144]",7514436930922792393,2.2733973992217216e-07
ruler_vt_16k:0405,ruler_vt_16k,12,20260928,gaussian_bf16_scalar_bracket_binary_v1,9,7,True,2.0602663930446852e-05,2.0602663930446852e-05,17,cuda:0,bfloat16,2.2733973992217216e-07,3.135422754763084e-10,0.9986208206467393,True,32,24,float32,2.271209496029769e-07,0.0009623936372503597,True,2.2733973992217216e-07,False,0.001,0453db27ec3e6f17a7e1fa074329d47627988d76cefe2edc7072201e28599a25,"[2048, 6144]",311833763732418327,2.2733973992217216e-07
ruler_vt_16k:0405,ruler_vt_16k,12,20260929,gaussian_bf16_scalar_bracket_binary_v1,32,7,True,2.0524515894848605e-05,2.0524514671492126e-05,40,cuda:0,bfloat16,2.2733973992217216e-07,3.188165009770927e-10,0.998597620895114,True,32,24,float32,2.2782835173984495e-07,0.002149258276797812,True,2.2733973992217216e-07,False,0.001,50045d65018826bc11f98518b0bdf2c441227237812327e59ddec0707f025c0c,"[2048, 6144]",5765836111339857596,2.2733973992217216e-07
ruler_vt_16k:0405,ruler_vt_16k,12,20260930,gaussian_bf16_scalar_bracket_binary_v1,32,7,True,2.0524515894848605e-05,2.0524515894848605e-05,40,cuda:0,bfloat16,2.2733973992217216e-07,2.0385669541322926e-10,0.9991032949387423,True,32,24,float32,2.26962669103159e-07,0.0016586225494155003,True,2.2733973992217216e-07,False,0.001,8fcc0908aae5f8cff01d136c504ea7c130966366cdb2b0a01db4df8e89119abf,"[2048, 6144]",1138294738649479375,2.2733973992217216e-07
ruler_vt_16k:0405,ruler_vt_16k,18,20260926,gaussian_bf16_scalar_bracket_binary_v1,32,7,True,4.330434508403869e-05,4.330434508403869e-05,40,cuda:0,bfloat16,6.58621218008193e-07,1.3057861458776188e-09,0.9980173943532724,True,32,24,float32,6.594918318114651e-07,0.0013218733005672854,True,6.58621218008193e-07,False,0.001,27d14ef991fe6c5eb87e951caa31edf75c01277d434e19be54754cdf8bc6e6ed,"[2048, 6144]",2869161271414910046,6.58621218008193e-07
ruler_vt_16k:0405,ruler_vt_16k,18,20260927,gaussian_bf16_scalar_bracket_binary_v1,13,7,True,4.319629004045922e-05,4.31962874657597e-05,21,cuda:0,bfloat16,6.58621218008193e-07,1.4440897366796435e-09,0.9978074047765317,True,32,24,float32,6.587742404917662e-07,0.00023233761590017837,True,6.58621218008193e-07,False,0.001,11b6692161d12ee5e9eff0a5a87cfccd9e522adb06a815a4e9b8818296e50122,"[2048, 6144]",1276323136502050533,6.58621218008193e-07
ruler_vt_16k:0405,ruler_vt_16k,18,20260928,gaussian_bf16_scalar_bracket_binary_v1,6,7,True,4.281037917053254e-05,4.281037917053254e-05,14,cuda:0,bfloat16,6.58621218008193e-07,7.678117586173983e-10,0.9988342134483013,True,32,24,float32,6.591224064322887e-07,0.0007609661067577536,True,6.58621218008193e-07,False,0.001,e3659384ce4a24fb8cbdc82db331e6e884c413d25574096bcc383d7ab6d1cab8,"[2048, 6144]",7162292981008573691,6.58621218008193e-07
ruler_vt_16k:0405,ruler_vt_16k,18,20260929,gaussian_bf16_scalar_bracket_binary_v1,8,6,True,4.190477499577128e-05,4.190477499577128e-05,15,cuda:0,bfloat16,6.58621218008193e-07,1.556986983786146e-09,0.9976359902456607,True,32,24,float32,6.581664138138876e-07,0.0006905398457716669,True,6.58621218008193e-07,False,0.001,89b43d779f280ef75b85d9e15db5ab3039880b68111ac0555515edb869b61f20,"[2048, 6144]",699251426129874679,6.58621218008193e-07
ruler_vt_16k:0405,ruler_vt_16k,18,20260930,gaussian_bf16_scalar_bracket_binary_v1,7,7,True,4.2481068561528446e-05,4.2481068561528446e-05,15,cuda:0,bfloat16,6.58621218008193e-07,1.5091956573343168e-09,0.997708552934419,True,32,24,float32,6.586840299860341e-07,9.536889508532582e-05,True,6.58621218008193e-07,False,0.001,b3859b3b6bf23ec4cbd7164c13fd00d84a672a9a1ffdf3721144efd6dd2cf17d,"[2048, 6144]",3712544147353255620,6.58621218008193e-07
ruler_vt_16k:0405,ruler_vt_16k,24,20260926,gaussian_bf16_scalar_bracket_binary_v1,9,6,True,0.00014517635776201132,0.00014517634910882608,16,cuda:0,bfloat16,3.957106855523307e-06,2.0099266251349945e-08,0.9949207168304551,True,32,24,float32,3.955005922762211e-06,0.0005309264666843643,True,3.957106855523307e-06,False,0.001,b5f7db84c2d2a32f63a8cc95183b14944bb1f944b300bde54dec271e1a6ad03a,"[2048, 6144]",3888818166508462895,3.957106855523307e-06
ruler_vt_16k:0405,ruler_vt_16k,24,20260927,gaussian_bf16_scalar_bracket_binary_v1,9,6,True,0.00014369244269119008,0.00014369244269119008,16,cuda:0,bfloat16,3.957106855523307e-06,1.7687277420463943e-08,0.9955302502393192,True,32,24,float32,3.957275112043135e-06,4.252008499420233e-05,True,3.957106855523307e-06,False,0.001,e3445178d41db70c1c46cf393dc1f2c72883c82768ecc6c60018f4e5731a8877,"[2048, 6144]",7152931687567832844,3.957106855523307e-06
ruler_vt_16k:0405,ruler_vt_16k,24,20260928,gaussian_bf16_scalar_bracket_binary_v1,10,6,True,0.00014282682556654436,0.00014282682556654436,17,cuda:0,bfloat16,3.957106855523307e-06,1.832654206168627e-08,0.9953687017483225,True,32,24,float32,3.953799023292959e-06,0.0008359218871562912,True,3.957106855523307e-06,False,0.001,1be44530eace685f18ec53e18de3eb2e382e7ba29b6177eeda8fe211c08312f9,"[2048, 6144]",2009807410114226271,3.957106855523307e-06
ruler_vt_16k:0405,ruler_vt_16k,24,20260929,gaussian_bf16_scalar_bracket_binary_v1,9,6,True,0.00014369244269119008,0.00014369244269119008,16,cuda:0,bfloat16,3.957106855523307e-06,1.9405163698138495e-08,0.9950961234036294,True,32,24,float32,3.958887191402027e-06,0.0004499084668981138,True,3.957106855523307e-06,False,0.001,500458fcc800ef92b6ff7dc7ac535327998d68b67bb8f19a6c6065d9d67514a2,"[2048, 6144]",5765831265651584914,3.957106855523307e-06
ruler_vt_16k:0405,ruler_vt_16k,24,20260930,gaussian_bf16_scalar_bracket_binary_v1,6,6,True,0.0001444344002266007,0.00014443439161763958,13,cuda:0,bfloat16,3.957106855523307e-06,1.711592290121189e-08,0.9956746371715179,True,32,24,float32,3.95352799387183e-06,0.0009044136997415468,True,3.957106855523307e-06,False,0.001,405c68dcfc4760f2411d93cbd2ac359fc96a958f62bec6adbea094f99aa0493a,"[2048, 6144]",4637697014619398386,3.957106855523307e-06
ruler_vt_16k:0418,ruler_vt_16k,0,20260926,gaussian_bf16_scalar_bracket_binary_v1,8,7,True,2.1905031033497835e-05,2.1905029727856242e-05,16,cuda:0,bfloat16,2.2409238908949192e-07,3.3501024176985084e-10,0.9985050351637063,True,32,24,float32,2.2427991552831372e-07,0.000836826451731551,True,2.2409238908949192e-07,False,0.001,2052096933f0cc2023cf663513f8aafb2bb663a34d4c6b586fa389e7ba62290f,"[2048, 6144]",2328934304751602720,2.2409238908949192e-07
ruler_vt_16k:0418,ruler_vt_16k,0,20260927,gaussian_bf16_scalar_bracket_binary_v1,11,7,True,2.255629953928917e-05,2.255629953928917e-05,19,cuda:0,bfloat16,2.2409238908949192e-07,2.761031681064452e-10,0.9987679047502315,True,32,24,float32,2.2386944920071983e-07,0.0009948570305217165,True,2.2409238908949192e-07,False,0.001,d5ab85403b63228db9288ccdfca725568efc8b94abd48dc680424654241d0ab8,"[2048, 6144]",6173174225162150541,2.2409238908949192e-07
ruler_vt_16k:0418,ruler_vt_16k,0,20260928,gaussian_bf16_scalar_bracket_binary_v1,32,7,True,2.106468457441224e-05,2.106468457441224e-05,40,cuda:0,bfloat16,2.2409238908949192e-07,2.408770682915673e-10,0.9989250992893143,True,32,24,float32,2.2366141649854399e-07,0.001923191558173897,True,2.2409238908949192e-07,False,0.001,86f332a84e7f1254178213e354aaa43584522d1e15f1fbd45f21a6288f5f69d4,"[2048, 6144]",500799682021102164,2.2409238908949192e-07
ruler_vt_16k:0418,ruler_vt_16k,0,20260929,gaussian_bf16_scalar_bracket_binary_v1,32,7,True,2.067252289350563e-05,2.067252289350563e-05,40,cuda:0,bfloat16,2.2409238908949192e-07,6.825453396919201e-11,0.9996954178843533,True,32,24,float32,2.2435273194787442e-07,0.001161765731715824,True,2.2409238908949192e-07,False,0.001,dd4bedcf60fdbc963e7d186abae549f2760b6492f9af5466eac893253214ceb6,"[2048, 6144]",6722728343721852054,2.2409238908949192e-07
ruler_vt_16k:0418,ruler_vt_16k,0,20260930,gaussian_bf16_scalar_bracket_binary_v1,32,7,True,2.1512869352591224e-05,2.1512868070324288e-05,40,cuda:0,bfloat16,2.2409238908949192e-07,6.825453396919201e-11,0.9996954178843533,True,32,24,float32,2.2356817908075755e-07,0.0023392584231186307,True,2.2409238908949192e-07,False,0.001,741f1db27dd37e07db0b131eebf6293adacb46ca99e92fff0a98b0d2b6897e9d,"[2048, 6144]",8367439285130067463,2.2409238908949192e-07
ruler_vt_16k:0420,ruler_vt_16k,0,20260926,gaussian_bf16_scalar_bracket_binary_v1,32,7,True,2.1835328717356717e-05,2.1835327415869705e-05,40,cuda:0,bfloat16,2.2413168210277945e-07,7.970412524427317e-11,0.9996443870652444,True,32,24,float32,2.2504393371036713e-07,0.004070159109274649,True,2.2413168210277945e-07,False,0.001,117b88562a71b668fdef2309937fa357f30234621281ed131e5848f05a6e5efb,"[2048, 6144]",1259750424440845928,2.2413168210277945e-07
ruler_vt_16k:0420,ruler_vt_16k,0,20260927,gaussian_bf16_scalar_bracket_binary_v1,7,7,True,2.2301102369226555e-05,2.2301102369226555e-05,15,cuda:0,bfloat16,2.2413168210277945e-07,2.4823706978871485e-10,0.998892449887228,True,32,24,float32,2.2410655731164297e-07,0.00011209834727852413,True,2.2413168210277945e-07,False,0.001,eddf5a1ee4380d9ec4a0966df5a48f20916301ce2fae87fe987eed9164a63c42,"[2048, 6144]",7917145758665018782,2.2413168210277945e-07
ruler_vt_16k:0420,ruler_vt_16k,0,20260928,gaussian_bf16_scalar_bracket_binary_v1,32,7,True,2.2033194967963077e-05,2.2033194967963077e-05,40,cuda:0,bfloat16,2.2413168210277945e-07,1.5122793295407888e-10,0.9993252719493502,True,32,24,float32,2.2388711329313082e-07,0.0010911835727734165,True,2.2413168210277945e-07,False,0.001,3f8ccc5cd89339fb199191dc1ee9fc8e027a483ae87bc22111c0ac08e2a30f2b,"[2048, 6144]",4579259620271536635,2.2413168210277945e-07
ruler_vt_16k:0420,ruler_vt_16k,0,20260929,gaussian_bf16_scalar_bracket_binary_v1,7,7,True,2.1180443958712658e-05,2.118044269625982e-05,15,cuda:0,bfloat16,2.2413168210277945e-07,1.4840099982205146e-10,0.9993378847718905,True,32,24,float32,2.240646210793784e-07,0.0002992036769272372,True,2.2413168210277945e-07,False,0.001,654a12d08a0b98383bfef9ec835cb891b9262d4f93d1db4e412c20d2bf670282,"[2048, 6144]",7298666832985823288,2.2413168210277945e-07
ruler_vt_16k:0420,ruler_vt_16k,0,20260930,gaussian_bf16_scalar_bracket_binary_v1,12,7,True,2.2171526240510886e-05,2.2171526240510886e-05,20,cuda:0,bfloat16,2.2413168210277945e-07,1.7762875892390895e-10,0.9992074803648577,True,32,24,float32,2.2415544265186327e-07,0.00010601155919100246,True,2.2413168210277945e-07,False,0.001,40846a1713da0c1497a68ae230b424ccab3ca1ae390e3b58ee2b1d1def0de9c8,"[2048, 6144]",4648957362703043604,2.2413168210277945e-07
ruler_vt_16k:0420,ruler_vt_16k,6,20260926,gaussian_bf16_scalar_bracket_binary_v1,5,7,True,2.3708187427473604e-05,2.3708187427473604e-05,13,cuda:0,bfloat16,2.756765979938791e-07,3.29272248356105e-10,0.9988055850559959,True,32,24,float32,2.757552977072919e-07,0.0002854783974609846,True,2.756765979938791e-07,False,0.001,ae390cded2032e1bef02403778877461d4863bc58d6ed7925bf289dbb15f0b68,"[2048, 6144]",3330707550562889243,2.756765979938791e-07
ruler_vt_16k:0420,ruler_vt_16k,6,20260927,gaussian_bf16_scalar_bracket_binary_v1,32,7,True,2.29156172082412e-05,2.29156172082412e-05,40,cuda:0,bfloat16,2.756765979938791e-07,2.9103830456733704e-10,0.9989442763488622,True,32,24,float32,2.7646973421724397e-07,0.0028770531453760333,True,2.756765979938791e-07,False,0.001,531881c1d9ef85c3734e6444c608ac8e1e6042aba00e96d26937bcf999df4a2c,"[2048, 6144]",5987678374174098883,2.756765979938791e-07
ruler_vt_16k:0420,ruler_vt_16k,6,20260928,gaussian_bf16_scalar_bracket_binary_v1,8,7,True,2.446629807195677e-05,2.446629807195677e-05,16,cuda:0,bfloat16,2.756765979938791e-07,1.3015628852475203e-10,0.9995278660231883,True,32,24,float32,2.7570038696467236e-07,8.629303671897585e-05,True,2.756765979938791e-07,False,0.001,6552340818a1dcd56923a3234edfc787f82df761f5cd81664b353d7673df62e6,"[2048, 6144]",7300955155298639061,2.756765979938791e-07
ruler_vt_16k:0420,ruler_vt_16k,6,20260929,gaussian_bf16_scalar_bracket_binary_v1,32,7,True,2.4431838497207536e-05,2.4431838497207536e-05,40,cuda:0,bfloat16,2.756765979938791e-07,4.692851662824182e-10,0.9982976967588202,True,32,24,float32,2.7642877853395476e-07,0.0027284889089219783,True,2.756765979938791e-07,False,0.001,44b8ac15c51dc78642a374d8936606194864c056faac6b3d890b64e57e393a2f,"[2048, 6144]",4951896999795214214,2.756765979938791e-07
ruler_vt_16k:0420,ruler_vt_16k,6,20260930,gaussian_bf16_scalar_bracket_binary_v1,7,7,True,2.2467642736501148e-05,2.2467642736501148e-05,15,cuda:0,bfloat16,2.756765979938791e-07,3.540633897181067e-10,0.9987156567068273,True,32,24,float32,2.7546423098101513e-07,0.0007703483516895909,True,2.756765979938791e-07,False,0.001,432dcc3748ff443734e5403ae2ffff117719055dd540ab2b87581c4c737abc80,"[2048, 6144]",4840749712313107511,2.756765979938791e-07
ruler_vt_16k:0420,ruler_vt_16k,12,20260926,gaussian_bf16_scalar_bracket_binary_v1,32,7,True,2.107471621481949e-05,2.107471370251754e-05,40,cuda:0,bfloat16,2.2198516091975762e-07,1.869227411743779e-10,0.9991579493854459,True,32,24,float32,2.2173828995164513e-07,0.0011121057240475961,True,2.2198516091975762e-07,False,0.001,cd1e860e638c1d09f287291f2749df406172d158c047e8eaabb94e0d04f5efb5,"[2048, 6144]",5557026386579561737,2.2198516091975762e-07
ruler_vt_16k:0420,ruler_vt_16k,12,20260927,gaussian_bf16_scalar_bracket_binary_v1,32,7,True,2.0346327405551534e-05,2.0346327405551534e-05,40,cuda:0,bfloat16,2.2198516091975762e-07,3.394840519810316e-10,0.9984706903354511,True,32,24,float32,2.2274920752352045e-07,0.0034418814329621812,True,2.2198516091975762e-07,False,0.001,2c32ab506318abf599bb3ac40528393da6ec76ca6b603ed37c5e27480ed6fb95,"[2048, 6144]",3184796248252656629,2.2198516091975762e-07
ruler_vt_16k:0420,ruler_vt_16k,12,20260928,gaussian_bf16_scalar_bracket_binary_v1,11,7,True,2.0929038452965898e-05,2.0929037205497996e-05,19,cuda:0,bfloat16,2.2198516091975762e-07,3.1556190993597966e-10,0.9985784549353276,True,32,24,float32,2.2204389438229555e-07,0.0002645828319991202,True,2.2198516091975762e-07,False,0.001,5e39760c9af85dce4b39c39b62f9597e50dd60ac199e14a85252a089adb64177,"[2048, 6144]",6789587709749386702,2.2198516091975762e-07
ruler_vt_16k:0420,ruler_vt_16k,12,20260929,gaussian_bf16_scalar_bracket_binary_v1,7,7,True,2.1643553189676368e-05,2.1643553189676368e-05,15,cuda:0,bfloat16,2.2198516091975762e-07,2.1779313075231954e-10,0.9990188842810487,True,32,24,float32,2.2176998015766003e-07,0.0009693475059595155,True,2.2198516091975762e-07,False,0.001,d762779d6c6d5bc46f67574855fe96223cf8c36308ef5b72fe1649f99b0aa44e,"[2048, 6144]",6296726747030051780,2.2198516091975762e-07
ruler_vt_16k:0420,ruler_vt_16k,12,20260930,gaussian_bf16_scalar_bracket_binary_v1,5,7,True,1.9978664482778186e-05,1.9978664482778186e-05,13,cuda:0,bfloat16,2.2198516091975762e-07,2.676326382733407e-10,0.998794366987575,True,32,24,float32,2.2181627912232216e-07,0.0007607796698469741,True,2.2198516091975762e-07,False,0.001,675085a7309ee64af66f597fcd2cf8e2af2c0a97d27e1a06f5d9d88080397437,"[2048, 6144]",7444597137165182538,2.2198516091975762e-07
ruler_vt_16k:0420,ruler_vt_16k,18,20260926,gaussian_bf16_scalar_bracket_binary_v1,2,7,True,2.6460238586878404e-05,2.6460237009725282e-05,10,cuda:0,bfloat16,3.3075298233598005e-07,3.692862127202545e-10,0.9988834984642856,True,32,24,float32,3.3073933991545346e-07,4.1246553334886955e-05,True,3.3075298233598005e-07,False,0.001,ea24e74dfb09fa68258361d4e9aa0fd619085bb74cb7a6402eb2e987906f5a43,"[2048, 6144]",7648492389292178024,3.3075298233598005e-07
ruler_vt_16k:0420,ruler_vt_16k,18,20260927,gaussian_bf16_scalar_bracket_binary_v1,8,7,True,2.621217385012642e-05,2.621217385012642e-05,16,cuda:0,bfloat16,3.3075298233598005e-07,5.11598652330747e-10,0.9984532304177047,True,32,24,float32,3.3047149372578133e-07,0.0008510538838098342,True,3.3075298233598005e-07,False,0.001,ea9a213c79bc1e4026f82c7047a1b9bd2bf9f2b6bcd97d033de456b0380b8495,"[2048, 6144]",7681488658057928256,3.3075298233598005e-07
ruler_vt_16k:0420,ruler_vt_16k,18,20260928,gaussian_bf16_scalar_bracket_binary_v1,7,7,True,2.6956368060382374e-05,2.6956368060382374e-05,15,cuda:0,bfloat16,3.3075298233598005e-07,6.194399992942579e-10,0.9981271824220015,True,32,24,float32,3.3082477557400125e-07,0.0002170599869248426,True,3.3075298233598005e-07,False,0.001,7f91afd0e529b6349982f6f749e5a79d7b817a4613b89c6ddd158a1940bd722c,"[2048, 6144]",9192321626172667444,3.3075298233598005e-07
ruler_vt_16k:0420,ruler_vt_16k,18,20260929,gaussian_bf16_scalar_bracket_binary_v1,32,7,True,2.6460238586878404e-05,2.6460238586878404e-05,40,cuda:0,bfloat16,3.3075298233598005e-07,4.043233248207656e-10,0.9987775671077395,True,32,24,float32,3.3020566547747876e-07,0.001654760161603996,True,3.3075298233598005e-07,False,0.001,24365e172fc73a029d9c144aca030d0159a5207d4678771ea2368fe2ac2e0513,"[2048, 6144]",2609376487786625538,3.3075298233598005e-07
ruler_vt_16k:0420,ruler_vt_16k,18,20260930,gaussian_bf16_scalar_bracket_binary_v1,32,7,True,2.6956368060382374e-05,2.695637127383186e-05,40,cuda:0,bfloat16,3.3075298233598005e-07,2.939342658159205e-10,0.9991113178670681,True,32,24,float32,3.311194802790851e-07,0.0011080714692778485,True,3.3075298233598005e-07,False,0.001,5073a5023bc5aaa251081b82f9a00548dfc3bd5ce350d47ab293cc4bb49a401a,"[2048, 6144]",5797158574367287970,3.3075298233598005e-07
ruler_vt_16k:0420,ruler_vt_16k,24,20260926,gaussian_bf16_scalar_bracket_binary_v1,6,7,True,3.340467529255875e-05,3.340467529255875e-05,14,cuda:0,bfloat16,4.4539567056745e-07,9.017492308416308e-10,0.9979753974040817,True,32,24,float32,4.4512003682939394e-07,0.0006188514084676459,True,4.4539567056745e-07,False,0.001,5dc53affad9bd53c4a1d3fb10da502e4203a7f0bbe40597f01562d8adffbea19,"[2048, 6144]",6756871685743039804,4.4539567056745e-07
ruler_vt_16k:0420,ruler_vt_16k,24,20260927,gaussian_bf16_scalar_bracket_binary_v1,7,7,True,3.4518164468977375e-05,3.451816241153444e-05,15,cuda:0,bfloat16,4.4539567056745e-07,6.788121176271034e-10,0.9984759346296244,True,32,24,float32,4.449695154562505e-07,0.000956801198037109,True,4.4539567056745e-07,False,0.001,d99b1b915a943094a5cfb3f67b6ac5f77f0c7e54a5316bcde4ea669eb7c10e28,"[2048, 6144]",6456784801869607060,4.4539567056745e-07
ruler_vt_16k:0420,ruler_vt_16k,24,20260928,gaussian_bf16_scalar_bracket_binary_v1,32,7,True,3.3683047586663406e-05,3.3683047586663406e-05,40,cuda:0,bfloat16,4.4539567056745e-07,7.476909646975116e-10,0.9983212882070791,True,32,24,float32,4.4636874463321874e-07,0.00218474073744141,True,4.4539567056745e-07,False,0.001,f645f3c52eebaed7fc2d634962ecff951f608721bcc07a5674752335092f9c2e,"[2048, 6144]",8522485898089836247,4.4539567056745e-07
ruler_vt_16k:0420,ruler_vt_16k,24,20260929,gaussian_bf16_scalar_bracket_binary_v1,32,7,True,3.440420581107828e-05,3.440420581107828e-05,40,cuda:0,bfloat16,4.4539567056745e-07,5.522063362128904e-10,0.9987601892593402,True,32,24,float32,4.4699976342599257e-07,0.003601500788049646,True,4.4539567056745e-07,False,0.001,7443baeb8c8faa1eea4d9a5ee1b007f324f92ae9809fe7f9643a12db0713b528,"[2048, 6144]",8377745252677560862,4.4539567056745e-07
ruler_vt_16k:0420,ruler_vt_16k,24,20260930,gaussian_bf16_scalar_bracket_binary_v1,10,7,True,3.3822233733715734e-05,3.382223171775351e-05,18,cuda:0,bfloat16,4.4539567056745e-07,5.992845664160029e-10,0.998654489466293,True,32,24,float32,4.452066377780284e-07,0.0004244154173766048,True,4.4539567056745e-07,False,0.001,2d010dfcccbaaff6e58540971b020d8640f0ca2a8f2bdc2b7de74851cf11ddda,"[2048, 6144]",3242888586101174262,4.4539567056745e-07
ruler_vt_16k:0421,ruler_vt_16k,0,20260926,gaussian_bf16_scalar_bracket_binary_v1,32,7,True,1.9662050283031363e-05,1.9662050283031363e-05,40,cuda:0,bfloat16,2.0778917075858772e-07,2.7107213695920507e-10,0.9986954462738863,True,32,24,float32,2.0799851085939736e-07,0.0010074639599618736,True,2.0778917075858772e-07,False,0.001,254108cb7792b6f9446e1a93b464493f1b7a99171b8758b5e87fbfcf1e309746,"[2048, 6144]",2684436522867013369,2.0778917075858772e-07
ruler_vt_16k:0421,ruler_vt_16k,0,20260927,gaussian_bf16_scalar_bracket_binary_v1,32,7,True,2.0408792615445037e-05,2.0408792615445037e-05,40,cuda:0,bfloat16,2.0778917075858772e-07,1.5192645752559741e-10,0.9992688432367723,True,32,24,float32,2.0701618552720902e-07,0.0037200457971737254,True,2.0778917075858772e-07,False,0.001,16f9c25b7af44185b93a14a6697d04dd5f1c96518217f09c7bfec2cc1f901cf1,"[2048, 6144]",1655568036196008325,2.0778917075858772e-07
ruler_vt_16k:0421,ruler_vt_16k,0,20260928,gaussian_bf16_scalar_bracket_binary_v1,32,7,True,2.087631824965186e-05,2.087631824965186e-05,40,cuda:0,bfloat16,2.0778917075858772e-07,4.115903104451313e-11,0.9998019192680049,True,32,24,float32,2.0695819102911628e-07,0.003999148398531705,True,2.0778917075858772e-07,False,0.001,a3bf7dd8e64d39e6565b227af0c878321b1e5eb0f885a264f8fe794ec490aa5d,"[2048, 6144]",2575915882409441766,2.0778917075858772e-07
ruler_vt_16k:0421,ruler_vt_16k,0,20260929,gaussian_bf16_scalar_bracket_binary_v1,32,7,True,1.9705272053902045e-05,1.9705272053902045e-05,40,cuda:0,bfloat16,2.0778917075858772e-07,2.706812829433858e-10,0.9986973272863298,True,32,24,float32,2.075804133028214e-07,0.0010046599397080932,True,2.0778917075858772e-07,False,0.001,1b7e45bfde2dcbfa294f23f1af088d854dc3d1ca4fe867798856f487dd6814f4,"[2048, 6144]",1981097576458210298,2.0778917075858772e-07
ruler_vt_16k:0421,ruler_vt_16k,0,20260930,gaussian_bf16_scalar_bracket_binary_v1,12,7,True,2.104190024510011e-05,2.104190024510011e-05,20,cuda:0,bfloat16,2.0778917075858772e-07,2.957298572692224e-10,0.9985767792604899,True,32,24,float32,2.0793865473933693e-07,0.000719402171939376,True,2.0778917075858772e-07,False,0.001,343d82860c68e8da5031a6b0f97c6cd1881bfac8993c3496ea88287d948301ba,"[2048, 6144]",3764308375797033178,2.0778917075858772e-07
ruler_vt_16k:0421,ruler_vt_16k,6,20260926,gaussian_bf16_scalar_bracket_binary_v1,32,7,True,3.9598738288404434e-05,3.9598733567866976e-05,40,cuda:0,bfloat16,5.826021265420422e-07,7.270134494419267e-10,0.9987521270240515,True,32,24,float32,5.83969097078807e-07,0.0023463191678996845,True,5.826021265420422e-07,False,0.001,6d48eafa451b9d139fd21fad893aa9e1471cc9ece01763313ccab43d8342dbd6,"[2048, 6144]",7874802309079473427,5.826021265420422e-07
ruler_vt_16k:0421,ruler_vt_16k,6,20260927,gaussian_bf16_scalar_bracket_binary_v1,9,7,True,3.852456561759254e-05,3.852456332134949e-05,17,cuda:0,bfloat16,5.826021265420422e-07,1.2402466831318293e-09,0.9978711943766956,True,32,24,float32,5.82126460813015e-07,0.0008164503824428043,True,5.826021265420422e-07,False,0.001,808c14dcdd327f28380b4113288781505fec9d50d40475050d0bfe8718684380,"[2048, 6144]",39429435575926568,5.826021265420422e-07
ruler_vt_16k:0421,ruler_vt_16k,6,20260928,gaussian_bf16_scalar_bracket_binary_v1,13,7,True,3.8802211943522735e-05,3.8802211943522735e-05,21,cuda:0,bfloat16,5.826021265420422e-07,9.980535287112957e-10,0.9982869037319944,True,32,24,float32,5.825139055559703e-07,0.00015142578794828302,True,5.826021265420422e-07,False,0.001,3306972cde7126c15e6b0a6b43eda75c9b5e75e969f4ba86a66ca124d240bfb5,"[2048, 6144]",3676792364760901313,5.826021265420422e-07
ruler_vt_16k:0421,ruler_vt_16k,6,20260929,gaussian_bf16_scalar_bracket_binary_v1,32,7,True,3.948039723145058e-05,3.948039723145058e-05,40,cuda:0,bfloat16,5.826021265420422e-07,8.65319094156547e-10,0.9985147340616614,True,32,24,float32,5.81492656692717e-07,0.0019043353925093994,True,5.826021265420422e-07,False,0.001,9b5983eb3852c3256ab0390ab8172e62e532f4867baf201a0f63d3619938de0e,"[2048, 6144]",1970751358236803877,5.826021265420422e-07
ruler_vt_16k:0421,ruler_vt_16k,6,20260930,gaussian_bf16_scalar_bracket_binary_v1,7,7,True,3.9908245668129894e-05,3.9908245668129894e-05,15,cuda:0,bfloat16,5.826021265420422e-07,9.421733393466525e-10,0.9983828185713314,True,32,24,float32,5.822087700835255e-07,0.0006751716833776536,True,5.826021265420422e-07,False,0.001,4758777a4b67426681fd6094bbdc38e927cc2a2b9a1d2d87884d41d0023155a2,"[2048, 6144]",5140990341778195046,5.826021265420422e-07
ruler_vt_16k:0421,ruler_vt_16k,12,20260926,gaussian_bf16_scalar_bracket_binary_v1,32,6,True,4.13060778114982e-05,4.13060778114982e-05,39,cuda:0,bfloat16,6.473038638432627e-07,1.5434807876246737e-09,0.9976155235989779,True,32,24,float32,6.4598668814142e-07,0.0020348645750731726,True,6.473038638432627e-07,False,0.001,a5eb2054e2bb976f84fa508e56112d3c4be50af31aeeed88c945001bc8aa7476,"[2048, 6144]",2732313147883624303,6.473038638432627e-07
ruler_vt_16k:0421,ruler_vt_16k,12,20260927,gaussian_bf16_scalar_bracket_binary_v1,7,7,True,4.2398403081733704e-05,4.2398403081733704e-05,15,cuda:0,bfloat16,6.473038638432627e-07,1.2832941376217377e-09,0.9980174780202881,True,32,24,float32,6.477403076132759e-07,0.0006742486711294588,True,6.473038638432627e-07,False,0.001,d1b72ac22b5414df1817534a3751ad849b9f364c14ff073728353c2570711ad9,"[2048, 6144]",5888222051249165535,6.473038638432627e-07
ruler_vt_16k:0421,ruler_vt_16k,12,20260928,gaussian_bf16_scalar_bracket_binary_v1,10,6,True,4.0233980787007795e-05,4.0233980787007795e-05,17,cuda:0,bfloat16,6.473038638432627e-07,8.892458436271511e-10,0.9986262312133479,True,32,24,float32,6.467376465479902e-07,0.0008747318329148917,True,6.473038638432627e-07,False,0.001,29c81309fec07a10eddaf9b0674aefa3010696cdae8bfa88e0073e90ffb18d88,"[2048, 6144]",3010677284546837008,6.473038638432627e-07
ruler_vt_16k:0421,ruler_vt_16k,12,20260929,gaussian_bf16_scalar_bracket_binary_v1,8,7,True,4.1589273251929626e-05,4.158927077301577e-05,16,cuda:0,bfloat16,6.473038638432627e-07,1.1423253454267979e-09,0.9982352564085677,True,32,24,float32,6.468329161180009e-07,0.0007275527794096856,True,6.473038638432627e-07,False,0.001,a8cbef079d7991e724c28dc0334d75857cf20f49f78b703dbd7984cd449da20f,"[2048, 6144]",2939705997775180263,6.473038638432627e-07
ruler_vt_16k:0421,ruler_vt_16k,12,20260930,gaussian_bf16_scalar_bracket_binary_v1,7,7,True,4.304570694557697e-05,4.30457043798529e-05,15,cuda:0,bfloat16,6.473038638432627e-07,1.3103391705016065e-09,0.9979756969737186,True,32,24,float32,6.478281875388348e-07,0.0008100116882649293,True,6.473038638432627e-07,False,0.001,4f9ed50fb336fe335217b9c579af792d5a88850b2f03debb8108727604015d73,"[2048, 6144]",5737257238724542003,6.473038638432627e-07
ruler_vt_16k:0421,ruler_vt_16k,18,20260926,gaussian_bf16_scalar_bracket_binary_v1,10,6,True,4.9487134573311664e-05,4.948713162364859e-05,17,cuda:0,bfloat16,8.321536029143317e-07,1.2739368449032895e-09,0.9984691085390465,True,32,24,float32,8.323304996338265e-07,0.00021257700366292308,True,8.321536029143317e-07,False,0.001,c0f5c1b2a6861ac2aacaa192601141360d56154aa740b87ccd7f5fa6fa2ffe8d,"[2048, 6144]",4680860360763644610,8.321536029143317e-07
ruler_vt_16k:0421,ruler_vt_16k,18,20260927,gaussian_bf16_scalar_bracket_binary_v1,10,6,True,4.953914417349381e-05,4.953914122073072e-05,17,cuda:0,bfloat16,8.321536029143317e-07,1.9801302819644206e-09,0.9976204750240464,True,32,24,float32,8.320864139932382e-07,8.074100846066037e-05,True,8.321536029143317e-07,False,0.001,72291f26ae1ce79f1c2e5de14340938a276ad39022e626c07ef302c6b0d7f100,"[2048, 6144]",8226140445359269791,8.321536029143317e-07
ruler_vt_16k:0421,ruler_vt_16k,18,20260928,gaussian_bf16_scalar_bracket_binary_v1,8,6,True,5.107342737886711e-05,5.1073424334653614e-05,15,cuda:0,bfloat16,8.321536029143317e-07,2.3219313138866937e-09,0.9972097323069263,True,32,24,float32,8.325225167027384e-07,0.00044332414966978496,True,8.321536029143317e-07,False,0.001,03bfc8f3c6e0de6d61081a9467be4e205d1729a45597367b1576ce26d5079a6b,"[2048, 6144]",270155452004753005,8.321536029143317e-07
ruler_vt_16k:0421,ruler_vt_16k,18,20260929,gaussian_bf16_scalar_bracket_binary_v1,11,6,True,4.8719992970625015e-05,4.8719992970625015e-05,18,cuda:0,bfloat16,8.321536029143317e-07,2.0079533591399468e-09,0.9975870399982554,True,32,24,float32,8.315707873407518e-07,0.0007003701859112951,True,8.321536029143317e-07,False,0.001,d91ab7a90b6f0e617de91972b8eb81a804997a2ba01eac2c5ed796c08c3d5fef,"[2048, 6144]",6420646155439246945,8.321536029143317e-07
ruler_vt_16k:0421,ruler_vt_16k,18,20260930,gaussian_bf16_scalar_bracket_binary_v1,8,6,True,5.0865388978138526e-05,5.0865388978138526e-05,15,cuda:0,bfloat16,8.321536029143317e-07,1.4831535999348944e-09,0.9982176925092427,True,32,24,float32,8.321702011926391e-07,1.9946171294850112e-05,True,8.321536029143317e-07,False,0.001,d26c2318b47f6bc5a1c4299eb9b0d1fcddde28be8665a39aea0b8a2ee07e5c06,"[2048, 6144]",5939160597609278405,8.321536029143317e-07
ruler_vt_16k:0421,ruler_vt_16k,24,20260926,gaussian_bf16_scalar_bracket_binary_v1,7,6,True,8.914955157024451e-05,8.914955157024451e-05,14,cuda:0,bfloat16,1.9701558358065085e-06,4.609811643518924e-09,0.9976601791798709,True,32,24,float32,1.9688072825374547e-06,0.0006844906603551803,True,1.9701558358065085e-06,False,0.001,a945ddde1ef12d7054c6a2f78945efc0862af45f13195faf4b1e3daa81663b76,"[2048, 6144]",2974027075019681136,1.9701558358065085e-06
ruler_vt_16k:0421,ruler_vt_16k,24,20260927,gaussian_bf16_scalar_bracket_binary_v1,13,6,True,8.994223145730729e-05,8.994223145730729e-05,20,cuda:0,bfloat16,1.9701558358065085e-06,7.36551175606337e-09,0.996261457280587,True,32,24,float32,1.9713054371095495e-06,0.000583507802858842,True,1.9701558358065085e-06,False,0.001,f2563a9aa89dece09d920b5a05b0037ca83e82928a08dffd5ce831425eb370f2,"[2048, 6144]",8238837004249197792,1.9701558358065085e-06
ruler_vt_16k:0421,ruler_vt_16k,24,20260928,gaussian_bf16_scalar_bracket_binary_v1,10,6,True,8.9826792638803e-05,8.982678728470893e-05,17,cuda:0,bfloat16,1.9701558358065085e-06,5.843133088490049e-09,0.9970341772045164,True,32,24,float32,1.9720914679055568e-06,0.0009824766467043753,True,1.9701558358065085e-06,False,0.001,9f5a0e9e74c5235d5307c04a2d5090421fbc6b16fc57608e224ae8061a3a5a0e,"[2048, 6144]",2259134236806423389,1.9701558358065085e-06
ruler_vt_16k:0421,ruler_vt_16k,24,20260929,gaussian_bf16_scalar_bracket_binary_v1,12,6,True,9.079647871423902e-05,9.079647871423902e-05,19,cuda:0,bfloat16,1.9701558358065085e-06,5.60307311658903e-09,0.9971560254195347,True,32,24,float32,1.9720355339813977e-06,0.0009540860376254049,True,1.9701558358065085e-06,False,0.001,c0bcc9ce6d50e44f81b3b83523ae2635f0e468c278b0522557cf6b157c5b3913,"[2048, 6144]",4664825202483455055,1.9701558358065085e-06
ruler_vt_16k:0421,ruler_vt_16k,24,20260930,gaussian_bf16_scalar_bracket_binary_v1,8,6,True,9.185851584447846e-05,9.185851584447846e-05,15,cuda:0,bfloat16,1.9701558358065085e-06,5.260955227015529e-09,0.9973296755863671,True,32,24,float32,1.9687292933667777e-06,0.000724075940493745,True,1.9701558358065085e-06,False,0.001,08c6b3ad0a406170bc6fa2404941fff513e2a137e2f55dc5024653622cf52a0e,"[2048, 6144]",632390353474838896,1.9701558358065085e-06
ruler_vt_16k:0422,ruler_vt_16k,0,20260926,gaussian_bf16_scalar_bracket_binary_v1,8,7,True,2.0823853724039054e-05,2.082385248284065e-05,16,cuda:0,bfloat16,2.077192391425342e-07,1.285190287525495e-10,0.9993812849051292,True,32,24,float32,2.0790176336049626e-07,0.0008787063668994513,True,2.077192391425342e-07,False,0.001,a1f0e6c9f6fa37fe46636a67fb00c172e693988efe5cc75193f5a7fb12c63cce,"[2048, 6144]",2445708352768587774,2.077192391425342e-07
ruler_vt_16k:0422,ruler_vt_16k,0,20260927,gaussian_bf16_scalar_bracket_binary_v1,7,7,True,2.0668064294682154e-05,2.0668063062769524e-05,15,cuda:0,bfloat16,2.077192391425342e-07,2.675337174018466e-10,0.9987120417034733,True,32,24,float32,2.0779917520030722e-07,0.0003848274146534891,True,2.077192391425342e-07,False,0.001,a296ab475a3c3b7403b7f6eb6a7b36dffd706a3f2700136eb6099327fa840f42,"[2048, 6144]",2492367766741072756,2.077192391425342e-07
ruler_vt_16k:0422,ruler_vt_16k,0,20260928,gaussian_bf16_scalar_bracket_binary_v1,8,7,True,2.1447011441466657e-05,2.144701016312516e-05,16,cuda:0,bfloat16,2.077192391425342e-07,1.9899444592130777e-10,0.9990420028171547,True,32,24,float32,2.0785940080259024e-07,0.0006747649405737534,True,2.077192391425342e-07,False,0.001,26ced5f12bbb5368a842d4cdc824530110838261bd5f641ba6d009092a2b7267,"[2048, 6144]",2796407650441188200,2.077192391425342e-07
ruler_vt_16k:0422,ruler_vt_16k,0,20260929,gaussian_bf16_scalar_bracket_binary_v1,32,7,True,2.0836836176485463e-05,2.0836834934513243e-05,40,cuda:0,bfloat16,2.077192391425342e-07,1.3096723705530167e-10,0.9993694987638317,True,32,24,float32,2.0846979964517232e-07,0.0036133412857490984,True,2.077192391425342e-07,False,0.001,874b70b23c48818a2e9716a86fa500bd261da3390939ed3940bcc3aed74adb22,"[2048, 6144]",525637692336669066,2.077192391425342e-07
ruler_vt_16k:0422,ruler_vt_16k,0,20260930,gaussian_bf16_scalar_bracket_binary_v1,4,7,True,2.077192391425342e-05,2.0771922676150274e-05,12,cuda:0,bfloat16,2.077192391425342e-07,2.7146246361908766e-10,0.9986931279705256,True,32,24,float32,2.0782303522537404e-07,0.0004996941220673927,True,2.077192391425342e-07,False,0.001,1daa35d2b61865412847f55f7120c3d6b423d5773132540d73d986bae401f561,"[2048, 6144]",2137580152255178049,2.077192391425342e-07
ruler_vt_16k:0425,ruler_vt_16k,12,20260926,gaussian_bf16_scalar_bracket_binary_v1,7,7,True,2.1199582867836853e-05,2.1199582867836853e-05,15,cuda:0,bfloat16,2.2198516091975762e-07,1.7477450042768794e-10,0.9992126748486091,True,32,24,float32,2.2187873582879547e-07,0.0004794243476509583,True,2.2198516091975762e-07,False,0.001,fb92dc0cf6aafb25eff81a239037382d1a32930f61d0b138c873c71393c0fcc3,"[2048, 6144]",8904421361501010725,2.2198516091975762e-07
ruler_vt_16k:0425,ruler_vt_16k,12,20260927,gaussian_bf16_scalar_bracket_binary_v1,9,7,True,2.0949849561802125e-05,2.0949849561802125e-05,17,cuda:0,bfloat16,2.2198516091975762e-07,3.94850596663332e-10,0.998221274813923,True,32,24,float32,2.2182918257840356e-07,0.0007026521084012443,True,2.2198516091975762e-07,False,0.001,85e43ddfe6a44c43fd6bd7ba10855657f628d83d1618dc7587b4543f1a36ae01,"[2048, 6144]",424532296736197699,2.2198516091975762e-07
ruler_vt_16k:0425,ruler_vt_16k,12,20260928,gaussian_bf16_scalar_bracket_binary_v1,7,7,True,2.0089657063238064e-05,2.008965586580119e-05,15,cuda:0,bfloat16,2.2198516091975762e-07,4.746691373291867e-10,0.9978617078035195,True,32,24,float32,2.221570554183927e-07,0.0007743513031360651,True,2.2198516091975762e-07,False,0.001,74bcfad4e72bf9a35c71448aaa7208669974ebeb484b5b7655c65d10558d3abe,"[2048, 6144]",8411873996339673507,2.2198516091975762e-07
ruler_vt_16k:0425,ruler_vt_16k,12,20260929,gaussian_bf16_scalar_bracket_binary_v1,6,7,True,2.064461996553746e-05,2.064461996553746e-05,14,cuda:0,bfloat16,2.2198516091975762e-07,2.4043708690690835e-10,0.9989168776601521,True,32,24,float32,2.2210117833765253e-07,0.0005226359159063191,True,2.2198516091975762e-07,False,0.001,f9684fc2676ef3882d62adbe1e2ce3aaefb02585b0974c4d6945ad8fa9d89e20,"[2048, 6144]",8748329972544762760,2.2198516091975762e-07
ruler_vt_16k:0425,ruler_vt_16k,12,20260930,gaussian_bf16_scalar_bracket_binary_v1,7,7,True,2.0311642224157822e-05,2.0311642224157822e-05,15,cuda:0,bfloat16,2.2198516091975762e-07,2.957298572692224e-10,0.9986677944775952,True,32,24,float32,2.2178525682647887e-07,0.0009005290824417187,True,2.2198516091975762e-07,False,0.001,b44f6b411841a8d05ded12957e56f52a08d27d8ce9488dffacac0309d4a069fb,"[2048, 6144]",3769349340456397008,2.2198516091975762e-07
ruler_vt_16k:0445,ruler_vt_16k,0,20260926,gaussian_bf16_scalar_bracket_binary_v1,32,7,True,2.0278664144002256e-05,2.0278666561407403e-05,40,cuda:0,bfloat16,2.2413168210277945e-07,2.8737728863248435e-10,0.9987178194267926,True,32,24,float32,2.2474502259228757e-07,0.0027365184776816185,True,2.2413168210277945e-07,False,0.001,ad84622902f84272b443ba26425db17c36222c4e93989df209b1c54ef016e493,"[2048, 6144]",3279854356915569266,2.2413168210277945e-07
ruler_vt_16k:0445,ruler_vt_16k,0,20260927,gaussian_bf16_scalar_bracket_binary_v1,32,7,True,2.1621703207852505e-05,2.1621703207852505e-05,40,cuda:0,bfloat16,2.2413168210277945e-07,1.1458189258517493e-10,0.999488774226338,True,32,24,float32,2.2435762048189645e-07,0.0010080608729531985,True,2.2413168210277945e-07,False,0.001,3026874a120c23c55cf747cbe390091d9abaf983af0b9d0c83cd66293c7994aa,"[2048, 6144]",3469609315135660997,2.2413168210277945e-07
ruler_vt_16k:0445,ruler_vt_16k,0,20260928,gaussian_bf16_scalar_bracket_binary_v1,32,7,True,2.115242749844981e-05,2.1152426237666883e-05,40,cuda:0,bfloat16,2.2413168210277945e-07,1.7032579513465151e-10,0.9992400637271059,True,32,24,float32,2.2506735319893778e-07,0.0041746489714437705,True,2.2413168210277945e-07,False,0.001,b45c577684c7a518a771021407fa0f51c8efb4a3d9935c778a69763ad067f46f,"[2048, 6144]",3772986754375066904,2.2413168210277945e-07
ruler_vt_16k:0445,ruler_vt_16k,0,20260929,gaussian_bf16_scalar_bracket_binary_v1,8,7,True,2.1348542720289743e-05,2.134854144781744e-05,16,cuda:0,bfloat16,2.2413168210277945e-07,2.698978263104834e-10,0.9987958068945081,True,32,24,float32,2.2392283938188484e-07,0.0009317858097314427,True,2.2413168210277945e-07,False,0.001,bb61b0e8b225793434cd16aabc2efce029a90a9540fc5fa0452532a57ac2e53b,"[2048, 6144]",4278895634446383412,2.2413168210277945e-07
ruler_vt_16k:0445,ruler_vt_16k,0,20260930,gaussian_bf16_scalar_bracket_binary_v1,1,7,True,2.1516641481866827e-05,2.1516641481866827e-05,9,cuda:0,bfloat16,2.2413168210277945e-07,2.79533174385449e-10,0.9987528172199356,True,32,24,float32,2.2392680421035038e-07,0.0009140960818520828,True,2.2413168210277945e-07,False,0.001,382d7d1e0aea0576e75f9613764357713434116455dd397012fdc97d5c29c343,"[2048, 6144]",4048029208061543798,2.2413168210277945e-07
ruler_vt_16k:0451,ruler_vt_16k,0,20260926,gaussian_bf16_scalar_bracket_binary_v1,32,7,True,2.0684689468808415e-05,2.0684689468808415e-05,40,cuda:0,bfloat16,2.240724654711812e-07,3.9692332753915593e-10,0.9982285939207011,True,32,24,float32,2.2359957085882343e-07,0.002110453916608499,True,2.240724654711812e-07,False,0.001,dd3140d454dd66561cfa60f17451fd1bb3a8d0d7baf4943318fbb7f9807d7935,"[2048, 6144]",6715219800087160406,2.240724654711812e-07
ruler_vt_16k:0451,ruler_vt_16k,0,20260927,gaussian_bf16_scalar_bracket_binary_v1,32,7,True,2.096478005064739e-05,2.096478005064739e-05,40,cuda:0,bfloat16,2.240724654711812e-07,1.028975793460063e-10,0.9995407843657648,True,32,24,float32,2.2465842164365313e-07,0.002615029790651749,True,2.240724654711812e-07,False,0.001,f527eb2480231d86d1f8b379259594866e6e7310727f51da1eff24e7eb6760b4,"[2048, 6144]",8441974568530419078,2.240724654711812e-07
ruler_vt_16k:0451,ruler_vt_16k,0,20260928,gaussian_bf16_scalar_bracket_binary_v1,32,7,True,2.110482534156688e-05,2.110482534156688e-05,40,cuda:0,bfloat16,2.240724654711812e-07,1.317732034600283e-10,0.9994119170189745,True,32,24,float32,2.246759720492264e-07,0.002693354476981992,True,2.240724654711812e-07,False,0.001,6308e742b3f3ce69af6f67c49d76d12e8a14036c9e6548c54510d6c1dc718b45,"[2048, 6144]",7136207883241508457,2.240724654711812e-07
ruler_vt_16k:0451,ruler_vt_16k,0,20260929,gaussian_bf16_scalar_bracket_binary_v1,9,7,True,2.1482947627049498e-05,2.1482947627049498e-05,17,cuda:0,bfloat16,2.240724654711812e-07,1.678208683131288e-10,0.9992510419878666,True,32,24,float32,2.2397928489681362e-07,0.0004158501767347396,True,2.240724654711812e-07,False,0.001,9e1acd47948cafde36dec5033b295254d79b15cd88c7bc3e42f4be8336bce624,"[2048, 6144]",2169271877850935262,2.240724654711812e-07
ruler_vt_16k:0451,ruler_vt_16k,0,20260930,gaussian_bf16_scalar_bracket_binary_v1,10,7,True,2.0572653236072824e-05,2.0572652009847137e-05,18,cuda:0,bfloat16,2.240724654711812e-07,4.022229493916285e-10,0.998204942545949,True,32,24,float32,2.2397792065476096e-07,0.00042193857340494474,True,2.240724654711812e-07,False,0.001,6efa1313bcf708c5fea541d92c8b8ade194eb84d556c030acafe78d9acbcda7a,"[2048, 6144]",7996725063845349573,2.240724654711812e-07
ruler_vt_16k:0454,ruler_vt_16k,12,20260926,gaussian_bf16_scalar_bracket_binary_v1,32,7,True,2.079678919497674e-05,2.079678919497674e-05,40,cuda:0,bfloat16,2.334668494086145e-07,2.479169647351398e-10,0.9989381063505884,True,32,24,float32,2.3407915250572842e-07,0.0026226554162396463,True,2.334668494086145e-07,False,0.001,0cc999ef161ded78aa0d0017d36f204f637a84d4b5264dbbc316fb436cab8c76,"[2048, 6144]",921436850921270648,2.334668494086145e-07
ruler_vt_16k:0454,ruler_vt_16k,12,20260927,gaussian_bf16_scalar_bracket_binary_v1,6,7,True,2.077854959736669e-05,2.077854959736669e-05,14,cuda:0,bfloat16,2.334668494086145e-07,3.6496017319365137e-10,0.9984367794651869,True,32,24,float32,2.3326143150370626e-07,0.0008798589839567408,True,2.334668494086145e-07,False,0.001,e86283c669111791a7c8d4f27503c987bdd3bbf49a61c28dd7aeeb08122e3bad,"[2048, 6144]",7521719215851640721,2.334668494086145e-07
ruler_vt_16k:0454,ruler_vt_16k,12,20260928,gaussian_bf16_scalar_bracket_binary_v1,32,7,True,2.1362216720888227e-05,2.1362216720888227e-05,40,cuda:0,bfloat16,2.334668494086145e-07,1.964508555829525e-10,0.9991585492497946,True,32,24,float32,2.326417956055593e-07,0.0035339227181293985,True,2.334668494086145e-07,False,0.001,1b6ff6c1321be6be213f13084497126d0d4451576c8ea9427009059f61b8ba09,"[2048, 6144]",1977070071068747454,2.334668494086145e-07
ruler_vt_16k:0454,ruler_vt_16k,12,20260929,gaussian_bf16_scalar_bracket_binary_v1,32,7,True,2.0731126643580566e-05,2.0731125407909126e-05,40,cuda:0,bfloat16,2.334668494086145e-07,2.6921043172478676e-10,0.9988469008237927,True,32,24,float32,2.3410991900618683e-07,0.002754436440125246,True,2.334668494086145e-07,False,0.001,cdfc246fafe1a5552f9bd1722b21176ec9f29b859b551b124a251aa1098f0d4e,"[2048, 6144]",5619406497162306901,2.334668494086145e-07
ruler_vt_16k:0454,ruler_vt_16k,12,20260930,gaussian_bf16_scalar_bracket_binary_v1,9,7,True,2.0924466378247075e-05,2.0924463883856303e-05,17,cuda:0,bfloat16,2.334668494086145e-07,2.0630901154117254e-10,0.9991163241716596,True,32,24,float32,2.336150117798752e-07,0.000634618454979798,True,2.334668494086145e-07,False,0.001,1f36ee8695ab86f5c47dfddf4538ae39b15389d25f97493854e3428bbfe6fa69,"[2048, 6144]",2249247325722216181,2.334668494086145e-07
ruler_vt_16k:0456,ruler_vt_16k,0,20260926,gaussian_bf16_scalar_bracket_binary_v1,6,7,True,2.1740773163969607e-05,2.1740770572267485e-05,14,cuda:0,bfloat16,2.2413168210277945e-07,1.7032579513465151e-10,0.9992400637271059,True,32,24,float32,2.2408495681247587e-07,0.00020847249199761728,True,2.2413168210277945e-07,False,0.001,576c9c09bd4a3d6adfc0f9a138d32294ffbf40ef62eb19eeb789b6fc306a8727,"[2048, 6144]",6299581544428879210,2.2413168210277945e-07
ruler_vt_16k:0456,ruler_vt_16k,0,20260927,gaussian_bf16_scalar_bracket_binary_v1,32,7,True,2.0676147673981404e-05,2.0676147673981404e-05,40,cuda:0,bfloat16,2.2413168210277945e-07,2.34190916659216e-10,0.9989551190868597,True,32,24,float32,2.2325424708924402e-07,0.003914819204957689,True,2.2413168210277945e-07,False,0.001,f2b9f3e1734bdd9e6c9f47762d4d31977cef8f92538280cbd6fee48c2c0ebd55,"[2048, 6144]",8266906740642799006,2.2413168210277945e-07
ruler_vt_16k:0456,ruler_vt_16k,0,20260928,gaussian_bf16_scalar_bracket_binary_v1,10,7,True,2.20909789172552e-05,2.20909789172552e-05,18,cuda:0,bfloat16,2.2413168210277945e-07,1.4911276380313865e-10,0.9993347091209767,True,32,24,float32,2.240460190705562e-07,0.00038219956866229835,True,2.2413168210277945e-07,False,0.001,f186ffb1a28f496ba62de603116e25d1ef34f3b99a5163738b44ea86050b9a06,"[2048, 6144]",8180506911566678379,2.2413168210277945e-07
ruler_vt_16k:0456,ruler_vt_16k,0,20260929,gaussian_bf16_scalar_bracket_binary_v1,32,7,True,2.1124411038186963e-05,2.1124411038186963e-05,40,cuda:0,bfloat16,2.2413168210277945e-07,2.985803271293719e-10,0.9986678352461013,True,32,24,float32,2.24579039809214e-07,0.0019959592603664817,True,2.2413168210277945e-07,False,0.001,3e613083ccb69a232e3d47fbefd60465e243368aaeb387b753de7e070f97f9d7,"[2048, 6144]",4494927245725833763,2.2413168210277945e-07
ruler_vt_16k:0456,ruler_vt_16k,0,20260930,gaussian_bf16_scalar_bracket_binary_v1,32,7,True,2.1089390462858404e-05,2.1089390462858404e-05,40,cuda:0,bfloat16,2.2413168210277945e-07,2.6594595969875456e-10,0.9988134387909657,True,32,24,float32,2.2372006469595362e-07,0.0018364980932819295,True,2.2413168210277945e-07,False,0.001,0a1e17a39c692b9f47a5b1adcdfc7d58237068469706cc168083d8f131625dad,"[2048, 6144]",729046181151845279,2.2413168210277945e-07
ruler_vt_16k:0456,ruler_vt_16k,6,20260926,gaussian_bf16_scalar_bracket_binary_v1,9,7,True,2.326021295573355e-05,2.3260215728567013e-05,17,cuda:0,bfloat16,2.756765979938791e-07,1.9305297638272378e-10,0.9992997121344808,True,32,24,float32,2.758308426109579e-07,0.0005595129155004563,True,2.756765979938791e-07,False,0.001,1986e96e3b1d403bf3725e0d887799ceaa45b052901468ce00127bf9800324b0,"[2048, 6144]",1839414157474873403,2.756765979938791e-07
ruler_vt_16k:0456,ruler_vt_16k,6,20260927,gaussian_bf16_scalar_bracket_binary_v1,8,7,True,2.3363591679981255e-05,2.3363591679981255e-05,16,cuda:0,bfloat16,2.756765979938791e-07,2.7915414424484197e-10,0.9989873854136467,True,32,24,float32,2.7586460760176124e-07,0.0006819933547144865,True,2.756765979938791e-07,False,0.001,b4dc68ccd03370d92ff86092d1fe337720465456656e00b24e420fcf4ff871b5,"[2048, 6144]",3809034613724246233,2.756765979938791e-07
ruler_vt_16k:0456,ruler_vt_16k,6,20260928,gaussian_bf16_scalar_bracket_binary_v1,8,7,True,2.3087915081987376e-05,2.308791232969342e-05,16,cuda:0,bfloat16,2.756765979938791e-07,1.4257907354764399e-10,0.9994828031302432,True,32,24,float32,2.7569933536142344e-07,8.247841024513821e-05,True,2.756765979938791e-07,False,0.001,5f781ccbeff1a2fecd531aff4a6dea00eac39d78450e652803fbc44d0dd9e146,"[2048, 6144]",6879280093037961982,2.756765979938791e-07
ruler_vt_16k:0456,ruler_vt_16k,6,20260929,gaussian_bf16_scalar_bracket_binary_v1,8,7,True,2.4052783174965953e-05,2.4052781741308357e-05,16,cuda:0,bfloat16,2.756765979938791e-07,2.6674101816226425e-10,0.9990324132693766,True,32,24,float32,2.754155161710514e-07,0.0009470583456397994,True,2.756765979938791e-07,False,0.001,52aae5b7f85650d3b946719459171ff3cad98a46f539b7156d7f3eb47330a4c2,"[2048, 6144]",5956826035459084499,2.756765979938791e-07
ruler_vt_16k:0456,ruler_vt_16k,6,20260930,gaussian_bf16_scalar_bracket_binary_v1,7,7,True,2.3294672530482785e-05,2.3294672530482785e-05,15,cuda:0,bfloat16,2.756765979938791e-07,3.540633897181067e-10,0.9987156567068273,True,32,24,float32,2.757761308203044e-07,0.0003610492408480925,True,2.756765979938791e-07,False,0.001,b7bf9a84041c90baa4f4e0b92715dbd7fd70460830f1506e064c82ed213403c0,"[2048, 6144]",4017099284433113274,2.756765979938791e-07
ruler_vt_16k:0456,ruler_vt_16k,12,20260926,gaussian_bf16_scalar_bracket_binary_v1,10,7,True,2.018677557114046e-05,2.018677557114046e-05,18,cuda:0,bfloat16,2.2198516091975762e-07,2.899448459103837e-10,0.9986938548292641,True,32,24,float32,2.217687296024451e-07,0.0009749810141172514,True,2.2198516091975762e-07,False,0.001,16c15c72d390b5fbd50e7d88d4f6c72912c7c9641c59ecf3ea271a3e9b11d3a3,"[2048, 6144]",1639693387585074683,2.2198516091975762e-07
ruler_vt_16k:0456,ruler_vt_16k,12,20260927,gaussian_bf16_scalar_bracket_binary_v1,10,7,True,2.082498290878476e-05,2.082498290878476e-05,18,cuda:0,bfloat16,2.2198516091975762e-07,3.9858702449713235e-10,0.9982044429328264,True,32,24,float32,2.2186799242263078e-07,0.0005278213040969624,True,2.2198516091975762e-07,False,0.001,024dfde0b8ec9f44fb695f09aad152d628dbb159f79af3827e4c4bc95e8722ed,"[2048, 6144]",166067902899593028,2.2198516091975762e-07
ruler_vt_16k:0456,ruler_vt_16k,12,20260928,gaussian_bf16_scalar_bracket_binary_v1,32,7,True,2.0544032939495693e-05,2.0544031714975906e-05,40,cuda:0,bfloat16,2.2198516091975762e-07,3.394060588135517e-10,0.9984710416795101,True,32,24,float32,2.2104282493273786e-07,0.004245040448268487,True,2.2198516091975762e-07,False,0.001,10c1fca370411b559699b749aeea78e46c0e70198437175581fba078d7b4fa16,"[2048, 6144]",1207523954005187413,2.2198516091975762e-07
ruler_vt_16k:0456,ruler_vt_16k,12,20260929,gaussian_bf16_scalar_bracket_binary_v1,7,7,True,2.0977597706917095e-05,2.0977597706917095e-05,15,cuda:0,bfloat16,2.2198516091975762e-07,3.372153112302101e-10,0.9984809105715309,True,32,24,float32,2.2206293692761392e-07,0.0003503657971282808,True,2.2198516091975762e-07,False,0.001,1b8ea44ac475f6e4d20afcb22f06e758ed6f2cf51a0f870d438fdc1b0b7d4c04,"[2048, 6144]",1985705126747567844,2.2198516091975762e-07
ruler_vt_16k:0456,ruler_vt_16k,12,20260930,gaussian_bf16_scalar_bracket_binary_v1,32,7,True,1.991839898010661e-05,1.9918397792877514e-05,40,cuda:0,bfloat16,2.2198516091975762e-07,1.8305938709328728e-10,0.9991753530446142,True,32,24,float32,2.2229887974845042e-07,0.0014132423419338438,True,2.2198516091975762e-07,False,0.001,007eda2c3e7e9c238b4e8e943221933c70c7c91f0c504342d78127e2a49f4b62,"[2048, 6144]",35705730627443747,2.2198516091975762e-07
ruler_vt_16k:0456,ruler_vt_16k,18,20260926,gaussian_bf16_scalar_bracket_binary_v1,32,7,True,2.783493066971232e-05,2.7834929010621166e-05,40,cuda:0,bfloat16,3.3075298233598005e-07,4.620089866236299e-10,0.9986031600278835,True,32,24,float32,3.3034692137334787e-07,0.0012276864739490206,True,3.3075298233598005e-07,False,0.001,b4c211c0c19e8978ad10d9d504f5a5909c3f9eb154d8f0d4157c54cd173454f8,"[2048, 6144]",3801620555033905528,3.3075298233598005e-07
ruler_vt_16k:0456,ruler_vt_16k,18,20260927,gaussian_bf16_scalar_bracket_binary_v1,32,7,True,2.6604943016650395e-05,2.6604943016650395e-05,40,cuda:0,bfloat16,3.3075298233598005e-07,2.9103830456733704e-10,0.9991200735288558,True,32,24,float32,3.302830009488389e-07,0.0014209437623868555,True,3.3075298233598005e-07,False,0.001,de3e2757cb130f68bbb6d4691dd02138a52a405a42bce7490f02981ec79bafdf,"[2048, 6144]",6790908546143948648,3.3075298233598005e-07
ruler_vt_16k:0456,ruler_vt_16k,18,20260928,gaussian_bf16_scalar_bracket_binary_v1,8,7,True,2.687367981479838e-05,2.687367981479838e-05,16,cuda:0,bfloat16,3.3075298233598005e-07,3.1480607010081485e-10,0.9990482139635523,True,32,24,float32,3.3044850056285213e-07,0.0009205715122430082,True,3.3075298233598005e-07,False,0.001,3ceb179b0d31db1c226b1ca5bd91e9f8389896720e59fff8e6adb89412ff1ff8,"[2048, 6144]",4389628216511421212,3.3075298233598005e-07
ruler_vt_16k:0456,ruler_vt_16k,18,20260929,gaussian_bf16_scalar_bracket_binary_v1,6,7,True,2.6129485604542424e-05,2.6129484047103716e-05,14,cuda:0,bfloat16,3.3075298233598005e-07,4.3363732049606085e-10,0.9986889390461926,True,32,24,float32,3.3050403658307914e-07,0.0007526636680422392,True,3.3075298233598005e-07,False,0.001,37ff3ef8a9caed3d8ef6ef2800529503b063cd0f3601e5447b217702808c9580,"[2048, 6144]",4035013028868713789,3.3075298233598005e-07
ruler_vt_16k:0456,ruler_vt_16k,18,20260930,gaussian_bf16_scalar_bracket_binary_v1,8,7,True,2.670830332363039e-05,2.6708301731691457e-05,16,cuda:0,bfloat16,3.3075298233598005e-07,4.011686260962932e-10,0.9987871050375329,True,32,24,float32,3.3096881679739454e-07,0.0006525548458856907,True,3.3075298233598005e-07,False,0.001,19aa3c1152f5c239432dd83593993612b11a8cc664b87ce38030143f7400f068,"[2048, 6144]",1849356642092958265,3.3075298233598005e-07
ruler_vt_16k:0456,ruler_vt_16k,24,20260926,gaussian_bf16_scalar_bracket_binary_v1,32,7,True,3.334552118006151e-05,3.334551919251357e-05,40,cuda:0,bfloat16,4.4539567056745e-07,4.508746154208154e-10,0.9989876987020408,True,32,24,float32,4.46578951596166e-07,0.0026566962970440817,True,4.4539567056745e-07,False,0.001,a701baccccb0f22f21be7712d724800afc44486d343c03c446735b0d82134153,"[2048, 6144]",2810733031226143279,4.4539567056745e-07
ruler_vt_16k:0456,ruler_vt_16k,24,20260927,gaussian_bf16_scalar_bracket_binary_v1,7,7,True,3.3627373127842475e-05,3.3627373127842475e-05,15,cuda:0,bfloat16,4.4539567056745e-07,3.6813757597897734e-10,0.9991734594646824,True,32,24,float32,4.4511554619930394e-07,0.0006289337473558588,True,4.4539567056745e-07,False,0.001,4cfcec9bc2f24c0877d0b1f351b26338b973a539850d36b02ddf6363ba8c66ed,"[2048, 6144]",5547568994748353544,4.4539567056745e-07
ruler_vt_16k:0456,ruler_vt_16k,24,20260928,gaussian_bf16_scalar_bracket_binary_v1,32,7,True,3.4170199101346554e-05,3.4170199101346554e-05,40,cuda:0,bfloat16,4.4539567056745e-07,7.316589556438657e-10,0.9983572831888741,True,32,24,float32,4.4675695676232863e-07,0.003056352553100265,True,4.4539567056745e-07,False,0.001,0ad4ee922a4705df9d9848292a3499b5fa5e41a6a1891876b0972b1abed16e07,"[2048, 6144]",780510946983871967,4.4539567056745e-07
ruler_vt_16k:0456,ruler_vt_16k,24,20260929,gaussian_bf16_scalar_bracket_binary_v1,8,7,True,3.396141988076806e-05,3.396141988076806e-05,16,cuda:0,bfloat16,4.4539567056745e-07,6.376330019541854e-10,0.9985683897619799,True,32,24,float32,4.4551208588927693e-07,0.000261375063836201,True,4.4539567056745e-07,False,0.001,ff6bfd82c7d8bd7db5bb6a8f277a36ccee50934191e6c797e3198e9a8ad89eab,"[2048, 6144]",9181711003465334141,4.4539567056745e-07
ruler_vt_16k:0456,ruler_vt_16k,24,20260930,gaussian_bf16_scalar_bracket_binary_v1,7,7,True,3.2736581786707575e-05,3.2736579835455244e-05,15,cuda:0,bfloat16,4.4539567056745e-07,5.936039992882058e-10,0.9986672434455146,True,32,24,float32,4.455232840427925e-07,0.00028651709878528873,True,4.4539567056745e-07,False,0.001,630fee3e60d8dc229dbf67f091e1baab0a7a3c67db0fe5c552a52d433688eb6a,"[2048, 6144]",7138185886085733410,4.4539567056745e-07
ruler_vt_16k:0470,ruler_vt_16k,6,20260926,gaussian_bf16_scalar_bracket_binary_v1,9,7,True,2.298156319469058e-05,2.298156182488267e-05,17,cuda:0,bfloat16,2.7646993316921e-07,2.4695417932818486e-10,0.9991067593625921,True,32,24,float32,2.764206783467671e-07,0.00017815616287194725,True,2.7646993316921e-07,False,0.001,4440e6e52e716072e733e42087a470ab05a2f2c61d4ded94588427fe1db4f8ef,"[2048, 6144]",4918184665089663090,2.7646993316921e-07
ruler_vt_16k:0470,ruler_vt_16k,6,20260927,gaussian_bf16_scalar_bracket_binary_v1,8,7,True,2.301612193633673e-05,2.301612193633673e-05,16,cuda:0,bfloat16,2.7646993316921e-07,3.588161157086489e-10,0.9987021513999895,True,32,24,float32,2.7621516096587584e-07,0.0009215186635799972,True,2.7646993316921e-07,False,0.001,bed91d795d3f546fa1b838112ddf486b60559b17d6473590f4ff2b20d9fbc3c5,"[2048, 6144]",4528683307390424175,2.7646993316921e-07
ruler_vt_16k:0470,ruler_vt_16k,6,20260928,gaussian_bf16_scalar_bracket_binary_v1,8,7,True,2.412200166901357e-05,2.412200166901357e-05,16,cuda:0,bfloat16,2.7646993316921e-07,2.7301813587676804e-10,0.9990124852538317,True,32,24,float32,2.7638859023682016e-07,0.0002942198142755413,True,2.7646993316921e-07,False,0.001,5579659659f79669530022148e5159f07618aa1c4d0fccda8021027c935bb15c,"[2048, 6144]",6159065661834761833,2.7646993316921e-07
ruler_vt_16k:0470,ruler_vt_16k,6,20260929,gaussian_bf16_scalar_bracket_binary_v1,7,7,True,2.3638179285967453e-05,2.3638177877022173e-05,15,cuda:0,bfloat16,2.7646993316921e-07,3.772287482384229e-10,0.9986355523585723,True,32,24,float32,2.766358875305741e-07,0.0006002618782511829,True,2.7646993316921e-07,False,0.001,6301e5e79906e84fd50e2cc4bf4b24d3ed193b0171d56601c26194131bc5be32,"[2048, 6144]",7134236067599149135,2.7646993316921e-07
ruler_vt_16k:0470,ruler_vt_16k,6,20260930,gaussian_bf16_scalar_bracket_binary_v1,32,7,True,2.4283995770479905e-05,2.4283995770479905e-05,40,cuda:0,bfloat16,2.7646993316921e-07,2.9103830456733704e-10,0.9989473057658346,True,32,24,float32,2.772332265976729e-07,0.002760855112573004,True,2.7646993316921e-07,False,0.001,0ce6cffcea83f0ff91c7f4ee910c70ca0e5fba8864d08179d43d0a80a1a5639a,"[2048, 6144]",929659058271809791,2.7646993316921e-07
ruler_vt_16k:0477,ruler_vt_16k,0,20260926,gaussian_bf16_scalar_bracket_binary_v1,5,7,True,2.1964904846072386e-05,2.1964902227651684e-05,13,cuda:0,bfloat16,2.2413168210277945e-07,1.678208683131288e-10,0.9992512398660526,True,32,24,float32,2.2401466992505448e-07,0.00052206888659014,True,2.2413168210277945e-07,False,0.001,46eaa13b1bd48146ba217f82104911e4bf23eb1ab35dae3ed97d68fe928b2590,"[2048, 6144]",5110074002447302982,2.2413168210277945e-07
ruler_vt_16k:0477,ruler_vt_16k,0,20260927,gaussian_bf16_scalar_bracket_binary_v1,6,7,True,2.1292509799764048e-05,2.1292508530631564e-05,14,cuda:0,bfloat16,2.2413168210277945e-07,3.573376872179068e-10,0.9984056797153111,True,32,24,float32,2.2409803079881385e-07,0.00015014077282553457,True,2.2413168210277945e-07,False,0.001,4c3bb0e35f9722705bb2dc5c5f14df402a8991d26d4390d7d066f51f918cd040,"[2048, 6144]",5493178661116256880,2.2413168210277945e-07
ruler_vt_16k:0477,ruler_vt_16k,0,20260928,gaussian_bf16_scalar_bracket_binary_v1,8,7,True,2.17968060844953e-05,2.17968060844953e-05,16,cuda:0,bfloat16,2.2413168210277945e-07,1.059395418612219e-10,0.9995273334815171,True,32,24,float32,2.2412652356251783e-07,2.3015667455941322e-05,True,2.2413168210277945e-07,False,0.001,34eb5c21b2ca4fc49bd905591d549621f17aa7ca5d8ee868cce173189b1691e4,"[2048, 6144]",3813242809302536132,2.2413168210277945e-07
ruler_vt_16k:0477,ruler_vt_16k,0,20260929,gaussian_bf16_scalar_bracket_binary_v1,32,7,True,2.0543945002116093e-05,2.0543942553087005e-05,40,cuda:0,bfloat16,2.2413168210277945e-07,2.7146246361908766e-10,0.9987888260103513,True,32,24,float32,2.2350408812599198e-07,0.0028001127323877043,True,2.2413168210277945e-07,False,0.001,59c2bebe17dc54acebdb57b09059eb0b851a0e3259feaa8d600afa86083980f2,"[2048, 6144]",6467941738510832812,2.2413168210277945e-07
ruler_vt_16k:0477,ruler_vt_16k,0,20260930,gaussian_bf16_scalar_bracket_binary_v1,32,7,True,2.1180443958712658e-05,2.1180443958712658e-05,40,cuda:0,bfloat16,2.2413168210277945e-07,3.732786024723822e-10,0.9983345567258929,True,32,24,float32,2.2436834967720642e-07,0.0010559309250998533,True,2.2413168210277945e-07,False,0.001,fbaa52eba25b6e3ee7f1fdb9beef5183a4eeaf68373350faea1a6822f319a0f1,"[2048, 6144]",8911025984700640830,2.2413168210277945e-07
ruler_vt_16k:0485,ruler_vt_16k,0,20260926,gaussian_bf16_scalar_bracket_binary_v1,14,7,True,3.339685064995823e-05,3.339685064995823e-05,22,cuda:0,bfloat16,4.2052008097925864e-07,5.516308521080759e-10,0.9986882175737637,True,32,24,float32,4.204236461191613e-07,0.00022932284202170422,True,4.2052008097925864e-07,False,0.001,08610d0a864b5ef2afbef55eeea24d375462615c89bfb77842b01bdeab5573ee,"[2048, 6144]",603778163898277618,4.2052008097925864e-07
ruler_vt_16k:0485,ruler_vt_16k,0,20260927,gaussian_bf16_scalar_bracket_binary_v1,10,7,True,3.2301198720219304e-05,3.2301198720219304e-05,18,cuda:0,bfloat16,4.2052008097925864e-07,2.524662978675707e-10,0.9993996331940209,True,32,24,float32,4.2086588791789836e-07,0.0008223315705505674,True,4.2052008097925864e-07,False,0.001,56ffb87f902d623b2a049909980d0b8efad500dda9cfe5a2e406b3c06511f51a,"[2048, 6144]",6268932064342270523,4.2052008097925864e-07
ruler_vt_16k:0485,ruler_vt_16k,0,20260928,gaussian_bf16_scalar_bracket_binary_v1,4,7,True,3.1959526154423656e-05,3.195952234455125e-05,12,cuda:0,bfloat16,4.2052008097925864e-07,7.529122325600213e-10,0.9982095688966702,True,32,24,float32,4.2016290535684675e-07,0.0008493663883544819,True,4.2052008097925864e-07,False,0.001,65a1455e6534174ba70e68661f96dfb8b83fc3bb769d1efa73e02bbce44f90ec,"[2048, 6144]",7323210740808292171,4.2052008097925864e-07
ruler_vt_16k:0485,ruler_vt_16k,0,20260929,gaussian_bf16_scalar_bracket_binary_v1,9,7,True,3.327365140748384e-05,3.327364942421967e-05,17,cuda:0,bfloat16,4.2052008097925864e-07,4.0169612081086825e-10,0.9990447635226469,True,32,24,float32,4.2035611613755464e-07,0.000389909659776956,True,4.2052008097925864e-07,False,0.001,5384ab5013a4c3303669e236752766e451de9118412422b0fe39ae28e096064b,"[2048, 6144]",6018123362489123632,4.2052008097925864e-07
ruler_vt_16k:0485,ruler_vt_16k,0,20260930,gaussian_bf16_scalar_bracket_binary_v1,9,7,True,3.3589041468218284e-05,3.3589041468218284e-05,17,cuda:0,bfloat16,4.2052008097925864e-07,1.246208247707159e-09,0.9970365071632129,True,32,24,float32,4.208455379739462e-07,0.0007739392466815606,True,4.2052008097925864e-07,False,0.001,da8ba191fbc0f1e13d96ece3dc811e32c46d7b1e47171d757f4fa20ab72e7dee,"[2048, 6144]",6524486133542351329,4.2052008097925864e-07
ruler_vt_16k:0485,ruler_vt_16k,6,20260926,gaussian_bf16_scalar_bracket_binary_v1,8,7,True,2.6075313925844057e-05,2.6075313925844057e-05,16,cuda:0,bfloat16,3.2291410434481804e-07,3.188165009770927e-10,0.9990126894530545,True,32,24,float32,3.2276398087560665e-07,0.00046490217426702215,True,3.2291410434481804e-07,False,0.001,4f2fbdf00038abdec291f234aef50ad6a686b8f85b6240415faa78db6326eaf5,"[2048, 6144]",5705988091395222494,3.2291410434481804e-07
ruler_vt_16k:0485,ruler_vt_16k,6,20260927,gaussian_bf16_scalar_bracket_binary_v1,9,7,True,2.611567818888716e-05,2.611567663227144e-05,17,cuda:0,bfloat16,3.2291410434481804e-07,6.242076300289057e-10,0.9980669545813262,True,32,24,float32,3.226511182674585e-07,0.0008144149599569776,True,3.2291410434481804e-07,False,0.001,6846fcee39d939d08143ad3ffd03fee27649c27bef6ebecb8de48f978e978d69,"[2048, 6144]",7513971128417204688,3.2291410434481804e-07
ruler_vt_16k:0485,ruler_vt_16k,6,20260928,gaussian_bf16_scalar_bracket_binary_v1,9,7,True,2.611567818888716e-05,2.611567663227144e-05,17,cuda:0,bfloat16,3.2291410434481804e-07,1.4257907354764399e-10,0.999558461300918,True,32,24,float32,3.2294198604176927e-07,8.634400472471578e-05,True,3.2291410434481804e-07,False,0.001,e33f7529378712eee734552d19bb4a230958d7ccfa3aa69c3e217ba063a19e5c,"[2048, 6144]",7151563553173345006,3.2291410434481804e-07
ruler_vt_16k:0485,ruler_vt_16k,6,20260929,gaussian_bf16_scalar_bracket_binary_v1,15,7,True,2.5850157021056752e-05,2.5850155480267324e-05,23,cuda:0,bfloat16,3.2291410434481804e-07,2.1779313075231954e-10,0.9993255385013479,True,32,24,float32,3.22629688298548e-07,0.0008807792612438642,True,3.2291410434481804e-07,False,0.001,419a5cb24c5a86416787e816f1eb40af59792ee80b4c6ab2a44c4abe6447b483,"[2048, 6144]",4727192679733691969,3.2291410434481804e-07
ruler_vt_16k:0485,ruler_vt_16k,6,20260930,gaussian_bf16_scalar_bracket_binary_v1,8,7,True,2.4945114560637194e-05,2.4945113073792502e-05,16,cuda:0,bfloat16,3.2291410434481804e-07,4.0745362639427185e-10,0.9987381981124022,True,32,24,float32,3.229917240332725e-07,0.00024037255545687948,True,3.2291410434481804e-07,False,0.001,fe6db2e62292d88157d6d0e436c2ec4bb51dafa7c150ed498329f41a2f4eced3,"[2048, 6144]",9110134322732652673,3.2291410434481804e-07
ruler_vt_16k:0485,ruler_vt_16k,12,20260926,gaussian_bf16_scalar_bracket_binary_v1,7,7,True,2.0945066033561943e-05,2.0945066033561943e-05,15,cuda:0,bfloat16,2.2401140142846998e-07,1.8917489796876907e-10,0.9991555121892794,True,32,24,float32,2.2391913034880417e-07,0.00041190349722118976,True,2.2401140142846998e-07,False,0.001,f999d5002c0b15827b467d286edeef83069b76c2784cefd1c72d14bc6133a21e,"[2048, 6144]",8762268746741650818,2.2401140142846998e-07
ruler_vt_16k:0485,ruler_vt_16k,12,20260927,gaussian_bf16_scalar_bracket_binary_v1,8,7,True,1.92089776724913e-05,1.92089776724913e-05,16,cuda:0,bfloat16,2.2401140142846998e-07,3.541381354832396e-10,0.9984191066471395,True,32,24,float32,2.2414951672544703e-07,0.0006165547650535567,True,2.2401140142846998e-07,False,0.001,5cc1bfeaef5bde95c048bb140f320484266a084c781cc4a81220dc3742e9c9c2,"[2048, 6144]",6683834337753554581,2.2401140142846998e-07
ruler_vt_16k:0485,ruler_vt_16k,12,20260928,gaussian_bf16_scalar_bracket_binary_v1,32,7,True,2.0889063183204826e-05,2.0889063183204826e-05,40,cuda:0,bfloat16,2.2401140142846998e-07,3.135422754763084e-10,0.9986003289409515,True,32,24,float32,2.249718420443969e-07,0.004287463092514109,True,2.2401140142846998e-07,False,0.001,5022017db0fc518f73cc1d7604e1050eab1655b74c03fc85899f7043d9301f16,"[2048, 6144]",5774179311594262927,2.2401140142846998e-07
ruler_vt_16k:0485,ruler_vt_16k,12,20260929,gaussian_bf16_scalar_bracket_binary_v1,32,7,True,2.1851612173717783e-05,2.18516108712602e-05,40,cuda:0,bfloat16,2.2401140142846998e-07,2.7543128888751767e-10,0.9987704586144671,True,32,24,float32,2.2309215808036242e-07,0.004103556079046647,True,2.2401140142846998e-07,False,0.001,cba0678d2207d3243cab88d1da9e7ace51a4cba81131181b4afa0871de419d5a,"[2048, 6144]",5449469404977287972,2.2401140142846998e-07
ruler_vt_16k:0485,ruler_vt_16k,12,20260930,gaussian_bf16_scalar_bracket_binary_v1,32,7,True,2.0400788331653708e-05,2.0400788331653708e-05,40,cuda:0,bfloat16,2.2401140142846998e-07,2.36552555321623e-10,0.9989440155553995,True,32,24,float32,2.2432016066886717e-07,0.0013783193106614493,True,2.2401140142846998e-07,False,0.001,d1529eac0d62eb6e73ca2eb489b6c78eec283a2fd19942b1a3dc09402f4eef5b,"[2048, 6144]",5859920526958586734,2.2401140142846998e-07
ruler_vt_16k:0485,ruler_vt_16k,18,20260926,gaussian_bf16_scalar_bracket_binary_v1,2,7,True,2.823366457960219e-05,2.823366457960219e-05,10,cuda:0,bfloat16,3.529208072450274e-07,3.5999450642698605e-10,0.9989799566955625,True,32,24,float32,3.5268911346975074e-07,0.0006565035852810801,True,3.529208072450274e-07,False,0.001,b57508a65f991908bc89994cd3252bd91ff79571e7798bd4661e2507f5343bc0,"[2048, 6144]",3851994566946789640,3.529208072450274e-07
ruler_vt_16k:0485,ruler_vt_16k,18,20260927,gaussian_bf16_scalar_bracket_binary_v1,32,7,True,2.7726340919187464e-05,2.7726339266568762e-05,40,cuda:0,bfloat16,3.529208072450274e-07,3.8610595276544757e-10,0.99890596999429,True,32,24,float32,3.525186684782966e-07,0.0011394589337760063,True,3.529208072450274e-07,False,0.001,9129dcfb24e4dada69afec3fb006d1934f80331a8f3d445c48ab5733727277e9,"[2048, 6144]",1236762543903791834,3.529208072450274e-07
ruler_vt_16k:0485,ruler_vt_16k,18,20260928,gaussian_bf16_scalar_bracket_binary_v1,32,7,True,2.7753912857253482e-05,2.7753911202991367e-05,40,cuda:0,bfloat16,3.529208072450274e-07,4.001115272433964e-10,0.9988662852429508,True,32,24,float32,3.535166399615264e-07,0.0016882901327076255,True,3.529208072450274e-07,False,0.001,d3c2e999c1cc857bd24b07f1073b2c48e17841e86d35fc56064cae94ad4f4a12,"[2048, 6144]",6035643297220560251,3.529208072450274e-07
ruler_vt_16k:0485,ruler_vt_16k,18,20260929,gaussian_bf16_scalar_bracket_binary_v1,32,7,True,2.6935715595144405e-05,2.6935712384156885e-05,40,cuda:0,bfloat16,3.529208072450274e-07,4.91329199547863e-10,0.9986078202546819,True,32,24,float32,3.5340880799594743e-07,0.0013827485965746008,True,3.529208072450274e-07,False,0.001,95b27b31a10d527af075a920608ee565afcdad4a46890233663a70195a08ceb5,"[2048, 6144]",1563447473736602234,3.529208072450274e-07
ruler_vt_16k:0485,ruler_vt_16k,18,20260930,gaussian_bf16_scalar_bracket_binary_v1,9,7,True,2.8101319276885306e-05,2.8101319276885306e-05,17,cuda:0,bfloat16,3.529208072450274e-07,9.426227576270207e-10,0.9973290813738489,True,32,24,float32,3.5309855661580514e-07,0.000503652284390073,True,3.529208072450274e-07,False,0.001,a4a71cf2d51210eef2fb73f3846159e828401cfbb20e110274cd63a48c95a1c9,"[2048, 6144]",2641111535758479598,3.529208072450274e-07
ruler_vt_16k:0485,ruler_vt_16k,24,20260926,gaussian_bf16_scalar_bracket_binary_v1,11,6,True,9.833083591104241e-05,9.833083591104241e-05,18,cuda:0,bfloat16,2.2151261873659678e-06,6.9166770089168494e-09,0.9968775246085906,True,32,24,float32,2.216321036030422e-06,0.0005394043333824665,True,2.2151261873659678e-06,False,0.001,7ac36aa76246f897e8338430873ac47f4e946d24b486a6e71fb05833646a1a2c,"[2048, 6144]",8846031360226687127,2.2151261873659678e-06
ruler_vt_16k:0485,ruler_vt_16k,24,20260927,gaussian_bf16_scalar_bracket_binary_v1,10,6,True,9.711943877732665e-05,9.711945035486595e-05,17,cuda:0,bfloat16,2.2151261873659678e-06,8.877002244389587e-09,0.9959925523453157,True,32,24,float32,2.215086851720116e-06,1.7757744942943235e-05,True,2.2151261873659678e-06,False,0.001,64a13dcf9081404f3a8078cbff7b409602443ae030f6595c71794dc3e1c09a59,"[2048, 6144]",7251144836735123535,2.2151261873659678e-06
ruler_vt_16k:0485,ruler_vt_16k,24,20260928,gaussian_bf16_scalar_bracket_binary_v1,9,6,True,9.760399763081296e-05,9.760399181316135e-05,16,cuda:0,bfloat16,2.2151261873659678e-06,7.396038448348463e-09,0.9966611209372487,True,32,24,float32,2.214616415585624e-06,0.00023013216278658228,True,2.2151261873659678e-06,False,0.001,72c224ab624afe99a871a1597c49ab6844bd4d38036563520ed0d5acb691625a,"[2048, 6144]",8269212184312741529,2.2151261873659678e-06
ruler_vt_16k:0485,ruler_vt_16k,24,20260929,gaussian_bf16_scalar_bracket_binary_v1,8,6,True,9.829622456436482e-05,9.829621870545327e-05,15,cuda:0,bfloat16,2.2151261873659678e-06,8.873757728622422e-09,0.9959940170545434,True,32,24,float32,2.2143576643429697e-06,0.00034694322489681005,True,2.2151261873659678e-06,False,0.001,30642f3b51e0f8e58f846dc08f151c83a30c56691f6e7c7f26e5edcf5722630c,"[2048, 6144]",3486963943314880741,2.2151261873659678e-06
ruler_vt_16k:0485,ruler_vt_16k,24,20260930,gaussian_bf16_scalar_bracket_binary_v1,8,6,True,9.774244301752333e-05,9.774244301752333e-05,15,cuda:0,bfloat16,2.2151261873659678e-06,7.429632908895201e-09,0.9966459550019,True,32,24,float32,2.2161493689054623e-06,0.00046190666036557553,True,2.2151261873659678e-06,False,0.001,9424465654f0446096e8001ff3164c89fb6d79092d98506b2707b789db7a3809,"[2048, 6144]",1451362316526306400,2.2151261873659678e-06
ruler_vt_16k:0499,ruler_vt_16k,18,20260926,gaussian_bf16_scalar_bracket_binary_v1,32,7,True,1.9689924181776064e-05,1.9689924181776064e-05,40,cuda:0,bfloat16,2.1257677929042984e-07,2.968019996441029e-10,0.9986037891785038,True,32,24,float32,2.1280358453168446e-07,0.0010669332841135707,True,2.1257677929042984e-07,False,0.001,051733c6f84630168e1d34e0fb21076967f6d92d066fec97d8a23afdbde6c99a,"[2048, 6144]",366818824315875350,2.1257677929042984e-07
ruler_vt_16k:0499,ruler_vt_16k,18,20260927,gaussian_bf16_scalar_bracket_binary_v1,12,7,True,2.0563481884172674e-05,2.056348065849364e-05,20,cuda:0,bfloat16,2.1257677929042984e-07,1.1641532182693481e-10,0.9994523610611868,True,32,24,float32,2.1273966410717549e-07,0.0007662399312349465,True,2.1257677929042984e-07,False,0.001,2aac9041b772a79d7c42706de3615ec67d747503e671a5c03c820209a15db224,"[2048, 6144]",3074991257512224669,2.1257677929042984e-07
ruler_vt_16k:0499,ruler_vt_16k,18,20260928,gaussian_bf16_scalar_bracket_binary_v1,8,7,True,2.0035361448123012e-05,2.0035361448123012e-05,16,cuda:0,bfloat16,2.1257677929042984e-07,2.098707041486847e-10,0.9990127298717705,True,32,24,float32,2.1251122461762861e-07,0.00030838115536440487,True,2.1257677929042984e-07,False,0.001,1473e1fa5eca2df077a54a0326b04615235358f756a172469bb08c94f2945c68,"[2048, 6144]",1473769968528666096,2.1257677929042984e-07
ruler_vt_16k:0499,ruler_vt_16k,18,20260929,gaussian_bf16_scalar_bracket_binary_v1,7,7,True,2.008850564294562e-05,2.008850564294562e-05,15,cuda:0,bfloat16,2.1257677929042984e-07,2.098707041486847e-10,0.9990127298717705,True,32,24,float32,2.124843803130716e-07,0.0004346616675004033,True,2.1257677929042984e-07,False,0.001,bcce5701c5f94447d59e39ea1981913f633596298c77e9a2505037fdaa895c4a,"[2048, 6144]",4381535152606102599,2.1257677929042984e-07
ruler_vt_16k:0499,ruler_vt_16k,18,20260930,gaussian_bf16_scalar_bracket_binary_v1,9,7,True,1.8839617064614345e-05,1.8839617064614345e-05,17,cuda:0,bfloat16,2.1257677929042984e-07,3.0937796768881753e-10,0.9985446295276393,True,32,24,float32,2.123756672745003e-07,0.0009460676589458178,True,2.1257677929042984e-07,False,0.001,54f7b9174f834bd29e9d0eafb6cd24221e7ec5417bb9bbafbb3e87df14b41add,"[2048, 6144]",6122565728202869714,2.1257677929042984e-07
