sample_id,task,layer,seed,algorithm_version,binary_steps,bracket_steps,bracketed,calibrated_alpha,calibrated_proposed_norm,calibration_iterations,device,execution_dtype,initial_proposed_norm,initial_realized_norm,initial_relative_norm_error,matched_within_1pct,max_binary_steps,max_bracket_steps,norm_dtype,realized_norm,relative_norm_error,represented_nonzero,requested_norm,reward_used,search_relative_tolerance,seed_payload_sha256,shape,subseed,target_norm
ruler_fwe_16k:0010,ruler_fwe_16k,18,20260926,gaussian_bf16_scalar_bracket_binary_v1,7,7,True,1.9020544293368857e-05,1.9020544293368857e-05,15,cuda:0,bfloat16,1.971040859416462e-07,2.1779313075231954e-10,0.9988950349267909,True,32,24,float32,1.9728753386516473e-07,0.0009307159851209451,True,1.971040859416462e-07,False,0.001,fd3e6a17b5e05da8b0d0900d707c7395a55d429f913ce32ca1e8ea7cd16312c0,"[2048, 6144]",9024767353365224872,1.971040859416462e-07
ruler_fwe_16k:0010,ruler_fwe_16k,18,20260927,gaussian_bf16_scalar_bracket_binary_v1,5,7,True,1.9316200422281327e-05,1.931619927094606e-05,13,cuda:0,bfloat16,1.971040859416462e-07,2.098707041486847e-10,0.998935229053492,True,32,24,float32,1.970064005263339e-07,0.0004956031979023454,True,1.971040859416462e-07,False,0.001,0655eb348298aabc3b253d9c1a8d44c30b80a5a5755d722face4b4ab32342cb7,"[2048, 6144]",456529548009843388,1.971040859416462e-07
ruler_fwe_16k:0010,ruler_fwe_16k,18,20260928,gaussian_bf16_scalar_bracket_binary_v1,32,7,True,1.9279243406167268e-05,1.9279243406167268e-05,40,cuda:0,bfloat16,1.971040859416462e-07,1.9523442584823414e-10,0.9990094856485825,True,32,24,float32,1.9811912466138892e-07,0.005149759909306201,True,1.971040859416462e-07,False,0.001,0d8371d8d55af5619f0d02c6e866338102c3094ba975914c9ec1f036f587d46d,"[2048, 6144]",973747120548541793,1.971040859416462e-07
ruler_fwe_16k:0010,ruler_fwe_16k,18,20260929,gaussian_bf16_scalar_bracket_binary_v1,32,7,True,1.860169811074286e-05,1.860169811074286e-05,40,cuda:0,bfloat16,1.971040859416462e-07,2.8515814709528797e-10,0.9985532611070289,True,32,24,float32,1.9736829415251123e-07,0.0013404501971778302,True,1.971040859416462e-07,False,0.001,a91e3c5f6ec5dcb5cda4a17d22b5949dfd6287cf15718e6fff3c960b7743a1e4,"[2048, 6144]",2962871985434385589,1.971040859416462e-07
ruler_fwe_16k:0010,ruler_fwe_16k,18,20260930,gaussian_bf16_scalar_bracket_binary_v1,12,7,True,1.9374715697795253e-05,1.9374715697795253e-05,20,cuda:0,bfloat16,1.971040859416462e-07,2.982255276062773e-10,0.9984869642545382,True,32,24,float32,1.969966945125634e-07,0.0005448462855030586,True,1.971040859416462e-07,False,0.001,cab0dad6512ebe8c34edb6fa3d109825d5fe32f6e307bf2b16b4b42c6e5e7abc,"[2048, 6144]",5382042168727617164,1.971040859416462e-07
ruler_fwe_16k:0088,ruler_fwe_16k,6,20260926,gaussian_bf16_scalar_bracket_binary_v1,11,6,True,4.62026615686284e-05,4.620265881473517e-05,18,cuda:0,bfloat16,7.841342721803812e-07,1.1699594626435328e-09,0.9985079603020152,True,32,24,float32,7.839504405637854e-07,0.00023443895148810015,True,7.841342721803812e-07,False,0.001,791a64f0a90e2389071c4f1b19286e735fb689416f9448e489593945663f9bdc,"[2048, 6144]",8726398212774962057,7.841342721803812e-07
ruler_fwe_16k:0088,ruler_fwe_16k,6,20260927,gaussian_bf16_scalar_bracket_binary_v1,7,6,True,4.645995562668759e-05,4.645995285745843e-05,14,cuda:0,bfloat16,7.841342721803812e-07,2.048049507763494e-09,0.9973881392761107,True,32,24,float32,7.847553433748544e-07,0.0007920469956583124,True,7.841342721803812e-07,False,0.001,2c99b0ad9c5988cf55f58a6609ed92fb4bbddb9f2e66dc81636a77fca2647bd3,"[2048, 6144]",3213794068804503759,7.841342721803812e-07
ruler_fwe_16k:0088,ruler_fwe_16k,6,20260928,gaussian_bf16_scalar_bracket_binary_v1,32,6,True,4.519798953239729e-05,4.519798953239729e-05,39,cuda:0,bfloat16,7.841342721803812e-07,1.1583177750296159e-09,0.9985228068506574,True,32,24,float32,7.832826440790086e-07,0.0010860743262816068,True,7.841342721803812e-07,False,0.001,416970163b9ddbae5ec8b6e4df6a5000ef0023f0e2a2d17bea9a23341c1d93b4,"[2048, 6144]",4713421725811727278,7.841342721803812e-07
ruler_fwe_16k:0088,ruler_fwe_16k,6,20260929,gaussian_bf16_scalar_bracket_binary_v1,6,6,True,4.8224257739093446e-05,4.8224257739093446e-05,13,cuda:0,bfloat16,7.841342721803812e-07,1.9392849548438562e-09,0.9975268458175518,True,32,24,float32,7.847811502870172e-07,0.0008249583388789672,True,7.841342721803812e-07,False,0.001,22194d156ea7d9b0e369980cbec22ab2e9f690942eb861caa1c2ecdba7795355,"[2048, 6144]",2457079826153462192,7.841342721803812e-07
ruler_fwe_16k:0088,ruler_fwe_16k,6,20260930,gaussian_bf16_scalar_bracket_binary_v1,10,6,True,4.619040947062558e-05,4.619040947062558e-05,17,cuda:0,bfloat16,7.841342721803812e-07,2.048049507763494e-09,0.9973881392761107,True,32,24,float32,7.834398729755776e-07,0.0008855616052500407,True,7.841342721803812e-07,False,0.001,6ff5a6b1eeeb537a68237c8d9284d0acd0912a8c17e4dc81797279275e9dbdeb,"[2048, 6144]",8067537590651933562,7.841342721803812e-07
ruler_fwe_16k:0108,ruler_fwe_16k,0,20260926,gaussian_bf16_scalar_bracket_binary_v1,10,7,True,3.861222550938237e-05,3.861222550938237e-05,18,cuda:0,bfloat16,5.560716545005562e-07,1.0108083259297018e-09,0.9981822336784321,True,32,24,float32,5.564475031860638e-07,0.0006758997378588494,True,5.560716545005562e-07,False,0.001,bcb931c2fbe4cdef49b9950bf822190a9072eccce94ac55967f6f41e61a08cc7,"[2048, 6144]",4375583226486640111,5.560716545005562e-07
ruler_fwe_16k:0108,ruler_fwe_16k,0,20260927,gaussian_bf16_scalar_bracket_binary_v1,14,7,True,3.9943756463323155e-05,3.9943756463323155e-05,22,cuda:0,bfloat16,5.560716545005562e-07,6.134283636605176e-10,0.998896853744125,True,32,24,float32,5.558595717047865e-07,0.0003813947250380168,True,5.560716545005562e-07,False,0.001,19f24586e602221845da603106361aa5f7cc7646ba1160e107f66e3d75f460df,"[2048, 6144]",1869633240999010840,5.560716545005562e-07
ruler_fwe_16k:0108,ruler_fwe_16k,0,20260928,gaussian_bf16_scalar_bracket_binary_v1,10,7,True,3.993289568882119e-05,3.993289568882119e-05,18,cuda:0,bfloat16,5.560716545005562e-07,8.999862521896773e-10,0.998381528270852,True,32,24,float32,5.558587758969225e-07,0.00038282584970982924,True,5.560716545005562e-07,False,0.001,e48fad9c6b0cdea007c5bb89f8342b5fe51fe464c4c83c897c0cd8cbbb4aee79,"[2048, 6144]",7246201212784926368,5.560716545005562e-07
ruler_fwe_16k:0108,ruler_fwe_16k,0,20260929,gaussian_bf16_scalar_bracket_binary_v1,9,7,True,3.885550685822636e-05,3.885550685822636e-05,17,cuda:0,bfloat16,5.560716545005562e-07,9.12023234711512e-10,0.9983598818113996,True,32,24,float32,5.556847781917895e-07,0.0006957310368825362,True,5.560716545005562e-07,False,0.001,f2534efca03bb74d9f0d3bfb3e5fac9bee5b31f514a8867662ad5aafa53a63e2,"[2048, 6144]",8238014990317762381,5.560716545005562e-07
ruler_fwe_16k:0108,ruler_fwe_16k,0,20260930,gaussian_bf16_scalar_bracket_binary_v1,9,7,True,3.927256059910178e-05,3.927256059910178e-05,17,cuda:0,bfloat16,5.560716545005562e-07,1.0929447347152177e-09,0.9980345253604108,True,32,24,float32,5.562990281759994e-07,0.00040889276337498454,True,5.560716545005562e-07,False,0.001,d9fc4b4e1f0d0bbc2cd7d222b16c37e4667f0625e83cd6a5efb02a4e9348fd36,"[2048, 6144]",6484140362407152572,5.560716545005562e-07
ruler_fwe_16k:0108,ruler_fwe_16k,6,20260926,gaussian_bf16_scalar_bracket_binary_v1,32,6,True,4.2265049709333535e-05,4.2265049709333535e-05,39,cuda:0,bfloat16,6.66462540266366e-07,9.80959868890352e-10,0.9985281095191062,True,32,24,float32,6.652703063991794e-07,0.001788898542909982,True,6.66462540266366e-07,False,0.001,5bab6b7a3c1375b7677db855949897ac56c5e4c79f933879e656c63440936d99,"[2048, 6144]",6605491451207054775,6.66462540266366e-07
ruler_fwe_16k:0108,ruler_fwe_16k,6,20260927,gaussian_bf16_scalar_bracket_binary_v1,32,6,True,4.252864085074748e-05,4.252863831584295e-05,39,cuda:0,bfloat16,6.66462540266366e-07,1.6441893402330265e-09,0.9975329606078447,True,32,24,float32,6.657636504314723e-07,0.001048655839853067,True,6.66462540266366e-07,False,0.001,8ff4d645b5872cf34a1843f45ebeed89fa0c257b706fb61eae5362e03ca63e79,"[2048, 6144]",1149779399772941555,6.66462540266366e-07
ruler_fwe_16k:0108,ruler_fwe_16k,6,20260928,gaussian_bf16_scalar_bracket_binary_v1,8,6,True,4.2237063489380944e-05,4.2237063489380944e-05,15,cuda:0,bfloat16,6.66462540266366e-07,1.304488073117227e-09,0.9980426685757975,True,32,24,float32,6.65949585254566e-07,0.0007696681820930523,True,6.66462540266366e-07,False,0.001,b678e9bcb5c978d359659855cac3405e3b29faea45828c5d94c45da3c551b30e,"[2048, 6144]",3925144071966390483,6.66462540266366e-07
ruler_fwe_16k:0108,ruler_fwe_16k,6,20260929,gaussian_bf16_scalar_bracket_binary_v1,7,6,True,4.148729313158128e-05,4.148729065874591e-05,14,cuda:0,bfloat16,6.66462540266366e-07,1.563230656032033e-09,0.9976544358285955,True,32,24,float32,6.660896474386391e-07,0.0005595105579045238,True,6.66462540266366e-07,False,0.001,ab24d9c613cdf18c9b05ec06a32c40ea52529ae5157aa6c57bc91837908affdc,"[2048, 6144]",3108849087551500684,6.66462540266366e-07
ruler_fwe_16k:0108,ruler_fwe_16k,6,20260930,gaussian_bf16_scalar_bracket_binary_v1,32,6,True,4.2345754157568916e-05,4.234575920557618e-05,39,cuda:0,bfloat16,6.66462540266366e-07,1.1693258583633792e-09,0.9982454739948384,True,32,24,float32,6.677590249637433e-07,0.0019453226836412163,True,6.66462540266366e-07,False,0.001,814c9c9e6fb71a85b9ba58356d9cc2eb949fbc71e1efd1588d488c36ad88fb24,"[2048, 6144]",93621896560974469,6.66462540266366e-07
ruler_fwe_16k:0108,ruler_fwe_16k,12,20260926,gaussian_bf16_scalar_bracket_binary_v1,11,7,True,3.0258927765203225e-05,3.0258925961630584e-05,19,cuda:0,bfloat16,4.022790562885348e-07,6.489893067396224e-10,0.9983867186307752,True,32,24,float32,4.0238487031274417e-07,0.00026303637376910564,True,4.022790562885348e-07,False,0.001,a9ef88d0954e05d5bd2b403c150b57fc14c08bdfe2350c5b997b0835aa8f1c59,"[2048, 6144]",3021784304428385749,4.022790562885348e-07
ruler_fwe_16k:0108,ruler_fwe_16k,12,20260927,gaussian_bf16_scalar_bracket_binary_v1,9,7,True,3.082463268810898e-05,3.082463268810898e-05,17,cuda:0,bfloat16,4.022790562885348e-07,7.828863668457586e-10,0.9980538724186421,True,32,24,float32,4.025544910746248e-07,0.0006846858711244703,True,4.022790562885348e-07,False,0.001,9f727b4fbc52c10fcbf932a2cb07e8124a5663c77296626baac77d9294819bf8,"[2048, 6144]",2266009144912953615,4.022790562885348e-07
ruler_fwe_16k:0108,ruler_fwe_16k,12,20260928,gaussian_bf16_scalar_bracket_binary_v1,32,7,True,3.005621683449533e-05,3.005621683449533e-05,40,cuda:0,bfloat16,4.022790562885348e-07,5.480805809199296e-10,0.998637561234292,True,32,24,float32,4.027120894534164e-07,0.0010764496886237157,True,4.022790562885348e-07,False,0.001,e261aaae08a37882f6bd9e9aaf445643dae925f2e5b48d6e8775fea55c6444ec,"[2048, 6144]",7089134952903833730,4.022790562885348e-07
ruler_fwe_16k:0108,ruler_fwe_16k,12,20260929,gaussian_bf16_scalar_bracket_binary_v1,9,7,True,2.9718365283315507e-05,2.9718365283315507e-05,17,cuda:0,bfloat16,4.022790562885348e-07,6.571619914907956e-10,0.9983664026719317,True,32,24,float32,4.019731250082259e-07,0.000760495172508905,True,4.022790562885348e-07,False,0.001,4f0c28fdab0f32a600b27d24be29074bbd9a7c8207da9dd54507a18a24ce6b1a,"[2048, 6144]",5695972698678571686,4.022790562885348e-07
ruler_fwe_16k:0108,ruler_fwe_16k,12,20260930,gaussian_bf16_scalar_bracket_binary_v1,6,7,True,3.097548733421718e-05,3.097548733421718e-05,14,cuda:0,bfloat16,4.022790562885348e-07,8.134198314913021e-10,0.9979779712148179,True,32,24,float32,4.021626978101267e-07,0.0002892481639029596,True,4.022790562885348e-07,False,0.001,395b8be20e15dfbf89c554e0beaf67ccd8ffaade22dc126a47e88ca030ee08a7,"[2048, 6144]",4133050886057746367,4.022790562885348e-07
ruler_fwe_16k:0108,ruler_fwe_16k,18,20260926,gaussian_bf16_scalar_bracket_binary_v1,8,6,True,5.114345344736648e-05,5.114345344736648e-05,15,cuda:0,bfloat16,8.952902135206386e-07,1.2808992755353188e-09,0.9985692915479347,True,32,24,float32,8.957428576650273e-07,0.00050558370632539,True,8.952902135206386e-07,False,0.001,f025d6a6f38e1f3931accb5631be71ceba82e1ba3102f555be34ec752b26eff1,"[2048, 6144]",8081101118925315897,8.952902135206386e-07
ruler_fwe_16k:0108,ruler_fwe_16k,18,20260927,gaussian_bf16_scalar_bracket_binary_v1,32,6,True,5.141623718429855e-05,5.141623718429855e-05,39,cuda:0,bfloat16,8.952902135206386e-07,1.9620818303422993e-09,0.997808440435614,True,32,24,float32,8.985663271232625e-07,0.003659275565786453,True,8.952902135206386e-07,False,0.001,1ebc2bcc9197d79e9dff139004ed0f436d86eb44068e05496f434f2617f8e85e,"[2048, 6144]",2214693274375411614,8.952902135206386e-07
ruler_fwe_16k:0108,ruler_fwe_16k,18,20260928,gaussian_bf16_scalar_bracket_binary_v1,32,6,True,5.226956066906041e-05,5.2269557553551814e-05,39,cuda:0,bfloat16,8.952902135206386e-07,2.28293539628055e-09,0.9974500610396453,True,32,24,float32,8.943696343521879e-07,0.001028246656277746,True,8.952902135206386e-07,False,0.001,8c8ab0d5f1e3e907f5ab00aeeb3ed6fb5ecbc095afbd8981860011c0759335df,"[2048, 6144]",903729108173973767,8.952902135206386e-07
ruler_fwe_16k:0108,ruler_fwe_16k,18,20260929,gaussian_bf16_scalar_bracket_binary_v1,8,6,True,5.360550153454824e-05,5.360550153454824e-05,15,cuda:0,bfloat16,8.952902135206386e-07,2.6407616093848674e-09,0.9970503848143271,True,32,24,float32,8.954129384619591e-07,0.00013707839029970074,True,8.952902135206386e-07,False,0.001,3b1047c692aa03bb598d54549a6c58da91d5fb0d98edc00d7fec3719ec654cdd,"[2048, 6144]",4255980566054831035,8.952902135206386e-07
ruler_fwe_16k:0108,ruler_fwe_16k,18,20260930,gaussian_bf16_scalar_bracket_binary_v1,6,6,True,5.416505791799864e-05,5.416505791799864e-05,13,cuda:0,bfloat16,8.952902135206386e-07,2.0600086081401514e-09,0.9976990605090618,True,32,24,float32,8.944429055190994e-07,0.0009464059684147009,True,8.952902135206386e-07,False,0.001,67541f063465adf9cff9e2ad6fc6b7e6cc6d78f785c0bce7ed07bb7b63322dc8,"[2048, 6144]",7445610195459616249,8.952902135206386e-07
ruler_fwe_16k:0108,ruler_fwe_16k,24,20260926,gaussian_bf16_scalar_bracket_binary_v1,7,7,True,3.687996468215715e-05,3.687996248393996e-05,15,cuda:0,bfloat16,5.017682269681245e-07,7.544574964768458e-10,0.9984964024106596,True,32,24,float32,5.021975084673613e-07,0.0008555374297625521,True,5.017682269681245e-07,False,0.001,1fa79fb3161b64112bd2852c1d63e053e751c53c2e640f58463f81f28f66684f,"[2048, 6144]",2280967327805301777,5.017682269681245e-07
ruler_fwe_16k:0108,ruler_fwe_16k,24,20260927,gaussian_bf16_scalar_bracket_binary_v1,7,7,True,3.537466000125278e-05,3.537466000125278e-05,15,cuda:0,bfloat16,5.017682269681245e-07,3.904688516964683e-10,0.9992218143144379,True,32,24,float32,5.012805104342988e-07,0.0009719956498096792,True,5.017682269681245e-07,False,0.001,2d76c396e0334ca9a15de48fd995b231be6e081640cc315d1e8bab0549b54ba3,"[2048, 6144]",3276020831732583593,5.017682269681245e-07
ruler_fwe_16k:0108,ruler_fwe_16k,24,20260928,gaussian_bf16_scalar_bracket_binary_v1,8,7,True,3.575098617147887e-05,3.575098404055404e-05,16,cuda:0,bfloat16,5.017682269681245e-07,3.29272248356105e-10,0.9993437762084983,True,32,24,float32,5.016887030251382e-07,0.0001584874025738626,True,5.017682269681245e-07,False,0.001,49f64f429eb83af1f33fa097c71dfd2f45cb3cb16e3e3f957477d0cd29fcb4f0,"[2048, 6144]",5329534356588870385,5.017682269681245e-07
ruler_fwe_16k:0108,ruler_fwe_16k,24,20260929,gaussian_bf16_scalar_bracket_binary_v1,9,7,True,3.644091748356004e-05,3.644091748356004e-05,17,cuda:0,bfloat16,5.017682269681245e-07,4.4329634407702656e-10,0.9991165316569453,True,32,24,float32,5.021049105380371e-07,0.0006709941997462389,True,5.017682269681245e-07,False,0.001,efe0776df32575d4fa31d9a130441533b4556d7bb22512a975ff5243ab73358e,"[2048, 6144]",8061574647107646932,5.017682269681245e-07
ruler_fwe_16k:0108,ruler_fwe_16k,24,20260930,gaussian_bf16_scalar_bracket_binary_v1,9,7,True,3.6566359540302074e-05,3.6566359540302074e-05,17,cuda:0,bfloat16,5.017682269681245e-07,9.27677434869878e-10,0.9981511833850556,True,32,24,float32,5.013852160118404e-07,0.0007633224578575313,True,5.017682269681245e-07,False,0.001,c4c93afc2236bb285d10d088aa8f212f2659a87cba19f116c3109eacf420ccde,"[2048, 6144]",4956557719478123304,5.017682269681245e-07
ruler_fwe_16k:0227,ruler_fwe_16k,0,20260926,gaussian_bf16_scalar_bracket_binary_v1,32,7,True,2.988605364961927e-05,2.988605364961927e-05,40,cuda:0,bfloat16,3.692485393003153e-07,7.230706033922729e-10,0.9980417780263602,True,32,24,float32,3.687396201712545e-07,0.00137825630949051,True,3.692485393003153e-07,False,0.001,6d253ecd5406e0c5414da2d7acaeb2f2c8957722174cca3efa65d9bfbd2f8211,"[2048, 6144]",7864761375871393989,3.692485393003153e-07
ruler_fwe_16k:0227,ruler_fwe_16k,0,20260927,gaussian_bf16_scalar_bracket_binary_v1,10,7,True,2.9701429379969113e-05,2.9701429379969113e-05,18,cuda:0,bfloat16,3.692485393003153e-07,4.883029536273398e-10,0.998677576478562,True,32,24,float32,3.690352059493307e-07,0.0005777500200511431,True,3.692485393003153e-07,False,0.001,5ab28306936c4a8c563409268e414c4dafe42166d710f811460f3123adf59643,"[2048, 6144]",6535430073534401164,3.692485393003153e-07
ruler_fwe_16k:0227,ruler_fwe_16k,0,20260928,gaussian_bf16_scalar_bracket_binary_v1,8,7,True,2.981681954850046e-05,2.9816817771279523e-05,16,cuda:0,bfloat16,3.692485393003153e-07,2.675337174018466e-10,0.9992754643852924,True,32,24,float32,3.6925089830219804e-07,6.388655963794948e-06,True,3.692485393003153e-07,False,0.001,3019d3ee568666ac3f9d8d4131ad9e2f594031d1c44e4546060f9fbaf08be5c2,"[2048, 6144]",3466034408845633196,3.692485393003153e-07
ruler_fwe_16k:0227,ruler_fwe_16k,0,20260929,gaussian_bf16_scalar_bracket_binary_v1,7,7,True,3.0463004492276013e-05,3.0463004492276013e-05,15,cuda:0,bfloat16,3.692485393003153e-07,5.91101612101852e-10,0.9983991768438084,True,32,24,float32,3.6913834833285364e-07,0.000298419508091964,True,3.692485393003153e-07,False,0.001,b7292623e15fa2532089c7432c9787d7c4eed507ca2f43fd59d63d2d53a86ae0,"[2048, 6144]",3974750081678025299,3.692485393003153e-07
ruler_fwe_16k:0227,ruler_fwe_16k,0,20260930,gaussian_bf16_scalar_bracket_binary_v1,8,7,True,2.9447571009200146e-05,2.9447571009200146e-05,16,cuda:0,bfloat16,3.692485393003153e-07,3.052435526562647e-10,0.9991733384965187,True,32,24,float32,3.695592738495179e-07,0.0008415322367731345,True,3.692485393003153e-07,False,0.001,e1c5b8d2f1e22cf8ab6a034158fbebd09bd720e73a92e67b90d90706fcfe9620,"[2048, 6144]",7045240408231783672,3.692485393003153e-07
ruler_fwe_16k:0227,ruler_fwe_16k,6,20260926,gaussian_bf16_scalar_bracket_binary_v1,7,7,True,2.574392708254436e-05,2.574392554808673e-05,15,cuda:0,bfloat16,3.158764059207897e-07,6.788121176271034e-10,0.9978510198770676,True,32,24,float32,3.1593833682563854e-07,0.0001960605594087339,True,3.158764059207897e-07,False,0.001,9da39ce8b1356b811f308ef2318b6033e43182655c8b66e16d9f37a5a76cfc46,"[2048, 6144]",2135723171523160961,3.158764059207897e-07
ruler_fwe_16k:0227,ruler_fwe_16k,6,20260927,gaussian_bf16_scalar_bracket_binary_v1,10,7,True,2.5645215705694113e-05,2.5645215705694113e-05,18,cuda:0,bfloat16,3.158764059207897e-07,5.429249272381753e-10,0.9982812108879878,True,32,24,float32,3.161697748055303e-07,0.0009287457981720749,True,3.158764059207897e-07,False,0.001,b9c6d608930a5a87f3b717e0c524ca771bec81af73979ffd34632d35672b803e,"[2048, 6144]",4163250237865613959,3.158764059207897e-07
ruler_fwe_16k:0227,ruler_fwe_16k,6,20260928,gaussian_bf16_scalar_bracket_binary_v1,9,7,True,2.6415164445126038e-05,2.6415164445126038e-05,17,cuda:0,bfloat16,3.158764059207897e-07,3.9478356694822025e-10,0.9987501960907862,True,32,24,float32,3.1597247129866446e-07,0.0003041233092251127,True,3.158764059207897e-07,False,0.001,e26eb5e53fc2c5ddb16f338a01568e99ff9c288de6792aeb8b70cf6bb5f0b42d,"[2048, 6144]",7092806459376977373,3.158764059207897e-07
ruler_fwe_16k:0227,ruler_fwe_16k,6,20260929,gaussian_bf16_scalar_bracket_binary_v1,32,7,True,2.5477406365048694e-05,2.5477403327905183e-05,40,cuda:0,bfloat16,3.158764059207897e-07,2.6674101816226425e-10,0.9991555525732139,True,32,24,float32,3.1638404607292614e-07,0.001607084741440751,True,3.158764059207897e-07,False,0.001,b75b8b6b4748182151ee03d1970ed77fd9af4f934c2e576585a5e2100c4e95ed,"[2048, 6144]",3988935187840374817,3.158764059207897e-07
ruler_fwe_16k:0227,ruler_fwe_16k,6,20260930,gaussian_bf16_scalar_bracket_binary_v1,8,7,True,2.5191143372182978e-05,2.5191141870673825e-05,16,cuda:0,bfloat16,3.158764059207897e-07,3.904688516964683e-10,0.9987638555954876,True,32,24,float32,3.15757233693148e-07,0.0003772748625978987,True,3.158764059207897e-07,False,0.001,cffcddf7b40556b56b4b540c26c44f6a71bdc4231052e2f99a3c9c775132b10e,"[2048, 6144]",5763725679074301621,3.158764059207897e-07
ruler_fwe_16k:0227,ruler_fwe_16k,12,20260926,gaussian_bf16_scalar_bracket_binary_v1,8,7,True,3.16582261206122e-05,3.16582261206122e-05,16,cuda:0,bfloat16,4.020092205792025e-07,5.702350258651734e-10,0.9985815374457243,True,32,24,float32,4.0195081396632304e-07,0.00014528674938184199,True,4.020092205792025e-07,False,0.001,96e1273bb3008a58ce84d08b337c7bdef2576d9274e0b0e3c1369bdb98487612,"[2048, 6144]",1648642075954023000,4.020092205792025e-07
ruler_fwe_16k:0227,ruler_fwe_16k,12,20260927,gaussian_bf16_scalar_bracket_binary_v1,8,7,True,3.1055212289743395e-05,3.1055212289743395e-05,16,cuda:0,bfloat16,4.020092205792025e-07,4.128745401121847e-10,0.998972972461882,True,32,24,float32,4.024009001568629e-07,0.0009743049602098124,True,4.020092205792025e-07,False,0.001,83bea23d482a76d7cee77f1907087b939a7c2579ecf51cadef36e108c25117eb,"[2048, 6144]",269831411776255703,4.020092205792025e-07
ruler_fwe_16k:0227,ruler_fwe_16k,12,20260928,gaussian_bf16_scalar_bracket_binary_v1,7,7,True,2.9949686933150588e-05,2.9949686933150588e-05,15,cuda:0,bfloat16,4.020092205792025e-07,9.01396901564766e-10,0.9977577705798238,True,32,24,float32,4.0202007767220493e-07,2.7007074580955544e-05,True,4.020092205792025e-07,False,0.001,6c045c11641dc762c834c76b8a07ecfb9c9e96d8c10577eec92518b446e5f422,"[2048, 6144]",7783447285766932322,4.020092205792025e-07
ruler_fwe_16k:0227,ruler_fwe_16k,12,20260929,gaussian_bf16_scalar_bracket_binary_v1,32,7,True,3.009415899679624e-05,3.009415720304458e-05,40,cuda:0,bfloat16,4.020092205792025e-07,5.057706475852797e-10,0.9987418929176386,True,32,24,float32,4.0245029708785296e-07,0.0010971800796383483,True,4.020092205792025e-07,False,0.001,9579af223509ce8da26d98ac09b27ce20aadfa70344e09e6e13d987fa9b0c4a7,"[2048, 6144]",1547460508432060045,4.020092205792025e-07
ruler_fwe_16k:0227,ruler_fwe_16k,12,20260930,gaussian_bf16_scalar_bracket_binary_v1,32,7,True,3.0578611514564535e-05,3.057860969193726e-05,40,cuda:0,bfloat16,4.020092205792025e-07,5.177829276448165e-10,0.9987120123093226,True,32,24,float32,4.0158801084544393e-07,0.0010477613751040868,True,4.020092205792025e-07,False,0.001,4536ac76585a04f1f7619d429f1f238f8d04663a869d393c68f679f2e05d4a7b,"[2048, 6144]",4987363261647815921,4.020092205792025e-07
ruler_fwe_16k:0227,ruler_fwe_16k,18,20260926,gaussian_bf16_scalar_bracket_binary_v1,7,7,True,2.9794798990678828e-05,2.9794797214770418e-05,15,cuda:0,bfloat16,3.7955157949909335e-07,6.104871053125294e-10,0.9983915569364296,True,32,24,float32,3.7951426179461123e-07,9.832050898423308e-05,True,3.7955157949909335e-07,False,0.001,fdc1bfe0d854ab0e40c28b92366b1e61be5e8bf024c4f6d7feee89795a70cfd7,"[2048, 6144]",9061734897669155598,3.7955157949909335e-07
ruler_fwe_16k:0227,ruler_fwe_16k,18,20260927,gaussian_bf16_scalar_bracket_binary_v1,32,7,True,2.9937130832990988e-05,2.993712904859894e-05,40,cuda:0,bfloat16,3.7955157949909335e-07,5.522063362128904e-10,0.9985451085806528,True,32,24,float32,3.778745849558618e-07,0.004418357434962443,True,3.7955157949909335e-07,False,0.001,1b22c627916d9d6e37f48fa9decb5a566b98b7c9ed07b0282c6c7f453f3b3fdc,"[2048, 6144]",1955343061478120814,3.7955157949909335e-07
ruler_fwe_16k:0227,ruler_fwe_16k,18,20260928,gaussian_bf16_scalar_bracket_binary_v1,32,7,True,2.898232139081358e-05,2.898232139081358e-05,40,cuda:0,bfloat16,3.7955157949909335e-07,4.4804776555551484e-10,0.9988195339190873,True,32,24,float32,3.7994402646290837e-07,0.0010339753145881877,True,3.7955157949909335e-07,False,0.001,2f2ddb0bd025ad5c5ac9ec65c1f296835ee894778edfbcaffb7fd5132d86a162,"[2048, 6144]",3399614137517845852,3.7955157949909335e-07
ruler_fwe_16k:0227,ruler_fwe_16k,18,20260929,gaussian_bf16_scalar_bracket_binary_v1,7,7,True,3.017435057017792e-05,3.017435057017792e-05,15,cuda:0,bfloat16,3.7955157949909335e-07,4.3655745685100555e-10,0.9988498072977929,True,32,24,float32,3.796644421072415e-07,0.00029735776174896387,True,3.7955157949909335e-07,False,0.001,c1a84dea0a31bbddb2153a89852862fcce9f625618a5e7ca2f4380f2a16a1adf,"[2048, 6144]",4731117076141423581,3.7955157949909335e-07
ruler_fwe_16k:0227,ruler_fwe_16k,18,20260930,gaussian_bf16_scalar_bracket_binary_v1,10,7,True,3.010318464902184e-05,3.0103188237601097e-05,18,cuda:0,bfloat16,3.7955157949909335e-07,5.522063362128904e-10,0.9985451085806528,True,32,24,float32,3.7968450783409935e-07,0.00035022469194155223,True,3.7955157949909335e-07,False,0.001,03ff95825867137671ca34064e913c852f361c454e2adb0328f7923d045ad932,"[2048, 6144]",288113288236438390,3.7955157949909335e-07
ruler_fwe_16k:0227,ruler_fwe_16k,24,20260926,gaussian_bf16_scalar_bracket_binary_v1,32,7,True,4.28116527223521e-05,4.2811650170578746e-05,40,cuda:0,bfloat16,6.582946525668376e-07,9.092327446502679e-10,0.9986188058172659,True,32,24,float32,6.591740202566143e-07,0.0013358268768367619,True,6.582946525668376e-07,False,0.001,b1d311bc409f168b40e1dd61fd7235b2b02222111b5c1725fe38f2a6643f9f22,"[2048, 6144]",3590232828180108939,6.582946525668376e-07
ruler_fwe_16k:0227,ruler_fwe_16k,24,20260927,gaussian_bf16_scalar_bracket_binary_v1,12,7,True,4.335487438389407e-05,4.3354871799742184e-05,20,cuda:0,bfloat16,6.582946525668376e-07,7.270134494419267e-10,0.9988956108839603,True,32,24,float32,6.584838274648064e-07,0.0002873711600590009,True,6.582946525668376e-07,False,0.001,8ade0e03446eead8df5ce7570b905e28bc40c1e55c2105174711d859df034127,"[2048, 6144]",783078792404855512,6.582946525668376e-07
ruler_fwe_16k:0227,ruler_fwe_16k,24,20260928,gaussian_bf16_scalar_bracket_binary_v1,10,7,True,4.299486949577158e-05,4.2994866933077655e-05,18,cuda:0,bfloat16,6.582946525668376e-07,1.1771771335489234e-09,0.9982117777670548,True,32,24,float32,6.579209070878278e-07,0.0005677480100324311,True,6.582946525668376e-07,False,0.001,e237c0edcdfb68cae1090f04c74baf1c74ac54c859c99b632bc1f47c157db599,"[2048, 6144]",7077337467031611594,6.582946525668376e-07
ruler_fwe_16k:0227,ruler_fwe_16k,24,20260929,gaussian_bf16_scalar_bracket_binary_v1,32,7,True,4.3210872428645075e-05,4.3210872428645075e-05,40,cuda:0,bfloat16,6.582946525668376e-07,8.633591064288737e-10,0.9986884913874624,True,32,24,float32,6.575045858880912e-07,0.0012001718009795833,True,6.582946525668376e-07,False,0.001,fd5de8721ec70e6685db0655da3435fbff80c10fc6d8a61a17056b44ab39ca8a,"[2048, 6144]",9033632004415360614,6.582946525668376e-07
ruler_fwe_16k:0227,ruler_fwe_16k,24,20260930,gaussian_bf16_scalar_bracket_binary_v1,10,7,True,4.3570877316767564e-05,4.35708747197409e-05,18,cuda:0,bfloat16,6.582946525668376e-07,1.1985691328320058e-09,0.9981792816816019,True,32,24,float32,6.579251703442424e-07,0.0005612717969902361,True,6.582946525668376e-07,False,0.001,4475b3bee5ef69bb7307e19a579fa4d5e93d81e1ed5ca71d0dd59c7cb2d035bb,"[2048, 6144]",4933046599337077179,6.582946525668376e-07
ruler_fwe_16k:0242,ruler_fwe_16k,24,20260926,gaussian_bf16_scalar_bracket_binary_v1,10,7,True,3.260191198961593e-05,3.260191198961593e-05,18,cuda:0,bfloat16,4.343302180132014e-07,4.973264577934344e-10,0.9988549577322333,True,32,24,float32,4.3412791228547576e-07,0.0004657878253349314,True,4.343302180132014e-07,False,0.001,a2dd56da8c88fc7a339af327b2f42ec584975c42c4fd2e6d5a59dabd2683bbcb,"[2048, 6144]",2512259663803251834,4.343302180132014e-07
ruler_fwe_16k:0242,ruler_fwe_16k,24,20260927,gaussian_bf16_scalar_bracket_binary_v1,8,7,True,3.3334844232513205e-05,3.3334842245601655e-05,16,cuda:0,bfloat16,4.343302180132014e-07,6.077058301023897e-10,0.9986008207467528,True,32,24,float32,4.342269619428407e-07,0.0002377363261368089,True,4.343302180132014e-07,False,0.001,e0b04237c3386ac13a0904a7dda80ed10e948bc955d62796d166382ea9d1b3fb,"[2048, 6144]",6967141430808046273,4.343302180132014e-07
ruler_fwe_16k:0242,ruler_fwe_16k,24,20260928,gaussian_bf16_scalar_bracket_binary_v1,8,7,True,3.3117679123506605e-05,3.3117677149539107e-05,16,cuda:0,bfloat16,4.343302180132014e-07,5.460362717535361e-10,0.9987428084689771,True,32,24,float32,4.347585900177364e-07,0.0009862818352694698,True,4.343302180132014e-07,False,0.001,6cb0df9e1ae9ae343d93aa15089439a0661430276b4b2f14737ea73310c09845,"[2048, 6144]",7832005622146641460,4.343302180132014e-07
ruler_fwe_16k:0242,ruler_fwe_16k,24,20260929,gaussian_bf16_scalar_bracket_binary_v1,7,7,True,3.452925233204951e-05,3.452925233204951e-05,15,cuda:0,bfloat16,4.343302180132014e-07,3.7271088992874013e-10,0.9991418720722826,True,32,24,float32,4.344624926488905e-07,0.0003045485444097739,True,4.343302180132014e-07,False,0.001,6006592a9ff69cb8dee67d47e5021820c4d2e09a8422172327e1fb62f6b4d898,"[2048, 6144]",6919315917108583608,4.343302180132014e-07
ruler_fwe_16k:0242,ruler_fwe_16k,24,20260930,gaussian_bf16_scalar_bracket_binary_v1,9,7,True,3.3171970400758255e-05,3.3171968423554745e-05,17,cuda:0,bfloat16,4.343302180132014e-07,5.460362717535361e-10,0.9987428084689771,True,32,24,float32,4.344989861237991e-07,0.0003885709619048641,True,4.343302180132014e-07,False,0.001,220fb22a703ca68f2f894fa0b92f15a5c16c81d55421a0dc70e9242b8ef4a38a,"[2048, 6144]",2454376217281603215,4.343302180132014e-07
ruler_fwe_16k:0254,ruler_fwe_16k,0,20260926,gaussian_bf16_scalar_bracket_binary_v1,32,7,True,2.340604453454631e-05,2.340604453454631e-05,40,cuda:0,bfloat16,2.770970866095013e-07,2.7301813587676804e-10,0.999014720294546,True,32,24,float32,2.7752520281865145e-07,0.0015450043679221277,True,2.770970866095013e-07,False,0.001,b7e203b2f549e3dfc606c03bd79f48b8f8a077076963c5cb9dd4c6d36cd38d6e,"[2048, 6144]",4026785083976967135,2.770970866095013e-07
ruler_fwe_16k:0254,ruler_fwe_16k,0,20260927,gaussian_bf16_scalar_bracket_binary_v1,8,7,True,2.473091497989799e-05,2.473091497989799e-05,16,cuda:0,bfloat16,2.770970866095013e-07,3.4558883532653795e-10,0.9987528240027527,True,32,24,float32,2.770036360288941e-07,0.00033724851369102804,True,2.770970866095013e-07,False,0.001,ccb7f75c1078a2b700a1f97768fb8e4a198543140bedda3afc311c341638d282,"[2048, 6144]",5528159042405966519,2.770970866095013e-07
ruler_fwe_16k:0254,ruler_fwe_16k,0,20260928,gaussian_bf16_scalar_bracket_binary_v1,32,7,True,2.4704937128028348e-05,2.4704937128028348e-05,40,cuda:0,bfloat16,2.770970866095013e-07,3.053302610744879e-10,0.9988981108938731,True,32,24,float32,2.7658600743052375e-07,0.001844404736372283,True,2.770970866095013e-07,False,0.001,8a1ef95b7b90f8605b8b8d9380bfd3086a2b293c04226f1b1f8328b2a3b2612e,"[2048, 6144]",729294360991037536,2.770970866095013e-07
ruler_fwe_16k:0254,ruler_fwe_16k,0,20260929,gaussian_bf16_scalar_bracket_binary_v1,9,7,True,2.428063221415755e-05,2.428063221415755e-05,17,cuda:0,bfloat16,2.770970866095013e-07,4.920290841425867e-10,0.9982243440731805,True,32,24,float32,2.770000548935059e-07,0.0003501722706025456,True,2.770970866095013e-07,False,0.001,f6e8475df32258d5654de5f176c9a6ba7ba7d09ce6f85234064d180251d1182f,"[2048, 6144]",8568176759909013717,2.770970866095013e-07
ruler_fwe_16k:0254,ruler_fwe_16k,0,20260930,gaussian_bf16_scalar_bracket_binary_v1,32,7,True,2.433258791789683e-05,2.433258646756157e-05,40,cuda:0,bfloat16,2.770970866095013e-07,3.5888989002863525e-10,0.9987048225789021,True,32,24,float32,2.7631548960016517e-07,0.002820661230688343,True,2.770970866095013e-07,False,0.001,c8167877b79a1138178e5ebd413ad454525147b7558cf549854fea2cd6da3c88,"[2048, 6144]",5194471675795214648,2.770970866095013e-07
ruler_fwe_16k:0254,ruler_fwe_16k,6,20260926,gaussian_bf16_scalar_bracket_binary_v1,8,7,True,3.293513945124005e-05,3.293513748815276e-05,16,cuda:0,bfloat16,4.688276078468334e-07,8.697128572876522e-10,0.9981449197045329,True,32,24,float32,4.6845249812577094e-07,0.000800101604052765,True,4.688276078468334e-07,False,0.001,3fafa2f8b16fc19b7f5d1179884bc0e94aebc381d1b090e2529a0665143a9ec9,"[2048, 6144]",4589065734326305179,4.688276078468334e-07
ruler_fwe_16k:0254,ruler_fwe_16k,6,20260927,gaussian_bf16_scalar_bracket_binary_v1,32,7,True,3.393139811791457e-05,3.393139811791457e-05,40,cuda:0,bfloat16,4.688276078468334e-07,6.5854449671221e-10,0.9985953376343669,True,32,24,float32,4.7044446205291024e-07,0.003448717991464896,True,4.688276078468334e-07,False,0.001,1b56d3a05a22aca47bc18206b99153bdcf18fa18e0d145646f9d5ef3ae3e470b,"[2048, 6144]",1969994572681620644,4.688276078468334e-07
ruler_fwe_16k:0254,ruler_fwe_16k,6,20260928,gaussian_bf16_scalar_bracket_binary_v1,13,7,True,3.4858065186549325e-05,3.485806310884673e-05,21,cuda:0,bfloat16,4.688276078468334e-07,6.160119636611228e-10,0.9986860586847898,True,32,24,float32,4.691540311796416e-07,0.0006962545023902111,True,4.688276078468334e-07,False,0.001,707db1a801bc2cd4c8ff7efc3fef4b425e0e91bd28eaff339ba6b6380ab07c85,"[2048, 6144]",8105830239478492372,4.688276078468334e-07
ruler_fwe_16k:0254,ruler_fwe_16k,6,20260929,gaussian_bf16_scalar_bracket_binary_v1,11,7,True,3.409255760811192e-05,3.409255557603713e-05,19,cuda:0,bfloat16,4.688276078468334e-07,4.592506930300999e-10,0.9990204273695842,True,32,24,float32,4.686586692059791e-07,0.00036034277424531254,True,4.688276078468334e-07,False,0.001,a553acb72009ea311202e758da7e8da76d3910b5c1933cc7f9ed3b0a94d20d32,"[2048, 6144]",2689683304986831409,4.688276078468334e-07
ruler_fwe_16k:0254,ruler_fwe_16k,6,20260930,gaussian_bf16_scalar_bracket_binary_v1,10,7,True,3.360907913751987e-05,3.360907713426265e-05,18,cuda:0,bfloat16,4.688276078468334e-07,4.5461637232513397e-10,0.9990303122838413,True,32,24,float32,4.6888914084775024e-07,0.00013124867197865101,True,4.688276078468334e-07,False,0.001,be1d074709552b1e5edccd7fea2fb83394956bfb8e3626522a82d3afa5c44559,"[2048, 6144]",4475741606356790046,4.688276078468334e-07
ruler_fwe_16k:0254,ruler_fwe_16k,12,20260926,gaussian_bf16_scalar_bracket_binary_v1,10,7,True,2.6010060894421372e-05,2.6010060894421372e-05,18,cuda:0,bfloat16,3.218569020191353e-07,1.7462298274040222e-10,0.9994574514896374,True,32,24,float32,3.220883399990271e-07,0.0007190710481579798,True,3.218569020191353e-07,False,0.001,6fb318d143e530f672b684bea004774dcdce7d82c8b0a23f76c2cd94f41bc1b3,"[2048, 6144]",8048804246107533558,3.218569020191353e-07
ruler_fwe_16k:0254,ruler_fwe_16k,12,20260927,gaussian_bf16_scalar_bracket_binary_v1,2,7,True,2.5748552161530824e-05,2.574855062679752e-05,10,cuda:0,bfloat16,3.218569020191353e-07,3.3815594768782375e-10,0.9989493593408548,True,32,24,float32,3.2179440268009785e-07,0.00019418362211708187,True,3.218569020191353e-07,False,0.001,c843958d8bdec503c1ab5626e9d8cd9cedec789c534777a07ff5e0e650ce9b31,"[2048, 6144]",5207170029339985155,3.218569020191353e-07
ruler_fwe_16k:0254,ruler_fwe_16k,12,20260928,gaussian_bf16_scalar_bracket_binary_v1,2,7,True,2.5748552161530824e-05,2.5748552161530824e-05,10,cuda:0,bfloat16,3.218569020191353e-07,3.3815594768782375e-10,0.9989493593408548,True,32,24,float32,3.2209987921305583e-07,0.0007549230493310291,True,3.218569020191353e-07,False,0.001,221209e186d8b79ac0f0ae0cf40d12ad017f2d93cd500e3abbe821a9d5b93443,"[2048, 6144]",2455035611104982938,3.218569020191353e-07
ruler_fwe_16k:0254,ruler_fwe_16k,12,20260929,gaussian_bf16_scalar_bracket_binary_v1,11,7,True,2.571837807696653e-05,2.571837654403174e-05,19,cuda:0,bfloat16,3.218569020191353e-07,2.3866916776249525e-10,0.9992584618621965,True,32,24,float32,3.2207944400397537e-07,0.0006914314511945207,True,3.218569020191353e-07,False,0.001,73544332e4be3142600717fb0f98f98e9642e37a107ab321d26180a8137df189,"[2048, 6144]",8310341098270503234,3.218569020191353e-07
ruler_fwe_16k:0254,ruler_fwe_16k,12,20260930,gaussian_bf16_scalar_bracket_binary_v1,9,7,True,2.6352033852816703e-05,2.6352036994223936e-05,17,cuda:0,bfloat16,3.218569020191353e-07,5.201292174739081e-10,0.9983839737031863,True,32,24,float32,3.216598258859449e-07,0.0006123097934333086,True,3.218569020191353e-07,False,0.001,78f084553a1dbe822f2c38f785c06f44d6592c1ee917d327bcf41d7c33ea61fb,"[2048, 6144]",8714610780544024194,3.218569020191353e-07
ruler_fwe_16k:0254,ruler_fwe_16k,18,20260926,gaussian_bf16_scalar_bracket_binary_v1,32,7,True,1.8898368013609e-05,1.889836688717849e-05,40,cuda:0,bfloat16,2.0555668811539363e-07,1.671887767118463e-10,0.9991866536757101,True,32,24,float32,2.057851276049405e-07,0.0011113211233420575,True,2.0555668811539363e-07,False,0.001,f783e8d3e8bac4a285ef71a9bc94d23c50affb4d95b3e23fd414743a9135ac11,"[2048, 6144]",8611982909302817954,2.0555668811539363e-07
ruler_fwe_16k:0254,ruler_fwe_16k,18,20260927,gaussian_bf16_scalar_bracket_binary_v1,8,7,True,1.9784831231106637e-05,1.978482887257096e-05,16,cuda:0,bfloat16,2.0555668811539363e-07,1.8406878798948867e-10,0.9991045351543796,True,32,24,float32,2.055463852457251e-07,5.0121792499097464e-05,True,2.0555668811539363e-07,False,0.001,9a4cdf941b8b6663938b15b8d0f9d0c069ed8dc551fc0af23ecbcfdea9072739,"[2048, 6144]",1895135370426410595,2.0555668811539363e-07
ruler_fwe_16k:0254,ruler_fwe_16k,18,20260928,gaussian_bf16_scalar_bracket_binary_v1,17,7,True,1.953942786077356e-05,1.953942786077356e-05,25,cuda:0,bfloat16,2.0555668811539363e-07,2.1779313075231954e-10,0.9989404716881308,True,32,24,float32,2.0568420211475313e-07,0.0006203349573715883,True,2.0555668811539363e-07,False,0.001,9585f09c1ca4363beaa2751131870ed0cefa5f1c030a26fab3c7c4ac7eab59bd,"[2048, 6144]",1550910199985092155,2.0555668811539363e-07
ruler_fwe_16k:0254,ruler_fwe_16k,18,20260929,gaussian_bf16_scalar_bracket_binary_v1,32,7,True,1.9091077408717183e-05,1.9091077408717183e-05,40,cuda:0,bfloat16,2.0555668811539363e-07,2.4695417932818486e-10,0.9987986079091256,True,32,24,float32,2.0639011211187608e-07,0.004054472778889061,True,2.0555668811539363e-07,False,0.001,e5678c86ec542197f2ba74e7fba2e43d01f6c35072f5e814bf3190a3ad63be3a,"[2048, 6144]",7306963431550362007,2.0555668811539363e-07
ruler_fwe_16k:0254,ruler_fwe_16k,18,20260930,gaussian_bf16_scalar_bracket_binary_v1,4,7,True,1.8911215306616214e-05,1.8911214179419943e-05,12,cuda:0,bfloat16,2.0555668811539363e-07,2.7915414424484197e-10,0.9986419602942419,True,32,24,float32,2.0543966172681394e-07,0.0005693144292828519,True,2.0555668811539363e-07,False,0.001,c0619a2c69209e0ab06d8945fe64011020e581813e207f75b75eb393ec8dfcea,"[2048, 6144]",4639158606701305354,2.0555668811539363e-07
ruler_fwe_16k:0254,ruler_fwe_16k,24,20260926,gaussian_bf16_scalar_bracket_binary_v1,32,7,True,2.9984600688148788e-05,2.9984598900927315e-05,40,cuda:0,bfloat16,3.785785054333246e-07,4.355862615046391e-10,0.9988494162894799,True,32,24,float32,3.790839286921255e-07,0.001335055349279173,True,3.785785054333246e-07,False,0.001,3db41bcf63968bd8354dd5f770f1f3f540528d360aeb33e55ad431ec6f9eb8e4,"[2048, 6144]",4446209309664512984,3.785785054333246e-07
ruler_fwe_16k:0254,ruler_fwe_16k,24,20260927,gaussian_bf16_scalar_bracket_binary_v1,32,7,True,2.932208830364047e-05,2.932208655590781e-05,40,cuda:0,bfloat16,3.785785054333246e-07,5.964510552125546e-10,0.9984244983625526,True,32,24,float32,3.790815128468239e-07,0.0013286739904145985,True,3.785785054333246e-07,False,0.001,7d1f0bb1822cf49ec5b388cc82660b21f78fae5b363523fbc158f63ccebd1dd0,"[2048, 6144]",9015937836040123550,3.785785054333246e-07
ruler_fwe_16k:0254,ruler_fwe_16k,24,20260928,gaussian_bf16_scalar_bracket_binary_v1,10,7,True,2.9552784580388902e-05,2.9552784580388902e-05,18,cuda:0,bfloat16,3.785785054333246e-07,7.270134494419267e-10,0.9980796230134361,True,32,24,float32,3.786932154525857e-07,0.0003030019338520352,True,3.785785054333246e-07,False,0.001,7ff8a661ecedbe2a2446994be950d6fe3d85ef8170f0b74b5f58707266553f3b,"[2048, 6144]",9221303176558132778,3.785785054333246e-07
ruler_fwe_16k:0254,ruler_fwe_16k,24,20260929,gaussian_bf16_scalar_bracket_binary_v1,10,7,True,3.0404586217613883e-05,3.0404586217613883e-05,18,cuda:0,bfloat16,3.785785054333246e-07,6.73802402761936e-10,0.9982201778677564,True,32,24,float32,3.783769386700442e-07,0.0005324305537360341,True,3.785785054333246e-07,False,0.001,daa8edd09e79d0b1153eb838462321d61c58d9290a310a2908a44c0f2fec69a3,"[2048, 6144]",6532732739768668337,3.785785054333246e-07
ruler_fwe_16k:0254,ruler_fwe_16k,24,20260930,gaussian_bf16_scalar_bracket_binary_v1,32,7,True,3.039275563931909e-05,3.039275563931909e-05,40,cuda:0,bfloat16,3.785785054333246e-07,2.016372485647011e-10,0.9994673832622011,True,32,24,float32,3.781873942898528e-07,0.0010331044627695384,True,3.785785054333246e-07,False,0.001,fce59dd5d83bb6e495c77b3207439c1e50368378b12f9516ad2916e51c043d9c,"[2048, 6144]",8999772972151191268,3.785785054333246e-07
ruler_fwe_16k:0256,ruler_fwe_16k,18,20260926,gaussian_bf16_scalar_bracket_binary_v1,10,7,True,3.744568044439234e-05,3.744568044439234e-05,18,cuda:0,bfloat16,5.431830345514754e-07,1.2769253432409755e-09,0.9976491803645978,True,32,24,float32,5.433046794678376e-07,0.00022394829850047777,True,5.431830345514754e-07,False,0.001,a7a362b9e67958ec5d8d75e040368d32b16f46b8280dce2be2f5494336ea890b,"[2048, 6144]",2856235139258210540,5.431830345514754e-07
ruler_fwe_16k:0256,ruler_fwe_16k,18,20260927,gaussian_bf16_scalar_bracket_binary_v1,32,7,True,3.7479629384051805e-05,3.747962491613181e-05,40,cuda:0,bfloat16,5.431830345514754e-07,1.0102844116843812e-09,0.9981400663359845,True,32,24,float32,5.446090654004365e-07,0.002625322880598825,True,5.431830345514754e-07,False,0.001,374aa21052fbd0bff3752b240254851a3be6d635b4e3806d1d4dc44ce20c26a0,"[2048, 6144]",3984175011358036159,5.431830345514754e-07
ruler_fwe_16k:0256,ruler_fwe_16k,18,20260928,gaussian_bf16_scalar_bracket_binary_v1,9,7,True,3.741173150473287e-05,3.7411729274819906e-05,17,cuda:0,bfloat16,5.431830345514754e-07,9.115587173980089e-10,0.9983218203452346,True,32,24,float32,5.436201035990962e-07,0.0008046441435374643,True,5.431830345514754e-07,False,0.001,093fa14ec6004e5f4f818dd297ac00bc756d4870d64c2cb955480f5945a42cf2,"[2048, 6144]",666428629575552607,5.431830345514754e-07
ruler_fwe_16k:0256,ruler_fwe_16k,18,20260929,gaussian_bf16_scalar_bracket_binary_v1,32,7,True,3.775758632751369e-05,3.775758407698617e-05,40,cuda:0,bfloat16,5.431830345514754e-07,1.025264761977951e-09,0.9981124875101731,True,32,24,float32,5.417654165285057e-07,0.0026098348674315026,True,5.431830345514754e-07,False,0.001,efa4a32c4ce53651e57b03122a2dfdd92fdb97c5dc7c03a5adedaa1f7de5d4aa,"[2048, 6144]",8044734245054527057,5.431830345514754e-07
ruler_fwe_16k:0256,ruler_fwe_16k,18,20260930,gaussian_bf16_scalar_bracket_binary_v1,10,7,True,3.805676135826275e-05,3.805676135826275e-05,18,cuda:0,bfloat16,5.431830345514754e-07,7.793090617269627e-10,0.9985652919694548,True,32,24,float32,5.433541900856653e-07,0.0003150973489649246,True,5.431830345514754e-07,False,0.001,dd57992b1bbf7755da0cb5e055d8caf9db6ead18bb90045fd2eabcc29857e3dd,"[2048, 6144]",6726012978929301333,5.431830345514754e-07
ruler_fwe_16k:0260,ruler_fwe_16k,6,20260926,gaussian_bf16_scalar_bracket_binary_v1,32,7,True,1.6673869129846253e-05,1.6673868136006206e-05,40,cuda:0,bfloat16,1.6326922036569158e-07,8.231806208902626e-11,0.9994958139574339,True,32,24,float32,1.630223636084338e-07,0.001511961389322877,True,1.6326922036569158e-07,False,0.001,342be9b2a9175b496eb23d650d1142a212e092a356ffee9606e37266be429626,"[2048, 6144]",3759355267521141577,1.6326922036569158e-07
ruler_fwe_16k:0260,ruler_fwe_16k,6,20260927,gaussian_bf16_scalar_bracket_binary_v1,32,7,True,1.636773934166058e-05,1.636773934166058e-05,40,cuda:0,bfloat16,1.6326922036569158e-07,5.820766091346741e-11,0.9996434866242204,True,32,24,float32,1.6310556816279131e-07,0.00100234571178644,True,1.6326922036569158e-07,False,0.001,3912482ba01a35bec20d3d898dcad6bf64297f343077e9ad9935a73d6f565c8c,"[2048, 6144]",4112428761949550014,1.6326922036569158e-07
ruler_fwe_16k:0260,ruler_fwe_16k,6,20260928,gaussian_bf16_scalar_bracket_binary_v1,8,7,True,1.636773934166058e-05,1.636773934166058e-05,16,cuda:0,bfloat16,1.6326922036569158e-07,1.0081862428235056e-10,0.9993825007306549,True,32,24,float32,1.633727180205824e-07,0.0006339079384283296,True,1.6326922036569158e-07,False,0.001,8afb0259e879e24b58927641023c0175c8599c1c54d2748c9e0510693cfe6c1f,"[2048, 6144]",791228744709300811,1.6326922036569158e-07
ruler_fwe_16k:0260,ruler_fwe_16k,6,20260929,gaussian_bf16_scalar_bracket_binary_v1,32,7,True,1.6919410730786844e-05,1.6919409722311378e-05,40,cuda:0,bfloat16,1.6326922036569158e-07,8.231806208902626e-11,0.9994958139574339,True,32,24,float32,1.6352608156466886e-07,0.0015732371257849865,True,1.6326922036569158e-07,False,0.001,7e2cfd19cf6598fcf1fc6e11775e345300c49cccfae5db3b107bfb5d606a2877,"[2048, 6144]",9091920035049740540,1.6326922036569158e-07
ruler_fwe_16k:0260,ruler_fwe_16k,6,20260930,gaussian_bf16_scalar_bracket_binary_v1,32,7,True,1.699020324430478e-05,1.6990202231609752e-05,40,cuda:0,bfloat16,1.6326922036569158e-07,1.4257907354764399e-10,0.9991267241110829,True,32,24,float32,1.630693731158317e-07,0.001224035059469669,True,1.6326922036569158e-07,False,0.001,6d4a7b9d9f51b331b201852a64872e39cd8ce579763e8c7c8083af022b94b375,"[2048, 6144]",7875242815323747121,1.6326922036569158e-07
ruler_fwe_16k:0293,ruler_fwe_16k,18,20260926,gaussian_bf16_scalar_bracket_binary_v1,32,7,True,1.8981279677809937e-05,1.8981279677809937e-05,40,cuda:0,bfloat16,1.9708012644059636e-07,2.6031257704950406e-10,0.9986791535922422,True,32,24,float32,1.9804269868473057e-07,0.004884166970657719,True,1.9708012644059636e-07,False,0.001,d42ba8c51b8e03401035b0f681d4129892cb9d1aab2fc307f6c18bb98a839458,"[2048, 6144]",6065126887708820288,1.9708012644059636e-07
ruler_fwe_16k:0293,ruler_fwe_16k,18,20260927,gaussian_bf16_scalar_bracket_binary_v1,32,7,True,1.941855120835001e-05,1.941855120835001e-05,40,cuda:0,bfloat16,1.9708012644059636e-07,1.1999816418306608e-10,0.9993911199147762,True,32,24,float32,1.9649517923880921e-07,0.002968067924207766,True,1.9708012644059636e-07,False,0.001,8b89151b39cfaabf468bd5fd8d82c61fd1ab95b6b882c743c0058a0851649851,"[2048, 6144]",831218812904778431,1.9708012644059636e-07
ruler_fwe_16k:0293,ruler_fwe_16k,18,20260928,gaussian_bf16_scalar_bracket_binary_v1,32,7,True,1.887658086063837e-05,1.8876579735506475e-05,40,cuda:0,bfloat16,1.9708012644059636e-07,1.1641532182693481e-10,0.9994092995375562,True,32,24,float32,1.9620719626800565e-07,0.0044293160774576176,True,1.9708012644059636e-07,False,0.001,a672bd232fb9e47962ae4b6abdb6c30b72f1521ad4d45514295f424227f77c67,"[2048, 6144]",2770484679608493177,1.9708012644059636e-07
ruler_fwe_16k:0293,ruler_fwe_16k,18,20260929,gaussian_bf16_scalar_bracket_binary_v1,32,7,True,1.8710294503954117e-05,1.871029338873366e-05,40,cuda:0,bfloat16,1.9708012644059636e-07,1.3337050908113213e-10,0.9993232675892293,True,32,24,float32,1.973189966975042e-07,0.0012120463956563903,True,1.9708012644059636e-07,False,0.001,6fdb6db4be502c82d309537024c2b79e54ffd969653d42adaf20cf00fa068bba,"[2048, 6144]",8060156581164100738,1.9708012644059636e-07
ruler_fwe_16k:0293,ruler_fwe_16k,18,20260930,gaussian_bf16_scalar_bracket_binary_v1,6,7,True,2.0299253023381425e-05,2.0299253023381425e-05,14,cuda:0,bfloat16,1.9708012644059636e-07,2.9103830456733704e-10,0.9985232488438907,True,32,24,float32,1.9700610209838487e-07,0.0003756053111413015,True,1.9708012644059636e-07,False,0.001,6377b632c3e5f5d22d179ff633426bde41a6bf795c6b1b215a0fa852dde9d4b9,"[2048, 6144]",7167397661134681554,1.9708012644059636e-07
ruler_fwe_16k:0298,ruler_fwe_16k,12,20260926,gaussian_bf16_scalar_bracket_binary_v1,6,7,True,2.6773379090627714e-05,2.6773379090627714e-05,14,cuda:0,bfloat16,3.3890353279275587e-07,3.841988116537465e-10,0.9988663475754067,True,32,24,float32,3.3886985306708084e-07,9.937850277773398e-05,True,3.3890353279275587e-07,False,0.001,fa63501148d3ccc35a42bd2ff018208d5be3cbbc554af7db9e2dd1b4c84463a4,"[2048, 6144]",8818980530488069315,3.3890353279275587e-07
ruler_fwe_16k:0298,ruler_fwe_16k,12,20260927,gaussian_bf16_scalar_bracket_binary_v1,32,7,True,2.694283085702409e-05,2.694282925110623e-05,40,cuda:0,bfloat16,3.3890353279275587e-07,5.363027244520424e-10,0.9984175357511543,True,32,24,float32,3.3850184877337597e-07,0.0011852458900908983,True,3.3890353279275587e-07,False,0.001,6da19b62d9d6bb84c819df3f1f2e602a9c4b532154be1ae926467ecdaabde8d7,"[2048, 6144]",7899766070248389508,3.3890353279275587e-07
ruler_fwe_16k:0298,ruler_fwe_16k,12,20260928,gaussian_bf16_scalar_bracket_binary_v1,8,7,True,2.7366460273015036e-05,2.7366460273015036e-05,16,cuda:0,bfloat16,3.3890353279275587e-07,6.182423462064435e-10,0.9981757571509752,True,32,24,float32,3.390518088508543e-07,0.0004375170033683023,True,3.3890353279275587e-07,False,0.001,00c7f7a551fc12ea25c2986ec45c9086f43f910025c0aca8a534ff7739b1b233,"[2048, 6144]",56285809782559466,3.3890353279275587e-07
ruler_fwe_16k:0298,ruler_fwe_16k,12,20260929,gaussian_bf16_scalar_bracket_binary_v1,32,7,True,2.6339158939236995e-05,2.6339158939236995e-05,40,cuda:0,bfloat16,3.3890353279275587e-07,5.37091870977946e-10,0.9984152072226807,True,32,24,float32,3.384188858035486e-07,0.0014300440754142784,True,3.3890353279275587e-07,False,0.001,b11ada0736a3966e0d6b6096aa57314126beeeb5608b6caedc5ffdfc606d5866,"[2048, 6144]",3538380181769262702,3.3890353279275587e-07
ruler_fwe_16k:0298,ruler_fwe_16k,12,20260930,gaussian_bf16_scalar_bracket_binary_v1,5,7,True,2.6434475557834958e-05,2.6434475557834958e-05,13,cuda:0,bfloat16,3.3890353279275587e-07,6.262503293719135e-10,0.9981521280577654,True,32,24,float32,3.388351501598663e-07,0.0002017760993107409,True,3.3890353279275587e-07,False,0.001,3843e2b514551574b77353368898323357f6c4bc8b69ba82de57f4bd6aad55c5,"[2048, 6144]",4054333356921656692,3.3890353279275587e-07
ruler_fwe_16k:0321,ruler_fwe_16k,0,20260926,gaussian_bf16_scalar_bracket_binary_v1,32,7,True,2.3841848785455255e-05,2.3841848785455255e-05,40,cuda:0,bfloat16,2.804407870371506e-07,3.2244890091348566e-10,0.9988502068321796,True,32,24,float32,2.8006149932480184e-07,0.0013524698613062173,True,2.804407870371506e-07,False,0.001,1de63748b5117f41f4c4774cb61be3702c047598cb59e6c9680bae6a7b20f61d,"[2048, 6144]",2154470257158356801,2.804407870371506e-07
ruler_fwe_16k:0321,ruler_fwe_16k,0,20260927,gaussian_bf16_scalar_bracket_binary_v1,32,7,True,2.488473796224966e-05,2.4884736479003692e-05,40,cuda:0,bfloat16,2.804407870371506e-07,2.355433348366631e-10,0.999160096014117,True,32,24,float32,2.811616468534339e-07,0.0025704528356919887,True,2.804407870371506e-07,False,0.001,b86db224b4e1230f1f07b2720065c457efb880bc5485917b7746e8580555b813,"[2048, 6144]",4066101909308646159,2.804407870371506e-07
ruler_fwe_16k:0321,ruler_fwe_16k,0,20260928,gaussian_bf16_scalar_bracket_binary_v1,32,7,True,2.5039319306715754e-05,2.5039319306715754e-05,40,cuda:0,bfloat16,2.804407870371506e-07,2.999954173965591e-10,0.9989302718033065,True,32,24,float32,2.800481979647884e-07,0.00139990005202119,True,2.804407870371506e-07,False,0.001,ad229bdb25afb04d4d5465e7aff7a9db9840a265a999327ff9f5521422c173b8,"[2048, 6144]",3252333246447333453,2.804407870371506e-07
ruler_fwe_16k:0321,ruler_fwe_16k,0,20260929,gaussian_bf16_scalar_bracket_binary_v1,6,7,True,2.4959230046306402e-05,2.4959230046306402e-05,14,cuda:0,bfloat16,2.804407870371506e-07,8.609029461537077e-11,0.9996930179253706,True,32,24,float32,2.805410019846022e-07,0.00035734797534400315,True,2.804407870371506e-07,False,0.001,f265e4ad8e076e0eb8321d0525bb6fd13385fa3f17ee3d50499013aa010ec714,"[2048, 6144]",8243246127034887694,2.804407870371506e-07
ruler_fwe_16k:0321,ruler_fwe_16k,0,20260930,gaussian_bf16_scalar_bracket_binary_v1,9,7,True,2.4713844357648895e-05,2.4713844357648895e-05,17,cuda:0,bfloat16,2.804407870371506e-07,3.3971789270559327e-10,0.998788628800059,True,32,24,float32,2.8024820153405017e-07,0.0006867242997535352,True,2.804407870371506e-07,False,0.001,990ff3d234e0a239a62d8b4693f1a60650c0ab1005e0522df1d6649e4d9d63b7,"[2048, 6144]",1805930059754676793,2.804407870371506e-07
ruler_fwe_16k:0321,ruler_fwe_16k,6,20260926,gaussian_bf16_scalar_bracket_binary_v1,3,7,True,3.364026088092942e-05,3.364026088092942e-05,11,cuda:0,bfloat16,4.6722584556846414e-07,8.96833718400103e-10,0.9980805134670816,True,32,24,float32,4.6747078386033536e-07,0.0005242396031692346,True,4.6722584556846414e-07,False,0.001,30e0f879ed915b8f0b3fbf7b5c5417b7d7d81d6f362ef831822c4f1e3399eb02,"[2048, 6144]",3522088111164185487,4.6722584556846414e-07
ruler_fwe_16k:0321,ruler_fwe_16k,6,20260927,gaussian_bf16_scalar_bracket_binary_v1,7,7,True,3.387387380371365e-05,3.387387380371365e-05,15,cuda:0,bfloat16,4.6722584556846414e-07,7.534745050108427e-10,0.9983873441245655,True,32,24,float32,4.674430442719313e-07,0.00046486876855642733,True,4.6722584556846414e-07,False,0.001,3854334ef3d292552c405829b80d5931cc4d18c34e2f1e5ca038a0ea59fcff69,"[2048, 6144]",4058925578358788693,4.6722584556846414e-07
ruler_fwe_16k:0321,ruler_fwe_16k,6,20260928,gaussian_bf16_scalar_bracket_binary_v1,23,7,True,3.233650785291857e-05,3.233650785291857e-05,31,cuda:0,bfloat16,4.6722584556846414e-07,7.635250209858668e-10,0.9983658330800238,True,32,24,float32,4.668996780310408e-07,0.0006980939528858362,True,4.6722584556846414e-07,False,0.001,f29d8df03bbc7fb450e2b5800ad5b12b83d96b8d9721b22e89485f3d5f425dd9,"[2048, 6144]",8258913354601234356,4.6722584556846414e-07
ruler_fwe_16k:0321,ruler_fwe_16k,6,20260929,gaussian_bf16_scalar_bracket_binary_v1,12,7,True,3.401258147661679e-05,3.401258147661679e-05,20,cuda:0,bfloat16,4.6722584556846414e-07,8.839914356073564e-10,0.9981079997093658,True,32,24,float32,4.6675975795551494e-07,0.0009975638491961335,True,4.6722584556846414e-07,False,0.001,8f8dfea962accb0ec24900a816053e1fffdec19b102ef828a0f6dbe9a04aaa4a,"[2048, 6144]",1120831885743541006,4.6722584556846414e-07
ruler_fwe_16k:0321,ruler_fwe_16k,6,20260930,gaussian_bf16_scalar_bracket_binary_v1,10,7,True,3.390307541906168e-05,3.390307541906168e-05,18,cuda:0,bfloat16,4.6722584556846414e-07,6.509441319302312e-10,0.9986067891190004,True,32,24,float32,4.671106239584333e-07,0.00024660795442655806,True,4.6722584556846414e-07,False,0.001,b723d5b8e6303aa4166d5db65acfa5ecba8d5cb75c725436ef8e37220d2d0399,"[2048, 6144]",3973254286383528612,4.6722584556846414e-07
ruler_fwe_16k:0321,ruler_fwe_16k,12,20260926,gaussian_bf16_scalar_bracket_binary_v1,7,7,True,2.63932124795474e-05,2.63932124795474e-05,15,cuda:0,bfloat16,3.3199009408235725e-07,6.316373535319997e-10,0.9980974210833673,True,32,24,float32,3.321047756799089e-07,0.0003454368054826086,True,3.3199009408235725e-07,False,0.001,2f746e7310350e05e1dc18dfda529d651986ea1eb660c4b0f01ffd4d193fd360,"[2048, 6144]",3419479457553255941,3.3199009408235725e-07
ruler_fwe_16k:0321,ruler_fwe_16k,12,20260927,gaussian_bf16_scalar_bracket_binary_v1,9,7,True,2.6517708764828285e-05,2.6517707184249674e-05,17,cuda:0,bfloat16,3.3199009408235725e-07,6.201660296412115e-10,0.9981319742947289,True,32,24,float32,3.316618233384361e-07,0.0009887968037978017,True,3.3199009408235725e-07,False,0.001,09202b7c05475381e17d1d2b1040ea369f4be19afb9c653d3170585c59533be1,"[2048, 6144]",657573357260592001,3.3199009408235725e-07
ruler_fwe_16k:0321,ruler_fwe_16k,12,20260928,gaussian_bf16_scalar_bracket_binary_v1,11,7,True,2.5760356362702908e-05,2.5760356362702908e-05,19,cuda:0,bfloat16,3.3199009408235725e-07,2.556181655233303e-10,0.9992300427932048,True,32,24,float32,3.316611127957003e-07,0.0009909370566198747,True,3.3199009408235725e-07,False,0.001,c9e19ab6eba85df8b8e6cba306dceed3fb6aec0eb6f7c9c40b5d7e3775c7e5f9,"[2048, 6144]",5323706344957042168,3.3199009408235725e-07
ruler_fwe_16k:0321,ruler_fwe_16k,12,20260929,gaussian_bf16_scalar_bracket_binary_v1,8,7,True,2.5978224861944454e-05,2.5978224861944454e-05,16,cuda:0,bfloat16,3.3199009408235725e-07,5.40689826245e-10,0.9983713675923388,True,32,24,float32,3.3207666660928226e-07,0.0002607684038413943,True,3.3199009408235725e-07,False,0.001,7233433be10322acc107b9667bb8cdb9158ccad0dec5d53d267ae888ec5ba368,"[2048, 6144]",8228994868593238700,3.3199009408235725e-07
ruler_fwe_16k:0321,ruler_fwe_16k,12,20260930,gaussian_bf16_scalar_bracket_binary_v1,8,7,True,2.664220505010917e-05,2.664220505010917e-05,16,cuda:0,bfloat16,3.3199009408235725e-07,5.201959973888393e-10,0.9984330978343595,True,32,24,float32,3.319625818676286e-07,8.287058927067289e-05,True,3.3199009408235725e-07,False,0.001,4eaf9b948a1a28def3c8b5e73dc298588396c01b61911c3d7498c6d2d042c0ef,"[2048, 6144]",5669921518157179102,3.3199009408235725e-07
ruler_fwe_16k:0321,ruler_fwe_16k,18,20260926,gaussian_bf16_scalar_bracket_binary_v1,32,7,True,2.6495487510658222e-05,2.6495487510658222e-05,40,cuda:0,bfloat16,3.4326137665630085e-07,3.772287482384229e-10,0.998901045168807,True,32,24,float32,3.4382665603516216e-07,0.0016467899312403726,True,3.4326137665630085e-07,False,0.001,8d8bd414ae70dd4eb0fa0151efe12cc2ec30863dea167fc2865322ba5fc00522,"[2048, 6144]",976106929546911054,3.4326137665630085e-07
ruler_fwe_16k:0321,ruler_fwe_16k,18,20260927,gaussian_bf16_scalar_bracket_binary_v1,9,7,True,2.8791047967047234e-05,2.8791047967047234e-05,17,cuda:0,bfloat16,3.4326137665630085e-07,3.588161157086489e-10,0.9989546854376573,True,32,24,float32,3.4358490097474714e-07,0.0009425013719799467,True,3.4326137665630085e-07,False,0.001,dc0962a640846dca3e469ec57052648d2e974d2174639f25f847b4be29c3cddb,"[2048, 6144]",6631940392466279882,3.4326137665630085e-07
ruler_fwe_16k:0321,ruler_fwe_16k,18,20260928,gaussian_bf16_scalar_bracket_binary_v1,32,7,True,2.7663380710141183e-05,2.7663380710141183e-05,40,cuda:0,bfloat16,3.4326137665630085e-07,5.107701483986204e-10,0.9985120080989769,True,32,24,float32,3.4383324987175e-07,0.0016659993064753148,True,3.4326137665630085e-07,False,0.001,51ebd403e789ea5a013d87442683ad4bd9ec1ee9b57d277c5ee7d85bdd755d9c,"[2048, 6144]",5903044849833732698,3.4326137665630085e-07
ruler_fwe_16k:0321,ruler_fwe_16k,18,20260929,gaussian_bf16_scalar_bracket_binary_v1,13,7,True,2.8606008631193447e-05,2.8606008631193447e-05,21,cuda:0,bfloat16,3.4326137665630085e-07,2.1972909602929747e-10,0.9993598781832967,True,32,24,float32,3.4354630429334065e-07,0.0008300602876305865,True,3.4326137665630085e-07,False,0.001,96a6c8f1467f5a92a3ab07c3c9941caed1b85c4a9f8ec32026d2561d3e1ebe6e,"[2048, 6144]",1632212853563808402,3.4326137665630085e-07
ruler_fwe_16k:0321,ruler_fwe_16k,18,20260930,gaussian_bf16_scalar_bracket_binary_v1,8,7,True,2.7203464100011843e-05,2.7203462478559027e-05,16,cuda:0,bfloat16,3.4326137665630085e-07,4.656612873077393e-10,0.9986434206730634,True,32,24,float32,3.435114876992884e-07,0.000728631474428844,True,3.4326137665630085e-07,False,0.001,d0757056ac294e36ecf37481612cbb29cc2d9c7efeec044dc0189b3f56da8dff,"[2048, 6144]",5797663612867268150,3.4326137665630085e-07
ruler_fwe_16k:0321,ruler_fwe_16k,24,20260926,gaussian_bf16_scalar_bracket_binary_v1,10,6,True,0.0001100644103573245,0.0001100644103573245,17,cuda:0,bfloat16,2.7071953354607103e-06,9.552088009456838e-09,0.9964715926167805,True,32,24,float32,2.7088201477454277e-06,0.0006001828768816292,True,2.7071953354607103e-06,False,0.001,11065e4b3ccf51524f01eab7f9c60eacb30df45635349ced12a61b4ab1c13706,"[2048, 6144]",1226771625740816722,2.7071953354607103e-06
ruler_fwe_16k:0321,ruler_fwe_16k,24,20260927,gaussian_bf16_scalar_bracket_binary_v1,10,6,True,0.0001132792048181841,0.0001132792048181841,17,cuda:0,bfloat16,2.7071953354607103e-06,9.657386002004387e-09,0.9964326970146907,True,32,24,float32,2.707136673052446e-06,2.166907112167091e-05,True,2.7071953354607103e-06,False,0.001,86505a3f0de949eafc9cc90effae4db8e32c810c9d040d7ac97deacd740265ab,"[2048, 6144]",454962789227252202,2.7071953354607103e-06
ruler_fwe_16k:0321,ruler_fwe_16k,24,20260928,gaussian_bf16_scalar_bracket_binary_v1,11,6,True,0.00011298310532836808,0.00011298309185973237,18,cuda:0,bfloat16,2.7071953354607103e-06,1.0416894902220974e-08,0.9961521450758379,True,32,24,float32,2.7059252261096844e-06,0.00046916058637850276,True,2.7071953354607103e-06,False,0.001,d694509d6a1d627d8e798057ca521aac0dc7b2e47a63d945153792c6fa1b4023,"[2048, 6144]",6238700020835377789,2.7071953354607103e-06
ruler_fwe_16k:0321,ruler_fwe_16k,24,20260929,gaussian_bf16_scalar_bracket_binary_v1,7,6,True,0.00011031820992002395,0.00011031820992002395,14,cuda:0,bfloat16,2.7071953354607103e-06,9.95504123579849e-09,0.9963227473446779,True,32,24,float32,2.7053015401179437e-06,0.0006995414471798333,True,2.7071953354607103e-06,False,0.001,82ffc6dc84c8f623dfec652dd4a235220ae1a321df40a9293dbd3daa1702ba2a,"[2048, 6144]",216109957559940643,2.7071953354607103e-06
ruler_fwe_16k:0321,ruler_fwe_16k,24,20260930,gaussian_bf16_scalar_bracket_binary_v1,8,6,True,0.00011336380467241725,0.00011336380467241725,15,cuda:0,bfloat16,2.7071953354607103e-06,1.1430953072988359e-08,0.9957775662054165,True,32,24,float32,2.707723979256116e-06,0.00019527360603831343,True,2.7071953354607103e-06,False,0.001,614c209338ee45073c2d030e626c6aac7249536160cc4b30d9f737f944dd9b23,"[2048, 6144]",7011014536596440327,2.7071953354607103e-06
ruler_fwe_16k:0324,ruler_fwe_16k,6,20260926,gaussian_bf16_scalar_bracket_binary_v1,11,7,True,1.946018006071526e-05,1.946018006071526e-05,19,cuda:0,bfloat16,2.0861834570951032e-07,1.3015628852475203e-10,0.9993761033427713,True,32,24,float32,2.0881188333987666e-07,0.0009277114613679599,True,2.0861834570951032e-07,False,0.001,34d51fa5660d49166e9a9851d11137e1e7411a47006af4731494ed7a13c4d62c,"[2048, 6144]",3806983855253834006,2.0861834570951032e-07
ruler_fwe_16k:0324,ruler_fwe_16k,6,20260927,gaussian_bf16_scalar_bracket_binary_v1,5,7,True,1.961012449669397e-05,1.9610123327839467e-05,13,cuda:0,bfloat16,2.0861834570951032e-07,1.3015628852475203e-10,0.9993761033427713,True,32,24,float32,2.0867858552264806e-07,0.0002887560676069302,True,2.0861834570951032e-07,False,0.001,2c74205347c176f411f0cc9b62b6bf378becd8d37193bc0e912f7e52d5957114,"[2048, 6144]",3203220777025500916,2.0861834570951032e-07
ruler_fwe_16k:0324,ruler_fwe_16k,6,20260928,gaussian_bf16_scalar_bracket_binary_v1,32,7,True,1.9264600361612594e-05,1.926459921335293e-05,40,cuda:0,bfloat16,2.0861834570951032e-07,2.016372485647011e-10,0.999033463486258,True,32,24,float32,2.0835531699958665e-07,0.001260812940631439,True,2.0861834570951032e-07,False,0.001,eedccec5b4f7ecda6f53520d9b0b1c922675fa5ea34dcd5ebeb7990af88b4a13,"[2048, 6144]",7988487187588443354,2.0861834570951032e-07
ruler_fwe_16k:0324,ruler_fwe_16k,6,20260929,gaussian_bf16_scalar_bracket_binary_v1,32,7,True,2.141597705174192e-05,2.141597705174192e-05,40,cuda:0,bfloat16,2.0861834570951032e-07,2.3999632836613216e-10,0.9988495914510782,True,32,24,float32,2.079372336538654e-07,0.0032648713291655003,True,2.0861834570951032e-07,False,0.001,0c62630f49b84defc783bc48234567847f953d91fc789ecec5ddbea0534b99cd,"[2048, 6144]",892384593485254127,2.0861834570951032e-07
ruler_fwe_16k:0324,ruler_fwe_16k,6,20260930,gaussian_bf16_scalar_bracket_binary_v1,9,7,True,2.0105593067754057e-05,2.0105593067754057e-05,17,cuda:0,bfloat16,2.0861834570951032e-07,1.7462298274040222e-10,0.9991629548103906,True,32,24,float32,2.0860053950855217e-07,8.535299662927189e-05,True,2.0861834570951032e-07,False,0.001,0706d8fa4c6fe065a6e78d0cf32ed28e504084c5107bd483e5c058d1a4413af9,"[2048, 6144]",506330577661583461,2.0861834570951032e-07
ruler_fwe_16k:0351,ruler_fwe_16k,0,20260926,gaussian_bf16_scalar_bracket_binary_v1,7,7,True,4.8326239323159825e-05,4.8326239323159825e-05,15,cuda:0,bfloat16,7.378051805062569e-07,1.5803406361314387e-09,0.9978580515861286,True,32,24,float32,7.376366397693346e-07,0.000228435285323761,True,7.378051805062569e-07,False,0.001,b40776bc46759b97d4b69250ff5516361d61cd344924039fc922119b8b22e1db,"[2048, 6144]",3749095765817269143,7.378051805062569e-07
ruler_fwe_16k:0351,ruler_fwe_16k,0,20260927,gaussian_bf16_scalar_bracket_binary_v1,7,7,True,4.8326239323159825e-05,4.83262364426915e-05,15,cuda:0,bfloat16,7.378051805062569e-07,9.332532524553017e-10,0.9987350952838052,True,32,24,float32,7.373626544904255e-07,0.0005997870813644113,True,7.378051805062569e-07,False,0.001,b850b9822c4416623697ac455fe05e86bc7cdd96e9d8a1c6c1e9da8bbe8a9c7a,"[2048, 6144]",4057947233000363618,7.378051805062569e-07
ruler_fwe_16k:0351,ruler_fwe_16k,0,20260928,gaussian_bf16_scalar_bracket_binary_v1,8,7,True,4.887959320853952e-05,4.887959320853952e-05,16,cuda:0,bfloat16,7.378051805062569e-07,1.5307376477480261e-09,0.9979252820552199,True,32,24,float32,7.379158546427789e-07,0.00015000455329691826,True,7.378051805062569e-07,False,0.001,b5eec4fc316fbb0a68ce24468f7c911bdb2588d7dac801ef75c84c93c089b36f,"[2048, 6144]",3886260115907525386,7.378051805062569e-07
ruler_fwe_16k:0351,ruler_fwe_16k,0,20260929,gaussian_bf16_scalar_bracket_binary_v1,7,6,True,4.7035080257273876e-05,4.7035080257273876e-05,14,cuda:0,bfloat16,7.378051805062569e-07,1.599982923927712e-09,0.9978314289920953,True,32,24,float32,7.378066015917284e-07,1.9260985271817956e-06,True,7.378051805062569e-07,False,0.001,b12a919554cb789b5b29154b99cda5c8e48f08dbeb7022289766a7227176e190,"[2048, 6144]",3542804127439091867,7.378051805062569e-07
ruler_fwe_16k:0351,ruler_fwe_16k,0,20260930,gaussian_bf16_scalar_bracket_binary_v1,11,7,True,4.770371620210767e-05,4.770371620210767e-05,19,cuda:0,bfloat16,7.378051805062569e-07,1.6415309112005616e-09,0.9977751160406949,True,32,24,float32,7.370853154498036e-07,0.0009756844699292104,True,7.378051805062569e-07,False,0.001,640dece71a3b91ffd8752d7aaf1791e40fe6816476a973f4fa1a8102e81a6261,"[2048, 6144]",7209679055811744255,7.378051805062569e-07
ruler_fwe_16k:0351,ruler_fwe_16k,6,20260926,gaussian_bf16_scalar_bracket_binary_v1,7,7,True,3.107423754045158e-05,3.107423754045158e-05,15,cuda:0,bfloat16,4.40769326814916e-07,4.656612873077393e-10,0.9989435261054287,True,32,24,float32,4.408348672768625e-07,0.00014869560552255222,True,4.40769326814916e-07,False,0.001,e0af01b9263eff118604c42bae5b6fde200f5c9725b135f24342a62548abe7ca,"[2048, 6144]",6966789043287686929,4.40769326814916e-07
ruler_fwe_16k:0351,ruler_fwe_16k,6,20260927,gaussian_bf16_scalar_bracket_binary_v1,6,7,True,3.217616085748887e-05,3.217616085748887e-05,14,cuda:0,bfloat16,4.40769326814916e-07,6.911776706530759e-10,0.9984318834623823,True,32,24,float32,4.41000253204038e-07,0.0005239166499873099,True,4.40769326814916e-07,False,0.001,884509d3e798105d276b8e278e3b39f0642bdbc7c06fd3b60c0768fb105041f4,"[2048, 6144]",595893331424710749,4.40769326814916e-07
ruler_fwe_16k:0351,ruler_fwe_16k,6,20260928,gaussian_bf16_scalar_bracket_binary_v1,8,7,True,3.272712251600751e-05,3.272712251600751e-05,16,cuda:0,bfloat16,4.40769326814916e-07,8.414983709847945e-10,0.9980908418081956,True,32,24,float32,4.411974714457756e-07,0.0009713575895887799,True,4.40769326814916e-07,False,0.001,f982da389ea60c65c0535e0c369dfef13cceec109bb41a98ebe85fdbc62d2684,"[2048, 6144]",8755800562276371557,4.40769326814916e-07
ruler_fwe_16k:0351,ruler_fwe_16k,6,20260929,gaussian_bf16_scalar_bracket_binary_v1,7,7,True,3.2396545520896325e-05,3.2396545520896325e-05,15,cuda:0,bfloat16,4.40769326814916e-07,7.722119055308951e-10,0.9982480361981831,True,32,24,float32,4.4100235641053587e-07,0.0005286883216302713,True,4.40769326814916e-07,False,0.001,ad2636de1b75b4aebdd8ed7d625704aecc00ce1bb050468c519e3d71f00e9fd6,"[2048, 6144]",3253348108393100462,4.40769326814916e-07
ruler_fwe_16k:0351,ruler_fwe_16k,6,20260930,gaussian_bf16_scalar_bracket_binary_v1,10,7,True,3.159765111604429e-05,3.159765111604429e-05,18,cuda:0,bfloat16,4.40769326814916e-07,9.82658399095726e-10,0.9977705835245011,True,32,24,float32,4.40916124944124e-07,0.0003330497842688561,True,4.40769326814916e-07,False,0.001,aacb8ca6711d8dd1ef0bdb47767f9697a0467f4bdd80886a64d0a97ba58df72f,"[2048, 6144]",3083713016355458513,4.40769326814916e-07
ruler_fwe_16k:0351,ruler_fwe_16k,12,20260926,gaussian_bf16_scalar_bracket_binary_v1,10,6,True,0.00013772386333243958,0.00013772384691447567,17,cuda:0,bfloat16,3.8966963984421454e-06,1.9063572054278666e-08,0.9951077604963271,True,32,24,float32,3.897792339557782e-06,0.0002812487819360326,True,3.8966963984421454e-06,False,0.001,4d24669becff5256dc17ed64503f4e9a23b743c730a9a2acea9ac196b471060e,"[2048, 6144]",5558680659964154454,3.8966963984421454e-06
ruler_fwe_16k:0351,ruler_fwe_16k,12,20260927,gaussian_bf16_scalar_bracket_binary_v1,9,6,True,0.00013808917861979353,0.00013808917861979353,16,cuda:0,bfloat16,3.8966963984421454e-06,1.8967973858252662e-08,0.9951322936357485,True,32,24,float32,3.898348950315267e-06,0.00042409048695250725,True,3.8966963984421454e-06,False,0.001,f9889e0956864431eea3c6e824f2c0ef3cb44a3a4a678b61a04dd5c5a133cc67,"[2048, 6144]",8757423238365463601,3.8966963984421454e-06
ruler_fwe_16k:0351,ruler_fwe_16k,12,20260928,gaussian_bf16_scalar_bracket_binary_v1,10,6,True,0.00014015929858146592,0.00014015929022732072,17,cuda:0,bfloat16,3.8966963984421454e-06,1.7179349498519514e-08,0.9955913040837907,True,32,24,float32,3.899644980265293e-06,0.0007566875942212595,True,3.8966963984421454e-06,False,0.001,27b06ef44cbf3d7db5bf1444ecfd9f2e13f17cca2f54aac84ebe345606b68892,"[2048, 6144]",2859907758918942077,3.8966963984421454e-06
ruler_fwe_16k:0351,ruler_fwe_16k,12,20260929,gaussian_bf16_scalar_bracket_binary_v1,10,6,True,0.00014088992915617382,0.00014088992915617382,17,cuda:0,bfloat16,3.8966963984421454e-06,1.719153353008096e-08,0.995588177324527,True,32,24,float32,3.895088411809411e-06,0.00041265381449203786,True,3.8966963984421454e-06,False,0.001,3ae6f42e746db86186572b9f6fec421c3e79a968336ae4e07d043874923c3b04,"[2048, 6144]",4244348179202291809,3.8966963984421454e-06
ruler_fwe_16k:0351,ruler_fwe_16k,12,20260930,gaussian_bf16_scalar_bracket_binary_v1,10,6,True,0.00013821095038224485,0.00013821094214423025,17,cuda:0,bfloat16,3.8966963984421454e-06,2.0840912995367944e-08,0.9946516456853811,True,32,24,float32,3.894823294103844e-06,0.00048069034555789136,True,3.8966963984421454e-06,False,0.001,519bd903cf5c294952d1d5e776bf09cb7284e299ac05212de1419cbb0b31f993,"[2048, 6144]",5880532348849367369,3.8966963984421454e-06
ruler_fwe_16k:0351,ruler_fwe_16k,18,20260926,gaussian_bf16_scalar_bracket_binary_v1,32,7,True,1.8318066516975762e-05,1.8318066516975762e-05,40,cuda:0,bfloat16,1.826100088919702e-07,3.915519852792926e-10,0.9978558021673887,True,32,24,float32,1.8235569143598696e-07,0.0013926808148490156,True,1.826100088919702e-07,False,0.001,1b5828816e6efcd51421fd145ce9aa24b8173426b4c51391a71c2110551da2a9,"[2048, 6144]",1970369373343251669,1.826100088919702e-07
ruler_fwe_16k:0351,ruler_fwe_16k,18,20260927,gaussian_bf16_scalar_bracket_binary_v1,10,7,True,1.8226761512529777e-05,1.8226761512529777e-05,18,cuda:0,bfloat16,1.826100088919702e-07,1.9523442584823414e-10,0.9989308667852717,True,32,24,float32,1.8257846079450246e-07,0.0001727621484669655,True,1.826100088919702e-07,False,0.001,65f29ebd7ba5b595527917a7b2c422ba3eb8a9c72dc4a3a5e03975e8f52d8f99,"[2048, 6144]",7346108478855165333,1.826100088919702e-07
ruler_fwe_16k:0351,ruler_fwe_16k,18,20260928,gaussian_bf16_scalar_bracket_binary_v1,6,7,True,1.807839088030505e-05,1.807839088030505e-05,14,cuda:0,bfloat16,1.826100088919702e-07,1.1999816418306608e-10,0.9993428719219106,True,32,24,float32,1.8262512924138719e-07,8.280131800398707e-05,True,1.826100088919702e-07,False,0.001,b046422f3bc2228b89f6f1b05d850bb3fe62b24d83915ddc0f7b0587ee880357,"[2048, 6144]",3478540532823761547,1.826100088919702e-07
ruler_fwe_16k:0351,ruler_fwe_16k,18,20260929,gaussian_bf16_scalar_bracket_binary_v1,5,7,True,1.862622090698096e-05,1.862622090698096e-05,13,cuda:0,bfloat16,1.826100088919702e-07,1.7703169485905335e-10,0.9990305476904949,True,32,24,float32,1.8268620749495312e-07,0.0004172750630990401,True,1.826100088919702e-07,False,0.001,6418b7f584ebd24084c1318685e37519861b09b15a12e2140ec9cfd23c342c62,"[2048, 6144]",7212717068358767168,1.826100088919702e-07
ruler_fwe_16k:0351,ruler_fwe_16k,18,20260930,gaussian_bf16_scalar_bracket_binary_v1,9,7,True,1.77816496158556e-05,1.77816496158556e-05,17,cuda:0,bfloat16,1.826100088919702e-07,8.731149137020111e-11,0.9995218690809995,True,32,24,float32,1.827039568524924e-07,0.0005144732268086076,True,1.826100088919702e-07,False,0.001,6e3a09376ab4b4e642b4a30714fbf169b2574871ad9213b2afa6d4adbd59f084,"[2048, 6144]",7942671026439369958,1.826100088919702e-07
ruler_fwe_16k:0351,ruler_fwe_16k,24,20260926,gaussian_bf16_scalar_bracket_binary_v1,9,7,True,3.302960172746339e-05,3.302959975874571e-05,17,cuda:0,bfloat16,4.5014789407105127e-07,6.269156860305714e-10,0.9986073117429011,True,32,24,float32,4.50143915031731e-07,8.83940449942105e-06,True,4.5014789407105127e-07,False,0.001,74e94856ea9bc585e3708a4236f341d48720037a4d93fc35b7de1d0bbd03d163,"[2048, 6144]",8424344116113687941,4.5014789407105127e-07
ruler_fwe_16k:0351,ruler_fwe_16k,24,20260927,gaussian_bf16_scalar_bracket_binary_v1,12,7,True,3.352898454744846e-05,3.352898454744846e-05,20,cuda:0,bfloat16,4.5014789407105127e-07,7.499532661547903e-10,0.9983339847280582,True,32,24,float32,4.5049401364849473e-07,0.0007689019142424968,True,4.5014789407105127e-07,False,0.001,21820db01af4820eb054e112a58929e0b5656ba6ee00f68ffca800ad71a7a2e5,"[2048, 6144]",2414507400241644046,4.5014789407105127e-07
ruler_fwe_16k:0351,ruler_fwe_16k,24,20260928,gaussian_bf16_scalar_bracket_binary_v1,8,7,True,3.432377692291766e-05,3.432377692291766e-05,16,cuda:0,bfloat16,4.5014789407105127e-07,5.732789798429394e-10,0.9987264652630976,True,32,24,float32,4.5017534944236104e-07,6.099189104600525e-05,True,4.5014789407105127e-07,False,0.001,d708f06b36051ee1d2994040bfa80edc72bfbc2355884571d5ae32f440846891,"[2048, 6144]",6271526824371887841,4.5014789407105127e-07
ruler_fwe_16k:0351,ruler_fwe_16k,24,20260929,gaussian_bf16_scalar_bracket_binary_v1,9,7,True,3.438004540967654e-05,3.438004540967654e-05,17,cuda:0,bfloat16,4.5014789407105127e-07,5.366481148350033e-10,0.9988078404411012,True,32,24,float32,4.5008664528722875e-07,0.00013606369068751688,True,4.5014789407105127e-07,False,0.001,696f01a6666423539c6b50c79fd1647f7eec00755d5ce4e8357941795b948506,"[2048, 6144]",7597292910591353683,4.5014789407105127e-07
ruler_fwe_16k:0351,ruler_fwe_16k,24,20260930,gaussian_bf16_scalar_bracket_binary_v1,9,7,True,3.35922865950522e-05,3.359228459279589e-05,17,cuda:0,bfloat16,4.5014789407105127e-07,8.960955311110297e-10,0.998009330837901,True,32,24,float32,4.5041440444038017e-07,0.0005920506856505085,True,4.5014789407105127e-07,False,0.001,dc418eff0495e80b3c15f7b9d8d742bf323f76bf8dff8ae38cf68c19029f3ed6,"[2048, 6144]",6647751750920300555,4.5014789407105127e-07
ruler_fwe_16k:0372,ruler_fwe_16k,0,20260926,gaussian_bf16_scalar_bracket_binary_v1,9,7,True,2.9424532357325006e-05,2.9424532357325006e-05,17,cuda:0,bfloat16,3.649554400908528e-07,4.879233683752204e-10,0.9986630604321072,True,32,24,float32,3.65308608252235e-07,0.0009677021427445546,True,3.649554400908528e-07,False,0.001,58e7df984963cde1ad4ba9f76e0e869d6c63a6157392ea7fa4c54615184d6ef5,"[2048, 6144]",6406334840117120481,3.649554400908528e-07
ruler_fwe_16k:0372,ruler_fwe_16k,0,20260927,gaussian_bf16_scalar_bracket_binary_v1,9,7,True,2.9880726657438572e-05,2.9880726657438572e-05,17,cuda:0,bfloat16,3.649554400908528e-07,3.266896753117976e-10,0.9991048505120776,True,32,24,float32,3.650976339031331e-07,0.00038961965396354473,True,3.649554400908528e-07,False,0.001,25be53fa73e98a74836269b56d44586048d7d34d20151f19e69c945d175134a4,"[2048, 6144]",2719703560129972852,3.649554400908528e-07
ruler_fwe_16k:0372,ruler_fwe_16k,0,20260928,gaussian_bf16_scalar_bracket_binary_v1,8,7,True,2.9287674067290936e-05,2.9287674067290936e-05,16,cuda:0,bfloat16,3.649554400908528e-07,4.880860715594793e-10,0.9986626146155323,True,32,24,float32,3.652515943031176e-07,0.0008114804705776806,True,3.649554400908528e-07,False,0.001,114e64a21bb9b4d40dd70a70ae7a3e56fd22e1069ceedf68973bf5f7b2dc28a6,"[2048, 6144]",1247044794240840916,3.649554400908528e-07
ruler_fwe_16k:0372,ruler_fwe_16k,0,20260929,gaussian_bf16_scalar_bracket_binary_v1,11,7,True,3.0918568690196935e-05,3.0918568690196935e-05,19,cuda:0,bfloat16,3.649554400908528e-07,7.892989040136911e-10,0.9978372732193903,True,32,24,float32,3.6485565146904264e-07,0.00027342686489426456,True,3.649554400908528e-07,False,0.001,2c900651e06a11291781e5ff802fa33f281a1348938e43ce442271f0a4fc2aa3,"[2048, 6144]",3211073483042328873,3.649554400908528e-07
ruler_fwe_16k:0372,ruler_fwe_16k,0,20260930,gaussian_bf16_scalar_bracket_binary_v1,8,7,True,2.910519634724551e-05,2.910519634724551e-05,16,cuda:0,bfloat16,3.649554400908528e-07,5.903846855837003e-10,0.9983823102200183,True,32,24,float32,3.6529473845803295e-07,0.0009296980669631815,True,3.649554400908528e-07,False,0.001,c7d77d9c517dbc4db0e06fbd2eaa7f7a9156791c550350f139e3a7bcf850e11c,"[2048, 6144]",5176744407021239373,3.649554400908528e-07
ruler_fwe_16k:0373,ruler_fwe_16k,6,20260926,gaussian_bf16_scalar_bracket_binary_v1,7,7,True,1.623327166555555e-05,1.623327166555555e-05,15,cuda:0,bfloat16,1.6480478848279745e-07,8.231806208902626e-11,0.9995005117093572,True,32,24,float32,1.6490658083512244e-07,0.0006176540940472562,True,1.6480478848279745e-07,False,0.001,46a2b93c23187312652733abd2ded159dcb551acc83a507825d77945bf06ae52,"[2048, 6144]",5089834196820062994,1.6480478848279745e-07
ruler_fwe_16k:0373,ruler_fwe_16k,6,20260927,gaussian_bf16_scalar_bracket_binary_v1,32,7,True,1.6619532888562105e-05,1.6619532888562105e-05,40,cuda:0,bfloat16,1.6480478848279745e-07,1.7462298274040222e-10,0.9989404253095556,True,32,24,float32,1.649930112535003e-07,0.0011420952779081263,True,1.6480478848279745e-07,False,0.001,e03830e17d74f683df7acf71dbf71281de39c36ecf58f99f224af9672c96c36d,"[2048, 6144]",6933345371367470723,1.6480478848279745e-07
ruler_fwe_16k:0373,ruler_fwe_16k,6,20260928,gaussian_bf16_scalar_bracket_binary_v1,32,7,True,1.610966807419345e-05,1.6109667113982407e-05,40,cuda:0,bfloat16,1.6480478848279745e-07,5.820766091346741e-11,0.9996468084365185,True,32,24,float32,1.6510165323779802e-07,0.0018013114651189701,True,1.6480478848279745e-07,False,0.001,42d7af829286c87558d01c149f008d27106db9d162d40cf5425312786eaf9a51,"[2048, 6144]",4816511301834950773,1.6480478848279745e-07
ruler_fwe_16k:0373,ruler_fwe_16k,6,20260929,gaussian_bf16_scalar_bracket_binary_v1,8,7,True,1.7016094410848837e-05,1.7016094410848837e-05,16,cuda:0,bfloat16,1.6480478848279745e-07,5.820766091346741e-11,0.9996468084365185,True,32,24,float32,1.6466159991068707e-07,0.0008688374496188963,True,1.6480478848279745e-07,False,0.001,47a721eec02ce0178dbea2647af3368cfbaae09b8b4ae82bf24f9b1f530cab5a,"[2048, 6144]",5163132807113662487,1.6480478848279745e-07
ruler_fwe_16k:0373,ruler_fwe_16k,6,20260930,gaussian_bf16_scalar_bracket_binary_v1,7,7,True,1.7716514761900726e-05,1.7716514761900726e-05,15,cuda:0,bfloat16,1.6480478848279745e-07,0.0,1.0,True,32,24,float32,1.649378589263506e-07,0.000807442822373099,True,1.6480478848279745e-07,False,0.001,c0d62be75f1225d2dcfd51a44f9c3dcfd937f3c886ff388097a39f385c3d9b80,"[2048, 6144]",4671969936175932882,1.6480478848279745e-07
ruler_fwe_16k:0386,ruler_fwe_16k,12,20260926,gaussian_bf16_scalar_bracket_binary_v1,13,7,True,2.5869069355533014e-05,2.5869069355533014e-05,21,cuda:0,bfloat16,3.2504573255209834e-07,7.618591313374168e-10,0.9976561478738525,True,32,24,float32,3.253610998399381e-07,0.0009702243600112971,True,3.2504573255209834e-07,False,0.001,9d71c310768782ff65c33040ca3757ad834e1e66c41b9d84143d5b2e111543b8,"[2048, 6144]",2121691374943699711,3.2504573255209834e-07
ruler_fwe_16k:0386,ruler_fwe_16k,12,20260927,gaussian_bf16_scalar_bracket_binary_v1,32,7,True,2.664359239012981e-05,2.664359239012981e-05,40,cuda:0,bfloat16,3.2504573255209834e-07,5.72215996808012e-10,0.9982395831124585,True,32,24,float32,3.245081643399317e-07,0.0016538233187863801,True,3.2504573255209834e-07,False,0.001,14c833f14683d5feba8722533f51c9f852b4f6800576f3413e42cdc2dd880fe8,"[2048, 6144]",1497503987463869950,3.2504573255209834e-07
ruler_fwe_16k:0386,ruler_fwe_16k,12,20260928,gaussian_bf16_scalar_bracket_binary_v1,10,7,True,2.699911116010867e-05,2.699911116010867e-05,18,cuda:0,bfloat16,3.2504573255209834e-07,4.5811096582859534e-10,0.9985906261182642,True,32,24,float32,3.2506108027519076e-07,4.721711917863198e-05,True,3.2504573255209834e-07,False,0.001,3675c954ba3b38f1706932700d29160f63992582077628278631bf680e11f392,"[2048, 6144]",3924264016062134513,3.2504573255209834e-07
ruler_fwe_16k:0386,ruler_fwe_16k,12,20260929,gaussian_bf16_scalar_bracket_binary_v1,5,7,True,2.6653750069272064e-05,2.6653750069272064e-05,13,cuda:0,bfloat16,3.2504573255209834e-07,3.993168573579453e-10,0.9987715056148477,True,32,24,float32,3.248912605613441e-07,0.00047523156062197186,True,3.2504573255209834e-07,False,0.001,a8b5116287547120fc8dde3778c1855126c8a7d2df616349ba4e6e37234e44c7,"[2048, 6144]",2933269847176671520,3.2504573255209834e-07
ruler_fwe_16k:0386,ruler_fwe_16k,12,20260930,gaussian_bf16_scalar_bracket_binary_v1,10,7,True,2.6064604679021386e-05,2.6064604679021386e-05,18,cuda:0,bfloat16,3.2504573255209834e-07,5.00721242246982e-10,0.9984595360218528,True,32,24,float32,3.2528288329558563e-07,0.0007295919304194542,True,3.2504573255209834e-07,False,0.001,c0b22ce5173236e26ade869eae46d4d8162ef12a7abc356c7b0b183d5c334b44,"[2048, 6144]",4661837926730184418,3.2504573255209834e-07
ruler_fwe_16k:0402,ruler_fwe_16k,12,20260926,gaussian_bf16_scalar_bracket_binary_v1,9,6,True,9.411784951396385e-05,9.411784951396385e-05,16,cuda:0,bfloat16,2.2309416181087727e-06,7.76929631740586e-09,0.9965174811145474,True,32,24,float32,2.2322230961435707e-06,0.0005744112819430919,True,2.2309416181087727e-06,False,0.001,a9d736fd9e65073b822f52ff6a6553ba70de9684a63bc6dcc392e0a5bfa717fe,"[2048, 6144]",3014938938459883323,2.2309416181087727e-06
ruler_fwe_16k:0402,ruler_fwe_16k,12,20260927,gaussian_bf16_scalar_bracket_binary_v1,9,6,True,9.495445262075464e-05,9.495446394020747e-05,16,cuda:0,bfloat16,2.2309416181087727e-06,8.883770163947702e-09,0.9960179279942437,True,32,24,float32,2.230950940429466e-06,4.178648431452585e-06,True,2.2309416181087727e-06,False,0.001,07b3ebc9b88a3771db3a855a93413b195c447941b7589d8b30cecf9cf96e4623,"[2048, 6144]",555046430713722737,2.2309416181087727e-06
ruler_fwe_16k:0402,ruler_fwe_16k,12,20260928,gaussian_bf16_scalar_bracket_binary_v1,11,6,True,9.35252556466537e-05,9.352525007211407e-05,18,cuda:0,bfloat16,2.2309416181087727e-06,7.2436039388890094e-09,0.9967531181093705,True,32,24,float32,2.2311785414785845e-06,0.00010619882111155106,True,2.2309416181087727e-06,False,0.001,fc6960f48dc9cb37e09dfea44cbacd8c1dd2146f1d0b8e64e846eceb7c0bf86c,"[2048, 6144]",8964803136724781879,2.2309416181087727e-06
ruler_fwe_16k:0402,ruler_fwe_16k,12,20260929,gaussian_bf16_scalar_bracket_binary_v1,8,6,True,9.565162187641363e-05,9.565163327897552e-05,15,cuda:0,bfloat16,2.2309416181087727e-06,6.444192290899764e-09,0.9971114473643812,True,32,24,float32,2.228907760581933e-06,0.0009116587858376432,True,2.2309416181087727e-06,False,0.001,cb587968a6e08c70039fd42710ddfe8b3d40e02d0c4d2654ca4fb63c61c8c45a,"[2048, 6144]",5429222841178426480,2.2309416181087727e-06
ruler_fwe_16k:0402,ruler_fwe_16k,12,20260930,gaussian_bf16_scalar_bracket_binary_v1,12,6,True,9.389126950587467e-05,9.389126390951891e-05,19,cuda:0,bfloat16,2.2309416181087727e-06,7.992109196663932e-09,0.996417607196983,True,32,24,float32,2.2313288354780525e-06,0.00017356678728692077,True,2.2309416181087727e-06,False,0.001,fba97f95d6752d39102b921e8c200b5f6fcf7aea869c5cb09e6456c8bf531eea,"[2048, 6144]",8910793619254095161,2.2309416181087727e-06
ruler_fwe_16k:0472,ruler_fwe_16k,0,20260926,gaussian_bf16_scalar_bracket_binary_v1,7,7,True,2.5375122035597997e-05,2.537512052312286e-05,15,cuda:0,bfloat16,2.867245427751186e-07,1.7522826245564005e-10,0.9993888620040696,True,32,24,float32,2.8683842856480624e-07,0.00039719581932318507,True,2.867245427751186e-07,False,0.001,a21ec98bd203c644b2947bf76171e3e7a3160508a05196e3f3d8f57901f1c781,"[2048, 6144]",2458624048951969348,2.867245427751186e-07
ruler_fwe_16k:0472,ruler_fwe_16k,0,20260927,gaussian_bf16_scalar_bracket_binary_v1,9,7,True,2.5697687146220005e-05,2.5697687146220005e-05,17,cuda:0,bfloat16,2.867245427751186e-07,4.409014264794564e-10,0.9984622822231676,True,32,24,float32,2.866328543404961e-07,0.0003197788153572735,True,2.867245427751186e-07,False,0.001,d332d9cee8eb114664516b897004c7c547ec592337666ce01338138d69ab5b39,"[2048, 6144]",5995093536677761350,2.867245427751186e-07
ruler_fwe_16k:0472,ruler_fwe_16k,0,20260928,gaussian_bf16_scalar_bracket_binary_v1,6,7,True,2.437158613588508e-05,2.437158904120455e-05,14,cuda:0,bfloat16,2.867245427751186e-07,1.0392146171378513e-10,0.9996375564480531,True,32,24,float32,2.8684246444754535e-07,0.00041127163822607805,True,2.867245427751186e-07,False,0.001,512b38afdae16d59285bbf3a34442749fa9fa6740a7ee9cfc4d70a4370473b74,"[2048, 6144]",5848830869013359961,2.867245427751186e-07
ruler_fwe_16k:0472,ruler_fwe_16k,0,20260929,gaussian_bf16_scalar_bracket_binary_v1,7,7,True,2.5948571121148234e-05,2.594856957449287e-05,15,cuda:0,bfloat16,2.867245427751186e-07,7.970412524427317e-11,0.9997220184764344,True,32,24,float32,2.8695941978185147e-07,0.0008191730099542803,True,2.867245427751186e-07,False,0.001,f1d3febf4595457b950026cd4a39281803adc849077b536c17d307671b41e8f4,"[2048, 6144]",8202179443831424379,2.867245427751186e-07
ruler_fwe_16k:0472,ruler_fwe_16k,0,20260930,gaussian_bf16_scalar_bracket_binary_v1,8,7,True,2.5303440899904217e-05,2.5303440899904217e-05,16,cuda:0,bfloat16,2.867245427751186e-07,4.872175995984662e-10,0.9983007467903415,True,32,24,float32,2.8668250706687104e-07,0.00014660659265759688,True,2.867245427751186e-07,False,0.001,bac869aa419d56933841ca7937ad31cb2d689660e5ca4b121d5f7c11118f2949,"[2048, 6144]",4235751629508138643,2.867245427751186e-07
ruler_fwe_16k:0472,ruler_fwe_16k,6,20260926,gaussian_bf16_scalar_bracket_binary_v1,8,7,True,3.42952699838861e-05,3.42952699838861e-05,16,cuda:0,bfloat16,4.6188915803213604e-07,7.89701193326664e-10,0.9982902798656476,True,32,24,float32,4.614730642060749e-07,0.000900852117494745,True,4.6188915803213604e-07,False,0.001,0c7fcc6a3f8dd41a2d80d406f6dd149209161f7fb4db2b8be9518f8bb5936137,"[2048, 6144]",900663207202247706,4.6188915803213604e-07
ruler_fwe_16k:0472,ruler_fwe_16k,6,20260927,gaussian_bf16_scalar_bracket_binary_v1,32,7,True,3.353748308398963e-05,3.353748308398963e-05,40,cuda:0,bfloat16,4.6188915803213604e-07,5.35907762611032e-10,0.9988397481229171,True,32,24,float32,4.629785621546034e-07,0.0023585834469654083,True,4.6188915803213604e-07,False,0.001,d70d1cc40f0c628715761fa374a6664664bca59708c7f7b35217beb0e4977177,"[2048, 6144]",6272701484388606599,4.6188915803213604e-07
ruler_fwe_16k:0472,ruler_fwe_16k,6,20260928,gaussian_bf16_scalar_bracket_binary_v1,9,7,True,3.319828323355978e-05,3.3198281254787895e-05,17,cuda:0,bfloat16,4.6188915803213604e-07,8.495128489549586e-10,0.9981607863397914,True,32,24,float32,4.619666071903339e-07,0.0001676790997386052,True,4.6188915803213604e-07,False,0.001,8e3a36b6c5d5a3de15bdc72f26b51273fcbb5d2803bcb535592dbf285c7890d1,"[2048, 6144]",1025192023811269598,4.6188915803213604e-07
ruler_fwe_16k:0472,ruler_fwe_16k,6,20260929,gaussian_bf16_scalar_bracket_binary_v1,8,7,True,3.314054708880576e-05,3.314054708880576e-05,16,cuda:0,bfloat16,4.6188915803213604e-07,6.216581138751565e-10,0.9986540967609552,True,32,24,float32,4.614374233824492e-07,0.000978015270181795,True,4.6188915803213604e-07,False,0.001,58d09a1cffed411843ca40c48115a4b80fe9e9d806dd5232b7da4a0f8aa6864e,"[2048, 6144]",6399784519836975384,4.6188915803213604e-07
ruler_fwe_16k:0472,ruler_fwe_16k,6,20260930,gaussian_bf16_scalar_bracket_binary_v1,7,7,True,3.348696395732986e-05,3.348696395732986e-05,15,cuda:0,bfloat16,4.6188915803213604e-07,3.8397482415852835e-10,0.9991686862151204,True,32,24,float32,4.6194031710911077e-07,0.0001107605062493539,True,4.6188915803213604e-07,False,0.001,1ce2b07535d7aa1b8d22722af247dcbf890528cbaecd2b3135ca8b447c2fa364,"[2048, 6144]",2081419995259578907,4.6188915803213604e-07
ruler_fwe_16k:0472,ruler_fwe_16k,12,20260926,gaussian_bf16_scalar_bracket_binary_v1,8,7,True,2.99070430500592e-05,2.99070430500592e-05,16,cuda:0,bfloat16,4.027884585866559e-07,5.92275894994998e-10,0.9985295609087876,True,32,24,float32,4.028934199595824e-07,0.00026058684326452867,True,4.027884585866559e-07,False,0.001,cca6ca982484284da438ee1360e5823650fcc8df6ea9aef75983c47780f3088d,"[2048, 6144]",5523324747812972621,4.027884585866559e-07
ruler_fwe_16k:0472,ruler_fwe_16k,12,20260927,gaussian_bf16_scalar_bracket_binary_v1,7,7,True,3.0007740164705865e-05,3.0007740164705865e-05,15,cuda:0,bfloat16,4.027884585866559e-07,5.984115980517402e-10,0.9985143278430779,True,32,24,float32,4.0262330003315583e-07,0.0004100379491497904,True,4.027884585866559e-07,False,0.001,0cb3339d94268a2504e38a20add3cc655994f6b9b60bb119f47f2472443459a3,"[2048, 6144]",915131901174778405,4.027884585866559e-07
ruler_fwe_16k:0472,ruler_fwe_16k,12,20260928,gaussian_bf16_scalar_bracket_binary_v1,6,7,True,3.0209134393999193e-05,3.020913259339447e-05,14,cuda:0,bfloat16,4.027884585866559e-07,7.411572466864413e-10,0.9981599342511275,True,32,24,float32,4.028601381378394e-07,0.00017795830455270546,True,4.027884585866559e-07,False,0.001,be3b62fdea18b161d1bdde9676eb3ed28561928d04cbbfdb69386a24b75ba441,"[2048, 6144]",4484286696671195489,4.027884585866559e-07
ruler_fwe_16k:0472,ruler_fwe_16k,12,20260929,gaussian_bf16_scalar_bracket_binary_v1,11,7,True,3.077555566388668e-05,3.077555566388668e-05,19,cuda:0,bfloat16,4.027884585866559e-07,6.364799798319609e-10,0.9984198157462969,True,32,24,float32,4.028417492918379e-07,0.00013230444926103202,True,4.027884585866559e-07,False,0.001,b5cbf9d1d2c614485c126c6a1855249f9fb6b3745f50ce130b7a3f0b86110e18,"[2048, 6144]",3876466583862121544,4.027884585866559e-07
ruler_fwe_16k:0472,ruler_fwe_16k,12,20260930,gaussian_bf16_scalar_bracket_binary_v1,9,7,True,2.9252511804855885e-05,2.925251006127031e-05,17,cuda:0,bfloat16,4.027884585866559e-07,8.389229866345715e-10,0.9979172119539416,True,32,24,float32,4.0308540860678477e-07,0.0007372356724689401,True,4.027884585866559e-07,False,0.001,59a9d5ffbf6fe4369012766a71496a146fb021435bf82e7478a19ccf4dbd53ed,"[2048, 6144]",6460930434844845110,4.027884585866559e-07
ruler_fwe_16k:0472,ruler_fwe_16k,18,20260926,gaussian_bf16_scalar_bracket_binary_v1,5,7,True,2.9580825810171518e-05,2.9580824047016904e-05,13,cuda:0,bfloat16,3.792413565406605e-07,5.173609873843077e-10,0.9986358001877655,True,32,24,float32,3.7937712704660953e-07,0.0003580055381815492,True,3.792413565406605e-07,False,0.001,f627bb61c0b3d1f24274acae381cc86c584c34d5b94ba19fb28f3609f2740f0d,"[2048, 6144]",8513979649086444018,3.792413565406605e-07
ruler_fwe_16k:0472,ruler_fwe_16k,18,20260927,gaussian_bf16_scalar_bracket_binary_v1,10,7,True,2.9746743903658057e-05,2.9746743903658057e-05,18,cuda:0,bfloat16,3.792413565406605e-07,5.148993453829576e-10,0.9986422911517886,True,32,24,float32,3.793124960793648e-07,0.00018758381035554066,True,3.792413565406605e-07,False,0.001,078631d86f81a79df15f1b56d0b368ad5e82cae72167922fd5664b1e68eda426,"[2048, 6144]",542175610798188445,3.792413565406605e-07
ruler_fwe_16k:0472,ruler_fwe_16k,18,20260928,gaussian_bf16_scalar_bracket_binary_v1,32,7,True,2.9177881868847066e-05,2.9177881868847066e-05,40,cuda:0,bfloat16,3.792413565406605e-07,6.3829685981176e-10,0.9983169112524168,True,32,24,float32,3.78761711772313e-07,0.001264748055757133,True,3.792413565406605e-07,False,0.001,18154c4c5ce33f27a208483c8006315c7b62f420a8e9f2db416d325ee00740b0,"[2048, 6144]",1735377122280816423,3.792413565406605e-07
ruler_fwe_16k:0472,ruler_fwe_16k,18,20260929,gaussian_bf16_scalar_bracket_binary_v1,8,7,True,2.8727532757955032e-05,2.8727532757955032e-05,16,cuda:0,bfloat16,3.792413565406605e-07,4.126180230823451e-10,0.9989119909631002,True,32,24,float32,3.791701317368279e-07,0.0001878086411310367,True,3.792413565406605e-07,False,0.001,f1b9f16d7ed5e25ce9e25e99a69ae1c47c6c5323b9cde4f1c6c74ff4ffee5256,"[2048, 6144]",8194846449559003740,3.792413565406605e-07
ruler_fwe_16k:0472,ruler_fwe_16k,18,20260930,gaussian_bf16_scalar_bracket_binary_v1,13,7,True,2.9500829586526223e-05,2.9500829586526223e-05,21,cuda:0,bfloat16,3.792413565406605e-07,6.693881005048752e-10,0.9982349285251724,True,32,24,float32,3.792415554926265e-07,5.246051428241249e-07,True,3.792413565406605e-07,False,0.001,34b60fbcf22beaf2a507f42dabaec17932aa0cc0ec7975c31a7d3b2ae4e24523,"[2048, 6144]",3798240639924824818,3.792413565406605e-07
ruler_fwe_16k:0472,ruler_fwe_16k,24,20260926,gaussian_bf16_scalar_bracket_binary_v1,9,6,True,0.00014657236278026176,0.00014657236278026176,16,cuda:0,bfloat16,4.078535312146414e-06,2.0885602580733575e-08,0.9948791414117383,True,32,24,float32,4.0797990550345276e-06,0.00030985213842574596,True,4.078535312146414e-06,False,0.001,d53742d9335149a53c29e5e9b653c91f6977cd7f3c59d72b9e5beecd663c8881,"[2048, 6144]",6140450117579262373,4.078535312146414e-06
ruler_fwe_16k:0472,ruler_fwe_16k,24,20260927,gaussian_bf16_scalar_bracket_binary_v1,7,6,True,0.0001478469050653075,0.00014784689625294527,14,cuda:0,bfloat16,4.078535312146414e-06,1.6490446341776988e-08,0.9959567724490048,True,32,24,float32,4.082206942257471e-06,0.0009002325173261868,True,4.078535312146414e-06,False,0.001,446ebb380036142bde0c98c76e521ec534602a7bd5b093b913b90f269c79921b,"[2048, 6144]",4931084491213378603,4.078535312146414e-06
ruler_fwe_16k:0472,ruler_fwe_16k,24,20260928,gaussian_bf16_scalar_bracket_binary_v1,8,6,True,0.0001473370881512892,0.00014733707936931441,15,cuda:0,bfloat16,4.078535312146414e-06,1.7836731203146883e-08,0.9956266821694477,True,32,24,float32,4.080334292666521e-06,0.00044108494408501297,True,4.078535312146414e-06,False,0.001,4cc8342207b6e5825e87402d9bf397b0072416e8fde535463f92f685931b5936,"[2048, 6144]",5532729462987613570,4.078535312146414e-06
ruler_fwe_16k:0472,ruler_fwe_16k,24,20260929,gaussian_bf16_scalar_bracket_binary_v1,9,6,True,0.00014708217969428006,0.00014708217969428006,16,cuda:0,bfloat16,4.078535312146414e-06,2.1388780524489448e-08,0.9947557691946933,True,32,24,float32,4.077822723047575e-06,0.00017471691288706152,True,4.078535312146414e-06,False,0.001,7da8970cf101ac7074cb22d26069882a1367be89025bb45ca6057a8ff1caa724,"[2048, 6144]",9054653132667202672,4.078535312146414e-06
ruler_fwe_16k:0472,ruler_fwe_16k,24,20260930,gaussian_bf16_scalar_bracket_binary_v1,7,6,True,0.0001437683697531611,0.0001437683697531611,14,cuda:0,bfloat16,4.078535312146414e-06,1.64681388525878e-08,0.9959622419343671,True,32,24,float32,4.075111064594239e-06,0.0008395777626289554,True,4.078535312146414e-06,False,0.001,797e5233b070496b02abcea6111a0c1a56c3a92d56583ec332591c7fb0cd8fe6,"[2048, 6144]",8754525107611781483,4.078535312146414e-06
ruler_fwe_16k:0488,ruler_fwe_16k,24,20260926,gaussian_bf16_scalar_bracket_binary_v1,4,7,True,3.2192744583880994e-05,3.2192744583880994e-05,12,cuda:0,bfloat16,4.2358874452474993e-07,5.820766091346741e-10,0.9986258449577367,True,32,24,float32,4.235778874317475e-07,2.563121221409121e-05,True,4.2358874452474993e-07,False,0.001,d62d5db461519cf4c2d2b4e09767c8e8ac8e347fe9f8f14810b8c58a49dea0e6,"[2048, 6144]",6209722490522017012,4.2358874452474993e-07
ruler_fwe_16k:0488,ruler_fwe_16k,24,20260927,gaussian_bf16_scalar_bracket_binary_v1,10,7,True,3.3119344962528885e-05,3.3119344962528885e-05,18,cuda:0,bfloat16,4.2358874452474993e-07,5.460362717535361e-10,0.9987109282793475,True,32,24,float32,4.238989674831828e-07,0.0007323682756984438,True,4.2358874452474993e-07,False,0.001,13446854aab25913c8bf9753cb6ebcc80c69e78b08e09fa7abb6d77cffaa4ad3,"[2048, 6144]",1388349297987311891,4.2358874452474993e-07
ruler_fwe_16k:0488,ruler_fwe_16k,24,20260928,gaussian_bf16_scalar_bracket_binary_v1,14,7,True,3.308459744832959e-05,3.308459744832959e-05,22,cuda:0,bfloat16,4.2358874452474993e-07,5.703162941905759e-10,0.9986536084785953,True,32,24,float32,4.2321045157223125e-07,0.0008930665826428115,True,4.2358874452474993e-07,False,0.001,57a4730ccf522c49709b2347410d251ee705c981060482f8a42759682c4ee963,"[2048, 6144]",6315299076335348809,4.2358874452474993e-07
ruler_fwe_16k:0488,ruler_fwe_16k,24,20260929,gaussian_bf16_scalar_bracket_binary_v1,8,7,True,3.314581925906168e-05,3.314581925906168e-05,16,cuda:0,bfloat16,4.2358874452474993e-07,4.835091216293108e-10,0.9988585411489822,True,32,24,float32,4.2360792917861545e-07,4.529075456678421e-05,True,4.2358874452474993e-07,False,0.001,4e4a5739e5c2c6f5d547fbbe71c2ca13800e703720957984b4680f70b4ec27ab,"[2048, 6144]",5641417389414467317,4.2358874452474993e-07
ruler_fwe_16k:0488,ruler_fwe_16k,24,20260930,gaussian_bf16_scalar_bracket_binary_v1,10,7,True,3.2113321694282604e-05,3.2113321694282604e-05,18,cuda:0,bfloat16,4.2358874452474993e-07,7.633862986189399e-10,0.9981978125989267,True,32,24,float32,4.239937823058426e-07,0.0009562052493796173,True,4.2358874452474993e-07,False,0.001,a3fe14b1e0157821af983d46d4dfad705bca73cc0a55f11cca58e5f645ac4347,"[2048, 6144]",2593533189613254689,4.2358874452474993e-07
ruler_fwe_16k:0498,ruler_fwe_16k,6,20260926,gaussian_bf16_scalar_bracket_binary_v1,32,7,True,1.863107198118996e-05,1.863107198118996e-05,40,cuda:0,bfloat16,1.9663400507852202e-07,1.1641532182693481e-10,0.9994079593619606,True,32,24,float32,1.9694017794336105e-07,0.0015570697688671036,True,1.9663400507852202e-07,False,0.001,ac62a529efc5bdbde0e513687fe2c669f3ac0305c52cf5a904f1094af1170794,"[2048, 6144]",3198300284921429437,1.9663400507852202e-07
ruler_fwe_16k:0498,ruler_fwe_16k,6,20260927,gaussian_bf16_scalar_bracket_binary_v1,32,7,True,1.8975181490077375e-05,1.8975181490077375e-05,40,cuda:0,bfloat16,1.9663400507852202e-07,8.231806208902626e-11,0.9995813640572689,True,32,24,float32,1.9556574670787086e-07,0.0054327244681029434,True,1.9663400507852202e-07,False,0.001,6940b7883e1263c5c61c24232eb579433460dc3d03b36a31359ce5121d3c62ca,"[2048, 6144]",7584263568276743109,1.9663400507852202e-07
ruler_fwe_16k:0498,ruler_fwe_16k,6,20260928,gaussian_bf16_scalar_bracket_binary_v1,9,7,True,1.880312673563367e-05,1.880312673563367e-05,17,cuda:0,bfloat16,1.9663400507852202e-07,1.0081862428235056e-10,0.9994872777765875,True,32,24,float32,1.9652506466627528e-07,0.0005540263099621822,True,1.9663400507852202e-07,False,0.001,a57d83642b5f0f70a21bc9faf26feae1412aba2f559728a8a0681288ac20d84c,"[2048, 6144]",2701459817739784048,1.9663400507852202e-07
ruler_fwe_16k:0498,ruler_fwe_16k,6,20260929,gaussian_bf16_scalar_bracket_binary_v1,7,7,True,1.8188645469763287e-05,1.8188644385635535e-05,15,cuda:0,bfloat16,1.9663400507852202e-07,2.098707041486847e-10,0.9989326835708561,True,32,24,float32,1.9649642979402415e-07,0.0006996515401439977,True,1.9663400507852202e-07,False,0.001,6976699fd8afbd2e311fe218ca47ff171ade8bab52b8e188c74a1b51a5842490,"[2048, 6144]",7599377556490403118,1.9663400507852202e-07
ruler_fwe_16k:0498,ruler_fwe_16k,6,20260930,gaussian_bf16_scalar_bracket_binary_v1,32,7,True,1.9036629616664413e-05,1.9036628481992867e-05,40,cuda:0,bfloat16,1.9663400507852202e-07,1.8406878798948867e-10,0.9990639015468561,True,32,24,float32,1.9722980937331158e-07,0.003030016575981536,True,1.9663400507852202e-07,False,0.001,9ac1995813f6f3e325f763e1da13a8b8af9e751083ecd85ee8202e0411dac8f5,"[2048, 6144]",1927990719062406115,1.9663400507852202e-07
ruler_niah_multikey_1_16k:0432,ruler_niah_multikey_1_16k,6,20260926,gaussian_bf16_scalar_bracket_binary_v1,7,7,True,1.815650901448862e-05,1.815650901448862e-05,15,cuda:0,bfloat16,1.7888186221171054e-07,2.9103830456733704e-11,0.9998373013893254,True,32,24,float32,1.788184391671166e-07,0.00035455268527383735,True,1.7888186221171054e-07,False,0.001,fd38ec66032ec7eaf6f3b3ed90ce8b753e56f653e15b4c219d4566ff9a109f6e,"[2048, 6144]",9023221776321005546,1.7888186221171054e-07
ruler_niah_multikey_1_16k:0432,ruler_niah_multikey_1_16k,6,20260927,gaussian_bf16_scalar_bracket_binary_v1,32,7,True,1.8262720120176823e-05,1.8262719031633878e-05,40,cuda:0,bfloat16,1.7888186221171054e-07,8.731149137020111e-11,0.9995119041679762,True,32,24,float32,1.786619634458475e-07,0.001229296045692888,True,1.7888186221171054e-07,False,0.001,64c231317a69ce1602583f819c7e5c685db8d426f4f3b1f414473f284eeb9d32,"[2048, 6144]",7260419637851573782,1.7888186221171054e-07
ruler_niah_multikey_1_16k:0432,ruler_niah_multikey_1_16k,6,20260928,gaussian_bf16_scalar_bracket_binary_v1,8,7,True,1.7664583893406416e-05,1.7664583893406416e-05,16,cuda:0,bfloat16,1.7888186221171054e-07,3.904688516964683e-10,0.9978171691256527,True,32,24,float32,1.788532273394594e-07,0.00016007700220183334,True,1.7888186221171054e-07,False,0.001,732de15ac418e6c8ba0b0422f7aa0670d77d0908cc19f84ad49e6fb4801d8835,"[2048, 6144]",8299537468266964680,1.7888186221171054e-07
ruler_niah_multikey_1_16k:0432,ruler_niah_multikey_1_16k,6,20260929,gaussian_bf16_scalar_bracket_binary_v1,32,7,True,1.8290670411147403e-05,1.8290670411147403e-05,40,cuda:0,bfloat16,1.7888186221171054e-07,3.343775534236926e-10,0.9981307352836704,True,32,24,float32,1.8002296542363183e-07,0.006379088398413307,True,1.7888186221171054e-07,False,0.001,7c368f60f758bb746b676ec132f37fb364788e111f810b6d622f4b401f04aec2,"[2048, 6144]",8950498956074859380,1.7888186221171054e-07
ruler_niah_multikey_1_16k:0432,ruler_niah_multikey_1_16k,6,20260930,gaussian_bf16_scalar_bracket_binary_v1,32,7,True,1.8134148781712156e-05,1.813414770083266e-05,40,cuda:0,bfloat16,1.7888186221171054e-07,2.486632288967172e-10,0.9986099025031256,True,32,24,float32,1.7915502326104615e-07,0.0015270472140563973,True,1.7888186221171054e-07,False,0.001,59f70e4f0faee852549fbac14417493228f9b98f8ae0597acd417df17fd5135e,"[2048, 6144]",6482665921351444562,1.7888186221171054e-07
ruler_niah_multikey_2_16k:0045,ruler_niah_multikey_2_16k,0,20260926,gaussian_bf16_scalar_bracket_binary_v1,10,7,True,1.572661061821634e-05,1.572661061821634e-05,18,cuda:0,bfloat16,1.4256417557589884e-07,5.999908209153304e-11,0.9995791433447487,True,32,24,float32,1.4257550162710686e-07,7.944528253513585e-05,True,1.4256417557589884e-07,False,0.001,f81c1dff1f937edd2469718e8e397dca56ed728c19555b7fe78263f5d075eca6,"[2048, 6144]",8654825565482876637,1.4256417557589884e-07
ruler_niah_multikey_2_16k:0045,ruler_niah_multikey_2_16k,0,20260927,gaussian_bf16_scalar_bracket_binary_v1,32,7,True,1.6359239147334392e-05,1.6359239147334392e-05,40,cuda:0,bfloat16,1.4256417557589884e-07,7.420049991102573e-11,0.9994795291340809,True,32,24,float32,1.428284974736016e-07,0.0018540555271687913,True,1.4256417557589884e-07,False,0.001,70ec7d73dc670c3ebd315f0f2e98c485d2e1050fc0df9e45db4e8fd1259ca2ee,"[2048, 6144]",8137016563324095550,1.4256417557589884e-07
ruler_niah_multikey_2_16k:0045,ruler_niah_multikey_2_16k,0,20260928,gaussian_bf16_scalar_bracket_binary_v1,5,7,True,1.6252316015652468e-05,1.6252316015652468e-05,13,cuda:0,bfloat16,1.4256417557589884e-07,1.2175005448256115e-10,0.9991459982566395,True,32,24,float32,1.4254747782160848e-07,0.00011712447550663064,True,1.4256417557589884e-07,False,0.001,4ad9e5a8d557b0ba1d8bc7de24aef7d6b5dfa19de085f10dc855691373c91067,"[2048, 6144]",5393594542049439930,1.4256417557589884e-07
ruler_niah_multikey_2_16k:0045,ruler_niah_multikey_2_16k,0,20260929,gaussian_bf16_scalar_bracket_binary_v1,9,7,True,1.569987983529586e-05,1.56998788995101e-05,17,cuda:0,bfloat16,1.4256417557589884e-07,6.825453396919201e-11,0.9995212364277809,True,32,24,float32,1.4261590308706218e-07,0.00036283667305883876,True,1.4256417557589884e-07,False,0.001,4641e590d9b60eff2a241b6bcd07309e0153883c2ea47ac387557bf0fbedca06,"[2048, 6144]",5062579866431786751,1.4256417557589884e-07
ruler_niah_multikey_2_16k:0045,ruler_niah_multikey_2_16k,0,20260930,gaussian_bf16_scalar_bracket_binary_v1,32,7,True,1.582907861941152e-05,1.582907861941152e-05,40,cuda:0,bfloat16,1.4256417557589884e-07,2.5288532379263984e-10,0.9982261650041387,True,32,24,float32,1.4290840510966518e-07,0.0024145584427209483,True,1.4256417557589884e-07,False,0.001,9830f77cb1d7f26f1ae8a36ad6a6773cc83ee36e0e7b50603e9e1a5f690add39,"[2048, 6144]",1743165170724106863,1.4256417557589884e-07
ruler_niah_multikey_2_16k:0045,ruler_niah_multikey_2_16k,6,20260926,gaussian_bf16_scalar_bracket_binary_v1,8,7,True,1.6347987408238396e-05,1.6347986433822413e-05,16,cuda:0,bfloat16,1.5386341090106725e-07,0.0,1.0,True,32,24,float32,1.5375761108771258e-07,0.0006876216556950452,True,1.5386341090106725e-07,False,0.001,d3d9fe831d84991e4e98f667b860d1da2b947ebfb1c79c7aa21b0c27aa5c44ea,"[2048, 6144]",6042140214183631134,1.5386341090106725e-07
ruler_niah_multikey_2_16k:0045,ruler_niah_multikey_2_16k,6,20260927,gaussian_bf16_scalar_bracket_binary_v1,32,7,True,1.6780728251397647e-05,1.6780728251397647e-05,40,cuda:0,bfloat16,1.5386341090106725e-07,6.507814426237601e-11,0.9995770395061356,True,32,24,float32,1.536414373504158e-07,0.00144266625412446,True,1.5386341090106725e-07,False,0.001,6e63d0c3da5b0ff54b307559a71b1814415bad76102201bd86857bd44de6832f,"[2048, 6144]",7954430906467028981,1.5386341090106725e-07
ruler_niah_multikey_2_16k:0045,ruler_niah_multikey_2_16k,6,20260928,gaussian_bf16_scalar_bracket_binary_v1,7,7,True,1.654031667186473e-05,1.654031667186473e-05,15,cuda:0,bfloat16,1.5386341090106725e-07,8.231806208902626e-11,0.9994649926086588,True,32,24,float32,1.5401178643514868e-07,0.0009643328014925408,True,1.5386341090106725e-07,False,0.001,c8228645c2a1c9a6167f1584b04dc718b009c76703f7423665f0e5b9ba66e77e,"[2048, 6144]",5197864554115221926,1.5386341090106725e-07
ruler_niah_multikey_2_16k:0045,ruler_niah_multikey_2_16k,6,20260929,gaussian_bf16_scalar_bracket_binary_v1,6,7,True,1.5540204501007793e-05,1.5540204501007793e-05,14,cuda:0,bfloat16,1.5386341090106725e-07,1.7703169485905335e-10,0.9988494230446192,True,32,24,float32,1.5382890694581874e-07,0.0002242505547384244,True,1.5386341090106725e-07,False,0.001,eafd673a67c0496cb54e6f75b0d91a47450fe6f521ddff67dc74170ee7c05578,"[2048, 6144]",7709431637674576236,1.5386341090106725e-07
ruler_niah_multikey_2_16k:0045,ruler_niah_multikey_2_16k,6,20260930,gaussian_bf16_scalar_bracket_binary_v1,32,7,True,1.5569053890551743e-05,1.5569053890551743e-05,40,cuda:0,bfloat16,1.5386341090106725e-07,1.3337050908113213e-10,0.999133188921914,True,32,24,float32,1.540747263106823e-07,0.0013733961074795596,True,1.5386341090106725e-07,False,0.001,4340147e1177eb83b241a1cace00c42e89d4ef6657f6e94f55c92213807f204a,"[2048, 6144]",4845895730742160259,1.5386341090106725e-07
ruler_niah_multikey_2_16k:0045,ruler_niah_multikey_2_16k,12,20260926,gaussian_bf16_scalar_bracket_binary_v1,6,7,True,2.5517717034517773e-05,2.5517715513543312e-05,14,cuda:0,bfloat16,3.3139892252620484e-07,4.872175995984662e-10,0.9985298153781416,True,32,24,float32,3.3171460245284834e-07,0.0009525677519924207,True,3.3139892252620484e-07,False,0.001,c042fca1c5d920b7e9819dce00c435ca29f55b3115bc6b6239748259037a3f79,"[2048, 6144]",4630541138629566647,3.3139892252620484e-07
ruler_niah_multikey_2_16k:0045,ruler_niah_multikey_2_16k,12,20260927,gaussian_bf16_scalar_bracket_binary_v1,32,7,True,2.7174711647148797e-05,2.7174711647148797e-05,40,cuda:0,bfloat16,3.3139892252620484e-07,5.781067846655219e-10,0.9982555562333797,True,32,24,float32,3.3190315207320964e-07,0.001521518365724096,True,3.3139892252620484e-07,False,0.001,f255964bf1c605f18c2bf4caeea962b52f2815e2f0da2996ff1fc46246648e54,"[2048, 6144]",8238656346267190769,3.3139892252620484e-07
ruler_niah_multikey_2_16k:0045,ruler_niah_multikey_2_16k,12,20260928,gaussian_bf16_scalar_bracket_binary_v1,8,7,True,2.5766266226412426e-05,2.5766263154834136e-05,16,cuda:0,bfloat16,3.3139892252620484e-07,4.0959183267297306e-10,0.9987640520085258,True,32,24,float32,3.31518720031454e-07,0.0003614903281397365,True,3.3139892252620484e-07,False,0.001,e6bdc34f6ec9d847485be7fa3cca7e380019f60b567120b71e66658cca9dedba,"[2048, 6144]",7403288108395518023,3.3139892252620484e-07
ruler_niah_multikey_2_16k:0045,ruler_niah_multikey_2_16k,12,20260929,gaussian_bf16_scalar_bracket_binary_v1,9,7,True,2.630478947551751e-05,2.630478947551751e-05,17,cuda:0,bfloat16,3.3139892252620484e-07,6.663760099279159e-10,0.997989202846985,True,32,24,float32,3.310904048703378e-07,0.0009309555188509702,True,3.3139892252620484e-07,False,0.001,87afe490e3eaee4ecd16063029eeaba1393375941299f9a8b35ad2aeb3b9121f,"[2048, 6144]",553912590140108366,3.3139892252620484e-07
ruler_niah_multikey_2_16k:0045,ruler_niah_multikey_2_16k,12,20260930,gaussian_bf16_scalar_bracket_binary_v1,9,7,True,2.6139090014254407e-05,2.6139090014254407e-05,17,cuda:0,bfloat16,3.3139892252620484e-07,4.5093331846324247e-10,0.9986393036071879,True,32,24,float32,3.311826617391489e-07,0.0006525693729099063,True,3.3139892252620484e-07,False,0.001,be7785992140b1761e463063743d97f7497f9c0cca86fd8c6c092e845bba4c78,"[2048, 6144]",4501213245314478454,3.3139892252620484e-07
ruler_niah_multikey_2_16k:0045,ruler_niah_multikey_2_16k,18,20260926,gaussian_bf16_scalar_bracket_binary_v1,10,7,True,1.9919913281540857e-05,1.9919913281540857e-05,18,cuda:0,bfloat16,2.0287626512072165e-07,1.0986454801464873e-10,0.9994584652475277,True,32,24,float32,2.0274305256862135e-07,0.0006566196988151146,True,2.0287626512072165e-07,False,0.001,5886a089b4e0b5d1d823d089d3d9de71a45d1508abbb077879b565c60d5cc9bb,"[2048, 6144]",6378962435522475473,2.0287626512072165e-07
ruler_niah_multikey_2_16k:0045,ruler_niah_multikey_2_16k,18,20260927,gaussian_bf16_scalar_bracket_binary_v1,6,7,True,1.967899771671e-05,1.967899771671e-05,14,cuda:0,bfloat16,2.0287626512072165e-07,1.3096723705530167e-10,0.9993544477123661,True,32,24,float32,2.0297730429774674e-07,0.0004980335031550527,True,2.0287626512072165e-07,False,0.001,569cbb3b31a08e1743a44b23fac4a728151bcaf1f50e73086468a7e8cf4ca069,"[2048, 6144]",6241069046538735127,2.0287626512072165e-07
ruler_niah_multikey_2_16k:0045,ruler_niah_multikey_2_16k,18,20260928,gaussian_bf16_scalar_bracket_binary_v1,10,7,True,1.885481288965707e-05,1.8854811765822645e-05,18,cuda:0,bfloat16,2.0287626512072165e-07,2.3146237704274597e-10,0.9988590958291498,True,32,24,float32,2.0267772526949557e-07,0.0009786253266637472,True,2.0287626512072165e-07,False,0.001,9dd410142aee6958ee4a1943d6320bd5afd5e89b1638c7f0a5823f3b61ade298,"[2048, 6144]",2149360600968227160,2.0287626512072165e-07
ruler_niah_multikey_2_16k:0045,ruler_niah_multikey_2_16k,18,20260929,gaussian_bf16_scalar_bracket_binary_v1,32,7,True,1.9709112162313858e-05,1.9709112162313858e-05,40,cuda:0,bfloat16,2.0287626512072165e-07,2.764863893389702e-10,0.9986371673927729,True,32,24,float32,2.0265493105853238e-07,0.0010909805642250277,True,2.0287626512072165e-07,False,0.001,cea7871e4aa06cd1f5ae3613651508075d49c4fbcfda9346914689905f679c97,"[2048, 6144]",5667647220239854801,2.0287626512072165e-07
ruler_niah_multikey_2_16k:0045,ruler_niah_multikey_2_16k,18,20260930,gaussian_bf16_scalar_bracket_binary_v1,32,7,True,1.957755958414964e-05,1.957755958414964e-05,40,cuda:0,bfloat16,2.0287626512072165e-07,1.208772804073277e-10,0.9994041822470687,True,32,24,float32,2.0220825547312415e-07,0.0032926949202263804,True,2.0287626512072165e-07,False,0.001,609f759ead613088775ac0ea58b98d05a0cf6720ae18047e169d0770a2b98329,"[2048, 6144]",6962412873312186504,2.0287626512072165e-07
ruler_niah_multikey_2_16k:0045,ruler_niah_multikey_2_16k,24,20260926,gaussian_bf16_scalar_bracket_binary_v1,9,6,True,6.352818687105355e-05,6.352818687105355e-05,16,cuda:0,bfloat16,1.1485321920190472e-06,2.871119120229082e-09,0.997500184026029,True,32,24,float32,1.1491673603813979e-06,0.0005530261726787848,True,1.1485321920190472e-06,False,0.001,d44439498d8f5763e6dc35df36c032211acce9664a1f7a07304b14f5e500840b,"[2048, 6144]",6072041185672648547,1.1485321920190472e-06
ruler_niah_multikey_2_16k:0045,ruler_niah_multikey_2_16k,24,20260927,gaussian_bf16_scalar_bracket_binary_v1,7,6,True,6.403066970506188e-05,6.403066970506188e-05,14,cuda:0,bfloat16,1.1485321920190472e-06,2.8325071177448535e-09,0.997533802589577,True,32,24,float32,1.1491996474433108e-06,0.0005811377590472785,True,1.1485321920190472e-06,False,0.001,4c11de4bf30a92ec0c4a06de460a0d2f159be9243a4bd90a6905c097def19433,"[2048, 6144]",5481406639268074220,1.1485321920190472e-06
ruler_niah_multikey_2_16k:0045,ruler_niah_multikey_2_16k,24,20260928,gaussian_bf16_scalar_bracket_binary_v1,8,6,True,6.273857098904045e-05,6.273857098904045e-05,15,cuda:0,bfloat16,1.1485321920190472e-06,2.6578665934806622e-09,0.9976858579916612,True,32,24,float32,1.1478396118036471e-06,0.0006030133244960008,True,1.1485321920190472e-06,False,0.001,177ed589a93d29949c960789972d909761835f30ee8b5d3ebf808b84fb415561,"[2048, 6144]",1693025297164478868,1.1485321920190472e-06
ruler_niah_multikey_2_16k:0045,ruler_niah_multikey_2_16k,24,20260929,gaussian_bf16_scalar_bracket_binary_v1,8,6,True,6.359997013305474e-05,6.359997013305474e-05,15,cuda:0,bfloat16,1.1485321920190472e-06,2.779987129386541e-09,0.9975795305097199,True,32,24,float32,1.1484485185064841e-06,7.28525618563783e-05,True,1.1485321920190472e-06,False,0.001,432213a4ad473b7a6c739ddf5e19d8b6870d085467f06dbfea404a90eb4ecb1c,"[2048, 6144]",4837450547752024954,1.1485321920190472e-06
ruler_niah_multikey_2_16k:0045,ruler_niah_multikey_2_16k,24,20260930,gaussian_bf16_scalar_bracket_binary_v1,8,6,True,6.331283708504998e-05,6.331283708504998e-05,15,cuda:0,bfloat16,1.1485321920190472e-06,2.2157171652992247e-09,0.9980708271124694,True,32,24,float32,1.1477142152216402e-06,0.0007121931828215243,True,1.1485321920190472e-06,False,0.001,548c8f67657e295e87c64bf35ee26501b47c06aefb401a52dfc2d7f89073f020,"[2048, 6144]",6092402070172608862,1.1485321920190472e-06
ruler_niah_multikey_2_16k:0116,ruler_niah_multikey_2_16k,12,20260926,gaussian_bf16_scalar_bracket_binary_v1,32,7,True,2.1157561602702657e-05,2.1157561602702657e-05,40,cuda:0,bfloat16,2.2911741837106092e-07,3.0971999964712893e-10,0.998648204043808,True,32,24,float32,2.2880513483869436e-07,0.0013629846852621814,True,2.2911741837106092e-07,False,0.001,775cfa3bcb4d75b326983089edaa0b250cdf2289ee81143226f53c1f12324c1a,"[2048, 6144]",8601024523091670451,2.2911741837106092e-07
ruler_niah_multikey_2_16k:0116,ruler_niah_multikey_2_16k,12,20260927,gaussian_bf16_scalar_bracket_binary_v1,32,7,True,2.036281055772804e-05,2.036280934400995e-05,40,cuda:0,bfloat16,2.2911741837106092e-07,1.8875466467616064e-10,0.9991761662381754,True,32,24,float32,2.2887617490141565e-07,0.0010529250519686368,True,2.2911741837106092e-07,False,0.001,5c5b754ab47831a630386e192a52c76d6fdf2a4d78ddc4c7fa0acc13ab10c8f1,"[2048, 6144]",6655041838085845414,2.2911741837106092e-07
ruler_niah_multikey_2_16k:0116,ruler_niah_multikey_2_16k,12,20260928,gaussian_bf16_scalar_bracket_binary_v1,7,7,True,2.0735126362581013e-05,2.073512512667117e-05,15,cuda:0,bfloat16,2.2911741837106092e-07,3.750472155061857e-10,0.9983630785552114,True,32,24,float32,2.292746330567752e-07,0.0006861751796612293,True,2.2911741837106092e-07,False,0.001,c4ca70b9d3fcc4e795b610298c7505a322a30c6d34012b14f47b8a9e7b545764,"[2048, 6144]",4956898283302470887,2.2911741837106092e-07
ruler_niah_multikey_2_16k:0116,ruler_niah_multikey_2_16k,12,20260929,gaussian_bf16_scalar_bracket_binary_v1,8,7,True,2.102152313554484e-05,2.102152188256442e-05,16,cuda:0,bfloat16,2.2911741837106092e-07,2.957298572692224e-10,0.9987092650599341,True,32,24,float32,2.2929609144739516e-07,0.0007798319202640003,True,2.2911741837106092e-07,False,0.001,1990db5aa0947a218192559780ea368ca4d696e29661f3232e91739f343acfb1,"[2048, 6144]",1842213429882157601,2.2911741837106092e-07
ruler_niah_multikey_2_16k:0116,ruler_niah_multikey_2_16k,12,20260930,gaussian_bf16_scalar_bracket_binary_v1,9,7,True,2.0992883458248457e-05,2.0992883458248457e-05,17,cuda:0,bfloat16,2.2911741837106092e-07,1.7762875892390895e-10,0.9992247260806848,True,32,24,float32,2.291490943662211e-07,0.00013825223496925608,True,2.2911741837106092e-07,False,0.001,a2bac2450a633c9192518af6cb75ff5239f70cac1fcb257a65dce54185e7f49a,"[2048, 6144]",2502526144740539537,2.2911741837106092e-07
ruler_niah_multikey_2_16k:0331,ruler_niah_multikey_2_16k,0,20260926,gaussian_bf16_scalar_bracket_binary_v1,4,7,True,1.610733170309686e-05,1.610733170309686e-05,12,cuda:0,bfloat16,1.3885630778531777e-07,1.285190287525495e-10,0.9990744458728426,True,32,24,float32,1.3880946880817646e-07,0.0003373197652188935,True,1.3885630778531777e-07,False,0.001,d17c8f3c5172a7ea41b67c5451f1593653a4bba33eebe06f534a608c3b3335c6,"[2048, 6144]",5871725503411562474,1.3885630778531777e-07
ruler_niah_multikey_2_16k:0331,ruler_niah_multikey_2_16k,0,20260927,gaussian_bf16_scalar_bracket_binary_v1,32,7,True,1.5499835356536096e-05,1.5499835356536096e-05,40,cuda:0,bfloat16,1.3885630778531777e-07,7.561396647703944e-11,0.9994554516990762,True,32,24,float32,1.385158014954868e-07,0.0024522205383525203,True,1.3885630778531777e-07,False,0.001,b37b9c63c913a28f43bb7dc06f47ae23d90e5e3177ec377e32a09a0e84cfc1eb,"[2048, 6144]",3709730670458937999,1.3885630778531777e-07
ruler_niah_multikey_2_16k:0331,ruler_niah_multikey_2_16k,0,20260928,gaussian_bf16_scalar_bracket_binary_v1,8,7,True,1.5031195317760648e-05,1.5031194421831591e-05,16,cuda:0,bfloat16,1.3885630778531777e-07,8.731149137020111e-11,0.9993712097580386,True,32,24,float32,1.3880527660603548e-07,0.0003675107029432787,True,1.3885630778531777e-07,False,0.001,9064c1045431f28f9ed9ac362e9f140873f716524d53fda318493c3ed77383ce,"[2048, 6144]",1181281226614502031,1.3885630778531777e-07
ruler_niah_multikey_2_16k:0331,ruler_niah_multikey_2_16k,0,20260929,gaussian_bf16_scalar_bracket_binary_v1,8,7,True,1.5308907933331284e-05,1.5308907933331284e-05,16,cuda:0,bfloat16,1.3885630778531777e-07,6.825453396919201e-11,0.9995084520461633,True,32,24,float32,1.3896540451696637e-07,0.0007856807759664579,True,1.3885630778531777e-07,False,0.001,f54e0f08ad7344c849261f4a92fed1fc3c84cb2fa0f43e884cd02a6a4a350bae,"[2048, 6144]",8452710080565167304,1.3885630778531777e-07
ruler_niah_multikey_2_16k:0331,ruler_niah_multikey_2_16k,0,20260930,gaussian_bf16_scalar_bracket_binary_v1,32,7,True,1.5061570135088687e-05,1.5061570135088687e-05,40,cuda:0,bfloat16,1.3885630778531777e-07,6.507814426237601e-11,0.9995313274182475,True,32,24,float32,1.397959152882322e-07,0.006766761394571608,True,1.3885630778531777e-07,False,0.001,7711ff05badb8eca33749f00b639b3655999fb0397a078ab4c7b1edbb5bd8aee,"[2048, 6144]",8579919165192376010,1.3885630778531777e-07
ruler_niah_multikey_2_16k:0482,ruler_niah_multikey_2_16k,24,20260926,gaussian_bf16_scalar_bracket_binary_v1,9,7,True,3.7665272323295085e-05,3.766527007826991e-05,17,cuda:0,bfloat16,4.964121558259649e-07,7.85264298031052e-10,0.9984181203284104,True,32,24,float32,4.96433756325132e-07,4.351323575299368e-05,True,4.964121558259649e-07,False,0.001,6b7b89fd64c3aab69a55e06b2afb819a114a023aefc39c0566ef04233d69405b,"[2048, 6144]",7744935705603975862,4.964121558259649e-07
ruler_niah_multikey_2_16k:0482,ruler_niah_multikey_2_16k,24,20260927,gaussian_bf16_scalar_bracket_binary_v1,13,7,True,3.676164707089313e-05,3.676164707089313e-05,21,cuda:0,bfloat16,4.964121558259649e-07,3.904688516964683e-10,0.9992134180295268,True,32,24,float32,4.960389219377248e-07,0.0007518629104056751,True,4.964121558259649e-07,False,0.001,73b07a360924deba4df75a2cd7ceb0618b1110dae02c9bde4663fed2a37a6d32,"[2048, 6144]",8336297282763022010,4.964121558259649e-07
ruler_niah_multikey_2_16k:0482,ruler_niah_multikey_2_16k,24,20260928,gaussian_bf16_scalar_bracket_binary_v1,8,7,True,3.760322080381684e-05,3.760321856249022e-05,16,cuda:0,bfloat16,4.964121558259649e-07,9.47552036834054e-10,0.9980911989649861,True,32,24,float32,4.967112090525916e-07,0.0006024292981486836,True,4.964121558259649e-07,False,0.001,0599270576b54707aa22873599fe4e5b389b3b20dbf720b729b155c7a55f62a6,"[2048, 6144]",403396546046281479,4.964121558259649e-07
ruler_niah_multikey_2_16k:0482,ruler_niah_multikey_2_16k,24,20260929,gaussian_bf16_scalar_bracket_binary_v1,4,7,True,3.772732384277333e-05,3.772732384277333e-05,12,cuda:0,bfloat16,4.964121558259649e-07,5.491299637228053e-10,0.9988938023429158,True,32,24,float32,4.963098376720154e-07,0.0002061153272510227,True,4.964121558259649e-07,False,0.001,b00667e598b7937a59d19f248d6383e66130e55e45e8cec25a4cdf433ba781e9,"[2048, 6144]",3460567599488144250,4.964121558259649e-07
ruler_niah_multikey_2_16k:0482,ruler_niah_multikey_2_16k,24,20260930,gaussian_bf16_scalar_bracket_binary_v1,12,7,True,3.6245843815230216e-05,3.624584165480957e-05,20,cuda:0,bfloat16,4.964121558259649e-07,7.917098088228158e-10,0.998405136136311,True,32,24,float32,4.966523192706518e-07,0.00048379847646420605,True,4.964121558259649e-07,False,0.001,18af52f041a6f1e176667440148d14abecf44695484e3175b0d70bd23bb58d7a,"[2048, 6144]",1778731569681723873,4.964121558259649e-07
ruler_niah_multikey_3_16k:0071,ruler_niah_multikey_3_16k,0,20260926,gaussian_bf16_scalar_bracket_binary_v1,6,7,True,2.0958932594794533e-05,2.0958932594794533e-05,14,cuda:0,bfloat16,2.1607147004942817e-07,1.3035950097162186e-10,0.9993966834171036,True,32,24,float32,2.1597641364223819e-07,0.0004399303951060325,True,2.1607147004942817e-07,False,0.001,d88291308fe025954f0133cf2651b8dd87dbfad79183bde0f67c929b1cfb9eef,"[2048, 6144]",6377819660068332949,2.1607147004942817e-07
ruler_niah_multikey_3_16k:0071,ruler_niah_multikey_3_16k,0,20260927,gaussian_bf16_scalar_bracket_binary_v1,32,7,True,2.074961335818415e-05,2.074961335818415e-05,40,cuda:0,bfloat16,2.1607147004942817e-07,8.609029461537077e-11,0.9996015656551248,True,32,24,float32,2.1520300208521803e-07,0.00401935509584616,True,2.1607147004942817e-07,False,0.001,3fac6d7ed2787dc54a89dd95ac675ee30be1f9bcc7218c3a33c911f2dbdbceb5,"[2048, 6144]",4588162511848111557,2.1607147004942817e-07
ruler_niah_multikey_3_16k:0071,ruler_niah_multikey_3_16k,0,20260928,gaussian_bf16_scalar_bracket_binary_v1,32,7,True,2.029721371776816e-05,2.0297212507959945e-05,40,cuda:0,bfloat16,2.1607147004942817e-07,1.7355866743784532e-10,0.9991967534288625,True,32,24,float32,2.1571717923052347e-07,0.0016396927314080575,True,2.1607147004942817e-07,False,0.001,9eb4dd4130f29a71bbf726faa2dbf8c05307966f8dc7c2a7d269ae764b83d933,"[2048, 6144]",2212636589009574513,2.1607147004942817e-07
ruler_niah_multikey_3_16k:0071,ruler_niah_multikey_3_16k,0,20260929,gaussian_bf16_scalar_bracket_binary_v1,8,7,True,2.079687899225746e-05,2.079687899225746e-05,16,cuda:0,bfloat16,2.1607147004942817e-07,8.609029461537077e-11,0.9996015656551248,True,32,24,float32,2.159876402174632e-07,0.000387972701559349,True,2.1607147004942817e-07,False,0.001,5c78c19911df2e98bc029a9efdea7c729424a6436a3e4a46144f7f26b7507a3a,"[2048, 6144]",6663288511868645016,2.1607147004942817e-07
ruler_niah_multikey_3_16k:0071,ruler_niah_multikey_3_16k,0,20260930,gaussian_bf16_scalar_bracket_binary_v1,7,7,True,2.063482538972039e-05,2.063482538972039e-05,15,cuda:0,bfloat16,2.1607147004942817e-07,3.0149166496684643e-10,0.9986046669423877,True,32,24,float32,2.1618303946979722e-07,0.0005163542430822935,True,2.1607147004942817e-07,False,0.001,e616156caefbbe46cf3ea8b66850989aa1b0b87c15318ba31841316fb30bdf42,"[2048, 6144]",7356090597892668998,2.1607147004942817e-07
ruler_niah_multikey_3_16k:0071,ruler_niah_multikey_3_16k,6,20260926,gaussian_bf16_scalar_bracket_binary_v1,32,7,True,2.3373722128683383e-05,2.3373722128683383e-05,40,cuda:0,bfloat16,2.6705671984927903e-07,4.355862615046391e-10,0.9983689372738852,True,32,24,float32,2.663098825905763e-07,0.002796549209187564,True,2.6705671984927903e-07,False,0.001,f355db8a3aa8a703779034252a84b18a10558eb1dd2b11a8f982aed6344828a8,"[2048, 6144]",8310790074118219523,2.6705671984927903e-07
ruler_niah_multikey_3_16k:0071,ruler_niah_multikey_3_16k,6,20260927,gaussian_bf16_scalar_bracket_binary_v1,32,7,True,2.3082672031660145e-05,2.308266927999121e-05,40,cuda:0,bfloat16,2.6705671984927903e-07,3.343775534236926e-10,0.9987479155978085,True,32,24,float32,2.664372971139528e-07,0.002319442610078539,True,2.6705671984927903e-07,False,0.001,14d3d9ef8ead7eda918c044bcb39f8e2ab1796fbcd5df75c088df50d27a7dfae,"[2048, 6144]",1500782723758653146,2.6705671984927903e-07
ruler_niah_multikey_3_16k:0071,ruler_niah_multikey_3_16k,6,20260928,gaussian_bf16_scalar_bracket_binary_v1,8,7,True,2.3033642087000317e-05,2.3033640714088262e-05,16,cuda:0,bfloat16,2.6705671984927903e-07,2.7915414424484197e-10,0.9989547009174591,True,32,24,float32,2.670160483830841e-07,0.00015229523607517616,True,2.6705671984927903e-07,False,0.001,aedd3128794cfb7770ca7740dddd329b058cd89cbf1039e91f87660e4b84d77e,"[2048, 6144]",3376909345501281143,2.6705671984927903e-07
ruler_niah_multikey_3_16k:0071,ruler_niah_multikey_3_16k,6,20260929,gaussian_bf16_scalar_bracket_binary_v1,9,7,True,2.3400845076793075e-05,2.3400845076793075e-05,17,cuda:0,bfloat16,2.6705671984927903e-07,3.9478356694822025e-10,0.9985217238975637,True,32,24,float32,2.672922789770382e-07,0.0008820565454864151,True,2.6705671984927903e-07,False,0.001,05050e8fbd1587fc6566c3ebc632c8d66930e35eedcb02b6c63e670c26ebd9f9,"[2048, 6144]",361711355588610044,2.6705671984927903e-07
ruler_niah_multikey_3_16k:0071,ruler_niah_multikey_3_16k,6,20260930,gaussian_bf16_scalar_bracket_binary_v1,9,7,True,2.3133788356943796e-05,2.3133786978062558e-05,17,cuda:0,bfloat16,2.6705671984927903e-07,2.3999632836613216e-10,0.9991013282552801,True,32,24,float32,2.6696650934354693e-07,0.0003377953034958834,True,2.6705671984927903e-07,False,0.001,feb3caf2cc6bcf11717f41aca0959b4bae50fe703e5c42330f3c0bc0eb4a8839,"[2048, 6144]",9129864013770641169,2.6705671984927903e-07
ruler_niah_multikey_3_16k:0071,ruler_niah_multikey_3_16k,12,20260926,gaussian_bf16_scalar_bracket_binary_v1,32,7,True,1.7381761228674186e-05,1.7381761228674186e-05,40,cuda:0,bfloat16,1.793523125570573e-07,1.404396460236157e-10,0.9992169621678062,True,32,24,float32,1.7870883084469824e-07,0.0035878082818383023,True,1.793523125570573e-07,False,0.001,4c6bb2c67d1966c91b669d9e3e2eac3f0d561fd3ccabc822e9efabe35117f750,"[2048, 6144]",5506691534962648777,1.793523125570573e-07
ruler_niah_multikey_3_16k:0071,ruler_niah_multikey_3_16k,12,20260927,gaussian_bf16_scalar_bracket_binary_v1,7,7,True,1.7128145849198972e-05,1.7128144828281925e-05,15,cuda:0,bfloat16,1.793523125570573e-07,9.84441347884335e-11,0.9994511131003281,True,32,24,float32,1.7952302755475102e-07,0.000951841630920773,True,1.793523125570573e-07,False,0.001,4d9b3c37db7c5768babd33602054345f41c3b107e465439dd81554d957a71d99,"[2048, 6144]",5592129572913829736,1.793523125570573e-07
ruler_niah_multikey_3_16k:0071,ruler_niah_multikey_3_16k,12,20260928,gaussian_bf16_scalar_bracket_binary_v1,32,7,True,1.7743268233672005e-05,1.7743268233672005e-05,40,cuda:0,bfloat16,1.793523125570573e-07,2.0990223448258405e-10,0.9988296653023874,True,32,24,float32,1.8018209857473266e-07,0.004626569938491206,True,1.793523125570573e-07,False,0.001,e907e51cf4a92ac2f224e458c6d75cdfe6f4298a599928fe6274dfec3faaa00c,"[2048, 6144]",7568269611345980098,1.793523125570573e-07
ruler_niah_multikey_3_16k:0071,ruler_niah_multikey_3_16k,12,20260929,gaussian_bf16_scalar_bracket_binary_v1,6,7,True,1.7755878943148673e-05,1.7755878943148673e-05,14,cuda:0,bfloat16,1.793523125570573e-07,1.6911710920552991e-10,0.9990570675850543,True,32,24,float32,1.795278592453542e-07,0.000978781292496821,True,1.793523125570573e-07,False,0.001,cb4bd07fb163712cae21dfb2119f2d785a85af564250ed6a630826dd5248638b,"[2048, 6144]",5425659422953402668,1.793523125570573e-07
ruler_niah_multikey_3_16k:0071,ruler_niah_multikey_3_16k,12,20260930,gaussian_bf16_scalar_bracket_binary_v1,8,7,True,1.7890393177566466e-05,1.7890392111215936e-05,16,cuda:0,bfloat16,1.793523125570573e-07,1.876647032217349e-10,0.9989536532841636,True,32,24,float32,1.7924094208865426e-07,0.000620959199327903,True,1.793523125570573e-07,False,0.001,9551cc68b53651ac4f10c288907502544b80b5921c2104bc86429b3221f95b0e,"[2048, 6144]",1536233697998950828,1.793523125570573e-07
ruler_niah_multikey_3_16k:0071,ruler_niah_multikey_3_16k,18,20260926,gaussian_bf16_scalar_bracket_binary_v1,32,7,True,2.090388127840015e-05,2.090388127840015e-05,40,cuda:0,bfloat16,2.2971298108132032e-07,1.4551915228366852e-10,0.9993665175054598,True,32,24,float32,2.2925230780401762e-07,0.0020054298853037877,True,2.2971298108132032e-07,False,0.001,3a7e2ab3599b85ca5d1e333deb808d0089b392956547021b99290bdafdeaff86,"[2048, 6144]",4214853251056240074,2.2971298108132032e-07
ruler_niah_multikey_3_16k:0071,ruler_niah_multikey_3_16k,18,20260927,gaussian_bf16_scalar_bracket_binary_v1,6,7,True,2.044445531623751e-05,2.044445531623751e-05,14,cuda:0,bfloat16,2.2971298108132032e-07,3.305559714839035e-10,0.9985610043893562,True,32,24,float32,2.2961944523558486e-07,0.00040718572061170156,True,2.2971298108132032e-07,False,0.001,5864da293623a737347bfcfe94e0de9523964bb1002124673b1b73d67e7d18bf,"[2048, 6144]",6369455643545544503,2.2971298108132032e-07
ruler_niah_multikey_3_16k:0071,ruler_niah_multikey_3_16k,18,20260928,gaussian_bf16_scalar_bracket_binary_v1,32,7,True,2.0934390033700012e-05,2.093438878591313e-05,40,cuda:0,bfloat16,2.2971298108132032e-07,2.924898656608832e-10,0.9987267159901715,True,32,24,float32,2.305912971678481e-07,0.0038235370173392326,True,2.2971298108132032e-07,False,0.001,89ec5e995856085fe78b26dd5988e75ec1414d2d98b251a5c5d0ba73a58f46de,"[2048, 6144]",715050453550106719,2.2971298108132032e-07
ruler_niah_multikey_3_16k:0071,ruler_niah_multikey_3_16k,18,20260929,gaussian_bf16_scalar_bracket_binary_v1,32,7,True,2.096130952367048e-05,2.096130952367048e-05,40,cuda:0,bfloat16,2.2971298108132032e-07,4.115903104451313e-11,0.9998208240960055,True,32,24,float32,2.2941796373743273e-07,0.0012842867760405538,True,2.2971298108132032e-07,False,0.001,006a84edc1e7fba9bbc981e33b6f0af1c7298a3cf3d4b6446f7868859f65976e,"[2048, 6144]",29982504226651049,2.2971298108132032e-07
ruler_niah_multikey_3_16k:0071,ruler_niah_multikey_3_16k,18,20260930,gaussian_bf16_scalar_bracket_binary_v1,1,7,True,2.205244618380675e-05,2.205244618380675e-05,9,cuda:0,bfloat16,2.2971298108132032e-07,2.118790837224438e-10,0.9990776355662397,True,32,24,float32,2.2984310987794743e-07,0.0005664842971196219,True,2.2971298108132032e-07,False,0.001,a7cbf0328ffa830b9cf263f38a4207b7f0331036a6a7455d6501f26cf74ea3eb,"[2048, 6144]",2867649687706043147,2.2971298108132032e-07
ruler_niah_multikey_3_16k:0071,ruler_niah_multikey_3_16k,24,20260926,gaussian_bf16_scalar_bracket_binary_v1,10,7,True,3.746710541818743e-05,3.746710318497392e-05,18,cuda:0,bfloat16,5.328654992808879e-07,4.692851662824182e-10,0.9991193177886057,True,32,24,float32,5.329117129804217e-07,8.672676237475157e-05,True,5.328654992808879e-07,False,0.001,46ce0aac013968a636d4683febf28859948edf8207b2ca56a87197dc517859b7,"[2048, 6144]",5102027161728542886,5.328654992808879e-07
ruler_niah_multikey_3_16k:0071,ruler_niah_multikey_3_16k,24,20260927,gaussian_bf16_scalar_bracket_binary_v1,32,7,True,3.858279255730679e-05,3.858279255730679e-05,40,cuda:0,bfloat16,5.328654992808879e-07,6.636694527273335e-10,0.998754527261339,True,32,24,float32,5.3189188520264e-07,0.0018271291340156764,True,5.328654992808879e-07,False,0.001,fca8ee28187006547d2201b51b2e887cf1201fe18d7c09f0081a1a21ab2a9c1c,"[2048, 6144]",8982691312766551636,5.328654992808879e-07
ruler_niah_multikey_3_16k:0071,ruler_niah_multikey_3_16k,24,20260928,gaussian_bf16_scalar_bracket_binary_v1,8,7,True,3.770023407412282e-05,3.770023182701376e-05,16,cuda:0,bfloat16,5.328654992808879e-07,8.354371083818535e-10,0.9984321801476934,True,32,24,float32,5.327431154000806e-07,0.00022967124156560902,True,5.328654992808879e-07,False,0.001,8c4390bd7fd6e57df2413b2def116ec3abc61a9ffc785fadd965ee90e3ebf0c0,"[2048, 6144]",883709095462757757,5.328654992808879e-07
ruler_niah_multikey_3_16k:0071,ruler_niah_multikey_3_16k,24,20260929,gaussian_bf16_scalar_bracket_binary_v1,13,7,True,3.858695556901992e-05,3.858695556901992e-05,21,cuda:0,bfloat16,5.328654992808879e-07,8.023372521925864e-10,0.998494296866141,True,32,24,float32,5.330767862687935e-07,0.0003965109172779232,True,5.328654992808879e-07,False,0.001,8550d05ade5c1e1538dfe03af8fc4fcb6f5f0d3de297f76d141499efbc4cb311,"[2048, 6144]",383035057022705173,5.328654992808879e-07
ruler_niah_multikey_3_16k:0071,ruler_niah_multikey_3_16k,24,20260930,gaussian_bf16_scalar_bracket_binary_v1,12,7,True,3.719234664512072e-05,3.719234664512072e-05,20,cuda:0,bfloat16,5.328654992808879e-07,1.0031326880266533e-09,0.998117474879908,True,32,24,float32,5.331648935680278e-07,0.0005618571432076464,True,5.328654992808879e-07,False,0.001,91fc7f89146c044196e6b1a37f1ce04944f6fb1eaba30cdef10bfa5eb12ac04e,"[2048, 6144]",1296051019505730625,5.328654992808879e-07
ruler_niah_multikey_3_16k:0074,ruler_niah_multikey_3_16k,0,20260926,gaussian_bf16_scalar_bracket_binary_v1,32,7,True,1.8905916135736334e-05,1.8905916135736334e-05,40,cuda:0,bfloat16,1.817876551513109e-07,1.6591736318183337e-10,0.9990873012634234,True,32,24,float32,1.8281888003457425e-07,0.005672689283576538,True,1.817876551513109e-07,False,0.001,3aa30cff06bd991206bf58111d3830d032d04fdaf4ab664f45d26bf71509e9b9,"[2048, 6144]",4225235164872939794,1.817876551513109e-07
ruler_niah_multikey_3_16k:0074,ruler_niah_multikey_3_16k,0,20260927,gaussian_bf16_scalar_bracket_binary_v1,7,7,True,1.91785976184633e-05,1.9178596475329803e-05,15,cuda:0,bfloat16,1.817876551513109e-07,1.5348648740864945e-10,0.9991556825611679,True,32,24,float32,1.8196001860815159e-07,0.0009481582052269635,True,1.817876551513109e-07,False,0.001,a55eaa8cc273adb9f50ea8aeccaf1c986646a8197e1b4569304217f4fe44c445,"[2048, 6144]",2692777148748639673,1.817876551513109e-07
ruler_niah_multikey_3_16k:0074,ruler_niah_multikey_3_16k,0,20260928,gaussian_bf16_scalar_bracket_binary_v1,32,7,True,1.863856046321888e-05,1.8638559352274104e-05,40,cuda:0,bfloat16,1.817876551513109e-07,7.063677420759973e-11,0.9996114325026701,True,32,24,float32,1.8065040308101743e-07,0.006255936737546228,True,1.817876551513109e-07,False,0.001,ba9912d0ed5355d9c129bd113d28046596d0d60da21ebc7909d70b7664f44e89,"[2048, 6144]",4222426814180709849,1.817876551513109e-07
ruler_niah_multikey_3_16k:0074,ruler_niah_multikey_3_16k,0,20260929,gaussian_bf16_scalar_bracket_binary_v1,8,7,True,1.940583218740244e-05,1.940583218740244e-05,16,cuda:0,bfloat16,1.817876551513109e-07,8.761413122782002e-11,0.9995180413589971,True,32,24,float32,1.8165980009143823e-07,0.0007033209145376363,True,1.817876551513109e-07,False,0.001,6776f64b5ae9889dfd8c81a8b4a862cff89072feb6edb2cb1b55a72fde75050d,"[2048, 6144]",7455417036666669213,1.817876551513109e-07
ruler_niah_multikey_3_16k:0074,ruler_niah_multikey_3_16k,0,20260930,gaussian_bf16_scalar_bracket_binary_v1,9,7,True,1.9019533420205903e-05,1.9019533420205903e-05,17,cuda:0,bfloat16,1.817876551513109e-07,2.859923409204157e-10,0.9984267779862039,True,32,24,float32,1.816216297356732e-07,0.0009132931248797604,True,1.817876551513109e-07,False,0.001,6ed7d9754bc05f3c7499a58ca0bdc3a9bc29393678a9e2558cb622da8afc6023,"[2048, 6144]",7987091561970163516,1.817876551513109e-07
ruler_niah_multikey_3_16k:0108,ruler_niah_multikey_3_16k,6,20260926,gaussian_bf16_scalar_bracket_binary_v1,10,7,True,2.338695577286387e-05,2.338695577286387e-05,18,cuda:0,bfloat16,2.640728951064375e-07,1.7462298274040222e-10,0.9993387318957138,True,32,24,float32,2.640634590989066e-07,3.573258636442352e-05,True,2.640728951064375e-07,False,0.001,60dff970dad2ac3434196d2fbca3959230ee918cafe606ffb8681b364fd0fcc2,"[2048, 6144]",6980572210550451252,2.640728951064375e-07
ruler_niah_multikey_3_16k:0108,ruler_niah_multikey_3_16k,6,20260927,gaussian_bf16_scalar_bracket_binary_v1,11,7,True,2.220688002285698e-05,2.2206878699223783e-05,19,cuda:0,bfloat16,2.640728951064375e-07,2.6031257704950406e-10,0.9990142396971693,True,32,24,float32,2.642130425556388e-07,0.0005307150101294348,True,2.640728951064375e-07,False,0.001,7e44be9184b7c1cef464be78e1a7a6cd4d7c179aa42dab351c322d0d7dc1f2bd,"[2048, 6144]",9098606679401415118,2.640728951064375e-07
ruler_niah_multikey_3_16k:0108,ruler_niah_multikey_3_16k,6,20260928,gaussian_bf16_scalar_bracket_binary_v1,8,7,True,2.1719995622504484e-05,2.171999432789186e-05,16,cuda:0,bfloat16,2.640728951064375e-07,1.3015628852475203e-10,0.9995071198485846,True,32,24,float32,2.639590377384593e-07,0.00043115885836108616,True,2.640728951064375e-07,False,0.001,ed29ea153cf869482c52c1c976c94fa27ca867ddb1b479eab3ff3d256594d52c,"[2048, 6144]",7866075601117407560,2.640728951064375e-07
ruler_niah_multikey_3_16k:0108,ruler_niah_multikey_3_16k,6,20260929,gaussian_bf16_scalar_bracket_binary_v1,32,7,True,2.3816074227411832e-05,2.3816074227411832e-05,40,cuda:0,bfloat16,2.640728951064375e-07,2.6031257704950406e-10,0.9990142396971693,True,32,24,float32,2.6338986458540603e-07,0.002586522637077789,True,2.640728951064375e-07,False,0.001,10642162d5e9e166a3fcef03dcaaf80bbd8cb7a376c5ef85c1e1d0a9fe0be58c,"[2048, 6144]",1181105710657298790,2.640728951064375e-07
ruler_niah_multikey_3_16k:0108,ruler_niah_multikey_3_16k,6,20260930,gaussian_bf16_scalar_bracket_binary_v1,9,7,True,2.267725986726532e-05,2.26772585155953e-05,17,cuda:0,bfloat16,2.640728951064375e-07,2.6674101816226425e-10,0.9989898962630953,True,32,24,float32,2.6392851282253105e-07,0.0005467516226845526,True,2.640728951064375e-07,False,0.001,08ba239ad1f2c5288e8f64fbc076bf13c2a4f67e4cbf18e73d98b01bb1d6bac3,"[2048, 6144]",628854245825889576,2.640728951064375e-07
ruler_niah_multikey_3_16k:0145,ruler_niah_multikey_3_16k,0,20260926,gaussian_bf16_scalar_bracket_binary_v1,32,7,True,1.8171497027097416e-05,1.8171497027097416e-05,40,cuda:0,bfloat16,1.7958242892746057e-07,6.988329359636225e-11,0.9996108567301727,True,32,24,float32,1.7906954496993421e-07,0.0028559807359189175,True,1.7958242892746057e-07,False,0.001,a33536293593ed360d8c9ff20f7413ab700f306bca4326e5ef0a20762849433f,"[2048, 6144]",2536993515713588534,1.7958242892746057e-07
ruler_niah_multikey_3_16k:0145,ruler_niah_multikey_3_16k,0,20260927,gaussian_bf16_scalar_bracket_binary_v1,6,7,True,1.849699017952844e-05,1.849699017952844e-05,14,cuda:0,bfloat16,1.7958242892746057e-07,2.538256271833461e-10,0.9985865787165298,True,32,24,float32,1.7957724196548952e-07,2.8883460380992627e-05,True,1.7958242892746057e-07,False,0.001,7544952d9f946bd0dac7dac26239aa1e429ac3d486836bafdc937d112010bd37,"[2048, 6144]",8450042824037264336,1.7958242892746057e-07
ruler_niah_multikey_3_16k:0145,ruler_niah_multikey_3_16k,0,20260928,gaussian_bf16_scalar_bracket_binary_v1,8,7,True,1.8990841859078955e-05,1.8990841859078955e-05,16,cuda:0,bfloat16,1.7958242892746057e-07,1.3262416165282787e-10,0.9992614858678273,True,32,24,float32,1.797616704379834e-07,0.0009981016048916712,True,1.7958242892746057e-07,False,0.001,ccc2fd16372619b4d546a8c67311e70104ded0b0376b85cb8f773c564ffd901f,"[2048, 6144]",5531261564220742068,1.7958242892746057e-07
ruler_niah_multikey_3_16k:0145,ruler_niah_multikey_3_16k,0,20260929,gaussian_bf16_scalar_bracket_binary_v1,6,7,True,1.8137825321673517e-05,1.813782424057488e-05,14,cuda:0,bfloat16,1.7958242892746057e-07,2.5621291199762197e-10,0.9985732851842587,True,32,24,float32,1.7952554287603562e-07,0.00031676847097291365,True,1.7958242892746057e-07,False,0.001,d203b39629fdea04fdf22514a021ec984c574b80294dd49ae020d49c87ec65a5,"[2048, 6144]",5909764593571195396,1.7958242892746057e-07
ruler_niah_multikey_3_16k:0145,ruler_niah_multikey_3_16k,0,20260930,gaussian_bf16_scalar_bracket_binary_v1,32,7,True,1.846331847410454e-05,1.846331847410454e-05,40,cuda:0,bfloat16,1.7958242892746057e-07,1.2180439989961656e-10,0.9993217354246343,True,32,24,float32,1.799543127845027e-07,0.002070825410164921,True,1.7958242892746057e-07,False,0.001,2b80715da8049c0c1744a719fc118abf092edf021be23844274057c8c44aeefb,"[2048, 6144]",3134629987714636812,1.7958242892746057e-07
ruler_niah_multikey_3_16k:0202,ruler_niah_multikey_3_16k,0,20260926,gaussian_bf16_scalar_bracket_binary_v1,6,7,True,1.777609783459866e-05,1.777609783459866e-05,14,cuda:0,bfloat16,1.6613175546353887e-07,9.542328732736749e-11,0.999425616812023,True,32,24,float32,1.6612806064131291e-07,2.2240312910937897e-05,True,1.6613175546353887e-07,False,0.001,651b7e95b4877de56e45afedadde47a444a1f75a9abefe5dad58a207ca446e06,"[2048, 6144]",7285556003645914597,1.6613175546353887e-07
ruler_niah_multikey_3_16k:0202,ruler_niah_multikey_3_16k,0,20260927,gaussian_bf16_scalar_bracket_binary_v1,10,7,True,1.7495750497253937e-05,1.7495750497253937e-05,18,cuda:0,bfloat16,1.6613175546353887e-07,7.870151752520371e-11,0.9995262704754693,True,32,24,float32,1.661080375470192e-07,0.0001427657009552129,True,1.6613175546353887e-07,False,0.001,b39d00c79f3049e68b947f2daeee8a1826c5eb080334386ac2aa25753a187e46,"[2048, 6144]",3719129724647131622,1.6613175546353887e-07
ruler_niah_multikey_3_16k:0202,ruler_niah_multikey_3_16k,0,20260928,gaussian_bf16_scalar_bracket_binary_v1,12,7,True,1.7436046897634228e-05,1.7436046897634228e-05,20,cuda:0,bfloat16,1.6613175546353887e-07,1.3061306203265843e-10,0.9992137983393469,True,32,24,float32,1.662678954517105e-07,0.0008194699911030194,True,1.6613175546353887e-07,False,0.001,8cb8721bbe02d0dfc36f889002912e514244490a8f1c3b82838a19f662a35b81,"[2048, 6144]",916607987647434975,1.6613175546353887e-07
ruler_niah_multikey_3_16k:0202,ruler_niah_multikey_3_16k,0,20260929,gaussian_bf16_scalar_bracket_binary_v1,8,7,True,1.7568433140269235e-05,1.7568433140269235e-05,16,cuda:0,bfloat16,1.6613175546353887e-07,7.420049991102573e-11,0.9995533635354421,True,32,24,float32,1.6601703123342304e-07,0.0006905617158846217,True,1.6613175546353887e-07,False,0.001,d613aabc76789b8c5ec382b52d98e949a2bb7f2c088b42f58fb2b1d50fd831db,"[2048, 6144]",6202488838237494156,1.6613175546353887e-07
ruler_niah_multikey_3_16k:0202,ruler_niah_multikey_3_16k,0,20260930,gaussian_bf16_scalar_bracket_binary_v1,10,7,True,1.7765714599882187e-05,1.7765714599882187e-05,18,cuda:0,bfloat16,1.6613175546353887e-07,1.499977052288326e-11,0.9999097115992001,True,32,24,float32,1.6629662979994464e-07,0.0009924311938180827,True,1.6613175546353887e-07,False,0.001,c0cfab080f34eee074d2a1b6717261d298bef43819f81953f43d9d42596e898e,"[2048, 6144]",4670139389709709024,1.6613175546353887e-07
ruler_niah_multikey_3_16k:0202,ruler_niah_multikey_3_16k,6,20260926,gaussian_bf16_scalar_bracket_binary_v1,32,7,True,1.2172179315816933e-05,1.2172179315816933e-05,40,cuda:0,bfloat16,1.0027926578004553e-07,5.820766091346741e-11,0.9994195444047114,True,32,24,float32,9.979098791745855e-08,0.0048691806704885664,True,1.0027926578004553e-07,False,0.001,12cea9a85804270535148938c70609f3901327a766e55e5fd9abf25575a54306,"[2048, 6144]",1355207078381364997,1.0027926578004553e-07
ruler_niah_multikey_3_16k:0202,ruler_niah_multikey_3_16k,6,20260927,gaussian_bf16_scalar_bracket_binary_v1,8,7,True,1.1807883545600362e-05,1.1807883545600362e-05,16,cuda:0,bfloat16,1.0027926578004553e-07,8.231806208902626e-11,0.9991791118388363,True,32,24,float32,1.0032620423316985e-07,0.0004680773513765839,True,1.0027926578004553e-07,False,0.001,34e83bcefa1aa6b5e9823571a7f7f839a37e6d0068e7c6ed381f39de08582c39,"[2048, 6144]",3812362844714477237,1.0027926578004553e-07
ruler_niah_multikey_3_16k:0202,ruler_niah_multikey_3_16k,6,20260928,gaussian_bf16_scalar_bracket_binary_v1,32,7,True,1.2487902316671295e-05,1.2487902316671295e-05,40,cuda:0,bfloat16,1.0027926578004553e-07,5.820766091346741e-11,0.9994195444047114,True,32,24,float32,1.0055302368527919e-07,0.002729955221592041,True,1.0027926578004553e-07,False,0.001,c1802c3b073498feac6c0c2361fb2dcbc9db1e6d2dc7814daf41ef798b0fc650,"[2048, 6144]",4719821041519859966,1.0027926578004553e-07
ruler_niah_multikey_3_16k:0202,ruler_niah_multikey_3_16k,6,20260929,gaussian_bf16_scalar_bracket_binary_v1,8,7,True,1.2359419507390612e-05,1.2359420980748232e-05,16,cuda:0,bfloat16,1.0027926578004553e-07,5.820766091346741e-11,0.9994195444047114,True,32,24,float32,1.0037367559334598e-07,0.0009414689324463624,True,1.0027926578004553e-07,False,0.001,dd4e09835e241684a41996749d03c1c94747f420bd9968dafbe179b10518f2bd,"[2048, 6144]",6723321753535518340,1.0027926578004553e-07
ruler_niah_multikey_3_16k:0202,ruler_niah_multikey_3_16k,6,20260930,gaussian_bf16_scalar_bracket_binary_v1,32,7,True,1.2102453888829245e-05,1.210245316746678e-05,40,cuda:0,bfloat16,1.0027926578004553e-07,0.0,1.0,True,32,24,float32,1.0062200317406678e-07,0.0034178291130791552,True,1.0027926578004553e-07,False,0.001,4d60d1c12a5a67c301c2c97a025aa9cc1554ab2c9b707b1ce8af132129cd780d,"[2048, 6144]",5575686966254135235,1.0027926578004553e-07
ruler_niah_multikey_3_16k:0202,ruler_niah_multikey_3_16k,12,20260926,gaussian_bf16_scalar_bracket_binary_v1,6,7,True,2.0581272579534016e-05,2.0581272579534016e-05,14,cuda:0,bfloat16,2.2130400623154856e-07,1.7522826245564005e-10,0.999208201128215,True,32,24,float32,2.2136811139716883e-07,0.0002896701542456648,True,2.2130400623154856e-07,False,0.001,fbdbaa20ed272f44a47342e6222b42beb8f8903667b998939e33d3a75d91c7cf,"[2048, 6144]",8924914144959213380,2.2130400623154856e-07
ruler_niah_multikey_3_16k:0202,ruler_niah_multikey_3_16k,12,20260927,gaussian_bf16_scalar_bracket_binary_v1,6,7,True,2.013866456707092e-05,2.013866336671297e-05,14,cuda:0,bfloat16,2.2130400623154856e-07,2.7810914682291354e-10,0.9987433162573119,True,32,24,float32,2.21497188590547e-07,0.0008729275275583169,True,2.2130400623154856e-07,False,0.001,0f861b67e0aaab470dcf3a53729e2e29e400e7056266d419bf293a43c41449da,"[2048, 6144]",1118611690413009735,2.2130400623154856e-07
ruler_niah_multikey_3_16k:0202,ruler_niah_multikey_3_16k,12,20260928,gaussian_bf16_scalar_bracket_binary_v1,32,7,True,2.063054729967151e-05,2.0630546069995067e-05,40,cuda:0,bfloat16,2.2130400623154856e-07,3.235142986834916e-10,0.9985381453133524,True,32,24,float32,2.205717350989289e-07,0.003308892347179087,True,2.2130400623154856e-07,False,0.001,ceea285e4f3fceed075ca256e44a519e4ee11a92fef821d3bc3e08f0b4a84b11,"[2048, 6144]",5686401865030291181,2.2130400623154856e-07
ruler_niah_multikey_3_16k:0202,ruler_niah_multikey_3_16k,12,20260929,gaussian_bf16_scalar_bracket_binary_v1,8,7,True,2.008333856551303e-05,2.008333856551303e-05,16,cuda:0,bfloat16,2.2130400623154856e-07,1.795555371053581e-10,0.9991886475976512,True,32,24,float32,2.2118422293715412e-07,0.0005412613012938835,True,2.2130400623154856e-07,False,0.001,ee772c637f32c30f9dcf26ac50862094847e38334efa6fdbd94d59fb62365907,"[2048, 6144]",7959879672248058639,2.2130400623154856e-07
ruler_niah_multikey_3_16k:0202,ruler_niah_multikey_3_16k,12,20260930,gaussian_bf16_scalar_bracket_binary_v1,18,7,True,1.979293108663252e-05,1.979293108663252e-05,26,cuda:0,bfloat16,2.2130400623154856e-07,6.173854483204622e-11,0.99972102382653,True,32,24,float32,2.2146173250803258e-07,0.000712713154948489,True,2.2130400623154856e-07,False,0.001,4236ccabdd1211984c43a616b74edd3efba73c777b610aa1336d3b643b82c48d,"[2048, 6144]",4771225893766042008,2.2130400623154856e-07
ruler_niah_multikey_3_16k:0202,ruler_niah_multikey_3_16k,18,20260926,gaussian_bf16_scalar_bracket_binary_v1,32,7,True,1.3483107186296195e-05,1.348310638264038e-05,40,cuda:0,bfloat16,1.201836852260385e-07,8.231806208902626e-11,0.9993150645868929,True,32,24,float32,1.1989104109488835e-07,0.002434973853562212,True,1.201836852260385e-07,False,0.001,21ac6895552533fcdfd08f7bcd2b60d2d46ffb72dca52ff4fc23dd410fc9266b,"[2048, 6144]",2426429289833772028,1.201836852260385e-07
ruler_niah_multikey_3_16k:0202,ruler_niah_multikey_3_16k,18,20260927,gaussian_bf16_scalar_bracket_binary_v1,32,7,True,1.3340389060090274e-05,1.3340389060090274e-05,40,cuda:0,bfloat16,1.201836852260385e-07,5.820766091346741e-11,0.9995156775164283,True,32,24,float32,1.2003873450794345e-07,0.0012060764971754752,True,1.201836852260385e-07,False,0.001,880fc18f21f2f7f958de7a82f1c8743c12495e2864da4cccc29e6d161eacf6cc,"[2048, 6144]",580895697448138745,1.201836852260385e-07
ruler_niah_multikey_3_16k:0202,ruler_niah_multikey_3_16k,18,20260928,gaussian_bf16_scalar_bracket_binary_v1,32,7,True,1.3022324815009645e-05,1.3022324815009645e-05,40,cuda:0,bfloat16,1.201836852260385e-07,1.4257907354764399e-10,0.9988136570011189,True,32,24,float32,1.1986507786332368e-07,0.002651003437909231,True,1.201836852260385e-07,False,0.001,140fc356896c4c5ae277f2bac326a0261931d3f7e28b317027b80f905c463893,"[2048, 6144]",1445588781849398362,1.201836852260385e-07
ruler_niah_multikey_3_16k:0202,ruler_niah_multikey_3_16k,18,20260929,gaussian_bf16_scalar_bracket_binary_v1,32,7,True,1.3470901030765425e-05,1.3470901030765425e-05,40,cuda:0,bfloat16,1.201836852260385e-07,1.3015628852475203e-10,0.9989170219878017,True,32,24,float32,1.2049559927618247e-07,0.0025953110820102457,True,1.201836852260385e-07,False,0.001,f23b08ec83c84a326508145095f958a2a3ca7d74125d4c37e61badb88ed45de2,"[2048, 6144]",8231182555865958962,1.201836852260385e-07
ruler_niah_multikey_3_16k:0202,ruler_niah_multikey_3_16k,18,20260930,gaussian_bf16_scalar_bracket_binary_v1,32,7,True,1.3798589360014546e-05,1.379858853755453e-05,40,cuda:0,bfloat16,1.201836852260385e-07,5.820766091346741e-11,0.9995156775164283,True,32,24,float32,1.2038618990573013e-07,0.0016849598122304435,True,1.201836852260385e-07,False,0.001,5e66fb03e877cc995d5c572973a3c7bf049f61726a05abb85dd56ca52a05e042,"[2048, 6144]",6802400281393351833,1.201836852260385e-07
ruler_niah_multikey_3_16k:0202,ruler_niah_multikey_3_16k,24,20260926,gaussian_bf16_scalar_bracket_binary_v1,7,7,True,4.029421398854538e-05,4.029421398854538e-05,15,cuda:0,bfloat16,5.336981985237799e-07,6.214877501520277e-10,0.9988355071239305,True,32,24,float32,5.332800583346398e-07,0.0007834768606989644,True,5.336981985237799e-07,False,0.001,06c4a88ebd5bcc1e78276dedece2b6fe6c1106f1fe0ea51223b5187d8ea6b344,"[2048, 6144]",487699990678588446,5.336981985237799e-07
ruler_niah_multikey_3_16k:0202,ruler_niah_multikey_3_16k,24,20260927,gaussian_bf16_scalar_bracket_binary_v1,10,7,True,3.7592366858518744e-05,3.7592366858518744e-05,18,cuda:0,bfloat16,5.336981985237799e-07,5.491299637228053e-10,0.9989710852214947,True,32,24,float32,5.33952970727114e-07,0.0004773713009315876,True,5.336981985237799e-07,False,0.001,5c3d276adf188fc306a14d612ce1d8a99a49c3124f2625dc374f2998f94a5d84,"[2048, 6144]",6646511965031665603,5.336981985237799e-07
ruler_niah_multikey_3_16k:0202,ruler_niah_multikey_3_16k,24,20260928,gaussian_bf16_scalar_bracket_binary_v1,9,7,True,3.916010531668235e-05,3.916010531668235e-05,17,cuda:0,bfloat16,5.336981985237799e-07,7.566995918750763e-10,0.9985821582423022,True,32,24,float32,5.341710220818641e-07,0.0008859380814700906,True,5.336981985237799e-07,False,0.001,bb844b940e0bc993f7a285ff596d5f170fcb5cfc77a84eb1015fbecc5549212f,"[2048, 6144]",4288635844426451347,5.336981985237799e-07
ruler_niah_multikey_3_16k:0202,ruler_niah_multikey_3_16k,24,20260929,gaussian_bf16_scalar_bracket_binary_v1,9,7,True,3.689188797295628e-05,3.689188797295628e-05,17,cuda:0,bfloat16,5.336981985237799e-07,5.820766091346741e-10,0.9989093524940786,True,32,24,float32,5.334504749043845e-07,0.00046416424128957137,True,5.336981985237799e-07,False,0.001,cb5bd06c191e597470a14d2dc5cc58c71b9bdffe07b74f5020807d134cd03d20,"[2048, 6144]",5430162938421729652,5.336981985237799e-07
ruler_niah_multikey_3_16k:0202,ruler_niah_multikey_3_16k,24,20260930,gaussian_bf16_scalar_bracket_binary_v1,12,7,True,3.776748657990936e-05,3.776748432879174e-05,20,cuda:0,bfloat16,5.336981985237799e-07,8.16983425355744e-10,0.9984692033294931,True,32,24,float32,5.335373316484038e-07,0.00030141918376537107,True,5.336981985237799e-07,False,0.001,01be3502348ea70fbd98fe82807fd4e768e71e26ffafcfc0c94af6da1cad1b5f,"[2048, 6144]",125596123200923407,5.336981985237799e-07
ruler_niah_multikey_3_16k:0208,ruler_niah_multikey_3_16k,0,20260926,gaussian_bf16_scalar_bracket_binary_v1,8,7,True,2.9272039604677502e-05,2.9272043094176546e-05,16,cuda:0,bfloat16,3.537406598752568e-07,6.048351819387676e-10,0.9982901734220995,True,32,24,float32,3.53873929270776e-07,0.0003767432207712863,True,3.537406598752568e-07,False,0.001,d34ef257296a6b3cae1a21cbd353625838fff6fd2310e95eaf62c2a133b62909,"[2048, 6144]",6003001809502366524,3.537406598752568e-07
ruler_niah_multikey_3_16k:0208,ruler_niah_multikey_3_16k,0,20260927,gaussian_bf16_scalar_bracket_binary_v1,8,7,True,2.9095169274739874e-05,2.9095169274739874e-05,16,cuda:0,bfloat16,3.537406598752568e-07,4.2032433089644883e-10,0.9988117726386199,True,32,24,float32,3.5403419929025404e-07,0.0008298153090479516,True,3.537406598752568e-07,False,0.001,e9abb74ef83be5a94105434ba6f73ef1863fef9db531d4a9b43920e71a127b9a,"[2048, 6144]",7614381144799962537,3.537406598752568e-07
ruler_niah_multikey_3_16k:0208,ruler_niah_multikey_3_16k,0,20260928,gaussian_bf16_scalar_bracket_binary_v1,10,7,True,2.907306048349767e-05,2.907306048349767e-05,18,cuda:0,bfloat16,3.537406598752568e-07,6.273483399432678e-10,0.9982265303056638,True,32,24,float32,3.535728296810703e-07,0.00047444417117817144,True,3.537406598752568e-07,False,0.001,0859eca56865cbaf3408ad50c82c67389caa9d490b0c79e8e4069d8b4dac1c61,"[2048, 6144]",601772220395932591,3.537406598752568e-07
ruler_niah_multikey_3_16k:0208,ruler_niah_multikey_3_16k,0,20260929,gaussian_bf16_scalar_bracket_binary_v1,32,7,True,2.98800313638381e-05,2.98800313638381e-05,40,cuda:0,bfloat16,3.537406598752568e-07,4.915984841424859e-10,0.9986102856134326,True,32,24,float32,3.5326635838828224e-07,0.0013408169904523836,True,3.537406598752568e-07,False,0.001,b4fa9f2390c32d1ec28a1d28874ef6672bafa4eca351a61164a5c33190aa2a84,"[2048, 6144]",3817538609251298590,3.537406598752568e-07
ruler_niah_multikey_3_16k:0208,ruler_niah_multikey_3_16k,0,20260930,gaussian_bf16_scalar_bracket_binary_v1,7,7,True,2.8476123119958174e-05,2.847612142264897e-05,15,cuda:0,bfloat16,3.537406598752568e-07,4.155106814174303e-10,0.9988253804876037,True,32,24,float32,3.540153841186111e-07,0.0007766261403231508,True,3.537406598752568e-07,False,0.001,548be0a4cd0db0181df096435cc88e7c38ae024199b27f56b3477fcdbf91928b,"[2048, 6144]",6092209919368212504,3.537406598752568e-07
ruler_niah_multikey_3_16k:0208,ruler_niah_multikey_3_16k,6,20260926,gaussian_bf16_scalar_bracket_binary_v1,4,7,True,3.7038982554804534e-05,3.7038982554804534e-05,12,cuda:0,bfloat16,5.446909199235961e-07,4.904664452354268e-10,0.9990995509062199,True,32,24,float32,5.447885200737801e-07,0.00017918446336079506,True,5.446909199235961e-07,False,0.001,81cafcc6e756b83105c7559f895bc238f3aa5fca3b525a4b5fea17e99d4874b1,"[2048, 6144]",129193470548424753,5.446909199235961e-07
ruler_niah_multikey_3_16k:0208,ruler_niah_multikey_3_16k,6,20260927,gaussian_bf16_scalar_bracket_binary_v1,9,7,True,3.6834723459833185e-05,3.6834723459833185e-05,17,cuda:0,bfloat16,5.446909199235961e-07,8.086466496415312e-10,0.9985154027356378,True,32,24,float32,5.44510044164781e-07,0.00033207044986258003,True,5.446909199235961e-07,False,0.001,d38d58a2cb53835b93d64e4a5e4f16a213f7a5a5f2e3e7b8d0928c20f3a23f1c,"[2048, 6144]",6020565733083415387,5.446909199235961e-07
ruler_niah_multikey_3_16k:0208,ruler_niah_multikey_3_16k,6,20260928,gaussian_bf16_scalar_bracket_binary_v1,5,7,True,3.8128364394651726e-05,3.8128364394651726e-05,13,cuda:0,bfloat16,5.446909199235961e-07,8.942030449432536e-10,0.9983583294447635,True,32,24,float32,5.451112770060718e-07,0.000771735064969761,True,5.446909199235961e-07,False,0.001,2cc08b998869f04d40adc86711b28bb5747d8b93ca4c2889d8e7920257c4301e,"[2048, 6144]",3224730824732176461,5.446909199235961e-07
ruler_niah_multikey_3_16k:0208,ruler_niah_multikey_3_16k,6,20260929,gaussian_bf16_scalar_bracket_binary_v1,9,7,True,3.8060278029661276e-05,3.8060275761091924e-05,17,cuda:0,bfloat16,5.446909199235961e-07,7.611639096793965e-10,0.9986025764670611,True,32,24,float32,5.44445526884374e-07,0.0004505179547632803,True,5.446909199235961e-07,False,0.001,4046316d6ae130998c84808500acc945e0a86d3c149bec62e2d5468665201fae,"[2048, 6144]",4631443612811473049,5.446909199235961e-07
ruler_niah_multikey_3_16k:0208,ruler_niah_multikey_3_16k,6,20260930,gaussian_bf16_scalar_bracket_binary_v1,8,7,True,3.6902809824823635e-05,3.6902809824823635e-05,16,cuda:0,bfloat16,5.446909199235961e-07,9.017492308416308e-10,0.9983444753751942,True,32,24,float32,5.44507201993838e-07,0.0003372884016203201,True,5.446909199235961e-07,False,0.001,9f970cbb217578429d55ca1a0cb468a762b64ee747a4d27d1669195230bbb363,"[2048, 6144]",2276302134518839362,5.446909199235961e-07
ruler_niah_multikey_3_16k:0208,ruler_niah_multikey_3_16k,12,20260926,gaussian_bf16_scalar_bracket_binary_v1,8,7,True,2.1298321815521604e-05,2.1298320546042697e-05,16,cuda:0,bfloat16,2.3469225141070638e-07,3.035914575288956e-10,0.9987064274354861,True,32,24,float32,2.34657591136056e-07,0.00014768393264813398,True,2.3469225141070638e-07,False,0.001,06e0563ec7c02ec91bf19e5ee70bad6064d7336120794a46df6c40ff209aeceb,"[2048, 6144]",495490786649976521,2.3469225141070638e-07
ruler_niah_multikey_3_16k:0208,ruler_niah_multikey_3_16k,12,20260927,gaussian_bf16_scalar_bracket_binary_v1,32,7,True,2.0830770845914337e-05,2.0830770845914337e-05,40,cuda:0,bfloat16,2.3469225141070638e-07,2.375575014479381e-10,0.9989877914587294,True,32,24,float32,2.3560673412248434e-07,0.003896518552619955,True,2.3469225141070638e-07,False,0.001,8a7f1dcba8db2462a1eba3bd774f8b92e2a40dd51311864927aecfc3d8e0a476,"[2048, 6144]",756356022970033250,2.3469225141070638e-07
ruler_niah_multikey_3_16k:0208,ruler_niah_multikey_3_16k,12,20260928,gaussian_bf16_scalar_bracket_binary_v1,6,7,True,2.1826379381195693e-05,2.1826379381195693e-05,14,cuda:0,bfloat16,2.3469225141070638e-07,2.1287616114307184e-10,0.9990929561591254,True,32,24,float32,2.345256859825895e-07,0.0007097184807580067,True,2.3469225141070638e-07,False,0.001,35e022e25618d80baa73785cd217cac977e9647ca3bbbfd2a351b431ebec0e8c,"[2048, 6144]",3882141234295789579,2.3469225141070638e-07
ruler_niah_multikey_3_16k:0208,ruler_niah_multikey_3_16k,12,20260929,gaussian_bf16_scalar_bracket_binary_v1,7,7,True,2.1474341004079633e-05,2.1474341004079633e-05,15,cuda:0,bfloat16,2.3469225141070638e-07,2.539298771253584e-10,0.9989180304181369,True,32,24,float32,2.345116740798403e-07,0.0007694217844033778,True,2.3469225141070638e-07,False,0.001,8773d4964e644759944af8e2ebe4eb656e595194941662a10b1690173a8a21c7,"[2048, 6144]",537006522612598617,2.3469225141070638e-07
ruler_niah_multikey_3_16k:0208,ruler_niah_multikey_3_16k,12,20260930,gaussian_bf16_scalar_bracket_binary_v1,32,7,True,2.0863774443768968e-05,2.0863774443768968e-05,40,cuda:0,bfloat16,2.3469225141070638e-07,1.9952581253868118e-10,0.9991498406473185,True,32,24,float32,2.3549029037894798e-07,0.003400363511980836,True,2.3469225141070638e-07,False,0.001,37e0020f72dabac6fc48a7318618b7f782797d4c43bc16d84f0ddcb48f28ef90,"[2048, 6144]",4026220332243925702,2.3469225141070638e-07
ruler_niah_multikey_3_16k:0208,ruler_niah_multikey_3_16k,18,20260926,gaussian_bf16_scalar_bracket_binary_v1,7,7,True,3.475793886309475e-05,3.475793886309475e-05,15,cuda:0,bfloat16,5.074151658845949e-07,1.3773101548153477e-09,0.9972856346293587,True,32,24,float32,5.074289788353781e-07,2.7222187494328712e-05,True,5.074151658845949e-07,False,0.001,49fa50d01cf17e39a4857b85f95b6fd220bfceb0a417d437fd60d223a1443dc4,"[2048, 6144]",5330661963715411513,5.074151658845949e-07
ruler_niah_multikey_3_16k:0208,ruler_niah_multikey_3_16k,18,20260927,gaussian_bf16_scalar_bracket_binary_v1,5,7,True,3.551906161192164e-05,3.551906161192164e-05,13,cuda:0,bfloat16,5.074151658845949e-07,9.586609284184533e-10,0.9981106971315152,True,32,24,float32,5.07616846334713e-07,0.0003974663425097871,True,5.074151658845949e-07,False,0.001,964d6dccd82ef7e61fd46272306f2669a1188b74e3a652f97b0b5890d429613f,"[2048, 6144]",1607061368608847846,5.074151658845949e-07
ruler_niah_multikey_3_16k:0208,ruler_niah_multikey_3_16k,18,20260928,gaussian_bf16_scalar_bracket_binary_v1,32,7,True,3.616125893124433e-05,3.616125677586534e-05,40,cuda:0,bfloat16,5.074151658845949e-07,8.222797998058695e-10,0.9983794733482741,True,32,24,float32,5.063949402028811e-07,0.002010633008840377,True,5.074151658845949e-07,False,0.001,9eca9d7aa789df1dd1b2a945a05929be2c2322bbd8964b5714439110d940b149,"[2048, 6144]",2218758916555792157,5.074151658845949e-07
ruler_niah_multikey_3_16k:0208,ruler_niah_multikey_3_16k,18,20260929,gaussian_bf16_scalar_bracket_binary_v1,32,7,True,3.6581462115492513e-05,3.6581462115492513e-05,40,cuda:0,bfloat16,5.074151658845949e-07,5.647661782681723e-10,0.9988869741855595,True,32,24,float32,5.081311087451468e-07,0.0014109607057245684,True,5.074151658845949e-07,False,0.001,966007c26cb6cbdfb3e94db4fad7cab82b9edab3143638dfd86cfbf02146d455,"[2048, 6144]",1612297198227606495,5.074151658845949e-07
ruler_niah_multikey_3_16k:0208,ruler_niah_multikey_3_16k,18,20260930,gaussian_bf16_scalar_bracket_binary_v1,6,7,True,3.602647677780624e-05,3.602647677780624e-05,14,cuda:0,bfloat16,5.074151658845949e-07,6.548361852765083e-10,0.9987094666669355,True,32,24,float32,5.070872362011869e-07,0.0006462748956986927,True,5.074151658845949e-07,False,0.001,2d40e6ec5b89beddf72febd7d861e9b1f627d726cff076a8402d225e075bea6e,"[2048, 6144]",3260860033038663389,5.074151658845949e-07
ruler_niah_multikey_3_16k:0208,ruler_niah_multikey_3_16k,24,20260926,gaussian_bf16_scalar_bracket_binary_v1,12,7,True,3.77329439968932e-05,3.77329439968932e-05,20,cuda:0,bfloat16,5.351004688236571e-07,7.270134494419267e-10,0.9986413514997657,True,32,24,float32,5.351220693228242e-07,4.036718415626264e-05,True,5.351004688236571e-07,False,0.001,b9ab01d003aa267029849c5cc316e1ef1562f6f84d9f86839926451e5927cb15,"[2048, 6144]",4155417074105722480,5.351004688236571e-07
ruler_niah_multikey_3_16k:0208,ruler_niah_multikey_3_16k,24,20260927,gaussian_bf16_scalar_bracket_binary_v1,32,7,True,3.812590840368557e-05,3.812590613120434e-05,40,cuda:0,bfloat16,5.351004688236571e-07,5.522063362128904e-10,0.9989680324193569,True,32,24,float32,5.363785930967424e-07,0.0023885687782988566,True,5.351004688236571e-07,False,0.001,d7c340ca6cd972d590bff8cc658c2313a434433c9979ba2894adb4eba650693a,"[2048, 6144]",6323969539912069845,5.351004688236571e-07
ruler_niah_multikey_3_16k:0208,ruler_niah_multikey_3_16k,24,20260928,gaussian_bf16_scalar_bracket_binary_v1,32,7,True,3.875715973800098e-05,3.875715742789424e-05,40,cuda:0,bfloat16,5.351004688236571e-07,1.0363578883954006e-09,0.99806324615885,True,32,24,float32,5.358602948035696e-07,0.0014199688174125337,True,5.351004688236571e-07,False,0.001,5ff94d036bb76aeb206392bd5298e8673a20798cf521c6d9783f7e6ec8336d47,"[2048, 6144]",6915643379891530475,5.351004688236571e-07
ruler_niah_multikey_3_16k:0208,ruler_niah_multikey_3_16k,24,20260929,gaussian_bf16_scalar_bracket_binary_v1,11,7,True,3.794196761752744e-05,3.794196761752744e-05,19,cuda:0,bfloat16,5.351004688236571e-07,1.0998013610930002e-09,0.9979446824939048,True,32,24,float32,5.346755642676726e-07,0.0007940650041264823,True,5.351004688236571e-07,False,0.001,c8ab5faf19511b67d7d7ad0e964f8a91478a58aeb8af276d5cf8887436f883d6,"[2048, 6144]",5236384197396994919,5.351004688236571e-07
ruler_niah_multikey_3_16k:0208,ruler_niah_multikey_3_16k,24,20260930,gaussian_bf16_scalar_bracket_binary_v1,11,7,True,3.8242961631240746e-05,3.8242961631240746e-05,19,cuda:0,bfloat16,5.351004688236571e-07,8.808417328864948e-10,0.998353875983658,True,32,24,float32,5.352389962354209e-07,0.00025888112576003176,True,5.351004688236571e-07,False,0.001,652e75b7c0b2d988e03cb2c5575cbd6c1336fe6f057cee209b82834ce162e450,"[2048, 6144]",7290894278831823240,5.351004688236571e-07
ruler_niah_multikey_3_16k:0212,ruler_niah_multikey_3_16k,18,20260926,gaussian_bf16_scalar_bracket_binary_v1,9,7,True,1.9615112185178418e-05,1.9615112185178418e-05,17,cuda:0,bfloat16,2.0950720625023678e-07,4.053694602212943e-10,0.9980651287968724,True,32,24,float32,2.0933720179527882e-07,0.0008114492002480676,True,2.0950720625023678e-07,False,0.001,bc08f37e9af7f7cf8d8955f72a1ca484be90c208d60831cc704a8ad8ae644df7,"[2048, 6144]",4325975167180732367,2.0950720625023678e-07
ruler_niah_multikey_3_16k:0212,ruler_niah_multikey_3_16k,18,20260927,gaussian_bf16_scalar_bracket_binary_v1,32,7,True,2.0549710738060334e-05,2.0549710738060334e-05,40,cuda:0,bfloat16,2.0950720625023678e-07,1.4551915228366852e-10,0.9993054217327978,True,32,24,float32,2.0897294916721876e-07,0.0025500654253386356,True,2.0950720625023678e-07,False,0.001,423a657fe9ec6b03b661054c57c27eb10c4c629269e643f2750f4859fd291b46,"[2048, 6144]",4772238355212299011,2.0950720625023678e-07
ruler_niah_multikey_3_16k:0212,ruler_niah_multikey_3_16k,18,20260928,gaussian_bf16_scalar_bracket_binary_v1,4,7,True,1.9274662975021783e-05,1.9274662975021783e-05,12,cuda:0,bfloat16,2.0950720625023678e-07,8.731149137020111e-11,0.9995832530396787,True,32,24,float32,2.096810050034037e-07,0.0008295597859260943,True,2.0950720625023678e-07,False,0.001,c89be09a4c3973772f2b284b93985fc4241029b2eba57b9d6da21b3418e2f8d2,"[2048, 6144]",5232022345429382007,2.0950720625023678e-07
ruler_niah_multikey_3_16k:0212,ruler_niah_multikey_3_16k,18,20260929,gaussian_bf16_scalar_bracket_binary_v1,5,7,True,2.0531706212523204e-05,2.0531704988738147e-05,13,cuda:0,bfloat16,2.0950720625023678e-07,1.9523442584823414e-10,0.9990681254867432,True,32,24,float32,2.0963409497198882e-07,0.000605653256625846,True,2.0950720625023678e-07,False,0.001,416ef3afe13254b213e321cd82d257b29a7a8679a46b824ab0efe6b0ca26592d,"[2048, 6144]",4714973796626486450,2.0950720625023678e-07
ruler_niah_multikey_3_16k:0212,ruler_niah_multikey_3_16k,18,20260930,gaussian_bf16_scalar_bracket_binary_v1,32,7,True,1.9811525191038015e-05,1.9811525191038015e-05,40,cuda:0,bfloat16,2.0950720625023678e-07,1.8406878798948867e-10,0.9991214202543007,True,32,24,float32,2.0976526116101013e-07,0.0012317233158325386,True,2.0950720625023678e-07,False,0.001,d82ef832b1a441ae0ce49ee6e60f322b217f6077ba2128fd0c530e55da50d534,"[2048, 6144]",6354289020878733742,2.0950720625023678e-07
ruler_niah_multikey_3_16k:0217,ruler_niah_multikey_3_16k,6,20260926,gaussian_bf16_scalar_bracket_binary_v1,8,7,True,2.3411009593132803e-05,2.3411009593132803e-05,16,cuda:0,bfloat16,2.652805619618448e-07,3.772287482384229e-10,0.9985780007948992,True,32,24,float32,2.6526885221755947e-07,4.414098115115822e-05,True,2.652805619618448e-07,False,0.001,185a369e1ab788e60ddc84c101df6d356f83b0579d34b9b677ddec8fdef004af,"[2048, 6144]",1754775057495197926,2.652805619618448e-07
ruler_niah_multikey_3_16k:0217,ruler_niah_multikey_3_16k,6,20260927,gaussian_bf16_scalar_bracket_binary_v1,7,7,True,2.374261029558511e-05,2.3742608880415255e-05,15,cuda:0,bfloat16,2.652805619618448e-07,4.355862615046391e-10,0.9983580166662671,True,32,24,float32,2.6541326292317535e-07,0.0005002287402785381,True,2.652805619618448e-07,False,0.001,0109a4cf438c01265bfade0c638f224af9a8ae8b7043c119ae69819871c38ea1,"[2048, 6144]",74772078926758182,2.652805619618448e-07
ruler_niah_multikey_3_16k:0217,ruler_niah_multikey_3_16k,6,20260928,gaussian_bf16_scalar_bracket_binary_v1,3,7,True,2.3344689452642342e-05,2.3344689452642342e-05,11,cuda:0,bfloat16,2.652805619618448e-07,2.7301813587676804e-10,0.9989708324882242,True,32,24,float32,2.650155579431157e-07,0.000998957544304367,True,2.652805619618448e-07,False,0.001,f2b27511099ec7d55783337f2a51ce4559f401cec3d250812e8ea9b02fd31f7a,"[2048, 6144]",8264796982214576085,2.652805619618448e-07
ruler_niah_multikey_3_16k:0217,ruler_niah_multikey_3_16k,6,20260929,gaussian_bf16_scalar_bracket_binary_v1,32,7,True,2.3576809944358956e-05,2.3576809944358956e-05,40,cuda:0,bfloat16,2.652805619618448e-07,5.820766091346741e-11,0.9997805807538894,True,32,24,float32,2.649601356097264e-07,0.001207877236646014,True,2.652805619618448e-07,False,0.001,217ab8e3a84572d9a7b5773d17f1dc13984494b93c0a3ea24361c1745aae6f56,"[2048, 6144]",2412443838330532569,2.652805619618448e-07
ruler_niah_multikey_3_16k:0217,ruler_niah_multikey_3_16k,6,20260930,gaussian_bf16_scalar_bracket_binary_v1,10,7,True,2.2764388223350807e-05,2.2764388223350807e-05,18,cuda:0,bfloat16,2.652805619618448e-07,3.7271088992874013e-10,0.9985950312862262,True,32,24,float32,2.6518284812482307e-07,0.0003683414883438882,True,2.652805619618448e-07,False,0.001,7d05aa5b66bdf411e3a62181f48e5eae112038f89dcfcf4e9886c79608437f39,"[2048, 6144]",9008793939167015953,2.652805619618448e-07
ruler_niah_multikey_3_16k:0220,ruler_niah_multikey_3_16k,6,20260926,gaussian_bf16_scalar_bracket_binary_v1,8,7,True,2.397683771704351e-05,2.397683771704351e-05,16,cuda:0,bfloat16,2.656713320448034e-07,8.231806208902626e-11,0.9996901507533559,True,32,24,float32,2.6581636802802677e-07,0.0005459225958143367,True,2.656713320448034e-07,False,0.001,e06e26cc5ec86ab92d59a6162fca1e8da9ffeac35e357dd205c1f95795360f0f,"[2048, 6144]",6948533934284630713,2.656713320448034e-07
ruler_niah_multikey_3_16k:0220,ruler_niah_multikey_3_16k,6,20260927,gaussian_bf16_scalar_bracket_binary_v1,32,7,True,2.33043571578051e-05,2.33043571578051e-05,40,cuda:0,bfloat16,2.656713320448034e-07,5.397956526209668e-10,0.9979681825341624,True,32,24,float32,2.648727104315185e-07,0.0030060511502620116,True,2.656713320448034e-07,False,0.001,0ed182be61f534a3296e5060e59a3ee0ed5c3077469dce1399cb4e4db04ac897,"[2048, 6144]",1067778340862375075,2.656713320448034e-07
ruler_niah_multikey_3_16k:0220,ruler_niah_multikey_3_16k,6,20260928,gaussian_bf16_scalar_bracket_binary_v1,8,7,True,2.2781316722841893e-05,2.2781316722841893e-05,16,cuda:0,bfloat16,2.656713320448034e-07,2.968019996441029e-10,0.9988828226314082,True,32,24,float32,2.6550347342890745e-07,0.0006318281110874921,True,2.656713320448034e-07,False,0.001,3a483f11c6466c523a80a5b9c8b317a6d384ffd709fa2f33c978f30f7883f48c,"[2048, 6144]",4199675998096485458,2.656713320448034e-07
ruler_niah_multikey_3_16k:0220,ruler_niah_multikey_3_16k,6,20260929,gaussian_bf16_scalar_bracket_binary_v1,11,7,True,2.2839432326726694e-05,2.2839430965390442e-05,19,cuda:0,bfloat16,2.656713320448034e-07,1.0081862428235056e-10,0.9996205137245845,True,32,24,float32,2.6588148216433183e-07,0.0007910154170980219,True,2.656713320448034e-07,False,0.001,7d308e516ceaec3b9226cf503753837ee3a51a9758a62805235ed8a9539fa6d8,"[2048, 6144]",9020866533993933883,2.656713320448034e-07
ruler_niah_multikey_3_16k:0220,ruler_niah_multikey_3_16k,6,20260930,gaussian_bf16_scalar_bracket_binary_v1,5,7,True,2.2847734555853094e-05,2.2847734555853094e-05,13,cuda:0,bfloat16,2.656713320448034e-07,8.231806208902626e-11,0.9996901507533559,True,32,24,float32,2.657116908721946e-07,0.00015191261729499472,True,2.656713320448034e-07,False,0.001,47e3d6c8b6f9ef235e16f9a32ae70ac74b3bcfb4c9ecb39ed06565c0ae257632,"[2048, 6144]",5180220153957838627,2.656713320448034e-07
ruler_niah_multikey_3_16k:0251,ruler_niah_multikey_3_16k,24,20260926,gaussian_bf16_scalar_bracket_binary_v1,11,7,True,3.803489575560093e-05,3.803489575560093e-05,19,cuda:0,bfloat16,5.460370857690577e-07,1.2265115589826792e-09,0.9977537944016106,True,32,24,float32,5.455206064652884e-07,0.0009458685448844085,True,5.460370857690577e-07,False,0.001,5fac15cfbb649ebade2ebdab0c55808ac31cfbccf2977400c3fab95ee3b1da99,"[2048, 6144]",6893909111543733946,5.460370857690577e-07
ruler_niah_multikey_3_16k:0251,ruler_niah_multikey_3_16k,24,20260927,gaussian_bf16_scalar_bracket_binary_v1,6,7,True,3.87686330896031e-05,3.87686330896031e-05,14,cuda:0,bfloat16,5.460370857690577e-07,1.074873412498789e-09,0.9980315010820466,True,32,24,float32,5.459857561618264e-07,9.400388466108529e-05,True,5.460370857690577e-07,False,0.001,200d060b42c1b5edf87a33602996a14892ca620e632bab9982b1736bbf9edb94,"[2048, 6144]",2309508829345330669,5.460370857690577e-07
ruler_niah_multikey_3_16k:0251,ruler_niah_multikey_3_16k,24,20260928,gaussian_bf16_scalar_bracket_binary_v1,8,7,True,3.8632123818160835e-05,3.8632121515506816e-05,16,cuda:0,bfloat16,5.460370857690577e-07,7.499532661547903e-10,0.9986265525076955,True,32,24,float32,5.462572403303056e-07,0.000403186096669306,True,5.460370857690577e-07,False,0.001,ec363454304c90a95b47e8f41fd8a82197cba238a9162c57e3f1e9065b6151e4,"[2048, 6144]",7797477341030813865,5.460370857690577e-07
ruler_niah_multikey_3_16k:0251,ruler_niah_multikey_3_16k,24,20260929,gaussian_bf16_scalar_bracket_binary_v1,8,7,True,3.8905142361045364e-05,3.8905140042118175e-05,16,cuda:0,bfloat16,5.460370857690577e-07,8.495128489549586e-10,0.9984442213338707,True,32,24,float32,5.462279091261735e-07,0.0003494695911486858,True,5.460370857690577e-07,False,0.001,5776b475102568f16f375de6292ad1b20075498a60984375680feb89fcee55ae,"[2048, 6144]",6302423143426648305,5.460370857690577e-07
ruler_niah_multikey_3_16k:0251,ruler_niah_multikey_3_16k,24,20260930,gaussian_bf16_scalar_bracket_binary_v1,32,7,True,3.983084585801322e-05,3.983084585801322e-05,40,cuda:0,bfloat16,5.460370857690577e-07,7.499532661547903e-10,0.9986265525076955,True,32,24,float32,5.445020292427216e-07,0.0028112678906673403,True,5.460370857690577e-07,False,0.001,c0bb35fd4d224e473e756eb058cda9ba0de4377bb956fdfafed8c442e2276c50,"[2048, 6144]",4664381201109372487,5.460370857690577e-07
ruler_niah_multikey_3_16k:0253,ruler_niah_multikey_3_16k,0,20260926,gaussian_bf16_scalar_bracket_binary_v1,32,7,True,1.8756650424833765e-05,1.8756650424833765e-05,40,cuda:0,bfloat16,1.7927503392911603e-07,1.557547840702611e-10,0.9991311964602285,True,32,24,float32,1.7978996424972138e-07,0.0028722924175205796,True,1.7927503392911603e-07,False,0.001,0f2932733fb18e28a88c93c2395ea35032dcd6045478344dbc019013ebf0a0f0,"[2048, 6144]",1092459855185284648,1.7927503392911603e-07
ruler_niah_multikey_3_16k:0253,ruler_niah_multikey_3_16k,0,20260927,gaussian_bf16_scalar_bracket_binary_v1,32,7,True,1.8241234702287557e-05,1.8241234702287557e-05,40,cuda:0,bfloat16,1.7927503392911603e-07,7.31224664152208e-11,0.999592121307621,True,32,24,float32,1.7909145810790505e-07,0.0010239898840770207,True,1.7927503392911603e-07,False,0.001,be3946955d1f806b1e171675f5d3c828d79e1e2d931e615bb77a18f9e9eb70f8,"[2048, 6144]",4483692511350456427,1.7927503392911603e-07
ruler_niah_multikey_3_16k:0253,ruler_niah_multikey_3_16k,0,20260928,gaussian_bf16_scalar_bracket_binary_v1,32,7,True,1.8639001183817783e-05,1.8639001183817783e-05,40,cuda:0,bfloat16,1.7927503392911603e-07,2.478368898994887e-10,0.9986175604908964,True,32,24,float32,1.8019593994722527e-07,0.0051368336010096894,True,1.7927503392911603e-07,False,0.001,7ea36efb6026939537449a19b6cb31436b1788c210133eba446bd32fc80c637b,"[2048, 6144]",9125259295911744405,1.7927503392911603e-07
ruler_niah_multikey_3_16k:0253,ruler_niah_multikey_3_16k,0,20260929,gaussian_bf16_scalar_bracket_binary_v1,9,7,True,1.938411304358567e-05,1.938411304358567e-05,17,cuda:0,bfloat16,1.7927503392911603e-07,4.380706561391001e-11,0.9997556432446069,True,32,24,float32,1.7913583860718063e-07,0.0007764345033700586,True,1.7927503392911603e-07,False,0.001,f1a0c155b1349496987b225b66485ade91cdbc1c3168e38acf3a8997d4d5b245,"[2048, 6144]",8187756696348955798,1.7927503392911603e-07
ruler_niah_multikey_3_16k:0253,ruler_niah_multikey_3_16k,0,20260930,gaussian_bf16_scalar_bracket_binary_v1,32,7,True,1.7655942858728693e-05,1.7655942858728693e-05,40,cuda:0,bfloat16,1.7927503392911603e-07,9.570028103311756e-11,0.9994661817714621,True,32,24,float32,1.7862591050743504e-07,0.0036208244252105707,True,1.7927503392911603e-07,False,0.001,e6868839dd667284322c7b5ea65e4bafd33c827a6e54b96064deac1329f26977,"[2048, 6144]",7387742020856869508,1.7927503392911603e-07
ruler_niah_multikey_3_16k:0253,ruler_niah_multikey_3_16k,6,20260926,gaussian_bf16_scalar_bracket_binary_v1,8,7,True,2.367433599914648e-05,2.367433599914648e-05,16,cuda:0,bfloat16,2.729030086356943e-07,2.6674101816226425e-10,0.9990225794156841,True,32,24,float32,2.7314530370858847e-07,0.0008878431722152265,True,2.729030086356943e-07,False,0.001,93f27f6092dd3ccc3ca059f04e50b576bc096d879ee90d34465df27b02c59928,"[2048, 6144]",1437351283842170060,2.729030086356943e-07
ruler_niah_multikey_3_16k:0253,ruler_niah_multikey_3_16k,6,20260927,gaussian_bf16_scalar_bracket_binary_v1,7,7,True,2.3606110246987555e-05,2.360610883995374e-05,15,cuda:0,bfloat16,2.729030086356943e-07,3.188165009770927e-10,0.9988317589367338,True,32,24,float32,2.7299626026433543e-07,0.0003417024572478778,True,2.729030086356943e-07,False,0.001,36d0408c3e95f8f16a0c2e8d1e2b6214f07ed6ff83ea2daaebc40834c5de877a,"[2048, 6144]",3949727844293540081,2.729030086356943e-07
ruler_niah_multikey_3_16k:0253,ruler_niah_multikey_3_16k,6,20260928,gaussian_bf16_scalar_bracket_binary_v1,32,7,True,2.30517760106963e-05,2.305177463670338e-05,40,cuda:0,bfloat16,2.729030086356943e-07,4.4329634407702656e-10,0.9983756267609758,True,32,24,float32,2.724969476730621e-07,0.0014879314253887321,True,2.729030086356943e-07,False,0.001,e0c113c15e1c4cd2a311f2cd600fc46465a1bed66cff5187c6abc80e247d9765,"[2048, 6144]",6971875419374767314,2.729030086356943e-07
ruler_niah_multikey_3_16k:0253,ruler_niah_multikey_3_16k,6,20260929,gaussian_bf16_scalar_bracket_binary_v1,32,7,True,2.3938710788762307e-05,2.3938709361903954e-05,40,cuda:0,bfloat16,2.729030086356943e-07,2.7915414424484197e-10,0.9989770939293033,True,32,24,float32,2.732121799908782e-07,0.0011328983023292942,True,2.729030086356943e-07,False,0.001,f744a9d7c156743f12638707ea7de4a3ec5dd665923965fc2eea95c4c6c3c399,"[2048, 6144]",8594180733056480319,2.729030086356943e-07
ruler_niah_multikey_3_16k:0253,ruler_niah_multikey_3_16k,6,20260930,gaussian_bf16_scalar_bracket_binary_v1,11,7,True,2.3870485036603384e-05,2.3870483613811602e-05,19,cuda:0,bfloat16,2.729030086356943e-07,3.29272248356105e-10,0.9987934458839344,True,32,24,float32,2.726408183661988e-07,0.0009607452508721952,True,2.729030086356943e-07,False,0.001,695d712980480a9505d99cedad0322f3c22c6f13ba153464b5e074d8955398a7,"[2048, 6144]",7592348969876327061,2.729030086356943e-07
ruler_niah_multikey_3_16k:0253,ruler_niah_multikey_3_16k,12,20260926,gaussian_bf16_scalar_bracket_binary_v1,3,6,True,6.747734414602746e-05,6.747734414602746e-05,10,cuda:0,bfloat16,1.2976412335774512e-06,3.0103681769588775e-09,0.9976801229037247,True,32,24,float32,1.298675329053367e-06,0.0007969039894524115,True,1.2976412335774512e-06,False,0.001,cfacd7512be7436526be55c2b3cfbec392008e4f6738537a14a3af11cef7c2eb,"[2048, 6144]",5741200368619438949,1.2976412335774512e-06
ruler_niah_multikey_3_16k:0253,ruler_niah_multikey_3_16k,12,20260927,gaussian_bf16_scalar_bracket_binary_v1,7,6,True,6.780175445442183e-05,6.780175041312233e-05,14,cuda:0,bfloat16,1.2976412335774512e-06,3.1303279968142306e-09,0.9975876783845838,True,32,24,float32,1.2963755580130965e-06,0.0009753663274597292,True,1.2976412335774512e-06,False,0.001,cc4f52a3edb2a23f683f581e54243a66c1a39ecd17be7a2489981ff286b2ca6e,"[2048, 6144]",5498704534063718975,1.2976412335774512e-06
ruler_niah_multikey_3_16k:0253,ruler_niah_multikey_3_16k,12,20260928,gaussian_bf16_scalar_bracket_binary_v1,7,6,True,6.585529260405565e-05,6.585529260405565e-05,14,cuda:0,bfloat16,1.2976412335774512e-06,3.7398639740615636e-09,0.9971179522680925,True,32,24,float32,1.2972675449418603e-06,0.0002879753092931043,True,1.2976412335774512e-06,False,0.001,6fb2741ce64d6455caca45192d329c03a5e490e5d95f9730da37e1a6d99012e1,"[2048, 6144]",8048623151536235605,1.2976412335774512e-06
ruler_niah_multikey_3_16k:0253,ruler_niah_multikey_3_16k,12,20260929,gaussian_bf16_scalar_bracket_binary_v1,5,6,True,6.617970291245001e-05,6.617970291245001e-05,12,cuda:0,bfloat16,1.2976412335774512e-06,4.3210461875276e-09,0.996670076384969,True,32,24,float32,1.2963893141204608e-06,0.0009647654718392651,True,1.2976412335774512e-06,False,0.001,8532ed5ba1aed5542e4352b2116d098e1603acf94c4e3fbd866ea85594a12a40,"[2048, 6144]",374622696835568980,1.2976412335774512e-06
ruler_niah_multikey_3_16k:0253,ruler_niah_multikey_3_16k,12,20260930,gaussian_bf16_scalar_bracket_binary_v1,9,6,True,6.707183126053451e-05,6.707182726274184e-05,16,cuda:0,bfloat16,1.2976412335774512e-06,3.847253182698296e-09,0.997035195026832,True,32,24,float32,1.2968714599992381e-06,0.0005932098628608486,True,1.2976412335774512e-06,False,0.001,2786cc30faa61b1a229d63b998e497c5f652fe1bb9cc62fdc1a29bcef7c214a5,"[2048, 6144]",2848188325094103834,1.2976412335774512e-06
ruler_niah_multikey_3_16k:0253,ruler_niah_multikey_3_16k,18,20260926,gaussian_bf16_scalar_bracket_binary_v1,8,7,True,1.1717010588441212e-05,1.1717009890052959e-05,16,cuda:0,bfloat16,1.0079148893282763e-07,8.231806208902626e-11,0.999183283599036,True,32,24,float32,1.0088733404245431e-07,0.0009509246330367812,True,1.0079148893282763e-07,False,0.001,55872b8cbe8f622d383251ddabd6212a94446599c8eac40acd45d4b46b63c084,"[2048, 6144]",6162942498572296749,1.0079148893282763e-07
ruler_niah_multikey_3_16k:0253,ruler_niah_multikey_3_16k,18,20260927,gaussian_bf16_scalar_bracket_binary_v1,32,7,True,1.2069780799706109e-05,1.2069780799706109e-05,40,cuda:0,bfloat16,1.0079148893282763e-07,2.9103830456733704e-11,0.9997112471423443,True,32,24,float32,1.002850353870599e-07,0.00502476499881108,True,1.0079148893282763e-07,False,0.001,4cfdc0ca449b63626c137e52453299cb5001db9a95d18404bcbf1cdc3a5ed506,"[2048, 6144]",5547802290957280098,1.0079148893282763e-07
ruler_niah_multikey_3_16k:0253,ruler_niah_multikey_3_16k,18,20260928,gaussian_bf16_scalar_bracket_binary_v1,6,7,True,1.1994187183006488e-05,1.1994186468097222e-05,14,cuda:0,bfloat16,1.0079148893282763e-07,1.4257907354764399e-10,0.9985854056224661,True,32,24,float32,1.0077180689904708e-07,0.00019527475969396426,True,1.0079148893282763e-07,False,0.001,db3f638dd232c29ac3e51a8cfd67bd4d903388b7f047da3583b8dd5e19dec456,"[2048, 6144]",6575083441752294042,1.0079148893282763e-07
ruler_niah_multikey_3_16k:0253,ruler_niah_multikey_3_16k,18,20260929,gaussian_bf16_scalar_bracket_binary_v1,9,7,True,1.2157973352522333e-05,1.2157973352522333e-05,17,cuda:0,bfloat16,1.0079148893282763e-07,1.1641532182693481e-10,0.998844988569377,True,32,24,float32,1.0073395628751314e-07,0.0005708085665133678,True,1.0079148893282763e-07,False,0.001,eb327ea1577b802fe51f3d921d3defdc73fd9f72ef5f9ab8a2d2fbb51cae4e62,"[2048, 6144]",7724375542316367919,1.0079148893282763e-07
ruler_niah_multikey_3_16k:0253,ruler_niah_multikey_3_16k,18,20260930,gaussian_bf16_scalar_bracket_binary_v1,16,7,True,1.1929519206220485e-05,1.1929519206220485e-05,24,cuda:0,bfloat16,1.0079148893282763e-07,2.9103830456733704e-11,0.9997112471423443,True,32,24,float32,1.0070612432855341e-07,0.0008469425859073237,True,1.0079148893282763e-07,False,0.001,ef5212f4c0d3fbc804d4bc9e09f3c86c1464bee71bc1eca5b634c8b09da63083,"[2048, 6144]",8021494728716712904,1.0079148893282763e-07
ruler_niah_multikey_3_16k:0253,ruler_niah_multikey_3_16k,24,20260926,gaussian_bf16_scalar_bracket_binary_v1,8,6,True,6.004902489564756e-05,6.0049021316446764e-05,15,cuda:0,bfloat16,1.0699158110583085e-06,3.00883495896187e-09,0.9971877834425256,True,32,24,float32,1.0692529031075537e-06,0.0006195888909231343,True,1.0699158110583085e-06,False,0.001,b6418951784dc2d7e3e902a37c352f3d5e316983fd8c96066bde91168e2d6cf3,"[2048, 6144]",3909556934538019543,1.0699158110583085e-06
ruler_niah_multikey_3_16k:0253,ruler_niah_multikey_3_16k,24,20260927,gaussian_bf16_scalar_bracket_binary_v1,11,6,True,6.090161405758465e-05,6.090161405758465e-05,18,cuda:0,bfloat16,1.0699158110583085e-06,2.443335533897084e-09,0.9977163291647403,True,32,24,float32,1.068985284291557e-06,0.0008697196145096646,True,1.0699158110583085e-06,False,0.001,bf08a0e52a7670f43eae06ffe5f2fe1a81b37f758151110cfac429046971f4b5,"[2048, 6144]",4542057130323505396,1.0699158110583085e-06
ruler_niah_multikey_3_16k:0253,ruler_niah_multikey_3_16k,24,20260928,gaussian_bf16_scalar_bracket_binary_v1,10,6,True,5.8544455786346816e-05,5.8544455786346816e-05,17,cuda:0,bfloat16,1.0699158110583085e-06,2.464735304741339e-09,0.9976963278051725,True,32,24,float32,1.0704198984967661e-06,0.0004711468259909411,True,1.0699158110583085e-06,False,0.001,051cb3ecab5675c1b309d98a67e23c48c5e6f4d37594fe709f870255799afbea,"[2048, 6144]",368367098605761985,1.0699158110583085e-06
ruler_niah_multikey_3_16k:0253,ruler_niah_multikey_3_16k,24,20260929,gaussian_bf16_scalar_bracket_binary_v1,7,6,True,6.018276437202985e-05,6.018276437202985e-05,14,cuda:0,bfloat16,1.0699158110583085e-06,2.302699808609532e-09,0.997847774764323,True,32,24,float32,1.0708282616178622e-06,0.0008528246336047121,True,1.0699158110583085e-06,False,0.001,74639f2dc9411cf8e440cd2cdd844db7346a66ae962543afbb20e6e0e1a72f84,"[2048, 6144]",8386721950092827896,1.0699158110583085e-06
ruler_niah_multikey_3_16k:0253,ruler_niah_multikey_3_16k,24,20260930,gaussian_bf16_scalar_bracket_binary_v1,9,6,True,5.998215515745642e-05,5.998215515745642e-05,16,cuda:0,bfloat16,1.0699158110583085e-06,2.8145075159358157e-09,0.9973694121660359,True,32,24,float32,1.0700628081394825e-06,0.00013739125981197266,True,1.0699158110583085e-06,False,0.001,9acf0cc0bead5cd12837f44308b3c0010f3ca1eb10fc8ac6d5bc019b740fd3f0,"[2048, 6144]",1931776787137518801,1.0699158110583085e-06
ruler_niah_multikey_3_16k:0362,ruler_niah_multikey_3_16k,24,20260926,gaussian_bf16_scalar_bracket_binary_v1,6,7,True,3.871623522400114e-05,3.871623522400114e-05,14,cuda:0,bfloat16,5.303593866301526e-07,1.0541856276802264e-09,0.9980123183368576,True,32,24,float32,5.299073109199526e-07,0.0008523950392816602,True,5.303593866301526e-07,False,0.001,64d892ec8c1caf5e2f20962848a3e23856b136e13047b742edbdd32e82abfc1d,"[2048, 6144]",7266719543422922590,5.303593866301526e-07
ruler_niah_multikey_3_16k:0362,ruler_niah_multikey_3_16k,24,20260927,gaussian_bf16_scalar_bracket_binary_v1,11,7,True,3.7373763026593565e-05,3.7373763026593565e-05,19,cuda:0,bfloat16,5.303593866301526e-07,1.1612392158966145e-09,0.9978104673073197,True,32,24,float32,5.302534873408149e-07,0.0001996745829475334,True,5.303593866301526e-07,False,0.001,1b980f3e860dff60f930b9de26cc29e28170bd5b84292060083f8cc3fef7fc36,"[2048, 6144]",1988355996695527264,5.303593866301526e-07
ruler_niah_multikey_3_16k:0362,ruler_niah_multikey_3_16k,24,20260928,gaussian_bf16_scalar_bracket_binary_v1,32,7,True,3.850077672318264e-05,3.850077672318264e-05,40,cuda:0,bfloat16,5.303593866301526e-07,5.366481148350033e-10,0.9989881425155029,True,32,24,float32,5.29203077803686e-07,0.002180236374835601,True,5.303593866301526e-07,False,0.001,d916d01240d83ca299b83a849341a214507f7e5e81e959bb7dfe94b5b0252921,"[2048, 6144]",6419547095679122594,5.303593866301526e-07
ruler_niah_multikey_3_16k:0362,ruler_niah_multikey_3_16k,24,20260929,gaussian_bf16_scalar_bracket_binary_v1,5,7,True,3.924659461063129e-05,3.924659227135196e-05,13,cuda:0,bfloat16,5.303593866301526e-07,9.185013860601998e-10,0.9982681528615978,True,32,24,float32,5.303917305354844e-07,6.098488335864009e-05,True,5.303593866301526e-07,False,0.001,62eb78afc91f5955d41703b1735158455006e92fc74025e344d5ea8ea0355c7e,"[2048, 6144]",7127923531632826709,5.303593866301526e-07
ruler_niah_multikey_3_16k:0362,ruler_niah_multikey_3_16k,24,20260930,gaussian_bf16_scalar_bracket_binary_v1,9,7,True,3.918029968730252e-05,3.9180297351974675e-05,17,cuda:0,bfloat16,5.303593866301526e-07,9.33139787662185e-10,0.9982405519517789,True,32,24,float32,5.300278189679375e-07,0.000625175438718713,True,5.303593866301526e-07,False,0.001,3feb7cc17dea91c0a7473d5df0841387c980cb3a23fcb25bf737d2905a240ea0,"[2048, 6144]",4605912214399521216,5.303593866301526e-07
ruler_niah_multikey_3_16k:0429,ruler_niah_multikey_3_16k,0,20260926,gaussian_bf16_scalar_bracket_binary_v1,32,7,True,3.0460083522143577e-05,3.0460079891018663e-05,40,cuda:0,bfloat16,3.79269522454706e-07,5.653283396966913e-10,0.998509428503409,True,32,24,float32,3.778145583055448e-07,0.003836227439907197,True,3.79269522454706e-07,False,0.001,da9356d7efdb9b73249c8314826b82146ec2da485ca4114c1630409ff1bfbc3a,"[2048, 6144]",6526655770432084851,3.79269522454706e-07
ruler_niah_multikey_3_16k:0429,ruler_niah_multikey_3_16k,0,20260927,gaussian_bf16_scalar_bracket_binary_v1,14,7,True,3.100972802538848e-05,3.100972802538848e-05,22,cuda:0,bfloat16,3.79269522454706e-07,5.81985626357806e-10,0.9984655091118552,True,32,24,float32,3.790024436511885e-07,0.0007041926326927631,True,3.79269522454706e-07,False,0.001,dbbfe44882f2455a191156e106887d973eb79fa5b007c62a35933b1ac2dc7fcb,"[2048, 6144]",6611253778088871258,3.79269522454706e-07
ruler_niah_multikey_3_16k:0429,ruler_niah_multikey_3_16k,0,20260928,gaussian_bf16_scalar_bracket_binary_v1,7,7,True,3.091046608005854e-05,3.091046608005854e-05,15,cuda:0,bfloat16,3.79269522454706e-07,3.661910774610533e-10,0.9990344832479789,True,32,24,float32,3.7928478491267015e-07,4.024172009747938e-05,True,3.79269522454706e-07,False,0.001,23ec133b49205a6820cd74133818ae8bb7d4859b33b28ccc5f72210c5c2a37af,"[2048, 6144]",2588465031182047848,3.79269522454706e-07
ruler_niah_multikey_3_16k:0429,ruler_niah_multikey_3_16k,0,20260929,gaussian_bf16_scalar_bracket_binary_v1,32,7,True,3.057860524791067e-05,3.057860342528377e-05,40,cuda:0,bfloat16,3.79269522454706e-07,5.051946083689529e-10,0.9986679799497222,True,32,24,float32,3.7972935729158053e-07,0.0012124223267357896,True,3.79269522454706e-07,False,0.001,83af833224dbdbc2f06c2408b356023c973249dda59e75f72715212dbf9f545e,"[2048, 6144]",265575154428140482,3.79269522454706e-07
ruler_niah_multikey_3_16k:0429,ruler_niah_multikey_3_16k,0,20260930,gaussian_bf16_scalar_bracket_binary_v1,10,7,True,2.8895596742017915e-05,2.8895596742017915e-05,18,cuda:0,bfloat16,3.79269522454706e-07,6.072264913115077e-10,0.9983989578509198,True,32,24,float32,3.7897024185440387e-07,0.0007890974164366069,True,3.79269522454706e-07,False,0.001,2f886dea8cb31657254302d9208b9a2da2d82bd0f5da435b6cf3e6e375056f36,"[2048, 6144]",3425108370765583959,3.79269522454706e-07
ruler_niah_multikey_3_16k:0429,ruler_niah_multikey_3_16k,6,20260926,gaussian_bf16_scalar_bracket_binary_v1,32,7,True,2.0352166099080193e-05,2.0352164885996564e-05,40,cuda:0,bfloat16,2.0544773349229217e-07,1.4257907354764399e-10,0.9993060080482563,True,32,24,float32,2.047643334890381e-07,0.0033263934901462595,True,2.0544773349229217e-07,False,0.001,3d2a5436207499befeb73e6ae2198d34d61f95de5e3ab2760fd51ba01e2dac9a,"[2048, 6144]",4407427776784931262,2.0544773349229217e-07
ruler_niah_multikey_3_16k:0429,ruler_niah_multikey_3_16k,6,20260927,gaussian_bf16_scalar_bracket_binary_v1,8,7,True,1.9363448881648537e-05,1.9363448881648537e-05,16,cuda:0,bfloat16,2.0544773349229217e-07,8.231806208902626e-11,0.9995993235812839,True,32,24,float32,2.0551060231355223e-07,0.00030600883344576946,True,2.0544773349229217e-07,False,0.001,34031dec788935f14de038ae86e316f6c32b6d000c4df111385e5149480b7c1c,"[2048, 6144]",3747872216374130161,2.0544773349229217e-07
ruler_niah_multikey_3_16k:0429,ruler_niah_multikey_3_16k,6,20260928,gaussian_bf16_scalar_bracket_binary_v1,5,7,True,2.0133877882244633e-05,2.0133876682171992e-05,13,cuda:0,bfloat16,2.0544773349229217e-07,1.540029909152807e-10,0.9992504030670114,True,32,24,float32,2.0543417633689387e-07,6.598834247451719e-05,True,2.0544773349229217e-07,False,0.001,a1306197b7f63568d530195945521bf876f72c52c057f468aec7e0f01298dede,"[2048, 6144]",2391518706388055400,2.0544773349229217e-07
ruler_niah_multikey_3_16k:0429,ruler_niah_multikey_3_16k,6,20260929,gaussian_bf16_scalar_bracket_binary_v1,8,7,True,1.926072501490239e-05,1.9260723866873718e-05,16,cuda:0,bfloat16,2.0544773349229217e-07,5.820766091346741e-11,0.9997166789824155,True,32,24,float32,2.0552680268792756e-07,0.0003848628275977082,True,2.0544773349229217e-07,False,0.001,308c2f3706b3707b55b95b6b80b5b4530d1400c3d690de2e87677439d441159c,"[2048, 6144]",3498222923942162555,2.0544773349229217e-07
ruler_niah_multikey_3_16k:0429,ruler_niah_multikey_3_16k,6,20260930,gaussian_bf16_scalar_bracket_binary_v1,8,7,True,1.926072501490239e-05,1.926072501490239e-05,16,cuda:0,bfloat16,2.0544773349229217e-07,2.537213217301826e-10,0.9987650322667604,True,32,24,float32,2.0554762159008533e-07,0.00048619712709998045,True,2.0544773349229217e-07,False,0.001,6ddebb19a532f262fae9dcb9d085d7da871e2c7d25beb90133e04063d6e155aa,"[2048, 6144]",7916970913784066658,2.0544773349229217e-07
ruler_niah_multikey_3_16k:0429,ruler_niah_multikey_3_16k,12,20260926,gaussian_bf16_scalar_bracket_binary_v1,7,7,True,3.0045670399658775e-05,3.0045668608797262e-05,15,cuda:0,bfloat16,3.9275386143344804e-07,7.763910625513404e-10,0.9980232121468705,True,32,24,float32,3.925266867099708e-07,0.0005784149967312642,True,3.9275386143344804e-07,False,0.001,c81f14ddf6435a61eb8aef6dd9d407961198f50377bab41abcd9669198484e2c,"[2048, 6144]",5196895438560778849,3.9275386143344804e-07
ruler_niah_multikey_3_16k:0429,ruler_niah_multikey_3_16k,12,20260927,gaussian_bf16_scalar_bracket_binary_v1,11,7,True,3.005794395782857e-05,3.005794395782857e-05,19,cuda:0,bfloat16,3.9275386143344804e-07,4.519447593942516e-10,0.9988492926390469,True,32,24,float32,3.9300815046772186e-07,0.0006474513919372727,True,3.9275386143344804e-07,False,0.001,123fc17446c1a5f68421bb981c3e9f1e4bd3d82009953a8cf14f7f3134015787,"[2048, 6144]",1314982321362937334,3.9275386143344804e-07
ruler_niah_multikey_3_16k:0429,ruler_niah_multikey_3_16k,12,20260928,gaussian_bf16_scalar_bracket_binary_v1,5,7,True,2.9063785746075155e-05,2.9063785746075155e-05,13,cuda:0,bfloat16,3.9275386143344804e-07,5.776143452429494e-10,0.9985293223009067,True,32,24,float32,3.925955809336301e-07,0.0004030017661449281,True,3.9275386143344804e-07,False,0.001,1f29e590bae7af802074290fa644a7c98399a6cd2c6c452da6d9798971fd4cfb,"[2048, 6144]",2245578298994700160,3.9275386143344804e-07
ruler_niah_multikey_3_16k:0429,ruler_niah_multikey_3_16k,12,20260929,gaussian_bf16_scalar_bracket_binary_v1,32,7,True,3.070844254082772e-05,3.070844254082772e-05,40,cuda:0,bfloat16,3.9275386143344804e-07,7.79453390720164e-10,0.9980154150798789,True,32,24,float32,3.9331644074991345e-07,0.0014323966527334722,True,3.9275386143344804e-07,False,0.001,9ef7bd4e35900b750c50bb5641921c19f827ee5d16a6ee8b3390dec0d1397fa4,"[2048, 6144]",2231460283989101429,3.9275386143344804e-07
ruler_niah_multikey_3_16k:0429,ruler_niah_multikey_3_16k,12,20260930,gaussian_bf16_scalar_bracket_binary_v1,14,7,True,2.9068388330388828e-05,2.9068384865166907e-05,22,cuda:0,bfloat16,3.9275386143344804e-07,5.418634985154824e-10,0.9986203483868044,True,32,24,float32,3.9314585364991217e-07,0.000998060757527536,True,3.9275386143344804e-07,False,0.001,fc79c4c17a70284918b77cd7df1fab1e8577b8948e69dad7b1ca417d8a7d6f3d,"[2048, 6144]",8969416468146956361,3.9275386143344804e-07
ruler_niah_multikey_3_16k:0429,ruler_niah_multikey_3_16k,18,20260926,gaussian_bf16_scalar_bracket_binary_v1,32,7,True,2.0030506377111124e-05,2.0030505183199905e-05,40,cuda:0,bfloat16,2.0919588905599085e-07,2.968019996441029e-10,0.9985812245117079,True,32,24,float32,2.0818927737309423e-07,0.004811813881424798,True,2.0919588905599085e-07,False,0.001,9951e0bdf3f6ad987e5972f981b5e6546a91a1c3fa851b58c57a88f3f093ac2e,"[2048, 6144]",1824486430508232088,2.0919588905599085e-07
ruler_niah_multikey_3_16k:0429,ruler_niah_multikey_3_16k,18,20260927,gaussian_bf16_scalar_bracket_binary_v1,4,7,True,2.0919588905599085e-05,2.091958765869442e-05,12,cuda:0,bfloat16,2.0919588905599085e-07,1.1641532182693481e-10,0.9994435104707254,True,32,24,float32,2.0902980679693428e-07,0.0007939078526161393,True,2.0919588905599085e-07,False,0.001,d9793498a804b14f16c4aa46f6f0163aed5c1f75c8d961dd1456f77cb1fb2df4,"[2048, 6144]",6447242171816128847,2.0919588905599085e-07
ruler_niah_multikey_3_16k:0429,ruler_niah_multikey_3_16k,18,20260928,gaussian_bf16_scalar_bracket_binary_v1,9,7,True,2.0475047641355104e-05,2.0475047641355104e-05,17,cuda:0,bfloat16,2.0919588905599085e-07,2.118790837224438e-10,0.9989871737696254,True,32,24,float32,2.0912646903070709e-07,0.00033184220587232315,True,2.0919588905599085e-07,False,0.001,9d6cefa815cea522b3f58ecc81a76c9c97f582941ffd6bfbe3dec86a64b5f89c,"[2048, 6144]",2120333029784069410,2.0919588905599085e-07
ruler_niah_multikey_3_16k:0429,ruler_niah_multikey_3_16k,18,20260929,gaussian_bf16_scalar_bracket_binary_v1,7,7,True,1.9978207404847126e-05,1.9978209786435037e-05,15,cuda:0,bfloat16,2.0919588905599085e-07,1.0493535207434235e-10,0.9994983871215258,True,32,24,float32,2.0903790698412195e-07,0.0007551872676934732,True,2.0919588905599085e-07,False,0.001,e8c74f2fa1167beb6225d907d202d72e82ddef4d450d2ffe3f12f9b0dcd1bd26,"[2048, 6144]",7550090366294588395,2.0919588905599085e-07
ruler_niah_multikey_3_16k:0429,ruler_niah_multikey_3_16k,18,20260930,gaussian_bf16_scalar_bracket_binary_v1,32,7,True,1.9594136827283393e-05,1.9594136827283393e-05,40,cuda:0,bfloat16,2.0919588905599085e-07,1.9305297638272378e-10,0.9990771664909196,True,32,24,float32,2.0980273518489412e-07,0.0029008511192151107,True,2.0919588905599085e-07,False,0.001,4acdad112af6de5a171efbf0fcc784fe4969b3528ad7de5f8750c67ee8c313c6,"[2048, 6144]",5390154618279222874,2.0919588905599085e-07
ruler_niah_multikey_3_16k:0429,ruler_niah_multikey_3_16k,24,20260926,gaussian_bf16_scalar_bracket_binary_v1,8,6,True,6.131530176389788e-05,6.131530176389788e-05,15,cuda:0,bfloat16,1.0686762834666297e-06,2.093858197937948e-09,0.9980406992928245,True,32,24,float32,1.0695889613998588e-06,0.0008540265629069073,True,1.0686762834666297e-06,False,0.001,9294bbfd5daf51fb63113d3066308af21a1a6e382ca6944c0bd1ce3caa2ada35,"[2048, 6144]",1338901686108770811,1.0686762834666297e-06
ruler_niah_multikey_3_16k:0429,ruler_niah_multikey_3_16k,24,20260927,gaussian_bf16_scalar_bracket_binary_v1,7,6,True,5.904436466153129e-05,5.904436466153129e-05,14,cuda:0,bfloat16,1.0686762834666297e-06,2.302699808609532e-09,0.997845278458749,True,32,24,float32,1.0694014918044559e-06,0.0006786043154936674,True,1.0686762834666297e-06,False,0.001,7313f4dafb1003c3c5354668b3c500d3b757306b0318b644c2d6ec368e09dee9,"[2048, 6144]",8292240560271393731,1.0686762834666297e-06
ruler_niah_multikey_3_16k:0429,ruler_niah_multikey_3_16k,24,20260928,gaussian_bf16_scalar_bracket_binary_v1,8,6,True,5.917794919696462e-05,5.917794566968398e-05,15,cuda:0,bfloat16,1.0686762834666297e-06,2.5157564920164077e-09,0.9976459134249188,True,32,24,float32,1.0693988770071883e-06,0.0006761575527947562,True,1.0686762834666297e-06,False,0.001,fdf258f7794dde608d6abe1a8129d240f8fc47971573c0f9d898d40126cd7fa0,"[2048, 6144]",9075414019020283488,1.0686762834666297e-06
ruler_niah_multikey_3_16k:0429,ruler_niah_multikey_3_16k,24,20260929,gaussian_bf16_scalar_bracket_binary_v1,6,6,True,5.931153373239795e-05,5.931153019715505e-05,13,cuda:0,bfloat16,1.0686762834666297e-06,4.093203109789556e-09,0.9961698381697853,True,32,24,float32,1.0685313327485346e-06,0.00013563575830920612,True,1.0686762834666297e-06,False,0.001,e05d285e287edf8bd8b876bdde771e7bb46e8527862f6a0bc79d44f4b2e8967e,"[2048, 6144]",6943750585346613131,1.0686762834666297e-06
ruler_niah_multikey_3_16k:0429,ruler_niah_multikey_3_16k,24,20260930,gaussian_bf16_scalar_bracket_binary_v1,10,6,True,6.0480398417439574e-05,6.0480398417439574e-05,17,cuda:0,bfloat16,1.0686762834666297e-06,2.4893560546246363e-09,0.9976706172924981,True,32,24,float32,1.0690504268495715e-06,0.00035009982791811556,True,1.0686762834666297e-06,False,0.001,7e970626857f6a46a343a90e1966a60d3994515260ca8a1f6c5f3821f6b61d9c,"[2048, 6144]",9121766332780472902,1.0686762834666297e-06
ruler_niah_multikey_3_16k:0464,ruler_niah_multikey_3_16k,6,20260926,gaussian_bf16_scalar_bracket_binary_v1,32,7,True,4.070997535476906e-05,4.070997535476906e-05,40,cuda:0,bfloat16,6.343510676742881e-07,1.350116574094784e-09,0.997871657126637,True,32,24,float32,6.331289341687807e-07,0.001926588552909767,True,6.343510676742881e-07,False,0.001,0e912086fcaa618a3f59ff9b867f6b4ac313f509f88c70d3ea9ae212e313c48c,"[2048, 6144]",1049655952290767242,6.343510676742881e-07
ruler_niah_multikey_3_16k:0464,ruler_niah_multikey_3_16k,6,20260927,gaussian_bf16_scalar_bracket_binary_v1,9,7,True,4.147070104920658e-05,4.1470696105513774e-05,17,cuda:0,bfloat16,6.343510676742881e-07,1.2140169980412452e-09,0.9980862064243193,True,32,24,float32,6.344604912555951e-07,0.00017249688206285124,True,6.343510676742881e-07,False,0.001,6b124b25314f9ce31e6a9ecf81957a4a6599df183f53af80678307bb5bd0c936,"[2048, 6144]",7715311734752255203,6.343510676742881e-07
ruler_niah_multikey_3_16k:0464,ruler_niah_multikey_3_16k,6,20260928,gaussian_bf16_scalar_bracket_binary_v1,32,7,True,4.1113878573639795e-05,4.1113878573639795e-05,40,cuda:0,bfloat16,6.343510676742881e-07,8.190543798747285e-10,0.9987088310848476,True,32,24,float32,6.35650167168933e-07,0.002047918827358131,True,6.343510676742881e-07,False,0.001,db95fbd2cff99bdb01c83e3f351358c46ed64acedea92a037eaca9af4d6fd686,"[2048, 6144]",6599457711832275931,6.343510676742881e-07
ruler_niah_multikey_3_16k:0464,ruler_niah_multikey_3_16k,6,20260929,gaussian_bf16_scalar_bracket_binary_v1,8,7,True,4.170858269958444e-05,4.170858269958444e-05,16,cuda:0,bfloat16,6.343510676742881e-07,1.7413723796266822e-09,0.9972548759380022,True,32,24,float32,6.345576366584282e-07,0.000325638269826702,True,6.343510676742881e-07,False,0.001,420c0a091208d3ae68a52422e20e0b64056ed9f70556012f3f8c835b774b0b47,"[2048, 6144]",4759189940297323438,6.343510676742881e-07
ruler_niah_multikey_3_16k:0464,ruler_niah_multikey_3_16k,6,20260930,gaussian_bf16_scalar_bracket_binary_v1,10,7,True,4.0717409156343365e-05,4.071740672939665e-05,18,cuda:0,bfloat16,6.343510676742881e-07,1.1406325883811519e-09,0.9982018906461952,True,32,24,float32,6.33723402643227e-07,0.0009894600372664952,True,6.343510676742881e-07,False,0.001,bb06345d599f04ba25389c36cc2174f0ae4cb86ecfb9cae85a0f2f0d5b6ad588,"[2048, 6144]",4253144473638208698,6.343510676742881e-07
ruler_niah_multiquery_16k:0001,ruler_niah_multiquery_16k,24,20260926,gaussian_bf16_scalar_bracket_binary_v1,32,7,True,4.5348031386005516e-05,4.5348031386005516e-05,40,cuda:0,bfloat16,6.820054068157333e-07,1.0031326880266533e-09,0.9985291426167568,True,32,24,float32,6.80186587942444e-07,0.002666868700911471,True,6.820054068157333e-07,False,0.001,6a92f8a9ae376188308ae8e3bd965538beca675c3f5daa869afe9cc3fbca449a,"[2048, 6144]",7679473722276143496,6.820054068157333e-07
ruler_niah_multiquery_16k:0001,ruler_niah_multiquery_16k,24,20260927,gaussian_bf16_scalar_bracket_binary_v1,10,7,True,4.505498218776438e-05,4.505498218776438e-05,18,cuda:0,bfloat16,6.820054068157333e-07,1.1670600041924217e-09,0.9982887818886342,True,32,24,float32,6.816009658905386e-07,0.0005930171830791985,True,6.820054068157333e-07,False,0.001,a7a70c01774db5bdb55c7beed80702b31b5786dab4335db3a51a7e2f2010f8cf,"[2048, 6144]",2857265689025951165,6.820054068157333e-07
ruler_niah_multiquery_16k:0001,ruler_niah_multiquery_16k,24,20260928,gaussian_bf16_scalar_bracket_binary_v1,9,7,True,4.52681088773943e-05,4.52681088773943e-05,17,cuda:0,bfloat16,6.820054068157333e-07,7.938466550783119e-10,0.9988360111999921,True,32,24,float32,6.813635877733759e-07,0.0009410761790790206,True,6.820054068157333e-07,False,0.001,ddde2c24e24bba0366fdfb5b3e01654da71f0181b4db933d5d0971370f1228ca,"[2048, 6144]",6763892227284122115,6.820054068157333e-07
ruler_niah_multiquery_16k:0001,ruler_niah_multiquery_16k,24,20260929,gaussian_bf16_scalar_bracket_binary_v1,8,7,True,4.5864863608358064e-05,4.586486087459916e-05,16,cuda:0,bfloat16,6.820054068157333e-07,1.1120557807942077e-09,0.9983694326032012,True,32,24,float32,6.826582534813497e-07,0.0009572455864602384,True,6.820054068157333e-07,False,0.001,1eba0b20bbdfd94ce43012f1d459edc91c4ac0788d43aa7d75bf1b3f4d574e2e,"[2048, 6144]",2214094402024888652,6.820054068157333e-07
ruler_niah_multiquery_16k:0001,ruler_niah_multiquery_16k,24,20260930,gaussian_bf16_scalar_bracket_binary_v1,7,6,True,4.3477844684503e-05,4.3477844684503e-05,14,cuda:0,bfloat16,6.820054068157333e-07,1.20139254100593e-09,0.9982384413246587,True,32,24,float32,6.819807367719477e-07,3.61727979559202e-05,True,6.820054068157333e-07,False,0.001,97125b767483a74b4088d3949b281e0261ff379f473f7613e875a1dc3958f8b8,"[2048, 6144]",1662491776772187979,6.820054068157333e-07
ruler_niah_multiquery_16k:0063,ruler_niah_multiquery_16k,0,20260926,gaussian_bf16_scalar_bracket_binary_v1,9,7,True,1.4578050524960418e-05,1.4578050524960418e-05,17,cuda:0,bfloat16,1.3059843695373274e-07,1.287248363457394e-10,0.9990143462713008,True,32,24,float32,1.306760708530419e-07,0.0005944473848232349,True,1.3059843695373274e-07,False,0.001,d36e3cc29d5a7c7af839d3bf2905e5f2a4a5244fa76a879b91a331e1db8abaca,"[2048, 6144]",6011809359147465850,1.3059843695373274e-07
ruler_niah_multiquery_16k:0063,ruler_niah_multiquery_16k,0,20260927,gaussian_bf16_scalar_bracket_binary_v1,32,7,True,1.5075957065846524e-05,1.5075957065846524e-05,40,cuda:0,bfloat16,1.3059843695373274e-07,1.3962446476778467e-10,0.9989308871681424,True,32,24,float32,1.3024639144987304e-07,0.0026956333633948375,True,1.3059843695373274e-07,False,0.001,fd3b6fd087f4e590d18e804a559cb46fba359147821cacc4b6921dc49866436d,"[2048, 6144]",9023929219791775120,1.3059843695373274e-07
ruler_niah_multiquery_16k:0063,ruler_niah_multiquery_16k,0,20260928,gaussian_bf16_scalar_bracket_binary_v1,32,7,True,1.4529076111102768e-05,1.4529076111102768e-05,40,cuda:0,bfloat16,1.3059843695373274e-07,5.296977093061095e-11,0.9995944073132409,True,32,24,float32,1.3039688440130703e-07,0.0015432998826556727,True,1.3059843695373274e-07,False,0.001,07d4cbd06ea0aa342bab8e84fae086eb7ba2d5ac607df14fdf34142c9110ba13,"[2048, 6144]",564299949397813812,1.3059843695373274e-07
ruler_niah_multiquery_16k:0063,ruler_niah_multiquery_16k,0,20260929,gaussian_bf16_scalar_bracket_binary_v1,32,7,True,1.533664378960964e-05,1.5336642875474433e-05,40,cuda:0,bfloat16,1.3059843695373274e-07,6.708101435437541e-11,0.9994863566829812,True,32,24,float32,1.303040306765979e-07,0.0022542863758709423,True,1.3059843695373274e-07,False,0.001,04588bc078ae2ef34ef0de216acfeddc64d5e8f0ecf23c5069cd4c0dc943ab35,"[2048, 6144]",313153832876912371,1.3059843695373274e-07
ruler_niah_multiquery_16k:0063,ruler_niah_multiquery_16k,0,20260930,gaussian_bf16_scalar_bracket_binary_v1,10,7,True,1.442296488107786e-05,1.442296488107786e-05,18,cuda:0,bfloat16,1.3059843695373274e-07,9.761721292411707e-11,0.9992525391941812,True,32,24,float32,1.304804300161777e-07,0.0009035861401376794,True,1.3059843695373274e-07,False,0.001,eb12e2a78cbf2d2ebe4e6d3e14a379cb642de3f22e10bb46c02e7464e743a0b2,"[2048, 6144]",7715478320887835950,1.3059843695373274e-07
ruler_niah_multiquery_16k:0063,ruler_niah_multiquery_16k,6,20260926,gaussian_bf16_scalar_bracket_binary_v1,8,7,True,1.742886123068388e-05,1.742886123068388e-05,16,cuda:0,bfloat16,1.7921708206358744e-07,1.3015628852475203e-10,0.999273750654647,True,32,24,float32,1.791666477402032e-07,0.000281414711162173,True,1.7921708206358744e-07,False,0.001,fcfb42480cd0627f9818ea3c839532da6a98f2cb26ad4062360470615bc9687f,"[2048, 6144]",9005864757077500543,1.7921708206358744e-07
ruler_niah_multiquery_16k:0063,ruler_niah_multiquery_16k,6,20260927,gaussian_bf16_scalar_bracket_binary_v1,9,7,True,1.7630480448005414e-05,1.7630480448005414e-05,17,cuda:0,bfloat16,1.7921708206358744e-07,1.8635544496437007e-10,0.9989601691824318,True,32,24,float32,1.791043899856959e-07,0.000628802101864196,True,1.7921708206358744e-07,False,0.001,e500997ef2ab5c817887e3d676a325284b372210c305f7c1ab93f169f814bc7f,"[2048, 6144]",7277985768346967169,1.7921708206358744e-07
ruler_niah_multiquery_16k:0063,ruler_niah_multiquery_16k,6,20260928,gaussian_bf16_scalar_bracket_binary_v1,32,7,True,1.8089724220793357e-05,1.8089724220793357e-05,40,cuda:0,bfloat16,1.7921708206358744e-07,5.820766091346741e-11,0.9996752114238038,True,32,24,float32,1.7892045889311703e-07,0.001655105456773186,True,1.7921708206358744e-07,False,0.001,170c622b986d89a74301e37d781333b73b7cb1412ba3efd3dfc87be1bf85fc33,"[2048, 6144]",1660810301973301671,1.7921708206358744e-07
ruler_niah_multiquery_16k:0063,ruler_niah_multiquery_16k,6,20260929,gaussian_bf16_scalar_bracket_binary_v1,32,7,True,1.8190533829454125e-05,1.819053274521382e-05,40,cuda:0,bfloat16,1.7921708206358744e-07,1.671887767118463e-10,0.9990671158419345,True,32,24,float32,1.790020291991823e-07,0.0011999574032170086,True,1.7921708206358744e-07,False,0.001,ea4ea1dfc66d917c345a2afc0b7692c360814912a04f24877e3343871517d244,"[2048, 6144]",7660237998682640764,1.7921708206358744e-07
ruler_niah_multiquery_16k:0063,ruler_niah_multiquery_16k,6,20260930,gaussian_bf16_scalar_bracket_binary_v1,7,7,True,1.8011316747390538e-05,1.8011316747390538e-05,15,cuda:0,bfloat16,1.7921708206358744e-07,1.3337050908113213e-10,0.9992558158656226,True,32,24,float32,1.7916904937465006e-07,0.0002680140106306409,True,1.7921708206358744e-07,False,0.001,4255b2bfc640da7143811b62f636a094702ce47bfeba68ef183e28ba370500d8,"[2048, 6144]",4779923116258286193,1.7921708206358744e-07
ruler_niah_multiquery_16k:0063,ruler_niah_multiquery_16k,12,20260926,gaussian_bf16_scalar_bracket_binary_v1,6,7,True,1.6542853416012804e-05,1.6542853416012804e-05,14,cuda:0,bfloat16,1.6061022733993013e-07,1.7885393166494623e-10,0.9988864100709701,True,32,24,float32,1.6068668173829792e-07,0.0004760244701352157,True,1.6061022733993013e-07,False,0.001,f52fc0dc3faa8e922932dfdbe13b6ce7e05018501df9af219b0250b9a0c83f45,"[2048, 6144]",8444179878536449682,1.6061022733993013e-07
ruler_niah_multiquery_16k:0063,ruler_niah_multiquery_16k,12,20260927,gaussian_bf16_scalar_bracket_binary_v1,32,7,True,1.7165218046955033e-05,1.7165218046955033e-05,40,cuda:0,bfloat16,1.6061022733993013e-07,2.0401894063049042e-10,0.9987297263442714,True,32,24,float32,1.6110391243273625e-07,0.0030738085673786978,True,1.6061022733993013e-07,False,0.001,1da59eeb8a28394c0fdbf37bdd64249dbd7904c3219d886005d33a8379d6d517,"[2048, 6144]",2136288332729563468,1.6061022733993013e-07
ruler_niah_multiquery_16k:0063,ruler_niah_multiquery_16k,12,20260928,gaussian_bf16_scalar_bracket_binary_v1,32,7,True,1.673357806097897e-05,1.6733577063579996e-05,40,cuda:0,bfloat16,1.6061022733993013e-07,1.671887767118463e-10,0.9989590402835431,True,32,24,float32,1.6197195407130494e-07,0.008478455911109066,True,1.6061022733993013e-07,False,0.001,491a27f4b572ff06d89cc805e8e839a3de9a724d6fda9cd00611b40051c3db5c,"[2048, 6144]",5267566646132932358,1.6061022733993013e-07
ruler_niah_multiquery_16k:0063,ruler_niah_multiquery_16k,12,20260929,gaussian_bf16_scalar_bracket_binary_v1,13,7,True,1.577368099914267e-05,1.577368099914267e-05,21,cuda:0,bfloat16,1.6061022733993013e-07,1.7837228916128822e-10,0.9988894088993239,True,32,24,float32,1.6066167063399917e-07,0.0003202989929162604,True,1.6061022733993013e-07,False,0.001,2f6c8cb5df802ec2b2e224d4fd0343fef59e51903cd84a35fab002a224f06f81,"[2048, 6144]",3417260930034052802,1.6061022733993013e-07
ruler_niah_multiquery_16k:0063,ruler_niah_multiquery_16k,12,20260930,gaussian_bf16_scalar_bracket_binary_v1,32,7,True,1.6132544475855326e-05,1.6132544475855326e-05,40,cuda:0,bfloat16,1.6061022733993013e-07,1.703646529405134e-10,0.9989392664728632,True,32,24,float32,1.6131954794218473e-07,0.004416409926083486,True,1.6061022733993013e-07,False,0.001,54bb56181d95e9f39caa1d257839499b5593dfc2a01dfab31a0ba9c2d6ed7d02,"[2048, 6144]",6105568381406407155,1.6061022733993013e-07
ruler_niah_multiquery_16k:0063,ruler_niah_multiquery_16k,18,20260926,gaussian_bf16_scalar_bracket_binary_v1,32,7,True,1.6177720098431436e-05,1.6177719134164176e-05,40,cuda:0,bfloat16,1.6020022997054184e-07,1.9523442584823414e-10,0.9987813099526502,True,32,24,float32,1.6039767558595486e-07,0.0012324927089637987,True,1.6020022997054184e-07,False,0.001,ff380562c155eccf2acdd987ecad128e20e1cbd119557e11ae3bd9830b47680f,"[2048, 6144]",9167082963221212367,1.6020022997054184e-07
ruler_niah_multiquery_16k:0063,ruler_niah_multiquery_16k,18,20260927,gaussian_bf16_scalar_bracket_binary_v1,10,7,True,1.5989985453934707e-05,1.5989984500857304e-05,18,cuda:0,bfloat16,1.6020022997054184e-07,7.128953677382199e-11,0.9995549972881629,True,32,24,float32,1.6007028591502603e-07,0.000811135262038648,True,1.6020022997054184e-07,False,0.001,e818fe36f9839d086def1009912104e58bac33b7ae1224d7285eeff1a9b1bd6e,"[2048, 6144]",7501024691453402376,1.6020022997054184e-07
ruler_niah_multiquery_16k:0063,ruler_niah_multiquery_16k,18,20260928,gaussian_bf16_scalar_bracket_binary_v1,6,7,True,1.6821024146906893e-05,1.6821024146906893e-05,14,cuda:0,bfloat16,1.6020022997054184e-07,2.435001089651223e-10,0.9984800264705619,True,32,24,float32,1.600827772563207e-07,0.0007331619576497622,True,1.6020022997054184e-07,False,0.001,f0169e5da2a903b2721beefa98f9879ae7f989d030af940347a8df819b846952,"[2048, 6144]",8076817106733695922,1.6020022997054184e-07
ruler_niah_multiquery_16k:0063,ruler_niah_multiquery_16k,18,20260929,gaussian_bf16_scalar_bracket_binary_v1,7,7,True,1.738172495180379e-05,1.738172495180379e-05,15,cuda:0,bfloat16,1.6020022997054184e-07,2.057951586920126e-10,0.9987153878697311,True,32,24,float32,1.6006902114895638e-07,0.0008190301699915613,True,1.6020022997054184e-07,False,0.001,e1b0a889b201fa4272aaebc6db9cdbbb14db9f13fdd99de8e4a2c4d970d45131,"[2048, 6144]",7039311526930545218,1.6020022997054184e-07
ruler_niah_multiquery_16k:0063,ruler_niah_multiquery_16k,18,20260930,gaussian_bf16_scalar_bracket_binary_v1,32,7,True,1.7261574779325883e-05,1.726157375045585e-05,40,cuda:0,bfloat16,1.6020022997054184e-07,1.3650906793838402e-10,0.9991478846942761,True,32,24,float32,1.6054566742695897e-07,0.0021562856462855923,True,1.6020022997054184e-07,False,0.001,7ecae8f2768dc0fa1722e3589d1299da516d2efa4287b6765556cf06d9ca23bd,"[2048, 6144]",9136370922143203578,1.6020022997054184e-07
ruler_niah_multiquery_16k:0063,ruler_niah_multiquery_16k,24,20260926,gaussian_bf16_scalar_bracket_binary_v1,9,7,True,3.267074522739222e-05,3.2670743280064054e-05,17,cuda:0,bfloat16,4.2776753161888337e-07,3.343775534236926e-10,0.9992183194639429,True,32,24,float32,4.280852294868964e-07,0.0007426881297202023,True,4.2776753161888337e-07,False,0.001,5d1d2d0ab6b15f0ebe50f06ce8105d8f0a70f3b993f63e62e3e02d0239421426,"[2048, 6144]",6709568543889907470,4.2776753161888337e-07
ruler_niah_multiquery_16k:0063,ruler_niah_multiquery_16k,24,20260927,gaussian_bf16_scalar_bracket_binary_v1,11,7,True,3.190878431169608e-05,3.190878431169608e-05,19,cuda:0,bfloat16,4.2776753161888337e-07,3.772287482384229e-10,0.9991181454403264,True,32,24,float32,4.2737039507301233e-07,0.0009283933831258174,True,4.2776753161888337e-07,False,0.001,c0ee91f619ea16e5b92206a042512261c52b185f611987a9a3b080e98d6fba3a,"[2048, 6144]",4678837549067278053,4.2776753161888337e-07
ruler_niah_multiquery_16k:0063,ruler_niah_multiquery_16k,24,20260928,gaussian_bf16_scalar_bracket_binary_v1,9,7,True,3.2456861461582776e-05,3.2456861461582776e-05,17,cuda:0,bfloat16,4.2776753161888337e-07,3.29272248356105e-10,0.9992302542291839,True,32,24,float32,4.27342769171446e-07,0.0009929749596232264,True,4.2776753161888337e-07,False,0.001,cc5ff69d341ecc0d38e66a0c3d37a49293d9b9e884e3a011936f9a9226a5274a,"[2048, 6144]",5503388424714767373,4.2776753161888337e-07
ruler_niah_multiquery_16k:0063,ruler_niah_multiquery_16k,24,20260929,gaussian_bf16_scalar_bracket_binary_v1,10,7,True,3.339260293699908e-05,3.339260691770755e-05,18,cuda:0,bfloat16,4.2776753161888337e-07,3.8610595276544757e-10,0.9990973930365771,True,32,24,float32,4.274886293842428e-07,0.000651994866429088,True,4.2776753161888337e-07,False,0.001,6a7325e0cdb65ddd5285c0dd2000948ff2a6504fbedea80d59284d2f6ce68cbb,"[2048, 6144]",7670516237796269533,4.2776753161888337e-07
ruler_niah_multiquery_16k:0063,ruler_niah_multiquery_16k,24,20260930,gaussian_bf16_scalar_bracket_binary_v1,11,7,True,3.260390655057677e-05,3.260390655057677e-05,19,cuda:0,bfloat16,4.2776753161888337e-07,7.722119055308951e-10,0.9981947860731541,True,32,24,float32,4.280036876025406e-07,0.0005520661719310396,True,4.2776753161888337e-07,False,0.001,dc279f0625fc67fa1a6e0db7940312fa0b0971f4c637b3fc7097f36148d3e3e3,"[2048, 6144]",6640451024337004538,4.2776753161888337e-07
ruler_niah_multiquery_16k:0068,ruler_niah_multiquery_16k,24,20260926,gaussian_bf16_scalar_bracket_binary_v1,32,7,True,3.291136446392784e-05,3.291136446392784e-05,40,cuda:0,bfloat16,4.2776753161888337e-07,3.772287482384229e-10,0.9991181454403264,True,32,24,float32,4.2981287151633296e-07,0.004781428571048903,True,4.2776753161888337e-07,False,0.001,5bca07da3b6c2213b2cf810be55df76e956cabdfb5aaa8de5962e33e74eff8bd,"[2048, 6144]",6614107636628202003,4.2776753161888337e-07
ruler_niah_multiquery_16k:0068,ruler_niah_multiquery_16k,24,20260927,gaussian_bf16_scalar_bracket_binary_v1,8,7,True,3.390057688079651e-05,3.390057486016466e-05,16,cuda:0,bfloat16,4.2776753161888337e-07,4.835091216293108e-10,0.9988696918632429,True,32,24,float32,4.2784725451383565e-07,0.0001863696729169053,True,4.2776753161888337e-07,False,0.001,722d631790114b603d207ebd95ad883b70278b7a3929c454a9de3e28c7be773a,"[2048, 6144]",8227341047128214368,4.2776753161888337e-07
ruler_niah_multiquery_16k:0068,ruler_niah_multiquery_16k,24,20260928,gaussian_bf16_scalar_bracket_binary_v1,7,7,True,3.186868110560681e-05,3.186868110560681e-05,15,cuda:0,bfloat16,4.2776753161888337e-07,6.187559353776351e-10,0.998553522907557,True,32,24,float32,4.281265262306988e-07,0.0008392282847106705,True,4.2776753161888337e-07,False,0.001,8f192476b193b0e0ccffe998fdc2f4fedd583dd795d5917db7a29a7e7b4538ac,"[2048, 6144]",1087940877190672608,4.2776753161888337e-07
ruler_niah_multiquery_16k:0068,ruler_niah_multiquery_16k,24,20260929,gaussian_bf16_scalar_bracket_binary_v1,7,7,True,3.315198370046346e-05,3.315198172445125e-05,15,cuda:0,bfloat16,4.2776753161888337e-07,6.296121402016297e-10,0.9985281441585366,True,32,24,float32,4.273637159712962e-07,0.0009440072416411374,True,4.2776753161888337e-07,False,0.001,8a0a45d2f2688c9cc7ea8dc2096f7132e0d7bf9b3c8e1ecb6351ff7af7255b96,"[2048, 6144]",723467462458772636,4.2776753161888337e-07
ruler_niah_multiquery_16k:0068,ruler_niah_multiquery_16k,24,20260930,gaussian_bf16_scalar_bracket_binary_v1,9,7,True,3.3740164056439426e-05,3.3740164056439426e-05,17,cuda:0,bfloat16,4.2776753161888337e-07,6.42924602445305e-10,0.998497023371521,True,32,24,float32,4.275821083865594e-07,0.00043346728916573627,True,4.2776753161888337e-07,False,0.001,bb9a90cbe741b325c20ac4c6f3f0dc28baf7a439d60b5a4f917d33c6de606da0,"[2048, 6144]",4294904400083792677,4.2776753161888337e-07
ruler_niah_multiquery_16k:0082,ruler_niah_multiquery_16k,24,20260926,gaussian_bf16_scalar_bracket_binary_v1,10,7,True,3.2590538815213677e-05,3.2590538815213677e-05,18,cuda:0,bfloat16,4.2776753161888337e-07,7.722119055308951e-10,0.9981947860731541,True,32,24,float32,4.2794391674760845e-07,0.0004123387487067074,True,4.2776753161888337e-07,False,0.001,6c78307ee9834b2a23b2dc0dedd2b23b94e46d26c741a66cbff9e9dea744b46a,"[2048, 6144]",7816050474943204138,4.2776753161888337e-07
ruler_niah_multiquery_16k:0082,ruler_niah_multiquery_16k,24,20260927,gaussian_bf16_scalar_bracket_binary_v1,10,7,True,3.2430125990856595e-05,3.2430124057870455e-05,18,cuda:0,bfloat16,4.2776753161888337e-07,7.176322314172978e-10,0.9983223779778203,True,32,24,float32,4.281286010154872e-07,0.0008440785471430891,True,4.2776753161888337e-07,False,0.001,9a50239282a7040b7b1d808b919b2198b2793fa2a3844b8afda0aa84aa8d7a90,"[2048, 6144]",1896054555287159819,4.2776753161888337e-07
ruler_niah_multiquery_16k:0082,ruler_niah_multiquery_16k,24,20260928,gaussian_bf16_scalar_bracket_binary_v1,9,7,True,3.1173558866726125e-05,3.1173558866726125e-05,17,cuda:0,bfloat16,4.2776753161888337e-07,6.104871053125294e-10,0.9985728531031747,True,32,24,float32,4.2804279587471683e-07,0.0006434902966845732,True,4.2776753161888337e-07,False,0.001,ec4293599f34e5f4ee3ad602dcbfae903ad3c16fde48fffcad56984c398a63b8,"[2048, 6144]",7800959517691536884,4.2776753161888337e-07
ruler_niah_multiquery_16k:0082,ruler_niah_multiquery_16k,24,20260929,gaussian_bf16_scalar_bracket_binary_v1,12,7,True,3.230313250490724e-05,3.230313250490724e-05,20,cuda:0,bfloat16,4.2776753161888337e-07,4.508746154208154e-10,0.9989459821466241,True,32,24,float32,4.275978255918744e-07,0.0003967248901913874,True,4.2776753161888337e-07,False,0.001,3c27d0c02765fcc4d685a8176334cf4cd1a1f07a51f165549a8243ea36f21b13,"[2048, 6144]",4334662690080685252,4.2776753161888337e-07
ruler_niah_multiquery_16k:0082,ruler_niah_multiquery_16k,24,20260930,gaussian_bf16_scalar_bracket_binary_v1,10,7,True,3.29648354053802e-05,3.29648354053802e-05,18,cuda:0,bfloat16,4.2776753161888337e-07,2.1779313075231954e-10,0.9994908610059111,True,32,24,float32,4.273662455034355e-07,0.0009380939079906545,True,4.2776753161888337e-07,False,0.001,0e9ab3b8af8d39818d852bc326f3277a9851be83e04857c5242d0fdff5e0662e,"[2048, 6144]",1052351068745054593,4.2776753161888337e-07
ruler_niah_multiquery_16k:0100,ruler_niah_multiquery_16k,6,20260926,gaussian_bf16_scalar_bracket_binary_v1,32,7,True,1.773918583225509e-05,1.773918583225509e-05,40,cuda:0,bfloat16,1.8055150974305434e-07,1.4257907354764399e-10,0.9992103135900079,True,32,24,float32,1.8033782112070185e-07,0.001183532736206948,True,1.8055150974305434e-07,False,0.001,80787e5a815d136d698ab631b1f723d9fd444b7f266bd1d14a417ff2ab983f1f,"[2048, 6144]",33915924387795821,1.8055150974305434e-07
ruler_niah_multiquery_16k:0100,ruler_niah_multiquery_16k,6,20260927,gaussian_bf16_scalar_bracket_binary_v1,32,7,True,1.864194338097036e-05,1.864194338097036e-05,40,cuda:0,bfloat16,1.8055150974305434e-07,1.7462298274040222e-10,0.9990328356545514,True,32,24,float32,1.797199615793943e-07,0.004605600722161971,True,1.8055150974305434e-07,False,0.001,e13657401e211cf4adc938158a21c9bcd40e8a7e2a01ca1b105b7cd79f242d91,"[2048, 6144]",7004882203316395252,1.8055150974305434e-07
ruler_niah_multiquery_16k:0100,ruler_niah_multiquery_16k,6,20260928,gaussian_bf16_scalar_bracket_binary_v1,32,7,True,1.8670154554367713e-05,1.8670153441539784e-05,40,cuda:0,bfloat16,1.8055150974305434e-07,1.7462298274040222e-10,0.9990328356545514,True,32,24,float32,1.801402476075964e-07,0.0022778105596747405,True,1.8055150974305434e-07,False,0.001,c4dab892f38757465d598fb49119590a479dc0e8a002b64abb3fb713b0bd0de6,"[2048, 6144]",4961480880792491846,1.8055150974305434e-07
ruler_niah_multiquery_16k:0100,ruler_niah_multiquery_16k,6,20260929,gaussian_bf16_scalar_bracket_binary_v1,8,7,True,1.7919737341998143e-05,1.7919737341998143e-05,16,cuda:0,bfloat16,1.8055150974305434e-07,1.3015628852475203e-10,0.9992791182488034,True,32,24,float32,1.8055963835195143e-07,4.502099654920358e-05,True,1.8055150974305434e-07,False,0.001,bf380bdeb13225f18dc7ccc4b7ca74d7873b08c40d4ab926fbd3929b8f2748ca,"[2048, 6144]",4555404074168755697,1.8055150974305434e-07
ruler_niah_multiquery_16k:0100,ruler_niah_multiquery_16k,6,20260930,gaussian_bf16_scalar_bracket_binary_v1,32,7,True,1.8230060249369018e-05,1.8230060249369018e-05,40,cuda:0,bfloat16,1.8055150974305434e-07,1.3015628852475203e-10,0.9992791182488034,True,32,24,float32,1.8026020143224741e-07,0.001613436028430287,True,1.8055150974305434e-07,False,0.001,26ac7294f8d765ff09921a454c008024ea8d37e7d45634fe12f2079891c860bf,"[2048, 6144]",2786728253591086591,1.8055150974305434e-07
ruler_niah_multiquery_16k:0129,ruler_niah_multiquery_16k,6,20260926,gaussian_bf16_scalar_bracket_binary_v1,32,7,True,1.712310105528303e-05,1.712310105528303e-05,40,cuda:0,bfloat16,1.7091055326545757e-07,1.3015628852475203e-10,0.9992384537640423,True,32,24,float32,1.710932338028215e-07,0.0010688663389918532,True,1.7091055326545757e-07,False,0.001,6f5e8a519ce1e7bbb28bcfee9e609d9577456aa430a39e065e4a6dca89cc46c1,"[2048, 6144]",8025003669149837243,1.7091055326545757e-07
ruler_niah_multiquery_16k:0129,ruler_niah_multiquery_16k,6,20260927,gaussian_bf16_scalar_bracket_binary_v1,9,7,True,1.800969955034759e-05,1.800969955034759e-05,17,cuda:0,bfloat16,1.7091055326545757e-07,5.820766091346741e-11,0.9996594261746783,True,32,24,float32,1.709325516685567e-07,0.00012871295937451487,True,1.7091055326545757e-07,False,0.001,b4b353c4924587047345a86b38c42f6f71bd2c2e4dde19e7aaabdddf2b212c15,"[2048, 6144]",3797471014536185604,1.7091055326545757e-07
ruler_niah_multiquery_16k:0129,ruler_niah_multiquery_16k,6,20260928,gaussian_bf16_scalar_bracket_binary_v1,10,7,True,1.7165828693599394e-05,1.7165828693599394e-05,18,cuda:0,bfloat16,1.7091055326545757e-07,2.3283064365386963e-10,0.9986377046987132,True,32,24,float32,1.7085081083223486e-07,0.0003495537992315637,True,1.7091055326545757e-07,False,0.001,80b94a78b9ed6848876a52bce0c0339269f79ff2890d516002107dc5941e390c,"[2048, 6144]",52154753067345992,1.7091055326545757e-07
ruler_niah_multiquery_16k:0129,ruler_niah_multiquery_16k,6,20260929,gaussian_bf16_scalar_bracket_binary_v1,32,7,True,1.697689241791922e-05,1.697689241791922e-05,40,cuda:0,bfloat16,1.7091055326545757e-07,1.4257907354764399e-10,0.9991657678778548,True,32,24,float32,1.7131117147073383e-07,0.0023440226341905354,True,1.7091055326545757e-07,False,0.001,9bb6176265d6839eef5a8bf7dd053b945864887bca22ccedcdb0cb720ffb2d69,"[2048, 6144]",1996809196168184734,1.7091055326545757e-07
ruler_niah_multiquery_16k:0129,ruler_niah_multiquery_16k,6,20260930,gaussian_bf16_scalar_bracket_binary_v1,32,7,True,1.7611130799177754e-05,1.761112974947256e-05,40,cuda:0,bfloat16,1.7091055326545757e-07,1.7462298274040222e-10,0.9989782785240349,True,32,24,float32,1.7176971311982925e-07,0.005026956135571331,True,1.7091055326545757e-07,False,0.001,83e722bb3990392152bee6738eb3f8a5ac26acf9d84e62c1c474d0ac40e886af,"[2048, 6144]",281231689253927201,1.7091055326545757e-07
ruler_niah_multiquery_16k:0131,ruler_niah_multiquery_16k,6,20260926,gaussian_bf16_scalar_bracket_binary_v1,7,7,True,1.8369750911517713e-05,1.8369749816595234e-05,15,cuda:0,bfloat16,1.7921708206358744e-07,1.3015628852475203e-10,0.999273750654647,True,32,24,float32,1.7936299911980313e-07,0.0008141916748980536,True,1.7921708206358744e-07,False,0.001,9533a973a4bb616f4480dab0892934a62439b399f9da7b869f099459195089fb,"[2048, 6144]",1527751012758806895,1.7921708206358744e-07
ruler_niah_multiquery_16k:0131,ruler_niah_multiquery_16k,6,20260927,gaussian_bf16_scalar_bracket_binary_v1,8,7,True,1.796651247687464e-05,1.7966510335099453e-05,16,cuda:0,bfloat16,1.7921708206358744e-07,1.3015628852475203e-10,0.999273750654647,True,32,24,float32,1.7928691420365794e-07,0.0003896511385322395,True,1.7921708206358744e-07,False,0.001,c5102cb01adf8facbd134cf0214873598f10dddbb0ec15126a56123f446dea6e,"[2048, 6144]",4976526723121123244,1.7921708206358744e-07
ruler_niah_multiquery_16k:0131,ruler_niah_multiquery_16k,6,20260928,gaussian_bf16_scalar_bracket_binary_v1,1,7,True,1.7204839878104394e-05,1.7204841929081133e-05,9,cuda:0,bfloat16,1.7921708206358744e-07,1.646361241780525e-10,0.9990813591970009,True,32,24,float32,1.7907952098994429e-07,0.0007675667523386403,True,1.7921708206358744e-07,False,0.001,801bde930040af42dc70a8b00c427792fc2e1312ce395e7b45c60fe9fc664c08,"[2048, 6144]",7844547316985666,1.7921708206358744e-07
ruler_niah_multiquery_16k:0131,ruler_niah_multiquery_16k,6,20260929,gaussian_bf16_scalar_bracket_binary_v1,32,7,True,1.8952206428224372e-05,1.8952206428224372e-05,40,cuda:0,bfloat16,1.7921708206358744e-07,0.0,1.0,True,32,24,float32,1.7946275931990385e-07,0.0013708361585155386,True,1.7921708206358744e-07,False,0.001,b96fecfa79df3ddd169d28ea8587b9e6813d7825f65726a8d31a93a6fda575c7,"[2048, 6144]",4138787143107427805,1.7921708206358744e-07
ruler_niah_multiquery_16k:0131,ruler_niah_multiquery_16k,6,20260930,gaussian_bf16_scalar_bracket_binary_v1,6,7,True,1.8459359452549506e-05,1.8459359452549506e-05,14,cuda:0,bfloat16,1.7921708206358744e-07,5.820766091346741e-11,0.9996752114238038,True,32,24,float32,1.7918443973030662e-07,0.00018213851550845627,True,1.7921708206358744e-07,False,0.001,9bf75cf7864f0cc88937272267ac23f431d0785020793eb97935f6a56e8d647c,"[2048, 6144]",2015181576451591368,1.7921708206358744e-07
ruler_niah_multiquery_16k:0147,ruler_niah_multiquery_16k,12,20260926,gaussian_bf16_scalar_bracket_binary_v1,10,7,True,1.627182365737667e-05,1.6271821717624134e-05,18,cuda:0,bfloat16,1.6061022733993013e-07,1.426254669922855e-10,0.9991119776781685,True,32,24,float32,1.607066764108822e-07,0.0006005163715255965,True,1.6061022733993013e-07,False,0.001,ec4e9c61d56713d2ff804c240815140bb49e6206590417ed208f3288f2c19440,"[2048, 6144]",7804347148285711314,1.6061022733993013e-07
ruler_niah_multiquery_16k:0147,ruler_niah_multiquery_16k,12,20260927,gaussian_bf16_scalar_bracket_binary_v1,8,7,True,1.650270085917782e-05,1.650270085917782e-05,16,cuda:0,bfloat16,1.6061022733993013e-07,1.2005330063402653e-10,0.999252517709349,True,32,24,float32,1.6064464603005035e-07,0.00021429949194563057,True,1.6061022733993013e-07,False,0.001,a8cc9995df2643fe1ad401b4fc3bcc06414f2295844e8432f649df4072f9c678,"[2048, 6144]",2939893525739095038,1.6061022733993013e-07
ruler_niah_multiquery_16k:0147,ruler_niah_multiquery_16k,12,20260928,gaussian_bf16_scalar_bracket_binary_v1,32,7,True,1.6939359914758256e-05,1.6939358905093726e-05,40,cuda:0,bfloat16,1.6061022733993013e-07,1.059395418612219e-10,0.9993403935501753,True,32,24,float32,1.5952281273712288e-07,0.006770519043633217,True,1.6061022733993013e-07,False,0.001,99a27f8d69558dffb2776e1eafa04313a37842cf400beecdc7ded093302c4e9e,"[2048, 6144]",1847179042509655551,1.6061022733993013e-07
ruler_niah_multiquery_16k:0147,ruler_niah_multiquery_16k,12,20260929,gaussian_bf16_scalar_bracket_binary_v1,32,7,True,1.603592738597115e-05,1.6035926430155394e-05,40,cuda:0,bfloat16,1.6061022733993013e-07,7.165987248036743e-11,0.9995538274637473,True,32,24,float32,1.6031343363920314e-07,0.001847912836203342,True,1.6061022733993013e-07,False,0.001,5599228a41d28f8728ef2f8e9b760d9370469cc85e5e7b70c63e1cc7b665f0c7,"[2048, 6144]",6167999141865754503,1.6061022733993013e-07
ruler_niah_multiquery_16k:0147,ruler_niah_multiquery_16k,12,20260930,gaussian_bf16_scalar_bracket_binary_v1,32,7,True,1.648262458076033e-05,1.648262458076033e-05,40,cuda:0,bfloat16,1.6061022733993013e-07,6.548361852765083e-11,0.9995922823869177,True,32,24,float32,1.6090626786535722e-07,0.0018432233758098168,True,1.6061022733993013e-07,False,0.001,768725dd6e475873dda265e8863de3004a5e6742b85f7584778c62861b859dc4,"[2048, 6144]",8540836851299604595,1.6061022733993013e-07
ruler_niah_multiquery_16k:0201,ruler_niah_multiquery_16k,0,20260926,gaussian_bf16_scalar_bracket_binary_v1,32,7,True,1.5067794663536915e-05,1.5067794663536915e-05,40,cuda:0,bfloat16,1.3059843695373274e-07,1.3182339941852916e-10,0.9989906203895439,True,32,24,float32,1.3045803370914655e-07,0.0010750759952505144,True,1.3059843695373274e-07,False,0.001,b53a1e9e2dc8db67f350763912b30e4dce1e87517c96c687d61c0f58fbfd878b,"[2048, 6144]",3835411697381202791,1.3059843695373274e-07
ruler_niah_multiquery_16k:0201,ruler_niah_multiquery_16k,0,20260927,gaussian_bf16_scalar_bracket_binary_v1,32,7,True,1.4410721277613447e-05,1.4410721277613447e-05,40,cuda:0,bfloat16,1.3059843695373274e-07,5.1577252885293134e-11,0.9996050699067435,True,32,24,float32,1.3031578305344738e-07,0.002164297727280641,True,1.3059843695373274e-07,False,0.001,bc7da0d833e37ad0240e088f4f48f2db1d34cb1ae7bdb3fcbd0f69a0a2772578,"[2048, 6144]",4358816864808434384,1.3059843695373274e-07
ruler_niah_multiquery_16k:0201,ruler_niah_multiquery_16k,0,20260928,gaussian_bf16_scalar_bracket_binary_v1,11,7,True,1.4696405358449738e-05,1.4696405358449738e-05,19,cuda:0,bfloat16,1.3059843695373274e-07,3.727819095078466e-11,0.9997145586745116,True,32,24,float32,1.306713102167123e-07,0.0005579949092757731,True,1.3059843695373274e-07,False,0.001,3cd066690d0dda545dc0fca10dccf3753c21380059ae2139eacd7c2d95ceee11,"[2048, 6144]",4382115038808103508,1.3059843695373274e-07
ruler_niah_multiquery_16k:0201,ruler_niah_multiquery_16k,0,20260929,gaussian_bf16_scalar_bracket_binary_v1,8,7,True,1.5051469858917699e-05,1.5051468961780184e-05,16,cuda:0,bfloat16,1.3059843695373274e-07,6.343033043254565e-11,0.9995143101869204,True,32,24,float32,1.3057133685379085e-07,0.0002075070772209242,True,1.3059843695373274e-07,False,0.001,fc690dec341dad8458356ad3cceabd28e1269b4587f96e32f3d9f2cad6dc046f,"[2048, 6144]",8964711841395486084,1.3059843695373274e-07
ruler_niah_multiquery_16k:0201,ruler_niah_multiquery_16k,0,20260930,gaussian_bf16_scalar_bracket_binary_v1,32,7,True,1.48555722034871e-05,1.48555722034871e-05,40,cuda:0,bfloat16,1.3059843695373274e-07,6.668525454056606e-11,0.9994893870394161,True,32,24,float32,1.307290773411296e-07,0.0010003212170382571,True,1.3059843695373274e-07,False,0.001,bbc3d4625fdb5441a9b0d116271282a90dd8742f95445f10849dbe58044ed94e,"[2048, 6144]",4306519187676419137,1.3059843695373274e-07
ruler_niah_multiquery_16k:0201,ruler_niah_multiquery_16k,6,20260926,gaussian_bf16_scalar_bracket_binary_v1,32,7,True,1.796651247687464e-05,1.796651247687464e-05,40,cuda:0,bfloat16,1.7921708206358744e-07,1.3015628852475203e-10,0.999273750654647,True,32,24,float32,1.7994433676449262e-07,0.004057954144388662,True,1.7921708206358744e-07,False,0.001,6b4345193ab70f98d1f937e73fb8dac4b839a4f44f7709f40a19e615976d6bc6,"[2048, 6144]",7729097360159477656,1.7921708206358744e-07
ruler_niah_multiquery_16k:0201,ruler_niah_multiquery_16k,6,20260927,gaussian_bf16_scalar_bracket_binary_v1,7,7,True,1.8728185075644888e-05,1.872818284307125e-05,15,cuda:0,bfloat16,1.7921708206358744e-07,1.3015628852475203e-10,0.999273750654647,True,32,24,float32,1.792579809034578e-07,0.00022820837946597178,True,1.7921708206358744e-07,False,0.001,408e1a169f89a695299e560076487971977e20d40f8853df0cc437c7e33e731c,"[2048, 6144]",4651684149588502165,1.7921708206358744e-07
ruler_niah_multiquery_16k:0201,ruler_niah_multiquery_16k,6,20260928,gaussian_bf16_scalar_bracket_binary_v1,8,7,True,1.841455518203361e-05,1.841455518203361e-05,16,cuda:0,bfloat16,1.7921708206358744e-07,2.9103830456733704e-11,0.9998376057119019,True,32,24,float32,1.7939431984359544e-07,0.000988955840409868,True,1.7921708206358744e-07,False,0.001,16a799adefb7e1cc498aa616dc45e5b8aaa1dc83bbf38dca61e5a0a159a34a15,"[2048, 6144]",1632442362275291596,1.7921708206358744e-07
ruler_niah_multiquery_16k:0201,ruler_niah_multiquery_16k,6,20260929,gaussian_bf16_scalar_bracket_binary_v1,3,7,True,1.8638576534613094e-05,1.863857542366736e-05,11,cuda:0,bfloat16,1.7921708206358744e-07,1.671887767118463e-10,0.9990671158419345,True,32,24,float32,1.7933889751020615e-07,0.0006797089050668208,True,1.7921708206358744e-07,False,0.001,d099ec84df3a06820e06e33073a4887bcf637f3b07da355856350adf92273c69,"[2048, 6144]",5807933249895925378,1.7921708206358744e-07
ruler_niah_multiquery_16k:0201,ruler_niah_multiquery_16k,6,20260930,gaussian_bf16_scalar_bracket_binary_v1,32,7,True,1.796651247687464e-05,1.7966511405987047e-05,40,cuda:0,bfloat16,1.7921708206358744e-07,1.1999816418306608e-10,0.9993304312133567,True,32,24,float32,1.7898879889344244e-07,0.001273780197269413,True,1.7921708206358744e-07,False,0.001,0bc46577b730d554703eb83278791b9539dbcac03ba81b3245541fe40b3ec46e,"[2048, 6144]",847914194701440340,1.7921708206358744e-07
ruler_niah_multiquery_16k:0201,ruler_niah_multiquery_16k,12,20260926,gaussian_bf16_scalar_bracket_binary_v1,7,7,True,1.694437898436263e-05,1.694437898436263e-05,15,cuda:0,bfloat16,1.6061022733993013e-07,1.3342010829475726e-10,0.9991692925755445,True,32,24,float32,1.6057938978519815e-07,0.00019200243498018925,True,1.6061022733993013e-07,False,0.001,221fa6f52aeda8bd1e8b0ff5999f4ae45f56932873f02316bbb640cf42589bd9,"[2048, 6144]",2458867493484996797,1.6061022733993013e-07
ruler_niah_multiquery_16k:0201,ruler_niah_multiquery_16k,12,20260927,gaussian_bf16_scalar_bracket_binary_v1,11,7,True,1.6457529232738466e-05,1.6457529232738466e-05,19,cuda:0,bfloat16,1.6061022733993013e-07,1.5689771704074928e-10,0.9990231150304727,True,32,24,float32,1.6076093345418485e-07,0.0009383344806289894,True,1.6061022733993013e-07,False,0.001,2ed543c773b2241f5eebec4d021fb46957beb7108f1c45ad5c802d978b386ca2,"[2048, 6144]",3374678019702662175,1.6061022733993013e-07
ruler_niah_multiquery_16k:0201,ruler_niah_multiquery_16k,12,20260928,gaussian_bf16_scalar_bracket_binary_v1,14,7,True,1.7370372517033772e-05,1.7370372517033772e-05,22,cuda:0,bfloat16,1.6061022733993013e-07,1.7233424409734965e-10,0.9989270032989082,True,32,24,float32,1.6074729103365826e-07,0.0008533933112368319,True,1.6061022733993013e-07,False,0.001,ea3b263afe4a4a0d02b1f07d8b76ff5974dab9e4fae6c99459d538fda64460ac,"[2048, 6144]",7654754026462530061,1.6061022733993013e-07
ruler_niah_multiquery_16k:0201,ruler_niah_multiquery_16k,12,20260929,gaussian_bf16_scalar_bracket_binary_v1,7,7,True,1.5820107392983118e-05,1.5820107392983118e-05,15,cuda:0,bfloat16,1.6061022733993013e-07,1.4276459181505885e-10,0.9991111114517452,True,32,24,float32,1.6057217067100282e-07,0.0002369504704502059,True,1.6061022733993013e-07,False,0.001,aa11b527e4faa5d915d1b438e02d03046f7b7627aa0b7434227255e9fc933ca7,"[2048, 6144]",3031403207147038169,1.6061022733993013e-07
ruler_niah_multiquery_16k:0201,ruler_niah_multiquery_16k,12,20260930,gaussian_bf16_scalar_bracket_binary_v1,5,7,True,1.6382243188672874e-05,1.6382243188672874e-05,13,cuda:0,bfloat16,1.6061022733993013e-07,1.5370191230879016e-10,0.9990430129210671,True,32,24,float32,1.604525863285744e-07,0.000981512908403336,True,1.6061022733993013e-07,False,0.001,6ff2e501e49cf20a47b20367ca08bc007568213dd8c387363568ac3e89fd37ed,"[2048, 6144]",8066761678867198474,1.6061022733993013e-07
ruler_niah_multiquery_16k:0201,ruler_niah_multiquery_16k,18,20260926,gaussian_bf16_scalar_bracket_binary_v1,32,7,True,1.624029831326368e-05,1.624029831326368e-05,40,cuda:0,bfloat16,1.6020022997054184e-07,8.731149137020111e-11,0.9994549852307562,True,32,24,float32,1.5986051948857494e-07,0.002120536793420153,True,1.6020022997054184e-07,False,0.001,23ae58e417072c30c03f61404b8be2e56a95849b186f42832b14a58e25966605,"[2048, 6144]",2571090173937265712,1.6020022997054184e-07
ruler_niah_multiquery_16k:0201,ruler_niah_multiquery_16k,18,20260927,gaussian_bf16_scalar_bracket_binary_v1,32,7,True,1.702127443437007e-05,1.7021273419823053e-05,40,cuda:0,bfloat16,1.6020022997054184e-07,1.540029909152807e-10,0.9990386843330774,True,32,24,float32,1.5999719948922575e-07,0.0012673544935199216,True,1.6020022997054184e-07,False,0.001,65efc878cff36f5f8a3bfd25a7303e031878ac43326cbe514dc027c748d3f7c7,"[2048, 6144]",7345309938475036511,1.6020022997054184e-07
ruler_niah_multiquery_16k:0201,ruler_niah_multiquery_16k,18,20260928,gaussian_bf16_scalar_bracket_binary_v1,10,7,True,1.651063620133897e-05,1.6510635217228362e-05,18,cuda:0,bfloat16,1.6020022997054184e-07,1.3015628852475203e-10,0.9991875399395576,True,32,24,float32,1.601083852165175e-07,0.0005733122483109998,True,1.6020022997054184e-07,False,0.001,268a26aa8103f374a01d33360a6f73f7bbceef05eed749152e88cbd5a68d84cd,"[2048, 6144]",2777074633978147700,1.6020022997054184e-07
ruler_niah_multiquery_16k:0201,ruler_niah_multiquery_16k,18,20260929,gaussian_bf16_scalar_bracket_binary_v1,32,7,True,1.637671882159797e-05,1.6376717845469462e-05,40,cuda:0,bfloat16,1.6020022997054184e-07,1.540029909152807e-10,0.9990386843330774,True,32,24,float32,1.6055403762038623e-07,0.0022085339697043107,True,1.6020022997054184e-07,False,0.001,34bd2d166f25dc6fae9ecc882a4d25b842c60915c810432fd7904a794676ccfa,"[2048, 6144]",3800243234947849327,1.6020022997054184e-07
ruler_niah_multiquery_16k:0201,ruler_niah_multiquery_16k,18,20260930,gaussian_bf16_scalar_bracket_binary_v1,7,7,True,1.658072380195108e-05,1.6580722813662928e-05,15,cuda:0,bfloat16,1.6020022997054184e-07,1.1999816418306608e-10,0.9992509488643985,True,32,24,float32,1.6004459268970095e-07,0.0009715172123630001,True,1.6020022997054184e-07,False,0.001,a33f39392a9e03fa4cf2fd0e1392e40c94fd66ace7e503105e0b7e77545f302a,"[2048, 6144]",2539811632551166970,1.6020022997054184e-07
ruler_niah_multiquery_16k:0201,ruler_niah_multiquery_16k,24,20260926,gaussian_bf16_scalar_bracket_binary_v1,32,7,True,3.3793634997891786e-05,3.3793632983634176e-05,40,cuda:0,bfloat16,4.2776753161888337e-07,3.540633897181067e-10,0.9991722995235797,True,32,24,float32,4.2826593471545493e-07,0.001165126054998521,True,4.2776753161888337e-07,False,0.001,1ec043292cd58b8abaab47ccf3b405f47228258a7cf890bfa4bb364f65fce4d5,"[2048, 6144]",2215844860791196554,4.2776753161888337e-07
ruler_niah_multiquery_16k:0201,ruler_niah_multiquery_16k,24,20260927,gaussian_bf16_scalar_bracket_binary_v1,6,7,True,3.293809993465402e-05,3.293809993465402e-05,14,cuda:0,bfloat16,4.2776753161888337e-07,6.402842700481415e-10,0.9985031957249654,True,32,24,float32,4.2811191747205157e-07,0.0008050771218303535,True,4.2776753161888337e-07,False,0.001,116f278e68f3ba96af794323074e142e2b69e1ffe3482644d90c0041b9e3fe90,"[2048, 6144]",1256266313659300502,4.2776753161888337e-07
ruler_niah_multiquery_16k:0201,ruler_niah_multiquery_16k,24,20260928,gaussian_bf16_scalar_bracket_binary_v1,14,7,True,3.149939741620145e-05,3.149939366118066e-05,22,cuda:0,bfloat16,4.2776753161888337e-07,6.296121402016297e-10,0.9985281441585366,True,32,24,float32,4.275315461654827e-07,0.0005516675202242655,True,4.2776753161888337e-07,False,0.001,85db5397c358dff227054719e94d7129fb146a3bbcbc06a1fe900d909e56cac2,"[2048, 6144]",422022901371822066,4.2776753161888337e-07
ruler_niah_multiquery_16k:0201,ruler_niah_multiquery_16k,24,20260929,gaussian_bf16_scalar_bracket_binary_v1,32,7,True,3.237268650296832e-05,3.237268650296832e-05,40,cuda:0,bfloat16,4.2776753161888337e-07,6.187559353776351e-10,0.998553522907557,True,32,24,float32,4.2825473656193935e-07,0.0011389479262536866,True,4.2776753161888337e-07,False,0.001,06c62e9fd7f70e7a6198a1fd76c01d0367f4d346fa848fb947954f3b4327e332,"[2048, 6144]",488128873674247802,4.2776753161888337e-07
ruler_niah_multiquery_16k:0201,ruler_niah_multiquery_16k,24,20260930,gaussian_bf16_scalar_bracket_binary_v1,32,7,True,3.227973896802183e-05,3.2279737043999455e-05,40,cuda:0,bfloat16,4.2776753161888337e-07,3.8610595276544757e-10,0.9990973930365771,True,32,24,float32,4.2730533778012614e-07,0.0010804790092601476,True,4.2776753161888337e-07,False,0.001,ddd07331106573039b5d8aa9190cfc490b87322cfc3b8665d390fad5c6a9804a,"[2048, 6144]",6760029695248790275,4.2776753161888337e-07
ruler_niah_multiquery_16k:0381,ruler_niah_multiquery_16k,18,20260926,gaussian_bf16_scalar_bracket_binary_v1,12,7,True,1.6518145587118838e-05,1.6518145587118838e-05,20,cuda:0,bfloat16,1.6020022997054184e-07,1.4840099982205146e-10,0.999073653016295,True,32,24,float32,1.6011151160455483e-07,0.0005537967455060454,True,1.6020022997054184e-07,False,0.001,85a55c96fbfcf16e17d6de30d23540bcec17df39b3a6ba2398452962592fb184,"[2048, 6144]",406833144889405806,1.6020022997054184e-07
ruler_niah_multiquery_16k:0381,ruler_niah_multiquery_16k,18,20260927,gaussian_bf16_scalar_bracket_binary_v1,10,7,True,1.651063620133897e-05,1.6510635217228362e-05,18,cuda:0,bfloat16,1.6020022997054184e-07,2.118790837224438e-10,0.998677410864133,True,32,24,float32,1.6031781058245542e-07,0.0007339603191281467,True,1.6020022997054184e-07,False,0.001,323bf6c4ec45214cf2d3c4770bd777d1d75781de57db381f4d65c35d75045c64,"[2048, 6144]",3619758051160301900,1.6020022997054184e-07
ruler_niah_multiquery_16k:0381,ruler_niah_multiquery_16k,18,20260928,gaussian_bf16_scalar_bracket_binary_v1,32,7,True,1.7421775009296425e-05,1.7421775009296425e-05,40,cuda:0,bfloat16,1.6020022997054184e-07,1.4551915228366852e-10,0.9990916420512603,True,32,24,float32,1.6045018469412753e-07,0.0015602644492561,True,1.6020022997054184e-07,False,0.001,5ab47511d33c9046f02023b277a8831954042a07561c58f189036e2d0d0965ef,"[2048, 6144]",6535977678640287814,1.6020022997054184e-07
ruler_niah_multiquery_16k:0381,ruler_niah_multiquery_16k,18,20260929,gaussian_bf16_scalar_bracket_binary_v1,32,7,True,1.607008556891998e-05,1.607008556891998e-05,40,cuda:0,bfloat16,1.6020022997054184e-07,1.4551915228366852e-10,0.9990916420512603,True,32,24,float32,1.6047201256697008e-07,0.001696518141567054,True,1.6020022997054184e-07,False,0.001,76bff5866580b25e45472f470ed9e8e434ce3f1db32b853e63c0c960ecd833fd,"[2048, 6144]",8556827774604587614,1.6020022997054184e-07
ruler_niah_multiquery_16k:0381,ruler_niah_multiquery_16k,18,20260930,gaussian_bf16_scalar_bracket_binary_v1,7,7,True,1.6740924031921622e-05,1.6740924031921622e-05,15,cuda:0,bfloat16,1.6020022997054184e-07,1.4257907354764399e-10,0.9991099945763258,True,32,24,float32,1.600617594021969e-07,0.0008643593605976144,True,1.6020022997054184e-07,False,0.001,7f58e133af5a8f9248dc1e96131c57fd2ac84d8769050f6e3f6034343723172d,"[2048, 6144]",9176331852868915090,1.6020022997054184e-07
ruler_niah_multiquery_16k:0404,ruler_niah_multiquery_16k,24,20260926,gaussian_bf16_scalar_bracket_binary_v1,32,7,True,3.3526280290629984e-05,3.352627829230796e-05,40,cuda:0,bfloat16,4.2776753161888337e-07,9.203439121918677e-10,0.9978484951657999,True,32,24,float32,4.272986871001194e-07,0.0010960264258243386,True,4.2776753161888337e-07,False,0.001,75cd7fa6a9e3d7bb7934777e941adf3b67e040c2a4f5ba4778248e1df98b623f,"[2048, 6144]",8488581226454833083,4.2776753161888337e-07
ruler_niah_multiquery_16k:0404,ruler_niah_multiquery_16k,24,20260927,gaussian_bf16_scalar_bracket_binary_v1,32,7,True,3.1728319884294365e-05,3.1728319884294365e-05,40,cuda:0,bfloat16,4.2776753161888337e-07,4.799926567322643e-10,0.9988779123676925,True,32,24,float32,4.2937463717862556e-07,0.0037569601265905208,True,4.2776753161888337e-07,False,0.001,921ecea173c3d2b05679cfff8b5b0cd35f716bb860a0b65d25de82ec985eb2a3,"[2048, 6144]",1305708134811292336,4.2776753161888337e-07
ruler_niah_multiquery_16k:0404,ruler_niah_multiquery_16k,24,20260928,gaussian_bf16_scalar_bracket_binary_v1,8,7,True,3.2189506754320973e-05,3.2189506754320973e-05,16,cuda:0,bfloat16,4.2776753161888337e-07,3.540633897181067e-10,0.9991722995235797,True,32,24,float32,4.280335019757331e-07,0.0006217637786653832,True,4.2776753161888337e-07,False,0.001,967c3d1f040bec1760b2a9ada5e1f69582813c11f7b94a1e2075e0438a1c878b,"[2048, 6144]",1620237169367706647,4.2776753161888337e-07
ruler_niah_multiquery_16k:0404,ruler_niah_multiquery_16k,24,20260929,gaussian_bf16_scalar_bracket_binary_v1,7,7,True,3.272421616884458e-05,3.2724214218329294e-05,15,cuda:0,bfloat16,4.2776753161888337e-07,6.712834732525153e-10,0.9984307283193934,True,32,24,float32,4.2748408191073395e-07,0.0006626255786097314,True,4.2776753161888337e-07,False,0.001,fc03f58f37c68d7211a2965e38c5525b3bfe1662e0488b326ec4124ea60ccae5,"[2048, 6144]",8936256081098083698,4.2776753161888337e-07
ruler_niah_multiquery_16k:0404,ruler_niah_multiquery_16k,24,20260930,gaussian_bf16_scalar_bracket_binary_v1,32,7,True,3.328566105409436e-05,3.328566105409436e-05,40,cuda:0,bfloat16,4.2776753161888337e-07,5.643442380076635e-10,0.9986807221299103,True,32,24,float32,4.290856168154278e-07,0.003081311925559501,True,4.2776753161888337e-07,False,0.001,b825fbe85f4ed8eebc280edb7dfd6f5518c0ce23f8245cb2898f98490e22ddd1,"[2048, 6144]",4045916815712245998,4.2776753161888337e-07
ruler_niah_multiquery_16k:0454,ruler_niah_multiquery_16k,0,20260926,gaussian_bf16_scalar_bracket_binary_v1,5,7,True,1.4888221812725533e-05,1.4888221812725533e-05,13,cuda:0,bfloat16,1.3059843695373274e-07,7.708739202527681e-11,0.9994097372539567,True,32,24,float32,1.3054899739017856e-07,0.00037856167889438664,True,1.3059843695373274e-07,False,0.001,5892e5c0a51fa212955fff631e7cf0746e410369b74f4f060517bcda2ed39a1e,"[2048, 6144]",6382416237504209426,1.3059843695373274e-07
ruler_niah_multiquery_16k:0454,ruler_niah_multiquery_16k,0,20260927,gaussian_bf16_scalar_bracket_binary_v1,5,7,True,1.4888221812725533e-05,1.4888221812725533e-05,13,cuda:0,bfloat16,1.3059843695373274e-07,5.259364818654966e-11,0.9995972873074647,True,32,24,float32,1.3068506632407662e-07,0.0006633262416039611,True,1.3059843695373274e-07,False,0.001,706809e1fa8ad2c63b084303295e67d50499d7083fb9c72bfe91fd4f2740d67f,"[2048, 6144]",8099734796001530566,1.3059843695373274e-07
ruler_niah_multiquery_16k:0454,ruler_niah_multiquery_16k,0,20260928,gaussian_bf16_scalar_bracket_binary_v1,32,7,True,1.4096468788693528e-05,1.4096468788693528e-05,40,cuda:0,bfloat16,1.3059843695373274e-07,3.334262727028303e-11,0.9997446935197081,True,32,24,float32,1.308938948341165e-07,0.0022623385644993366,True,1.3059843695373274e-07,False,0.001,af6e488d275f930c9fdaeaba030dbcd322231e340c607b72c7f2f8255644bcc0,"[2048, 6144]",3417748938308948748,1.3059843695373274e-07
ruler_niah_multiquery_16k:0454,ruler_niah_multiquery_16k,0,20260929,gaussian_bf16_scalar_bracket_binary_v1,6,7,True,1.528001712358673e-05,1.528001712358673e-05,14,cuda:0,bfloat16,1.3059843695373274e-07,8.859057237797785e-11,0.9993216567177649,True,32,24,float32,1.3071135640529974e-07,0.0008646309573138247,True,1.3059843695373274e-07,False,0.001,00609d6fdad041cd51b544a68b90d5c809db884f95989535512a27036c807999,"[2048, 6144]",27194701502235085,1.3059843695373274e-07
ruler_niah_multiquery_16k:0454,ruler_niah_multiquery_16k,0,20260930,gaussian_bf16_scalar_bracket_binary_v1,32,7,True,1.4912709019654358e-05,1.4912708130787634e-05,40,cuda:0,bfloat16,1.3059843695373274e-07,9.788799631982315e-11,0.9992504657896135,True,32,24,float32,1.3081884731036553e-07,0.0016876952111675586,True,1.3059843695373274e-07,False,0.001,eeb12684ba568ce9c540885b383f6db34e4fc6c60bc8fa0b82f4c58fa81ebd04,"[2048, 6144]",7976198766553631977,1.3059843695373274e-07
ruler_niah_multivalue_16k:0060,ruler_niah_multivalue_16k,18,20260926,gaussian_bf16_scalar_bracket_binary_v1,7,7,True,1.7061324491862706e-05,1.7061324491862706e-05,15,cuda:0,bfloat16,1.6020022997054184e-07,1.646361241780525e-10,0.9989723103131105,True,32,24,float32,1.6009853709419986e-07,0.000634786082146606,True,1.6020022997054184e-07,False,0.001,edbaa362568d954d84d717942cc5a662e6b35ae4772392747765531e33c38a9e,"[2048, 6144]",7906811738556568909,1.6020022997054184e-07
ruler_niah_multivalue_16k:0060,ruler_niah_multivalue_16k,18,20260927,gaussian_bf16_scalar_bracket_binary_v1,32,7,True,1.668084894568267e-05,1.668084894568267e-05,40,cuda:0,bfloat16,1.6020022997054184e-07,1.4257907354764399e-10,0.9991099945763258,True,32,24,float32,1.6046563189320295e-07,0.001656688774478761,True,1.6020022997054184e-07,False,0.001,384620a184207f21917a9b71f3ee7abd7b78f452b4eeb4a32a5194f2bf1421fd,"[2048, 6144]",4054964392572256033,1.6020022997054184e-07
ruler_niah_multivalue_16k:0060,ruler_niah_multivalue_16k,18,20260928,gaussian_bf16_scalar_bracket_binary_v1,5,7,True,1.6340423456995268e-05,1.6340423456995268e-05,13,cuda:0,bfloat16,1.6020022997054184e-07,8.731149137020111e-11,0.9994549852307562,True,32,24,float32,1.6020531745652988e-07,3.175704547351662e-05,True,1.6020022997054184e-07,False,0.001,5ad79239579b0d81299981a637147e2c096e9f5f825548fdc8d094ea25958c5b,"[2048, 6144]",6545861358386875777,1.6020022997054184e-07
ruler_niah_multivalue_16k:0060,ruler_niah_multivalue_16k,18,20260929,gaussian_bf16_scalar_bracket_binary_v1,32,7,True,1.622277641311065e-05,1.622277641311065e-05,40,cuda:0,bfloat16,1.6020022997054184e-07,1.3337050908113213e-10,0.9991674761696306,True,32,24,float32,1.6001227720607858e-07,0.0011732365459014827,True,1.6020022997054184e-07,False,0.001,6fafcbb572d88af802596969db6e59c19d8cd0e778abf0a9cafbd45e47f01b37,"[2048, 6144]",8047875039310678776,1.6020022997054184e-07
ruler_niah_multivalue_16k:0060,ruler_niah_multivalue_16k,18,20260930,gaussian_bf16_scalar_bracket_binary_v1,32,7,True,1.6494365865482585e-05,1.6494365865482585e-05,40,cuda:0,bfloat16,1.6020022997054184e-07,1.8635544496437007e-10,0.9988367342231741,True,32,24,float32,1.5984679180292005e-07,0.002206227592100089,True,1.6020022997054184e-07,False,0.001,29f78eabf48c7657003bbf3355a21c14c76f8fdbd20465eca3508a329ade9871,"[2048, 6144]",3024042543995975255,1.6020022997054184e-07
ruler_niah_multivalue_16k:0144,ruler_niah_multivalue_16k,18,20260926,gaussian_bf16_scalar_bracket_binary_v1,32,7,True,1.7682100382998556e-05,1.7682099329063242e-05,40,cuda:0,bfloat16,1.6020022997054184e-07,2.9103830456733704e-11,0.9998183284102521,True,32,24,float32,1.6094180921299994e-07,0.004629077265335171,True,1.6020022997054184e-07,False,0.001,db5eeef9158c14d44dd0042fc4d343e681065ddef749935230b82a51e53e87e6,"[2048, 6144]",6583962458838013140,1.6020022997054184e-07
ruler_niah_multivalue_16k:0144,ruler_niah_multivalue_16k,18,20260927,gaussian_bf16_scalar_bracket_binary_v1,10,7,True,1.6831036661280052e-05,1.6831036661280052e-05,18,cuda:0,bfloat16,1.6020022997054184e-07,1.9305297638272378e-10,0.9987949269709648,True,32,24,float32,1.6005205338842643e-07,0.0009249461261239045,True,1.6020022997054184e-07,False,0.001,8915c5d828c381f24b489c5e43009605f8f612fe943f76fd46e9f256bd0f1020,"[2048, 6144]",654646853039784434,1.6020022997054184e-07
ruler_niah_multivalue_16k:0144,ruler_niah_multivalue_16k,18,20260928,gaussian_bf16_scalar_bracket_binary_v1,32,7,True,1.64055048004208e-05,1.64055048004208e-05,40,cuda:0,bfloat16,1.6020022997054184e-07,2.417545608146554e-10,0.998490922510791,True,32,24,float32,1.599935899321281e-07,0.0012898860285765507,True,1.6020022997054184e-07,False,0.001,5a93fb6139caaf36f90496bf2e5c40dfe9f3b398cb0559028b1942acaf185e75,"[2048, 6144]",6526836679989964598,1.6020022997054184e-07
ruler_niah_multivalue_16k:0144,ruler_niah_multivalue_16k,18,20260929,gaussian_bf16_scalar_bracket_binary_v1,32,7,True,1.6919584835267676e-05,1.6919583826781833e-05,40,cuda:0,bfloat16,1.6020022997054184e-07,1.540029909152807e-10,0.9990386843330774,True,32,24,float32,1.6036996441926021e-07,0.0010595143886471578,True,1.6020022997054184e-07,False,0.001,e32c75eaf41a4d73b0145a70cd73a8dbef5c44361b13f30f01e0fd39d9b633c0,"[2048, 6144]",7146216360708296051,1.6020022997054184e-07
ruler_niah_multivalue_16k:0144,ruler_niah_multivalue_16k,18,20260930,gaussian_bf16_scalar_bracket_binary_v1,7,7,True,1.6100123112039455e-05,1.6100122152397336e-05,15,cuda:0,bfloat16,1.6020022997054184e-07,1.4257907354764399e-10,0.9991099945763258,True,32,24,float32,1.601328847300465e-07,0.000420381671784903,True,1.6020022997054184e-07,False,0.001,f83a61354d183bbe5bfbfa348f90a3de09e6425cbdc8b5259e114e7c0520bfe7,"[2048, 6144]",8663343714755165118,1.6020022997054184e-07
ruler_niah_multivalue_16k:0192,ruler_niah_multivalue_16k,24,20260926,gaussian_bf16_scalar_bracket_binary_v1,10,7,True,3.2855060991821006e-05,3.2855060991821006e-05,18,cuda:0,bfloat16,4.2842785319407994e-07,3.8610595276544757e-10,0.9990987841946155,True,32,24,float32,4.2834278701775474e-07,0.0001985542622660992,True,4.2842785319407994e-07,False,0.001,07929bec078b5b51ae0c2e1de4586de1e1a776e06690ac077d2d7e420f421903,"[2048, 6144]",545669942906411857,4.2842785319407994e-07
ruler_niah_multivalue_16k:0192,ruler_niah_multivalue_16k,24,20260927,gaussian_bf16_scalar_bracket_binary_v1,7,7,True,3.2774730769347116e-05,3.2774730769347116e-05,15,cuda:0,bfloat16,4.2842785319407994e-07,2.6674101816226425e-10,0.999377395712782,True,32,24,float32,4.2849384840337734e-07,0.0001540404266561585,True,4.2842785319407994e-07,False,0.001,e3e25d52eceb6a4a219e63dad8af7a825031e1eda9f917a9578b3559a62bc8e4,"[2048, 6144]",7197417765235026506,4.2842785319407994e-07
ruler_niah_multivalue_16k:0192,ruler_niah_multivalue_16k,24,20260928,gaussian_bf16_scalar_bracket_binary_v1,5,7,True,3.3417372549138236e-05,3.3417372549138236e-05,13,cuda:0,bfloat16,4.2842785319407994e-07,4.728812896814816e-10,0.9988962405544924,True,32,24,float32,4.280092298358795e-07,0.0009771151783886987,True,4.2842785319407994e-07,False,0.001,10954afe23b360fc9c51915c5cc199fa3c7de0c7e1da5dd8145672bae33b7a9d,"[2048, 6144]",1194943731517841660,4.2842785319407994e-07
ruler_niah_multivalue_16k:0192,ruler_niah_multivalue_16k,24,20260929,gaussian_bf16_scalar_bracket_binary_v1,32,7,True,3.2105312248731366e-05,3.2105312248731366e-05,40,cuda:0,bfloat16,4.2842785319407994e-07,6.984919309616089e-10,0.9983696393085695,True,32,24,float32,4.3013332629016077e-07,0.003980770819091062,True,4.2842785319407994e-07,False,0.001,b82d9ba1b7bc20cdc24c67a65f0a470ce8d54a928d9cf10e250558bff7902b32,"[2048, 6144]",4048062758950543565,4.2842785319407994e-07
ruler_niah_multivalue_16k:0192,ruler_niah_multivalue_16k,24,20260930,gaussian_bf16_scalar_bracket_binary_v1,9,7,True,3.2828284250996376e-05,3.2828280337559933e-05,17,cuda:0,bfloat16,4.2842785319407994e-07,5.00721242246982e-10,0.9988312588957186,True,32,24,float32,4.288114610062621e-07,0.0008953848572688075,True,4.2842785319407994e-07,False,0.001,56825b19e0c279b483a6a574e92de62c661962796a5b8ca825f9e0f735314ac0,"[2048, 6144]",6233645000937339316,4.2842785319407994e-07
ruler_niah_multivalue_16k:0245,ruler_niah_multivalue_16k,6,20260926,gaussian_bf16_scalar_bracket_binary_v1,10,7,True,1.7552072974602595e-05,1.755207192841752e-05,18,cuda:0,bfloat16,1.7921708206358744e-07,1.646361241780525e-10,0.9990813591970009,True,32,24,float32,1.791850650079141e-07,0.00017864957572509882,True,1.7921708206358744e-07,False,0.001,fb80eaf03536894e7854d7895a0f6756423b62c60818261e1f257dc87de3ac39,"[2048, 6144]",8899371181089917262,1.7921708206358744e-07
ruler_niah_multivalue_16k:0245,ruler_niah_multivalue_16k,6,20260927,gaussian_bf16_scalar_bracket_binary_v1,7,7,True,1.7652882583263363e-05,1.7652882583263363e-05,15,cuda:0,bfloat16,1.7921708206358744e-07,1.7703169485905335e-10,0.9990121940787082,True,32,24,float32,1.7911052907493286e-07,0.0005945470567185046,True,1.7921708206358744e-07,False,0.001,9337413e456b4888f73fb66e0c28eda2ed8e9603930f7eead23fc554e8af19a1,"[2048, 6144]",1384647146148153480,1.7921708206358744e-07
ruler_niah_multivalue_16k:0245,ruler_niah_multivalue_16k,6,20260928,gaussian_bf16_scalar_bracket_binary_v1,10,7,True,1.835854984388874e-05,1.8358548749633898e-05,18,cuda:0,bfloat16,1.7921708206358744e-07,2.346425831412091e-10,0.9986907353895096,True,32,24,float32,1.7937301777237735e-07,0.0008700940055177583,True,1.7921708206358744e-07,False,0.001,b4e5928620dffac499c95c60b0eebe012ae6163212590a7ec55168848e469d54,"[2048, 6144]",3811613764413815492,1.7921708206358744e-07
ruler_niah_multivalue_16k:0245,ruler_niah_multivalue_16k,6,20260929,gaussian_bf16_scalar_bracket_binary_v1,7,7,True,1.8011316747390538e-05,1.8011316747390538e-05,15,cuda:0,bfloat16,1.7921708206358744e-07,1.1641532182693481e-10,0.9993504228476077,True,32,24,float32,1.7921540518273105e-07,9.356702146276813e-06,True,1.7921708206358744e-07,False,0.001,bc7cf81c041dddb8ca8b839be7090b278170e65188980c029c0e209bb365fc32,"[2048, 6144]",4358631338599636408,1.7921708206358744e-07
ruler_niah_multivalue_16k:0245,ruler_niah_multivalue_16k,6,20260930,gaussian_bf16_scalar_bracket_binary_v1,32,7,True,1.7708887921408234e-05,1.770888686587626e-05,40,cuda:0,bfloat16,1.7921708206358744e-07,6.507814426237601e-11,0.9996368753273235,True,32,24,float32,1.7816422825944755e-07,0.005874740242486073,True,1.7921708206358744e-07,False,0.001,76d05c652fbf7f9c1c38f9bfa140f196ebcd852c884f3323df6e63002746930b,"[2048, 6144]",8561444481293844380,1.7921708206358744e-07
ruler_niah_multivalue_16k:0266,ruler_niah_multivalue_16k,24,20260926,gaussian_bf16_scalar_bracket_binary_v1,11,6,True,4.5135773694582326e-05,4.513577100428057e-05,18,cuda:0,bfloat16,7.116751703506452e-07,1.1135781186055738e-09,0.9984352719260152,True,32,24,float32,7.113403057701362e-07,0.0004705300879670017,True,7.116751703506452e-07,False,0.001,590c7e14ade9262f81428cc0c2aa6f8ee3ce203ab7012dd798c367cb89a57516,"[2048, 6144]",6416642196378297903,7.116751703506452e-07
ruler_niah_multivalue_16k:0266,ruler_niah_multivalue_16k,24,20260927,gaussian_bf16_scalar_bracket_binary_v1,9,6,True,4.488001543023756e-05,4.488001543023756e-05,16,cuda:0,bfloat16,7.116751703506452e-07,1.7276990949000037e-09,0.997572348780907,True,32,24,float32,7.123296654754085e-07,0.0009196542917759391,True,7.116751703506452e-07,False,0.001,b36e4adbc0f8405476c88da1554852a3833de47574f419b8729e4acb5fb3ea47,"[2048, 6144]",3705981851068285012,7.116751703506452e-07
ruler_niah_multivalue_16k:0266,ruler_niah_multivalue_16k,24,20260928,gaussian_bf16_scalar_bracket_binary_v1,6,6,True,4.4479698146915325e-05,4.447969549571872e-05,13,cuda:0,bfloat16,7.116751703506452e-07,1.5640432282637562e-09,0.9978023074382473,True,32,24,float32,7.121793146325217e-07,0.0007083909947681782,True,7.116751703506452e-07,False,0.001,e1cf7fff025ae82aa7f5e20552c7fb9cdee40e4f0825c78423982f655be5c728,"[2048, 6144]",7047992675091015722,7.116751703506452e-07
ruler_niah_multivalue_16k:0266,ruler_niah_multivalue_16k,24,20260929,gaussian_bf16_scalar_bracket_binary_v1,10,7,True,4.754879731905248e-05,4.754879448492331e-05,18,cuda:0,bfloat16,7.116751703506452e-07,1.318374631686936e-09,0.9981475050885401,True,32,24,float32,7.110830324563722e-07,0.000832033937591624,True,7.116751703506452e-07,False,0.001,3d38b0cd5edbe8e93e63dfde9f6dd0aafc479f36ac0db18100f5f948ce740f2e,"[2048, 6144]",4411470231115655401,7.116751703506452e-07
ruler_niah_multivalue_16k:0266,ruler_niah_multivalue_16k,24,20260930,gaussian_bf16_scalar_bracket_binary_v1,32,6,True,4.518025339272924e-05,4.518025339272924e-05,39,cuda:0,bfloat16,7.116751703506452e-07,1.2672705107519278e-09,0.9982193132997355,True,32,24,float32,7.1287547598331e-07,0.0016865919771704649,True,7.116751703506452e-07,False,0.001,9df5ea32afca822e56f9be31b2bc3afcd28161d886f658fd818c2c0038f4cc00,"[2048, 6144]",2158889099812569646,7.116751703506452e-07
ruler_niah_multivalue_16k:0288,ruler_niah_multivalue_16k,0,20260926,gaussian_bf16_scalar_bracket_binary_v1,32,7,True,1.5439183968624093e-05,1.5439183048377016e-05,40,cuda:0,bfloat16,1.3059843695373274e-07,7.561396647703944e-11,0.9994210193610217,True,32,24,float32,1.3098987494686298e-07,0.002997263996880103,True,1.3059843695373274e-07,False,0.001,af65b86c217718fb19ad8df888d81f80830f8cec1a28a5bbb55a4fc2404781b9,"[2048, 6144]",3415338666987821307,1.3059843695373274e-07
ruler_niah_multivalue_16k:0288,ruler_niah_multivalue_16k,0,20260927,gaussian_bf16_scalar_bracket_binary_v1,32,7,True,1.5002495445060049e-05,1.5002495445060049e-05,40,cuda:0,bfloat16,1.3059843695373274e-07,2.3489626910233596e-10,0.9982013852954033,True,32,24,float32,1.3079342409128003e-07,0.0014930281104081284,True,1.3059843695373274e-07,False,0.001,41e404a1f0519719f319b9a86def9fe81572e64dcfdb8fa276d22af4ef867868,"[2048, 6144]",4747925000723470105,1.3059843695373274e-07
ruler_niah_multivalue_16k:0288,ruler_niah_multivalue_16k,0,20260928,gaussian_bf16_scalar_bracket_binary_v1,10,7,True,1.4765785778081408e-05,1.4765784017862576e-05,18,cuda:0,bfloat16,1.3059843695373274e-07,1.0186340659856796e-10,0.9992200258366442,True,32,24,float32,1.3053590919298586e-07,0.00047877878330994573,True,1.3059843695373274e-07,False,0.001,6308773d7118a7d6a4a548207a2e881af8d59087cfdd81ddf160cef12eac36a5,"[2048, 6144]",7136084715342702550,1.3059843695373274e-07
ruler_niah_multivalue_16k:0288,ruler_niah_multivalue_16k,0,20260929,gaussian_bf16_scalar_bracket_binary_v1,32,7,True,1.4675999352675717e-05,1.4675999352675717e-05,40,cuda:0,bfloat16,1.3059843695373274e-07,5.05404156025957e-11,0.9996130090314902,True,32,24,float32,1.3033012180585501e-07,0.002054505047198883,True,1.3059843695373274e-07,False,0.001,2bf02a90545806b9c5dd8d72f4de21e8ef31a6803707f09cece574294354b65c,"[2048, 6144]",3166077337420170937,1.3059843695373274e-07
ruler_niah_multivalue_16k:0288,ruler_niah_multivalue_16k,0,20260930,gaussian_bf16_scalar_bracket_binary_v1,32,7,True,1.4847409801177491e-05,1.4847411571126665e-05,40,cuda:0,bfloat16,1.3059843695373274e-07,4.601719699737217e-11,0.9996476435854,True,32,24,float32,1.309150121642233e-07,0.0024240352172262866,True,1.3059843695373274e-07,False,0.001,fa620a5bd8f4b73ad89e0cb18fbe4c051cb779f0fd2a05147c31dba2aa7ac26e,"[2048, 6144]",8818622409943070522,1.3059843695373274e-07
ruler_niah_multivalue_16k:0496,ruler_niah_multivalue_16k,6,20260926,gaussian_bf16_scalar_bracket_binary_v1,32,7,True,1.792730874017323e-05,1.792730874017323e-05,40,cuda:0,bfloat16,1.7921708206358744e-07,1.671887767118463e-10,0.9990671158419345,True,32,24,float32,1.7902733873143006e-07,0.001058734636077017,True,1.7921708206358744e-07,False,0.001,4a2725055af22ee4655e0e64e521942e1260a43086fdbcc8b478b2b6d7504df4,"[2048, 6144]",5343280187829268196,1.7921708206358744e-07
ruler_niah_multivalue_16k:0496,ruler_niah_multivalue_16k,6,20260927,gaussian_bf16_scalar_bracket_binary_v1,6,7,True,1.8459359452549506e-05,1.8459359452549506e-05,14,cuda:0,bfloat16,1.7921708206358744e-07,1.5672892150764284e-10,0.99912548000613,True,32,24,float32,1.7904281435221492e-07,0.00097238337643892,True,1.7921708206358744e-07,False,0.001,4fff43285de785fca758602af95278d715433ccf99936fd8c7d67fe9c2321507,"[2048, 6144]",5764399888710731260,1.7921708206358744e-07
ruler_niah_multivalue_16k:0496,ruler_niah_multivalue_16k,6,20260928,gaussian_bf16_scalar_bracket_binary_v1,12,7,True,1.8198934630175856e-05,1.8198932460693787e-05,20,cuda:0,bfloat16,1.7921708206358744e-07,3.134578430152857e-10,0.9982509600122601,True,32,24,float32,1.7922455697316764e-07,4.170868922831868e-05,True,1.7921708206358744e-07,False,0.001,2aa3398b8fe572d737e0f6c02d6d133a918dee6ac82515545908f4ad9add0f14,"[2048, 6144]",3072362642374226647,1.7921708206358744e-07
ruler_niah_multivalue_16k:0496,ruler_niah_multivalue_16k,6,20260929,gaussian_bf16_scalar_bracket_binary_v1,6,7,True,1.7025622796040807e-05,1.7025621781234607e-05,14,cuda:0,bfloat16,1.7921708206358744e-07,1.3015628852475203e-10,0.999273750654647,True,32,24,float32,1.7912904581862676e-07,0.0004912268626795327,True,1.7921708206358744e-07,False,0.001,af9ed5261fb3bd4b7e06377b62223bda9162d05d140d68367c14ee24a6a94295,"[2048, 6144]",3431414325820243275,1.7921708206358744e-07
ruler_niah_multivalue_16k:0496,ruler_niah_multivalue_16k,6,20260930,gaussian_bf16_scalar_bracket_binary_v1,32,7,True,1.8042119683370217e-05,1.8042119683370217e-05,40,cuda:0,bfloat16,1.7921708206358744e-07,2.417545608146554e-10,0.9986510517968992,True,32,24,float32,1.7970563703784137e-07,0.002726051382091954,True,1.7921708206358744e-07,False,0.001,e1bd95ea986bd8cb0e6040f5a06a61e5a0321ae28fbbd10a0a09846188729587,"[2048, 6144]",7042950227089414347,1.7921708206358744e-07
ruler_niah_multivalue_16k:0498,ruler_niah_multivalue_16k,0,20260926,gaussian_bf16_scalar_bracket_binary_v1,7,7,True,1.4656601052820406e-05,1.4656601052820406e-05,15,cuda:0,bfloat16,1.3634047490995727e-07,5.999908209153304e-11,0.9995599319854859,True,32,24,float32,1.363353590022598e-07,3.75230297595149e-05,True,1.3634047490995727e-07,False,0.001,69326a7ec48e0f1c73903955bbc06b4bd77541e4b1c6af6f4a87f72e4d59cc5a,"[2048, 6144]",7580238215514033948,1.3634047490995727e-07
ruler_niah_multivalue_16k:0498,ruler_niah_multivalue_16k,0,20260927,gaussian_bf16_scalar_bracket_binary_v1,9,7,True,1.5355345986733937e-05,1.5355345071483995e-05,17,cuda:0,bfloat16,1.3634047490995727e-07,7.138229590752942e-11,0.9994764409031531,True,32,24,float32,1.364465020969874e-07,0.0007776647917659464,True,1.3634047490995727e-07,False,0.001,1c3a2ece7d456baf91e3809d194e6fa8405528fa2e3f3f2896585f815b1f19ef,"[2048, 6144]",2033989646111042479,1.3634047490995727e-07
ruler_niah_multivalue_16k:0498,ruler_niah_multivalue_16k,0,20260928,gaussian_bf16_scalar_bracket_binary_v1,13,7,True,1.5045384438305831e-05,1.5045383541531037e-05,21,cuda:0,bfloat16,1.3634047490995727e-07,1.2310137631477147e-10,0.9990971032160767,True,32,24,float32,1.3632485718062526e-07,0.00011454947140474132,True,1.3634047490995727e-07,False,0.001,67a0661410dda2dd4f4552a3a3c2b71f77f3d37e64098f77b96f7d78d9025e04,"[2048, 6144]",7467080418548622045,1.3634047490995727e-07
ruler_niah_multivalue_16k:0498,ruler_niah_multivalue_16k,0,20260929,gaussian_bf16_scalar_bracket_binary_v1,32,7,True,1.5968878123828745e-05,1.5968877172009436e-05,40,cuda:0,bfloat16,1.3634047490995727e-07,7.275957614183426e-11,0.9994663391323091,True,32,24,float32,1.3651384733748273e-07,0.0012716137862946717,True,1.3634047490995727e-07,False,0.001,ce668d27de2447e1138867bff73a0ddd9a87105b5945888dd0d633cbe16d96f1,"[2048, 6144]",5649357984953026529,1.3634047490995727e-07
ruler_niah_multivalue_16k:0498,ruler_niah_multivalue_16k,0,20260930,gaussian_bf16_scalar_bracket_binary_v1,7,7,True,1.492928200264032e-05,1.492928200264032e-05,15,cuda:0,bfloat16,1.3634047490995727e-07,9.776962572871639e-11,0.999282900944908,True,32,24,float32,1.3628060457904212e-07,0.0004391236788245452,True,1.3634047490995727e-07,False,0.001,01dda2781fa0921d065309b92482e3b84ceebb8bf7e73035aa9ab770f9a86af5,"[2048, 6144]",134442200701375005,1.3634047490995727e-07
ruler_niah_multivalue_16k:0498,ruler_niah_multivalue_16k,6,20260926,gaussian_bf16_scalar_bracket_binary_v1,8,7,True,2.5573633131159568e-05,2.557363160685225e-05,16,cuda:0,bfloat16,3.2474454769726435e-07,4.2477199535539967e-10,0.9986919811329631,True,32,24,float32,3.2470461519551463e-07,0.00012296588821236742,True,3.2474454769726435e-07,False,0.001,73c8fcf2788f9055b9474c179c64cf136e4be574c195a9d602097f5f7226d6a8,"[2048, 6144]",8343196428038803541,3.2474454769726435e-07
ruler_niah_multivalue_16k:0498,ruler_niah_multivalue_16k,6,20260927,gaussian_bf16_scalar_bracket_binary_v1,7,7,True,2.679142518502431e-05,2.679142518502431e-05,15,cuda:0,bfloat16,3.2474454769726435e-07,2.514419783494759e-10,0.9992257237877205,True,32,24,float32,3.249215296818875e-07,0.0005449883173654177,True,3.2474454769726435e-07,False,0.001,6427c74dec17f374a0484abf348118a991ff857c1da8359207c063e029d44575,"[2048, 6144]",7216956065371911028,3.2474454769726435e-07
ruler_niah_multivalue_16k:0498,ruler_niah_multivalue_16k,6,20260928,gaussian_bf16_scalar_bracket_binary_v1,9,7,True,2.6020156884243306e-05,2.6020156884243306e-05,17,cuda:0,bfloat16,3.2474454769726435e-07,4.2935857647030673e-10,0.9986778574743908,True,32,24,float32,3.24971551890485e-07,0.0006990238784001272,True,3.2474454769726435e-07,False,0.001,6c4fb763282a870f5c39bf42c3be81171a9c0ff1758daf12a825dc679df7666f,"[2048, 6144]",7804658315759879951,3.2474454769726435e-07
ruler_niah_multivalue_16k:0498,ruler_niah_multivalue_16k,6,20260929,gaussian_bf16_scalar_bracket_binary_v1,8,7,True,2.5898377678856832e-05,2.5898377678856832e-05,16,cuda:0,bfloat16,3.2474454769726435e-07,3.0054636557252934e-10,0.9990745145139351,True,32,24,float32,3.2467647770317853e-07,0.00020961089129439145,True,3.2474454769726435e-07,False,0.001,494074e42b19d81dbc662451cb8ac337a4267b65273afca1e95801187419b386,"[2048, 6144]",5278347286602700829,3.2474454769726435e-07
ruler_niah_multivalue_16k:0498,ruler_niah_multivalue_16k,6,20260930,gaussian_bf16_scalar_bracket_binary_v1,32,7,True,2.5926285413424566e-05,2.5926285413424566e-05,40,cuda:0,bfloat16,3.2474454769726435e-07,3.5971867151651793e-10,0.9988923026604534,True,32,24,float32,3.2435380603601516e-07,0.0012032277801734003,True,3.2474454769726435e-07,False,0.001,620f1eeaac3127621b0db003e5f59b281b1f9f1bba4656425302278dfec8e0c2,"[2048, 6144]",7065900333627680610,3.2474454769726435e-07
ruler_niah_multivalue_16k:0498,ruler_niah_multivalue_16k,12,20260926,gaussian_bf16_scalar_bracket_binary_v1,6,7,True,2.475248069799818e-05,2.475247922263536e-05,14,cuda:0,bfloat16,2.9822265901202627e-07,2.6921043172478676e-10,0.9990972837791178,True,32,24,float32,2.984712352827046e-07,0.0008335257672968748,True,2.9822265901202627e-07,False,0.001,e988882b709175debe143fae725474428fb5816da2fbe34748154b00b63da202,"[2048, 6144]",7604477690968634846,2.9822265901202627e-07
ruler_niah_multivalue_16k:0498,ruler_niah_multivalue_16k,12,20260927,gaussian_bf16_scalar_bracket_binary_v1,9,7,True,2.3522312229573572e-05,2.3522310827534507e-05,17,cuda:0,bfloat16,2.9822265901202627e-07,4.105761564066057e-10,0.9986232563354951,True,32,24,float32,2.98262790465742e-07,0.00013456876096766375,True,2.9822265901202627e-07,False,0.001,f14b94af5df0c23bacd76f7a1182ca61051674ee537cff0d91a85a38a4963c1a,"[2048, 6144]",8163782230455403067,2.9822265901202627e-07
ruler_niah_multivalue_16k:0498,ruler_niah_multivalue_16k,12,20260928,gaussian_bf16_scalar_bracket_binary_v1,6,7,True,2.4156035379974128e-05,2.4156035379974128e-05,14,cuda:0,bfloat16,2.9822265901202627e-07,4.557938748650514e-10,0.9984716323153477,True,32,24,float32,2.980503950311686e-07,0.0005776354534171459,True,2.9822265901202627e-07,False,0.001,0dde415ec75e5021c23b30f381d8190c752578da44bc49c1a56db2b93232a77c,"[2048, 6144]",999308042650406945,2.9822265901202627e-07
ruler_niah_multivalue_16k:0498,ruler_niah_multivalue_16k,12,20260929,gaussian_bf16_scalar_bracket_binary_v1,32,7,True,2.3526971958620635e-05,2.3526970556303828e-05,40,cuda:0,bfloat16,2.9822265901202627e-07,4.987647517218363e-10,0.9983275424028001,True,32,24,float32,2.9761147857243486e-07,0.002049409798759661,True,2.9822265901202627e-07,False,0.001,fdcad552ff5931fa358891f9711572cdc5182166fc8a1bf2ebaa6a6e840822e9,"[2048, 6144]",9064291752484614650,2.9822265901202627e-07
ruler_niah_multivalue_16k:0498,ruler_niah_multivalue_16k,12,20260930,gaussian_bf16_scalar_bracket_binary_v1,32,7,True,2.4776361809364378e-05,2.4776360332578135e-05,40,cuda:0,bfloat16,2.9822265901202627e-07,2.510205376893282e-10,0.9991582781183665,True,32,24,float32,2.9867433681829425e-07,0.001514565686471751,True,2.9822265901202627e-07,False,0.001,aa107e0a53d44e81d91dbbc8a46eb44cfc28639acde78aa88e7af48dcaa75959,"[2048, 6144]",3031061132041539201,2.9822265901202627e-07
ruler_niah_multivalue_16k:0498,ruler_niah_multivalue_16k,18,20260926,gaussian_bf16_scalar_bracket_binary_v1,32,7,True,1.8470775785317528e-05,1.8470775785317528e-05,40,cuda:0,bfloat16,1.861035343608819e-07,1.1641532182693481e-10,0.999374459371625,True,32,24,float32,1.85857132350975e-07,0.0013240049994379909,True,1.861035343608819e-07,False,0.001,11e4a63b7519b5136d1c121ddd36a692a15e70f1573d58be601bf932ec168581,"[2048, 6144]",1289338167632704787,1.861035343608819e-07
ruler_niah_multivalue_16k:0498,ruler_niah_multivalue_16k,18,20260927,gaussian_bf16_scalar_bracket_binary_v1,9,7,True,1.86336163778833e-05,1.86336163778833e-05,17,cuda:0,bfloat16,1.861035343608819e-07,2.6832405741750165e-10,0.9985582000989988,True,32,24,float32,1.8609196672514372e-07,6.215699114957751e-05,True,1.861035343608819e-07,False,0.001,298cf4112a5d34088a0537cf5454eafaaa5579c10f8e114dae889be098a18dce,"[2048, 6144]",2994036206856909832,1.861035343608819e-07
ruler_niah_multivalue_16k:0498,ruler_niah_multivalue_16k,18,20260928,gaussian_bf16_scalar_bracket_binary_v1,7,7,True,1.8331198134546867e-05,1.8331198134546867e-05,15,cuda:0,bfloat16,1.861035343608819e-07,2.6832405741750165e-10,0.9985582000989988,True,32,24,float32,1.860130538489102e-07,0.0004861837378984767,True,1.861035343608819e-07,False,0.001,0ac01871a161f515bb0ed1b698befe36468c7ca1f85ae57e84e004fae0841597,"[2048, 6144]",774646012225647893,1.861035343608819e-07
ruler_niah_multivalue_16k:0498,ruler_niah_multivalue_16k,18,20260929,gaussian_bf16_scalar_bracket_binary_v1,8,7,True,1.9122138155580615e-05,1.9122138155580615e-05,16,cuda:0,bfloat16,1.861035343608819e-07,1.1999816418306608e-10,0.9993552074946069,True,32,24,float32,1.8601059537104447e-07,0.0004993940075162616,True,1.861035343608819e-07,False,0.001,c1772cd4dc3ebb0fec0a86ccec18ab341f1cd30650050dfef8177dbe1ca558de,"[2048, 6144]",4717288427433671439,1.861035343608819e-07
ruler_niah_multivalue_16k:0498,ruler_niah_multivalue_16k,18,20260930,gaussian_bf16_scalar_bracket_binary_v1,32,7,True,1.8424249901727308e-05,1.8424249901727308e-05,40,cuda:0,bfloat16,1.861035343608819e-07,1.7703169485905335e-10,0.99904874619675,True,32,24,float32,1.8511092036987975e-07,0.005333665448165651,True,1.861035343608819e-07,False,0.001,f1a7f955aa3c862c0973af6fb7e4cfc5285c89b7cefa2ef3be26e1fb15f0d8ba,"[2048, 6144]",8189788593720165932,1.861035343608819e-07
ruler_niah_multivalue_16k:0498,ruler_niah_multivalue_16k,24,20260926,gaussian_bf16_scalar_bracket_binary_v1,13,7,True,2.8442281657881097e-05,2.8442279962589003e-05,21,cuda:0,bfloat16,3.584337946449523e-07,4.115903173840252e-10,0.9988516977931957,True,32,24,float32,3.586565924251772e-07,0.0006215869807857544,True,3.584337946449523e-07,False,0.001,5927571db30e4f147ed8cf17e26e97120110bc323d5269bc9cb5fb99e04a35d8,"[2048, 6144]",6424199178537029396,3.584337946449523e-07
ruler_niah_multivalue_16k:0498,ruler_niah_multivalue_16k,24,20260927,gaussian_bf16_scalar_bracket_binary_v1,8,7,True,2.8943528917579897e-05,2.8943527192411136e-05,16,cuda:0,bfloat16,3.584337946449523e-07,3.540633897181067e-10,0.999012193060454,True,32,24,float32,3.5870493775291834e-07,0.0007564663600836966,True,3.584337946449523e-07,False,0.001,b881ae510d7c15ee3b3eac67b33674cf004f5ece1104fe99635ae805cc34a51a,"[2048, 6144]",4071727201261458926,3.584337946449523e-07
ruler_niah_multivalue_16k:0498,ruler_niah_multivalue_16k,24,20260928,gaussian_bf16_scalar_bracket_binary_v1,10,7,True,2.932436482439016e-05,2.932436482439016e-05,18,cuda:0,bfloat16,3.584337946449523e-07,5.107701483986204e-10,0.9985749944451957,True,32,24,float32,3.584711123494344e-07,0.00010411324222116286,True,3.584337946449523e-07,False,0.001,dacd978582ab7e5a5aa1fbec83a55763d0509a312ff366ad866830e1f1304305,"[2048, 6144]",6543052433317920346,3.584337946449523e-07
ruler_niah_multivalue_16k:0498,ruler_niah_multivalue_16k,24,20260929,gaussian_bf16_scalar_bracket_binary_v1,7,7,True,2.921235426356361e-05,2.9212352522371612e-05,15,cuda:0,bfloat16,3.584337946449523e-07,3.343775534236926e-10,0.999067114880295,True,32,24,float32,3.585278420814575e-07,0.00026238440099758404,True,3.584337946449523e-07,False,0.001,6d209bf32d9917d6b67b74a4f7c0e58a61b189d2265fa90f256fa93f4619513c,"[2048, 6144]",7863456418133252054,3.584337946449523e-07
ruler_niah_multivalue_16k:0498,ruler_niah_multivalue_16k,24,20260930,gaussian_bf16_scalar_bracket_binary_v1,32,7,True,2.9304762976245513e-05,2.9304761229545527e-05,40,cuda:0,bfloat16,3.584337946449523e-07,5.270928138401132e-10,0.9985294555878521,True,32,24,float32,3.578153666694561e-07,0.0017253617954990728,True,3.584337946449523e-07,False,0.001,816392e1078a37288d085bf4c90171d2a870a0d07aa970d9f8bac0e63c8c3bd3,"[2048, 6144]",100085111924078376,3.584337946449523e-07
ruler_qa_hotpotqa_16k:0023,ruler_qa_hotpotqa_16k,12,20260926,gaussian_bf16_scalar_bracket_binary_v1,32,7,True,1.7101707685540646e-05,1.7101707685540646e-05,40,cuda:0,bfloat16,1.6384869638841337e-07,8.761413122782002e-11,0.9994652741635482,True,32,24,float32,1.6269400759938435e-07,0.007047287006127672,True,1.6384869638841337e-07,False,0.001,a317571b3d9a9bb06a8b0f72d1dad11fa435853cff3f19874ebf0a10e7292968,"[2048, 6144]",2528585490301098928,1.6384869638841337e-07
ruler_qa_hotpotqa_16k:0023,ruler_qa_hotpotqa_16k,12,20260927,gaussian_bf16_scalar_bracket_binary_v1,10,7,True,1.7050504967919267e-05,1.7050503951629973e-05,18,cuda:0,bfloat16,1.6384869638841337e-07,1.4033359196918838e-10,0.999143517189563,True,32,24,float32,1.636890516465428e-07,0.0009743424597784511,True,1.6384869638841337e-07,False,0.001,efd8f9b6acd6c6d1d08b59ccd8419b5c8f653cb097c8b3214be6afda554d21c1,"[2048, 6144]",8059466096158623441,1.6384869638841337e-07
ruler_qa_hotpotqa_16k:0023,ruler_qa_hotpotqa_16k,12,20260928,gaussian_bf16_scalar_bracket_binary_v1,32,7,True,1.672536771102351e-05,1.672536771102351e-05,40,cuda:0,bfloat16,1.6384869638841337e-07,1.5280593457234204e-10,0.9990673960920012,True,32,24,float32,1.6367486921353702e-07,0.0010609005668515234,True,1.6384869638841337e-07,False,0.001,4ef3014fabbd89889a4ec6376c1586a7b8dadd8b4d39a9c11e414697b78acd7d,"[2048, 6144]",5688892195994438024,1.6384869638841337e-07
ruler_qa_hotpotqa_16k:0023,ruler_qa_hotpotqa_16k,12,20260929,gaussian_bf16_scalar_bracket_binary_v1,32,7,True,1.7060745511443542e-05,1.7060744494543867e-05,40,cuda:0,bfloat16,1.6384869638841337e-07,2.1191030874501138e-10,0.998706670767507,True,32,24,float32,1.6349400766557665e-07,0.002164733260958729,True,1.6384869638841337e-07,False,0.001,4f3dc82dbab3785999d7fd85c177bf97af2ce03c2f45f41ec99d3abbb512e088,"[2048, 6144]",5709940001307064409,1.6384869638841337e-07
ruler_qa_hotpotqa_16k:0023,ruler_qa_hotpotqa_16k,12,20260930,gaussian_bf16_scalar_bracket_binary_v1,32,7,True,1.6389989910603475e-05,1.6389989910603475e-05,40,cuda:0,bfloat16,1.6384869638841337e-07,1.729475312961526e-10,0.9989444680665254,True,32,24,float32,1.6413015657690266e-07,0.0017178054796485672,True,1.6384869638841337e-07,False,0.001,3a268a978f5eb146aa4f92fb8b19f0b0d7510d3ee14df6df727c89af0448280a,"[2048, 6144]",4190188886864867654,1.6384869638841337e-07
ruler_qa_hotpotqa_16k:0031,ruler_qa_hotpotqa_16k,0,20260926,gaussian_bf16_scalar_bracket_binary_v1,6,7,True,1.754922024588268e-05,1.754922024588268e-05,14,cuda:0,bfloat16,1.6100202060442825e-07,1.1933458388124762e-10,0.999258800706766,True,32,24,float32,1.6089150278730813e-07,0.0006864374540469976,True,1.6100202060442825e-07,False,0.001,bc4f6c2b67b119d599b31bdbe078a76a96c79db348b4e0e7b9247c9d4b487799,"[2048, 6144]",4345811099114871253,1.6100202060442825e-07
ruler_qa_hotpotqa_16k:0031,ruler_qa_hotpotqa_16k,0,20260927,gaussian_bf16_scalar_bracket_binary_v1,32,7,True,1.807247681284707e-05,1.807247681284707e-05,40,cuda:0,bfloat16,1.6100202060442825e-07,1.3035950097162186e-10,0.9991903238202712,True,32,24,float32,1.623691190388854e-07,0.008491188056676768,True,1.6100202060442825e-07,False,0.001,eeb20b726dff80352f38426714d3143986f9c80e42f8e523056ff6f04fe98154,"[2048, 6144]",7976450476126208053,1.6100202060442825e-07
ruler_qa_hotpotqa_16k:0031,ruler_qa_hotpotqa_16k,0,20260928,gaussian_bf16_scalar_bracket_binary_v1,32,7,True,1.7005838426342734e-05,1.7005838426342734e-05,40,cuda:0,bfloat16,1.6100202060442825e-07,4.601719699737217e-11,0.9997141824877438,True,32,24,float32,1.6063509633568174e-07,0.002279004122861448,True,1.6100202060442825e-07,False,0.001,104a028f97899b5fa81baa8b4779c02b3df67e5920e6e9ea3aff390d717b58b7,"[2048, 6144]",1173753468629392223,1.6100202060442825e-07
ruler_qa_hotpotqa_16k:0031,ruler_qa_hotpotqa_16k,0,20260929,gaussian_bf16_scalar_bracket_binary_v1,4,7,True,1.738821822527825e-05,1.738821822527825e-05,12,cuda:0,bfloat16,1.6100202060442825e-07,4.8808606462058535e-11,0.9996968447583526,True,32,24,float32,1.6095637533908302e-07,0.0002835074067633993,True,1.6100202060442825e-07,False,0.001,776c01e9c97fb000ce373aa5e55bda3236f19c0c9600af89c61b9a6f01d853e2,"[2048, 6144]",8605255091617771520,1.6100202060442825e-07
ruler_qa_hotpotqa_16k:0031,ruler_qa_hotpotqa_16k,0,20260930,gaussian_bf16_scalar_bracket_binary_v1,6,7,True,1.754922024588268e-05,1.754921919986764e-05,14,cuda:0,bfloat16,1.6100202060442825e-07,1.0913936421275139e-10,0.9993221242578011,True,32,24,float32,1.6085131449017354e-07,0.0009360510737004513,True,1.6100202060442825e-07,False,0.001,031073b17ea9ad0d1169e77c896f3c4cdc94c3efd5cbae2ee2bf63b6c1217927,"[2048, 6144]",220803587912609037,1.6100202060442825e-07
ruler_qa_hotpotqa_16k:0031,ruler_qa_hotpotqa_16k,6,20260926,gaussian_bf16_scalar_bracket_binary_v1,4,7,True,1.536906921728587e-05,1.536906921728587e-05,12,cuda:0,bfloat16,1.536906921728587e-07,1.3015628852475203e-10,0.9991531283600548,True,32,24,float32,1.5365763772479113e-07,0.00021507124211779153,True,1.536906921728587e-07,False,0.001,fac126aebc2db4e1b969a7b40e76ad79369990fb92b6acd02de8b81175e733ed,"[2048, 6144]",8845393675055641825,1.536906921728587e-07
ruler_qa_hotpotqa_16k:0031,ruler_qa_hotpotqa_16k,6,20260927,gaussian_bf16_scalar_bracket_binary_v1,7,7,True,1.636805871640945e-05,1.6368057740797125e-05,15,cuda:0,bfloat16,1.536906921728587e-07,5.820766091346741e-11,0.9996212674945337,True,32,24,float32,1.5374440920368215e-07,0.00034951388443905934,True,1.536906921728587e-07,False,0.001,1688316db0a38efd82965c9b43c8f26d1d3032e39fcfac3374f5c90b2bba7364,"[2048, 6144]",1623602012851769085,1.536906921728587e-07
ruler_qa_hotpotqa_16k:0031,ruler_qa_hotpotqa_16k,6,20260928,gaussian_bf16_scalar_bracket_binary_v1,9,7,True,1.6195156687714984e-05,1.6195156687714984e-05,17,cuda:0,bfloat16,1.536906921728587e-07,1.646361241780525e-10,0.9989287827268493,True,32,24,float32,1.5365888828000607e-07,0.00020693441094566528,True,1.536906921728587e-07,False,0.001,a2a2c74322bda3087e3c24c160cb6c491ed6bca72829224409e51635db8bbf22,"[2048, 6144]",2495776234676265736,1.536906921728587e-07
ruler_qa_hotpotqa_16k:0031,ruler_qa_hotpotqa_16k,6,20260929,gaussian_bf16_scalar_bracket_binary_v1,32,7,True,1.5914190891086477e-05,1.5914190891086477e-05,40,cuda:0,bfloat16,1.536906921728587e-07,8.231806208902626e-11,0.9994643913634247,True,32,24,float32,1.5339547587700508e-07,0.0019208469405653488,True,1.536906921728587e-07,False,0.001,f7e78f82132a113a06556151f491b0754e414ebd1b624bc341618fbc2562878d,"[2048, 6144]",8640032198963630394,1.536906921728587e-07
ruler_qa_hotpotqa_16k:0031,ruler_qa_hotpotqa_16k,6,20260930,gaussian_bf16_scalar_bracket_binary_v1,32,7,True,1.618795243651938e-05,1.618795243651938e-05,40,cuda:0,bfloat16,1.536906921728587e-07,1.3015628852475203e-10,0.9991531283600548,True,32,24,float32,1.534547493520222e-07,0.0015351796358046832,True,1.536906921728587e-07,False,0.001,8438a381c0f11c46c96f9e20da690d0b0228634974490052f0008107d6d84abc,"[2048, 6144]",304172752530644038,1.536906921728587e-07
ruler_qa_hotpotqa_16k:0031,ruler_qa_hotpotqa_16k,12,20260926,gaussian_bf16_scalar_bracket_binary_v1,32,7,True,2.8553679492504536e-05,2.8553679492504536e-05,40,cuda:0,bfloat16,3.810133932802273e-07,7.609204932812474e-10,0.9980029035548322,True,32,24,float32,3.8260540691226197e-07,0.004178366587926629,True,3.810133932802273e-07,False,0.001,973aac07b1b7c74b5a9db4e84f2f277932114b6a3e2b3786efb5768fb549b2ef,"[2048, 6144]",1673839360567920459,3.810133932802273e-07
ruler_qa_hotpotqa_16k:0031,ruler_qa_hotpotqa_16k,12,20260927,gaussian_bf16_scalar_bracket_binary_v1,6,7,True,3.0100058069137958e-05,3.0100058069137958e-05,14,cuda:0,bfloat16,3.810133932802273e-07,5.23110499361934e-10,0.9986270548264502,True,32,24,float32,3.8099605603747477e-07,4.5502974589124923e-05,True,3.810133932802273e-07,False,0.001,30005f8029e4e87a8c221baf7d424ae0353e3cf93c07dae19128929d1ac9df77,"[2048, 6144]",3458869517883861114,3.810133932802273e-07
ruler_qa_hotpotqa_16k:0031,ruler_qa_hotpotqa_16k,12,20260928,gaussian_bf16_scalar_bracket_binary_v1,7,7,True,2.8766511192657163e-05,2.8766511192657163e-05,15,cuda:0,bfloat16,3.810133932802273e-07,8.506338411429226e-10,0.9977674437273198,True,32,24,float32,3.808284816386731e-07,0.00048531533225712584,True,3.810133932802273e-07,False,0.001,be2893563820bfab1e97d76c5b52c0a5b69cc3bfe42bf18b3ea2c8dd0fd0a932,"[2048, 6144]",4478991827938099115,3.810133932802273e-07
ruler_qa_hotpotqa_16k:0031,ruler_qa_hotpotqa_16k,12,20260929,gaussian_bf16_scalar_bracket_binary_v1,32,7,True,2.944109838212694e-05,2.944109838212694e-05,40,cuda:0,bfloat16,3.810133932802273e-07,5.074947684313713e-10,0.9986680395561368,True,32,24,float32,3.8047312500566477e-07,0.0014179771212535666,True,3.810133932802273e-07,False,0.001,3753761dad95bfc390e1b345c0f55d061bcf6efde888bbf6fbe71f5071aaa62b,"[2048, 6144]",3986659964991422403,3.810133932802273e-07
ruler_qa_hotpotqa_16k:0031,ruler_qa_hotpotqa_16k,12,20260930,gaussian_bf16_scalar_bracket_binary_v1,11,7,True,3.008815140059795e-05,3.008815140059795e-05,19,cuda:0,bfloat16,3.810133932802273e-07,6.396224661031624e-10,0.9983212598890645,True,32,24,float32,3.813854050349619e-07,0.0009763744826181248,True,3.810133932802273e-07,False,0.001,79e834b2aa0fbdbf6ab07393eda67d4ac16ae9959fc9735b509195a93e766015,"[2048, 6144]",8784329015148133823,3.810133932802273e-07
ruler_qa_hotpotqa_16k:0031,ruler_qa_hotpotqa_16k,18,20260926,gaussian_bf16_scalar_bracket_binary_v1,32,7,True,1.5967852764475765e-05,1.5967852764475765e-05,40,cuda:0,bfloat16,1.51511130752624e-07,1.3015628852475203e-10,0.9991409456989846,True,32,24,float32,1.505499653831066e-07,0.006343859786029327,True,1.51511130752624e-07,False,0.001,6cb048470d196e9c64f31c2fabdbc86f5f214137b03f3043274bf10942455967,"[2048, 6144]",7831839221996940956,1.51511130752624e-07
ruler_qa_hotpotqa_16k:0031,ruler_qa_hotpotqa_16k,18,20260927,gaussian_bf16_scalar_bracket_binary_v1,32,7,True,1.5293154760342986e-05,1.5293154760342986e-05,40,cuda:0,bfloat16,1.51511130752624e-07,1.4257907354764399e-10,0.9990589531419943,True,32,24,float32,1.5115809048893425e-07,0.0023301275750240488,True,1.51511130752624e-07,False,0.001,d2763c3312253b3bbc627cb3521bc1a4af6792037256172ca0730179f2e036c6,"[2048, 6144]",5942002948407376699,1.51511130752624e-07
ruler_qa_hotpotqa_16k:0031,ruler_qa_hotpotqa_16k,18,20260928,gaussian_bf16_scalar_bracket_binary_v1,13,7,True,1.548846207732879e-05,1.5488461154144512e-05,21,cuda:0,bfloat16,1.51511130752624e-07,9.203439399474433e-11,0.9993925568798968,True,32,24,float32,1.5161060673563043e-07,0.0006565589109676103,True,1.51511130752624e-07,False,0.001,c0b9505a09aef639149fb8fd93f599a188fa807aac9cdd84e723ba99d4dc6cba,"[2048, 6144]",4663847236758599225,1.51511130752624e-07
ruler_qa_hotpotqa_16k:0031,ruler_qa_hotpotqa_16k,18,20260929,gaussian_bf16_scalar_bracket_binary_v1,6,7,True,1.590866872902552e-05,1.5908667780794973e-05,14,cuda:0,bfloat16,1.51511130752624e-07,2.057951586920126e-10,0.9986417159078034,True,32,24,float32,1.513889458237827e-07,0.0008064419309285019,True,1.51511130752624e-07,False,0.001,45f507a4d079e2c95e613e66183fea441b36ef05b5798f44aed7cc38d0fc5b0c,"[2048, 6144]",5040943762364818121,1.51511130752624e-07
ruler_qa_hotpotqa_16k:0031,ruler_qa_hotpotqa_16k,18,20260930,gaussian_bf16_scalar_bracket_binary_v1,7,7,True,1.5984424294401833e-05,1.59844233416559e-05,15,cuda:0,bfloat16,1.51511130752624e-07,4.115903104451313e-11,0.9997283431861405,True,32,24,float32,1.514349321496411e-07,0.0005029241258011894,True,1.51511130752624e-07,False,0.001,80ca0aa9fa68d5f25e06926ef931c027a2807c4e5c48f6572efe42d73275e41d,"[2048, 6144]",56869670462477810,1.51511130752624e-07
ruler_qa_hotpotqa_16k:0031,ruler_qa_hotpotqa_16k,24,20260926,gaussian_bf16_scalar_bracket_binary_v1,7,6,True,5.288227015398661e-05,5.288227015398661e-05,14,cuda:0,bfloat16,8.633840025140671e-07,1.9558119568330312e-09,0.9977347136950211,True,32,24,float32,8.625235636827711e-07,0.0009965888049703953,True,8.633840025140671e-07,False,0.001,9c98edee24f7ded93c517daa74cb93d17ded7c723508653fbfdc3ed269288070,"[2048, 6144]",2060658436600225497,8.633840025140671e-07
ruler_qa_hotpotqa_16k:0031,ruler_qa_hotpotqa_16k,24,20260927,gaussian_bf16_scalar_bracket_binary_v1,9,6,True,5.099361764848709e-05,5.0993614609030625e-05,16,cuda:0,bfloat16,8.633840025140671e-07,2.2879387273633256e-09,0.9973500334489623,True,32,24,float32,8.641744102533266e-07,0.0009154764704441664,True,8.633840025140671e-07,False,0.001,a56e4a3a571c47fbd7d40b9c2a351c5df5c1d5cb3946f3efa69a6db6fd08c5f4,"[2048, 6144]",2697174841271535611,8.633840025140671e-07
ruler_qa_hotpotqa_16k:0031,ruler_qa_hotpotqa_16k,24,20260928,gaussian_bf16_scalar_bracket_binary_v1,9,6,True,5.228869365225819e-05,5.228869365225819e-05,16,cuda:0,bfloat16,8.633840025140671e-07,2.0272650225194866e-09,0.9976519543834304,True,32,24,float32,8.633488732812111e-07,4.068784313085184e-05,True,8.633840025140671e-07,False,0.001,b08ed538328305fe5b8c1cccd621cec6d21b51fac6a86322a97b8047dcdacb91,"[2048, 6144]",3498968397855786494,8.633840025140671e-07
ruler_qa_hotpotqa_16k:0031,ruler_qa_hotpotqa_16k,24,20260929,gaussian_bf16_scalar_bracket_binary_v1,8,6,True,5.363773115618642e-05,5.363772476207059e-05,15,cuda:0,bfloat16,8.633840025140671e-07,1.7471997182383348e-09,0.9979763353118072,True,32,24,float32,8.631989203422563e-07,0.00021436831267646213,True,8.633840025140671e-07,False,0.001,1f370d2bbcb2fb0753a8352ba5f8ef5c981a2d9ffa1007c153a482e36d79ac58,"[2048, 6144]",2249281020395453191,8.633840025140671e-07
ruler_qa_hotpotqa_16k:0031,ruler_qa_hotpotqa_16k,24,20260930,gaussian_bf16_scalar_bracket_binary_v1,13,6,True,5.3910911250731886e-05,5.391090803739117e-05,20,cuda:0,bfloat16,8.633840025140671e-07,2.075982497018458e-09,0.9975955281879517,True,32,24,float32,8.63754053170851e-07,0.00042860494948518684,True,8.633840025140671e-07,False,0.001,cf1019a7ade4eff0c88ed63c7b68a3d606fb6a5c405bcdbc70c62056c9258f03,"[2048, 6144]",5697081736591372272,8.633840025140671e-07
ruler_qa_hotpotqa_16k:0059,ruler_qa_hotpotqa_16k,18,20260926,gaussian_bf16_scalar_bracket_binary_v1,7,7,True,1.6153682729225238e-05,1.6153681766390717e-05,15,cuda:0,bfloat16,1.6234857014296722e-07,1.8406878798948867e-10,0.9988662124475295,True,32,24,float32,1.6239721389865736e-07,0.0002996254025970161,True,1.6234857014296722e-07,False,0.001,a7a80bbfaa994b6098d250fc2a5b888efe7fd4fc2ea6ddb0ac59c24de27a4797,"[2048, 6144]",2857546881395411808,1.6234857014296722e-07
ruler_qa_hotpotqa_16k:0059,ruler_qa_hotpotqa_16k,18,20260927,gaussian_bf16_scalar_bracket_binary_v1,7,7,True,1.712777415008304e-05,1.7127772108293253e-05,15,cuda:0,bfloat16,1.6234857014296722e-07,1.6970302940677584e-10,0.9989546995747648,True,32,24,float32,1.6250744749868318e-07,0.0009786187557799123,True,1.6234857014296722e-07,False,0.001,1d7604e2b70125a42d4439609fa3fd9eb18d4ee52aebc41a52ec0683ebe8f410,"[2048, 6144]",2122889646131193252,1.6234857014296722e-07
ruler_qa_hotpotqa_16k:0059,ruler_qa_hotpotqa_16k,18,20260928,gaussian_bf16_scalar_bracket_binary_v1,32,7,True,1.6671168796555946e-05,1.6671168796555946e-05,40,cuda:0,bfloat16,1.6234857014296722e-07,1.4551915228366852e-10,0.9991036622487312,True,32,24,float32,1.625455183784652e-07,0.0012131196186362975,True,1.6234857014296722e-07,False,0.001,39d4c734d13c5064c19b27a9a4f676ba60b5fee2475f35c8db0d45f3bb17c162,"[2048, 6144]",4167174584887169124,1.6234857014296722e-07
ruler_qa_hotpotqa_16k:0059,ruler_qa_hotpotqa_16k,18,20260929,gaussian_bf16_scalar_bracket_binary_v1,10,7,True,1.6894398080502526e-05,1.6894396066533335e-05,18,cuda:0,bfloat16,1.6234857014296722e-07,1.3337050908113213e-10,0.9991784928628341,True,32,24,float32,1.6223931709191675e-07,0.0006729535773198538,True,1.6234857014296722e-07,False,0.001,598dac6a4e5547ed6d34e7e522e92d3e1b475b1bd818f66f42f45fbb311d7564,"[2048, 6144]",6453003413672511469,1.6234857014296722e-07
ruler_qa_hotpotqa_16k:0059,ruler_qa_hotpotqa_16k,18,20260930,gaussian_bf16_scalar_bracket_binary_v1,32,7,True,1.6610288082752334e-05,1.6610287092702013e-05,40,cuda:0,bfloat16,1.6234857014296722e-07,8.731149137020111e-11,0.9994621973492387,True,32,24,float32,1.621840226562199e-07,0.0010135444162053314,True,1.6234857014296722e-07,False,0.001,b4970195f260c191f9bda43300fc5af3655e524fece9bb90e813790a3a74deca,"[2048, 6144]",3789499354983743889,1.6234857014296722e-07
ruler_qa_hotpotqa_16k:0118,ruler_qa_hotpotqa_16k,6,20260926,gaussian_bf16_scalar_bracket_binary_v1,9,7,True,1.9749028348670095e-05,1.9749028348670095e-05,17,cuda:0,bfloat16,2.0761133612268168e-07,3.540633897181067e-10,0.9982945854675831,True,32,24,float32,2.077313041581874e-07,0.0005778491567283388,True,2.0761133612268168e-07,False,0.001,386a745872339a82b8ecfc211beed4f1526c3b3693d8507743f814eb8634fc6b,"[2048, 6144]",4065189536877222530,2.0761133612268168e-07
ruler_qa_hotpotqa_16k:0118,ruler_qa_hotpotqa_16k,6,20260927,gaussian_bf16_scalar_bracket_binary_v1,10,7,True,1.8879655878656365e-05,1.8879655878656365e-05,18,cuda:0,bfloat16,2.0761133612268168e-07,1.7462298274040222e-10,0.999158894759787,True,32,24,float32,2.0744334960909327e-07,0.0008091394079229677,True,2.0761133612268168e-07,False,0.001,bdb2c2370960b4d36c1f415be5812f756f3efc8c2854c0283ba052c1d744fc95,"[2048, 6144]",4445829323804423379,2.0761133612268168e-07
ruler_qa_hotpotqa_16k:0118,ruler_qa_hotpotqa_16k,6,20260928,gaussian_bf16_scalar_bracket_binary_v1,7,7,True,1.9204048591348055e-05,1.9204048591348055e-05,15,cuda:0,bfloat16,2.0761133612268168e-07,5.820766091346741e-11,0.9997196315865957,True,32,24,float32,2.077355105711831e-07,0.0005981101553532604,True,2.0761133612268168e-07,False,0.001,7b57e768906cc7097eceaa55f414eb9e97212f11e944b137152a4cba301bf2cb,"[2048, 6144]",8887826825924626185,2.0761133612268168e-07
ruler_qa_hotpotqa_16k:0118,ruler_qa_hotpotqa_16k,6,20260929,gaussian_bf16_scalar_bracket_binary_v1,32,7,True,1.9327317822170897e-05,1.9327317822170897e-05,40,cuda:0,bfloat16,2.0761133612268168e-07,1.3015628852475203e-10,0.9993730771596796,True,32,24,float32,2.0710220383080014e-07,0.002452333776131982,True,2.0761133612268168e-07,False,0.001,a1cb405cc4d83f2daea398b4da6df5ae8686d30e6feb2c30abaf2f3d980a1560,"[2048, 6144]",2435110790707560237,2.0761133612268168e-07
ruler_qa_hotpotqa_16k:0118,ruler_qa_hotpotqa_16k,6,20260930,gaussian_bf16_scalar_bracket_binary_v1,32,7,True,1.888452176934674e-05,1.888452176934674e-05,40,cuda:0,bfloat16,2.0761133612268168e-07,2.9103830456733704e-10,0.9985981579329783,True,32,24,float32,2.0851013005085406e-07,0.004329214121724384,True,2.0761133612268168e-07,False,0.001,ac822a3a8c999790da6e65b3aa8eba7fea2b7c44e91bcac72e09031274b51476,"[2048, 6144]",3207172315596560272,2.0761133612268168e-07
ruler_qa_hotpotqa_16k:0191,ruler_qa_hotpotqa_16k,0,20260926,gaussian_bf16_scalar_bracket_binary_v1,32,7,True,1.5859419271180286e-05,1.5859419271180286e-05,40,cuda:0,bfloat16,1.346872124941001e-07,2.4393453923465813e-10,0.9981888812254887,True,32,24,float32,1.3497592021849414e-07,0.0021435422045481163,True,1.346872124941001e-07,False,0.001,92ee3904c7688f37833fb4c4d76b71b90143a073f69ed45db5f35f504445158e,"[2048, 6144]",1364090429828009783,1.346872124941001e-07
ruler_qa_hotpotqa_16k:0191,ruler_qa_hotpotqa_16k,0,20260927,gaussian_bf16_scalar_bracket_binary_v1,32,7,True,1.467669718646647e-05,1.467669718646647e-05,40,cuda:0,bfloat16,1.346872124941001e-07,6.825453396919201e-11,0.9994932367170923,True,32,24,float32,1.348558669178601e-07,0.0012521932901937904,True,1.346872124941001e-07,False,0.001,a11a806aead363613d17e08ed33fe40fe178363674682ffab8ef3b60972de5a0,"[2048, 6144]",2385360149340709729,1.346872124941001e-07
ruler_qa_hotpotqa_16k:0191,ruler_qa_hotpotqa_16k,0,20260928,gaussian_bf16_scalar_bracket_binary_v1,10,7,True,1.5042878045434804e-05,1.5042878045434804e-05,18,cuda:0,bfloat16,1.346872124941001e-07,6.043864020366385e-11,0.9995512666786662,True,32,24,float32,1.346461857565373e-07,0.0003046075184352437,True,1.346872124941001e-07,False,0.001,e89488ace60ff1ef0d13e77f95e7e4bc561a9094028bd91ed81356aa287e1d30,"[2048, 6144]",7535798352673239535,1.346872124941001e-07
ruler_qa_hotpotqa_16k:0191,ruler_qa_hotpotqa_16k,0,20260929,gaussian_bf16_scalar_bracket_binary_v1,8,7,True,1.5185983208709786e-05,1.5185983208709786e-05,16,cuda:0,bfloat16,1.346872124941001e-07,9.430718705960572e-11,0.9992998059332192,True,32,24,float32,1.3456968872560537e-07,0.0008725681252024474,True,1.346872124941001e-07,False,0.001,cc5fbe96bb666b7b06770dcf85130d34dce0f02689699c300b3d8eeaa9527ae7,"[2048, 6144]",5503326824268458875,1.346872124941001e-07
ruler_qa_hotpotqa_16k:0191,ruler_qa_hotpotqa_16k,0,20260930,gaussian_bf16_scalar_bracket_binary_v1,9,7,True,1.5775239763371474e-05,1.5775239763371474e-05,17,cuda:0,bfloat16,1.346872124941001e-07,1.0140763923027762e-10,0.9992470878463334,True,32,24,float32,1.3474925708578667e-07,0.0004606568844780998,True,1.346872124941001e-07,False,0.001,9779bd7a3545ba16d014087f1c7c6e7f5b89c034f2b7654382c4f4f3435a14fc,"[2048, 6144]",1691591467631753750,1.346872124941001e-07
ruler_qa_hotpotqa_16k:0312,ruler_qa_hotpotqa_16k,18,20260926,gaussian_bf16_scalar_bracket_binary_v1,7,7,True,1.873326873891301e-05,1.873326873891301e-05,15,cuda:0,bfloat16,1.882740576775177e-07,1.0081862428235056e-10,0.9994645113324373,True,32,24,float32,1.8819351055299194e-07,0.0004278184977758797,True,1.882740576775177e-07,False,0.001,834bc430b7561a37a1af9d2a95d3b35399deb32955199fcc29306c8857bdabe9,"[2048, 6144]",237499118880430647,1.882740576775177e-07
ruler_qa_hotpotqa_16k:0312,ruler_qa_hotpotqa_16k,18,20260927,gaussian_bf16_scalar_bracket_binary_v1,32,7,True,1.8386138445070088e-05,1.8386138445070088e-05,40,cuda:0,bfloat16,1.882740576775177e-07,1.8861437411921145e-10,0.9989981924411366,True,32,24,float32,1.8766738207887101e-07,0.0032223005449100355,True,1.882740576775177e-07,False,0.001,80416921c6b6e105c04b99028fcc8866dfec929b6bea4cfce9b8e4c2fbbd09de,"[2048, 6144]",18411467274903813,1.882740576775177e-07
ruler_qa_hotpotqa_16k:0312,ruler_qa_hotpotqa_16k,18,20260928,gaussian_bf16_scalar_bracket_binary_v1,10,7,True,1.8909775667985684e-05,1.8909775667985684e-05,18,cuda:0,bfloat16,1.882740576775177e-07,1.7462298274040222e-10,0.9990725064042573,True,32,24,float32,1.8836564663615718e-07,0.00048646616410824713,True,1.882740576775177e-07,False,0.001,ec6716184389a90b6a26368eacfeb9b7091a0fab72f37d18f8d83baeec8ccc14,"[2048, 6144]",7811236372165536011,1.882740576775177e-07
ruler_qa_hotpotqa_16k:0312,ruler_qa_hotpotqa_16k,18,20260929,gaussian_bf16_scalar_bracket_binary_v1,8,7,True,1.9533433484042462e-05,1.9533432319759097e-05,16,cuda:0,bfloat16,1.882740576775177e-07,1.6970302940677584e-10,0.9990986382749691,True,32,24,float32,1.880963367284494e-07,0.0009439481533495327,True,1.882740576775177e-07,False,0.001,dd8932231192cb66083a0c3b29a065fed7d99cabc18902a78dd6e27300b0057d,"[2048, 6144]",6739973443536735078,1.882740576775177e-07
ruler_qa_hotpotqa_16k:0312,ruler_qa_hotpotqa_16k,18,20260930,gaussian_bf16_scalar_bracket_binary_v1,7,7,True,1.9298090911945565e-05,1.929808976168971e-05,15,cuda:0,bfloat16,1.882740576775177e-07,2.8811322771993275e-10,0.9984697136117743,True,32,24,float32,1.882112456996765e-07,0.00033361992945825483,True,1.882740576775177e-07,False,0.001,183ba93a0010261119724d0c9dc24dd591630792f8d0f897ba50841ef510bd4a,"[2048, 6144]",1746175347110454801,1.882740576775177e-07
ruler_qa_hotpotqa_16k:0337,ruler_qa_hotpotqa_16k,6,20260926,gaussian_bf16_scalar_bracket_binary_v1,10,7,True,2.605573654435034e-05,2.605573654435034e-05,18,cuda:0,bfloat16,3.0676363849124755e-07,4.583275703406997e-10,0.9985059260198018,True,32,24,float32,3.0657852789772733e-07,0.0006034306883001154,True,3.0676363849124755e-07,False,0.001,b29058cf9be0b0f99e772e3e152078437efe5c7794988e7f7caee53818f2687a,"[2048, 6144]",3643509747239399673,3.0676363849124755e-07
ruler_qa_hotpotqa_16k:0337,ruler_qa_hotpotqa_16k,6,20260927,gaussian_bf16_scalar_bracket_binary_v1,32,7,True,2.5643522905127725e-05,2.5643522905127725e-05,40,cuda:0,bfloat16,3.0676363849124755e-07,4.3655745685100555e-10,0.9985768930796423,True,32,24,float32,3.061713016450085e-07,0.001930922612446293,True,3.0676363849124755e-07,False,0.001,78a981af6bc0adc03c6deab49cc2da1c92150e2b1fe9c4156283ff7bf3153303,"[2048, 6144]",8694623146042502592,3.0676363849124755e-07
ruler_qa_hotpotqa_16k:0337,ruler_qa_hotpotqa_16k,6,20260928,gaussian_bf16_scalar_bracket_binary_v1,9,7,True,2.542303653996214e-05,2.542303653996214e-05,17,cuda:0,bfloat16,3.0676363849124755e-07,1.8406878798948867e-10,0.9993999654297531,True,32,24,float32,3.067312661642063e-07,0.00010552856655517143,True,3.0676363849124755e-07,False,0.001,2c0940271d3a9247189ffbda81355a487e49f425177d87bc8d4426059ae5e580,"[2048, 6144]",3173137949197505095,3.0676363849124755e-07
ruler_qa_hotpotqa_16k:0337,ruler_qa_hotpotqa_16k,6,20260929,gaussian_bf16_scalar_bracket_binary_v1,8,7,True,2.5077927446659487e-05,2.5077927446659487e-05,16,cuda:0,bfloat16,3.0676363849124755e-07,4.592506930300999e-10,0.9985029167886754,True,32,24,float32,3.0688198648931575e-07,0.0003857953916907233,True,3.0676363849124755e-07,False,0.001,8c6360a1d043d03ffc56dd825b67885cc52beaef462426b43e234640e7ad9540,"[2048, 6144]",892663399249596479,3.0676363849124755e-07
ruler_qa_hotpotqa_16k:0337,ruler_qa_hotpotqa_16k,6,20260930,gaussian_bf16_scalar_bracket_binary_v1,9,7,True,2.5116272901470893e-05,2.5116272901470893e-05,17,cuda:0,bfloat16,3.0676363849124755e-07,4.3655745685100555e-10,0.9985768930796423,True,32,24,float32,3.068631713176728e-07,0.000324460965826348,True,3.0676363849124755e-07,False,0.001,c4e5fe7e84a846384eb66d1dbf790caa8f5290a2a3a4559b13ab9071a775390e,"[2048, 6144]",4964653983590794808,3.0676363849124755e-07
ruler_qa_hotpotqa_16k:0348,ruler_qa_hotpotqa_16k,0,20260926,gaussian_bf16_scalar_bracket_binary_v1,4,7,True,1.5226364041609486e-05,1.5226362226485446e-05,12,cuda:0,bfloat16,1.4098485223712487e-07,5.866064578530228e-11,0.9995839223515542,True,32,24,float32,1.4096143274855422e-07,0.00016611350935250306,True,1.4098485223712487e-07,False,0.001,6c99a104fb40c343f1bba94eeb29a238e69cb6441b78463cf8f672796d36a725,"[2048, 6144]",7825462870300214083,1.4098485223712487e-07
ruler_qa_hotpotqa_16k:0348,ruler_qa_hotpotqa_16k,0,20260927,gaussian_bf16_scalar_bracket_binary_v1,10,7,True,1.646879305194915e-05,1.646879305194915e-05,18,cuda:0,bfloat16,1.4098485223712487e-07,6.384626854982756e-11,0.9995471409336767,True,32,24,float32,1.409970309396158e-07,8.638305674459655e-05,True,1.4098485223712487e-07,False,0.001,7ec2e5b25e1eaf9b7d1188896803688a5a6e7b95bf8f4e9a1697fdffdf05afdf,"[2048, 6144]",9134115548506795931,1.4098485223712487e-07
ruler_qa_hotpotqa_16k:0348,ruler_qa_hotpotqa_16k,0,20260928,gaussian_bf16_scalar_bracket_binary_v1,9,7,True,1.6160388687680438e-05,1.6160387724446212e-05,17,cuda:0,bfloat16,1.4098485223712487e-07,4.380706561391001e-11,0.999689278210256,True,32,24,float32,1.4088352884300548e-07,0.0007186828408272735,True,1.4098485223712487e-07,False,0.001,77940fb6e500f401da7e933c3befdd07a25c6476db60d956721e154297207ebe,"[2048, 6144]",8616529265267110913,1.4098485223712487e-07
ruler_qa_hotpotqa_16k:0348,ruler_qa_hotpotqa_16k,0,20260929,gaussian_bf16_scalar_bracket_binary_v1,7,7,True,1.5437841319965173e-05,1.5437841319965173e-05,15,cuda:0,bfloat16,1.4098485223712487e-07,9.659501670755688e-11,0.9993148553537858,True,32,24,float32,1.409774910143824e-07,5.2212862769779476e-05,True,1.4098485223712487e-07,False,0.001,91740f19a200312bfd5715066cb3bd16cf493a8c6c12da70f44ba69a83400789,"[2048, 6144]",1257646798709731627,1.4098485223712487e-07
ruler_qa_hotpotqa_16k:0348,ruler_qa_hotpotqa_16k,0,20260930,gaussian_bf16_scalar_bracket_binary_v1,32,7,True,1.5473087533024454e-05,1.5473089377560226e-05,40,cuda:0,bfloat16,1.4098485223712487e-07,6.988329359636225e-11,0.999504320552971,True,32,24,float32,1.4127016356724198e-07,0.0020237020189746383,True,1.4098485223712487e-07,False,0.001,619773824c6a88ba61dd8cbcbee8d0398f19cf6ce9d261885463c850f51b228e,"[2048, 6144]",7032216346627311802,1.4098485223712487e-07
ruler_qa_hotpotqa_16k:0348,ruler_qa_hotpotqa_16k,6,20260926,gaussian_bf16_scalar_bracket_binary_v1,32,7,True,2.097182319005242e-05,2.097182319005242e-05,40,cuda:0,bfloat16,2.2920025344319583e-07,1.3015628852475203e-10,0.9994321285139547,True,32,24,float32,2.2875202887462365e-07,0.001955602412469726,True,2.2920025344319583e-07,False,0.001,7514e3c7bd34c510c28fb6e95e65fa96135dffd48a24ab0c2211ea50ab535658,"[2048, 6144]",8436618448984130832,2.2920025344319583e-07
ruler_qa_hotpotqa_16k:0348,ruler_qa_hotpotqa_16k,6,20260927,gaussian_bf16_scalar_bracket_binary_v1,6,7,True,2.085722306333082e-05,2.085722182014345e-05,14,cuda:0,bfloat16,2.2920025344319583e-07,2.3999632836613216e-10,0.9989528967583554,True,32,24,float32,2.293550238618991e-07,0.000675262860220278,True,2.2920025344319583e-07,False,0.001,0be2d7bd23a96e1ca592484ea4dd534665cd021d83327717e25aff9b8d51d9be,"[2048, 6144]",856484086500912668,2.2920025344319583e-07
ruler_qa_hotpotqa_16k:0348,ruler_qa_hotpotqa_16k,6,20260928,gaussian_bf16_scalar_bracket_binary_v1,13,7,True,2.1310251689277138e-05,2.1310250419087157e-05,21,cuda:0,bfloat16,2.2920025344319583e-07,2.6674101816226425e-10,0.9988362097591293,True,32,24,float32,2.292602374609487e-07,0.000261710084747938,True,2.2920025344319583e-07,False,0.001,da3232656c55bf6bcd49551ae7352170b6a40e3f9b202459e672451338532b69,"[2048, 6144]",6499312623439691627,2.2920025344319583e-07
ruler_qa_hotpotqa_16k:0348,ruler_qa_hotpotqa_16k,6,20260929,gaussian_bf16_scalar_bracket_binary_v1,32,7,True,2.041672882624468e-05,2.041672882624468e-05,40,cuda:0,bfloat16,2.2920025344319583e-07,2.098707041486847e-10,0.9990843347640508,True,32,24,float32,2.2841304314624722e-07,0.003434596101542769,True,2.2920025344319583e-07,False,0.001,2373f22bb340f6bd4d4798be419e7e930b847c6bd0ad196dd89fe9a76cb9e87b,"[2048, 6144]",2554651683154097853,2.2920025344319583e-07
ruler_qa_hotpotqa_16k:0348,ruler_qa_hotpotqa_16k,6,20260930,gaussian_bf16_scalar_bracket_binary_v1,32,7,True,2.082857303165042e-05,2.082857303165042e-05,40,cuda:0,bfloat16,2.2920025344319583e-07,1.3015628852475203e-10,0.9994321285139547,True,32,24,float32,2.2837147639620525e-07,0.0036159517039800393,True,2.2920025344319583e-07,False,0.001,b2051734b8505d97c51608a7cd926caf814df8a1220d5cef8597105749f9fea0,"[2048, 6144]",3604312591977962903,2.2920025344319583e-07
ruler_qa_hotpotqa_16k:0348,ruler_qa_hotpotqa_16k,12,20260926,gaussian_bf16_scalar_bracket_binary_v1,4,7,True,1.532461709530253e-05,1.532461709530253e-05,12,cuda:0,bfloat16,1.4189460273428267e-07,1.7110349248561363e-10,0.9987941508049744,True,32,24,float32,1.4185297914082184e-07,0.0002933416258176685,True,1.4189460273428267e-07,False,0.001,4ebd70c2f718e9bb50a1fe71817772b78cea049883c81eacb183a790a5a07139,"[2048, 6144]",5673815088228264379,1.4189460273428267e-07
ruler_qa_hotpotqa_16k:0348,ruler_qa_hotpotqa_16k,12,20260927,gaussian_bf16_scalar_bracket_binary_v1,9,7,True,1.4881196461757895e-05,1.4881196461757895e-05,17,cuda:0,bfloat16,1.4189460273428267e-07,1.9115839466898876e-10,0.9986528141945824,True,32,24,float32,1.4200814746345714e-07,0.0008002047081881773,True,1.4189460273428267e-07,False,0.001,92b1439fcd0a31fbf813ab80c0f2a53d93dddeeff3330859360a1c5aa8e18974,"[2048, 6144]",1346932117179347451,1.4189460273428267e-07
ruler_qa_hotpotqa_16k:0348,ruler_qa_hotpotqa_16k,12,20260928,gaussian_bf16_scalar_bracket_binary_v1,6,7,True,1.433135487616255e-05,1.433135487616255e-05,14,cuda:0,bfloat16,1.4189460273428267e-07,4.9087442444140095e-11,0.9996540570148671,True,32,24,float32,1.4184725216637162e-07,0.00033370238894655905,True,1.4189460273428267e-07,False,0.001,a14ad1ce825f5a197973fe83362da2b88086604493f47e4c79b911f83f59391f,"[2048, 6144]",2398960436408965657,1.4189460273428267e-07
ruler_qa_hotpotqa_16k:0348,ruler_qa_hotpotqa_16k,12,20260929,gaussian_bf16_scalar_bracket_binary_v1,32,7,True,1.5342353920644314e-05,1.5342353006168757e-05,40,cuda:0,bfloat16,1.4189460273428267e-07,2.1399426675117184e-10,0.9984918787421964,True,32,24,float32,1.4171301643273182e-07,0.0012797266284391151,True,1.4189460273428267e-07,False,0.001,a5ddc7dd066e6271d6f5da05c4e05d97a2ee59fd27dee6e0212a99d9905481c4,"[2048, 6144]",2728556701365985905,1.4189460273428267e-07
ruler_qa_hotpotqa_16k:0348,ruler_qa_hotpotqa_16k,12,20260930,gaussian_bf16_scalar_bracket_binary_v1,32,7,True,1.4965446382131375e-05,1.4965446382131375e-05,40,cuda:0,bfloat16,1.4189460273428267e-07,9.30533566867453e-11,0.9993442079198671,True,32,24,float32,1.4169089013194025e-07,0.0014356613882199653,True,1.4189460273428267e-07,False,0.001,38624074f6f8b39689758414d3f0d0db574f29c250b343a1a759f2e46f5b3574,"[2048, 6144]",4062880684945486742,1.4189460273428267e-07
ruler_qa_hotpotqa_16k:0348,ruler_qa_hotpotqa_16k,18,20260926,gaussian_bf16_scalar_bracket_binary_v1,7,7,True,2.075995211470172e-05,2.0759950877312147e-05,15,cuda:0,bfloat16,2.268847225650461e-07,2.999954173965591e-10,0.9986777628127405,True,32,24,float32,2.269316468073157e-07,0.00020681975295248976,True,2.268847225650461e-07,False,0.001,97901ef272861b01a70ed1edff19b32a83055ffb1ef99b41e0702e19fb17c4d4,"[2048, 6144]",1697891086170987265,2.268847225650461e-07
ruler_qa_hotpotqa_16k:0348,ruler_qa_hotpotqa_16k,18,20260927,gaussian_bf16_scalar_bracket_binary_v1,32,7,True,2.121372155983181e-05,2.1213720295395474e-05,40,cuda:0,bfloat16,2.268847225650461e-07,2.1037459274619863e-10,0.9990727688036117,True,32,24,float32,2.2633265928106994e-07,0.0024332325144452824,True,2.268847225650461e-07,False,0.001,29645f6b0208629712d4edfe8bd757022a58ceae675292199476fc25556ad871,"[2048, 6144]",2982613766426354327,2.268847225650461e-07
ruler_qa_hotpotqa_16k:0348,ruler_qa_hotpotqa_16k,18,20260928,gaussian_bf16_scalar_bracket_binary_v1,32,7,True,2.0733807195499887e-05,2.0733807195499887e-05,40,cuda:0,bfloat16,2.268847225650461e-07,2.1436309671774012e-10,0.9990551893741709,True,32,24,float32,2.2774570140882133e-07,0.0037947854489338417,True,2.268847225650461e-07,False,0.001,7f8a1839d67127478659f2c4cd58cf1dc347dfcc3d0f3984da6416d7349b7320,"[2048, 6144]",9190184626292860743,2.268847225650461e-07
ruler_qa_hotpotqa_16k:0348,ruler_qa_hotpotqa_16k,18,20260929,gaussian_bf16_scalar_bracket_binary_v1,7,7,True,2.1440606282396857e-05,2.1440606282396857e-05,15,cuda:0,bfloat16,2.268847225650461e-07,1.9305297638272378e-10,0.9991491142541457,True,32,24,float32,2.2677573952023522e-07,0.0004803454528748165,True,2.268847225650461e-07,False,0.001,2814d85cc230c92e156349284a0e825c3ee916b238d98c230d868eed4b208e4d,"[2048, 6144]",2888171153957898542,2.268847225650461e-07
ruler_qa_hotpotqa_16k:0348,ruler_qa_hotpotqa_16k,18,20260930,gaussian_bf16_scalar_bracket_binary_v1,9,7,True,2.112863978886992e-05,2.112863978886992e-05,17,cuda:0,bfloat16,2.268847225650461e-07,1.8917489796876907e-10,0.9991662069802231,True,32,24,float32,2.2710145231030765e-07,0.0009552416875464632,True,2.268847225650461e-07,False,0.001,5413dd5e5059579ad50eca0ccecd3984ce6a5fbe8a989466c571f84b62c706e3,"[2048, 6144]",6058429320888145818,2.268847225650461e-07
ruler_qa_hotpotqa_16k:0348,ruler_qa_hotpotqa_16k,24,20260926,gaussian_bf16_scalar_bracket_binary_v1,9,7,True,1.531142723010248e-05,1.53114263174703e-05,17,cuda:0,bfloat16,1.4031090245225641e-07,1.4257907354764399e-10,0.9989838346767376,True,32,24,float32,1.4031373041234474e-07,2.015495616448956e-05,True,1.4031090245225641e-07,False,0.001,134b065a79f8fe3f5a2e4158396163f42e941722a8af715405964fb5dc885319,"[2048, 6144]",1390211895637114431,1.4031090245225641e-07
ruler_qa_hotpotqa_16k:0348,ruler_qa_hotpotqa_16k,24,20260927,gaussian_bf16_scalar_bracket_binary_v1,32,7,True,1.5749898800265782e-05,1.5749898800265782e-05,40,cuda:0,bfloat16,1.4031090245225641e-07,8.231806208902626e-11,0.9994133167084643,True,32,24,float32,1.400338049961647e-07,0.001974881860559708,True,1.4031090245225641e-07,False,0.001,8a2d312ca5e495995005126b4767f90e25b6a913be5a8dc64f6e3541ff312363,"[2048, 6144]",733296382162802073,1.4031090245225641e-07
ruler_qa_hotpotqa_16k:0348,ruler_qa_hotpotqa_16k,24,20260928,gaussian_bf16_scalar_bracket_binary_v1,7,7,True,1.564466562342659e-05,1.564466562342659e-05,15,cuda:0,bfloat16,1.4031090245225641e-07,1.7462298274040222e-10,0.9987554567771395,True,32,24,float32,1.402494689273226e-07,0.0004378385703471777,True,1.4031090245225641e-07,False,0.001,109f3a860a73ffbd76479e429ec54cb35a1b8eb238884c20d077768216116b9a,"[2048, 6144]",1197740373279244221,1.4031090245225641e-07
ruler_qa_hotpotqa_16k:0348,ruler_qa_hotpotqa_16k,24,20260929,gaussian_bf16_scalar_bracket_binary_v1,32,7,True,1.5083422013617565e-05,1.5083422013617565e-05,40,cuda:0,bfloat16,1.4031090245225641e-07,1.3015628852475203e-10,0.9990723722372961,True,32,24,float32,1.4008885784733138e-07,0.0015825185430660773,True,1.4031090245225641e-07,False,0.001,9bc81175bdc646875797e5acc2d10191c202cccdca7b545887283d82aeea90b3,"[2048, 6144]",2001869231758919303,1.4031090245225641e-07
ruler_qa_hotpotqa_16k:0348,ruler_qa_hotpotqa_16k,24,20260930,gaussian_bf16_scalar_bracket_binary_v1,32,7,True,1.5223732916069821e-05,1.5223732008664627e-05,40,cuda:0,bfloat16,1.4031090245225641e-07,2.098707041486847e-10,0.9985042452120205,True,32,24,float32,1.400621272296121e-07,0.0017730284553545438,True,1.4031090245225641e-07,False,0.001,af34ec9eb2a584e452893d0dbc45e156634ac289a79d1c385249c02fb977cef4,"[2048, 6144]",3401603784917746916,1.4031090245225641e-07
ruler_qa_hotpotqa_16k:0364,ruler_qa_hotpotqa_16k,18,20260926,gaussian_bf16_scalar_bracket_binary_v1,8,7,True,1.9266568532572137e-05,1.9266567384195164e-05,16,cuda:0,bfloat16,1.991376592513916e-07,4.51812948165653e-10,0.9977311526616104,True,32,24,float32,1.992228106928451e-07,0.0004276008956497532,True,1.991376592513916e-07,False,0.001,b41be1d62b68c0dd017d47e67e600d308f848ffd87a794707de3cc4def7adbb0,"[2048, 6144]",3754843024310976733,1.991376592513916e-07
ruler_qa_hotpotqa_16k:0364,ruler_qa_hotpotqa_16k,18,20260927,gaussian_bf16_scalar_bracket_binary_v1,32,7,True,1.8848068295551634e-05,1.8848068295551634e-05,40,cuda:0,bfloat16,1.991376592513916e-07,1.3337050908113213e-10,0.9993302597329782,True,32,24,float32,1.9887500002369052e-07,0.0013189832033201582,True,1.991376592513916e-07,False,0.001,3e4805cfb7de02a37061a2f1611ff3128ecfd897ae3dba9e78bc6e34e94ad56d,"[2048, 6144]",4487843418375848611,1.991376592513916e-07
ruler_qa_hotpotqa_16k:0364,ruler_qa_hotpotqa_16k,18,20260928,gaussian_bf16_scalar_bracket_binary_v1,8,7,True,1.9764412680700616e-05,1.976441150264982e-05,16,cuda:0,bfloat16,1.991376592513916e-07,1.8406878798948867e-10,0.9990756706256293,True,32,24,float32,1.9897467495866294e-07,0.0008184503792067789,True,1.991376592513916e-07,False,0.001,944cbac9f1847682da9562fcc1875d5c4aa510951bf263c6b1d2c030c0f36678,"[2048, 6144]",1462749355491751554,1.991376592513916e-07
ruler_qa_hotpotqa_16k:0364,ruler_qa_hotpotqa_16k,18,20260929,gaussian_bf16_scalar_bracket_binary_v1,32,7,True,1.8799839643701688e-05,1.8799839643701688e-05,40,cuda:0,bfloat16,1.991376592513916e-07,2.6193447411060333e-10,0.9986846562569065,True,32,24,float32,1.9991033184396656e-07,0.0038800927734092758,True,1.991376592513916e-07,False,0.001,d5037a6f043061a6f5a87a9d292253053d402ef2658f58d0b0e65762f2d49ebd,"[2048, 6144]",6125874535384244646,1.991376592513916e-07
ruler_qa_hotpotqa_16k:0364,ruler_qa_hotpotqa_16k,18,20260930,gaussian_bf16_scalar_bracket_binary_v1,6,7,True,1.9714628265887768e-05,1.9714628265887768e-05,14,cuda:0,bfloat16,1.991376592513916e-07,1.7703169485905335e-10,0.9991110084575436,True,32,24,float32,1.9902891779111087e-07,0.0005460617579292242,True,1.991376592513916e-07,False,0.001,09758acc8df2d129c5ffe4025ede34437a215d2a7b235b3c2876379197d4d542,"[2048, 6144]",681603529775960361,1.991376592513916e-07
ruler_qa_hotpotqa_16k:0454,ruler_qa_hotpotqa_16k,18,20260926,gaussian_bf16_scalar_bracket_binary_v1,32,7,True,1.9567451385871237e-05,1.9567451385871237e-05,40,cuda:0,bfloat16,2.0101394682114915e-07,2.5298996231271076e-10,0.998741430799636,True,32,24,float32,2.0127052380303212e-07,0.0012764138306843946,True,2.0101394682114915e-07,False,0.001,dbb27b647dace822eb83264dd03221e26753bab7b19d862dce4e4ddd72498650,"[2048, 6144]",6607479274841368610,2.0101394682114915e-07
ruler_qa_hotpotqa_16k:0454,ruler_qa_hotpotqa_16k,18,20260927,gaussian_bf16_scalar_bracket_binary_v1,32,7,True,1.909632494800917e-05,1.9096323809779505e-05,40,cuda:0,bfloat16,2.0101394682114915e-07,1.7462298274040222e-10,0.9991312892189725,True,32,24,float32,2.007656263458557e-07,0.0012353395335020277,True,2.0101394682114915e-07,False,0.001,ee3c7c21fd6a7f2fa971c7ad0e05df4424a68760d2f33f027aa80daeeb597a9a,"[2048, 6144]",7943360328202092335,2.0101394682114915e-07
ruler_qa_hotpotqa_16k:0454,ruler_qa_hotpotqa_16k,18,20260928,gaussian_bf16_scalar_bracket_binary_v1,32,7,True,1.938999376094319e-05,1.9389991449475812e-05,40,cuda:0,bfloat16,2.0101394682114915e-07,2.2742460692448674e-10,0.998868612797664,True,32,24,float32,2.006650277053268e-07,0.0017357955571749622,True,2.0101394682114915e-07,False,0.001,c71e47d7fd2473a0746e08a8e84bc1bf38672b82e582a9ad0960f5caf8ff643e,"[2048, 6144]",5124612418984768416,2.0101394682114915e-07
ruler_qa_hotpotqa_16k:0454,ruler_qa_hotpotqa_16k,18,20260929,gaussian_bf16_scalar_bracket_binary_v1,32,7,True,1.854275138352124e-05,1.854275138352124e-05,40,cuda:0,bfloat16,2.0101394682114915e-07,1.462449328304416e-10,0.9992724637511816,True,32,24,float32,2.0001536427116662e-07,0.0049677276914074624,True,2.0101394682114915e-07,False,0.001,9f061bdd5ae94403aa47dafe1b9ab14eaf3e054e451cf89b3f85228ff5772134,"[2048, 6144]",2235504902562989059,2.0101394682114915e-07
ruler_qa_hotpotqa_16k:0454,ruler_qa_hotpotqa_16k,18,20260930,gaussian_bf16_scalar_bracket_binary_v1,32,7,True,1.9699366788472616e-05,1.9699366788472616e-05,40,cuda:0,bfloat16,2.0101394682114915e-07,2.347553540449354e-10,0.9988321439494255,True,32,24,float32,2.003186807542079e-07,0.0034587951629041266,True,2.0101394682114915e-07,False,0.001,a28cb16a0d64fa9a0d05b03ce05f91fb6205fba3c5c6336eade9f12baaedf896,"[2048, 6144]",2489559763078412954,2.0101394682114915e-07
ruler_qa_hotpotqa_16k:0493,ruler_qa_hotpotqa_16k,24,20260926,gaussian_bf16_scalar_bracket_binary_v1,32,7,True,1.834227366259711e-05,1.834227366259711e-05,40,cuda:0,bfloat16,1.933309476953582e-07,2.016372485647011e-10,0.9989570358446572,True,32,24,float32,1.9312392396386713e-07,0.001070825617724075,True,1.933309476953582e-07,False,0.001,979f0f9c3e9f3da8f3424b836ac048c9ceadb9eb226cbef1c578a242294da3a7,"[2048, 6144]",1702096347909275048,1.933309476953582e-07
ruler_qa_hotpotqa_16k:0493,ruler_qa_hotpotqa_16k,24,20260927,gaussian_bf16_scalar_bracket_binary_v1,32,7,True,1.8571854162985346e-05,1.8571854162985346e-05,40,cuda:0,bfloat16,1.933309476953582e-07,0.0,1.0,True,32,24,float32,1.9308050980271219e-07,0.0012953843946424612,True,1.933309476953582e-07,False,0.001,3f0d5cf290e208d5b8a35dc2e461ba7d759100de25f42f9cdde65d886873525f,"[2048, 6144]",4543389795969272021,1.933309476953582e-07
ruler_qa_hotpotqa_16k:0493,ruler_qa_hotpotqa_16k,24,20260928,gaussian_bf16_scalar_bracket_binary_v1,32,7,True,1.8970599242607022e-05,1.8970599242607022e-05,40,cuda:0,bfloat16,1.933309476953582e-07,1.3015628852475203e-10,0.9993267695106433,True,32,24,float32,1.9381170091037347e-07,0.0024866852448932907,True,1.933309476953582e-07,False,0.001,4301e1124b2c25392a535698f8f9064538ce75d133e5b8b030d97cfce98a7342,"[2048, 6144]",4828387744204727609,1.933309476953582e-07
ruler_qa_hotpotqa_16k:0493,ruler_qa_hotpotqa_16k,24,20260929,gaussian_bf16_scalar_bracket_binary_v1,10,7,True,1.93693443222287e-05,1.93693443222287e-05,18,cuda:0,bfloat16,1.933309476953582e-07,1.4257907354764399e-10,0.9992625129331476,True,32,24,float32,1.9322453681525076e-07,0.0005504078957659167,True,1.933309476953582e-07,False,0.001,4c728a2bf27a475a18b10a458c34f956e63e0a2b42dd467a1378cc5e7b8f373f,"[2048, 6144]",5508617215583864666,1.933309476953582e-07
ruler_qa_hotpotqa_16k:0493,ruler_qa_hotpotqa_16k,24,20260930,gaussian_bf16_scalar_bracket_binary_v1,7,7,True,2.0009753086469573e-05,2.0009750701121123e-05,15,cuda:0,bfloat16,1.933309476953582e-07,1.7462298274040222e-10,0.9990967665300252,True,32,24,float32,1.9329708322857186e-07,0.00017516319652913722,True,1.933309476953582e-07,False,0.001,1d3a83202b4d180291ca7e26f217a251eabf626d7e187a541eec899fd3a381d3,"[2048, 6144]",2106139949937793026,1.933309476953582e-07
ruler_qa_squad_16k:0033,ruler_qa_squad_16k,12,20260926,gaussian_bf16_scalar_bracket_binary_v1,32,7,True,1.5785529323686376e-05,1.5785528382795507e-05,40,cuda:0,bfloat16,1.500703916690327e-07,1.3911403973221326e-10,0.9990730080851723,True,32,24,float32,1.4985121765676013e-07,0.0014604747134659972,True,1.500703916690327e-07,False,0.001,1dc79a98c5ddbfae941908808b0ddda025746e6b765bee4c6bddde596a887dab,"[2048, 6144]",2145853728410681262,1.500703916690327e-07
ruler_qa_squad_16k:0033,ruler_qa_squad_16k,12,20260927,gaussian_bf16_scalar_bracket_binary_v1,32,7,True,1.5300145400631848e-05,1.5300145400631848e-05,40,cuda:0,bfloat16,1.500703916690327e-07,1.9105667048435748e-10,0.9987268863074222,True,32,24,float32,1.496584474125484e-07,0.0027450068724601136,True,1.500703916690327e-07,False,0.001,70b0d8535d3ddbfa620517efdf3a84ba4a927b6c1e5f3ef28734aa7a32d8a59a,"[2048, 6144]",8120227980707224570,1.500703916690327e-07
ruler_qa_squad_16k:0033,ruler_qa_squad_16k,12,20260928,gaussian_bf16_scalar_bracket_binary_v1,32,7,True,1.6976713057559323e-05,1.6976713057559323e-05,40,cuda:0,bfloat16,1.500703916690327e-07,1.3500099649288444e-10,0.9991004155117379,True,32,24,float32,1.497374171322008e-07,0.0022187890171316725,True,1.500703916690327e-07,False,0.001,4c4c5b6f603668918dd36991c20a4f0f30afef55b13535475e9e481a948fc4e6,"[2048, 6144]",5497869779026208913,1.500703916690327e-07
ruler_qa_squad_16k:0033,ruler_qa_squad_16k,12,20260929,gaussian_bf16_scalar_bracket_binary_v1,32,7,True,1.6273258096610732e-05,1.6273258096610732e-05,40,cuda:0,bfloat16,1.500703916690327e-07,1.5000874153958677e-10,0.9990004108080799,True,32,24,float32,1.5150406795783056e-07,0.009553358746205706,True,1.500703916690327e-07,False,0.001,eb5c146ffa215879d1736d444bdbd0ff296ab54002eaafe13f9932990f5fdaca,"[2048, 6144]",7736080731086084217,1.500703916690327e-07
ruler_qa_squad_16k:0033,ruler_qa_squad_16k,12,20260930,gaussian_bf16_scalar_bracket_binary_v1,32,7,True,1.6285715111544197e-05,1.6285715111544197e-05,40,cuda:0,bfloat16,1.500703916690327e-07,5.846289424793483e-11,0.9996104301881422,True,32,24,float32,1.511748592974982e-07,0.007359663796315717,True,1.500703916690327e-07,False,0.001,e994c74c8aa819964fb0e2dcfdecf8d4374e81b9bf1923d30212d9f89905af5b,"[2048, 6144]",7607924802093324694,1.500703916690327e-07
ruler_qa_squad_16k:0056,ruler_qa_squad_16k,0,20260926,gaussian_bf16_scalar_bracket_binary_v1,8,7,True,2.2447648049706004e-05,2.2447646711721915e-05,16,cuda:0,bfloat16,2.2847478930998477e-07,1.0392146171378513e-10,0.9995451512964401,True,32,24,float32,2.2846384695185407e-07,4.789306585532911e-05,True,2.2847478930998477e-07,False,0.001,9c8ad80ec0a8750eccec54cf91d899d7a340428795d9b4470876dc7b87d71dc1,"[2048, 6144]",2056693737721459982,2.2847478930998477e-07
ruler_qa_squad_16k:0056,ruler_qa_squad_16k,0,20260927,gaussian_bf16_scalar_bracket_binary_v1,11,7,True,2.2497626909867563e-05,2.2497626909867563e-05,19,cuda:0,bfloat16,2.2847478930998477e-07,7.420049991102573e-11,0.9996752355035096,True,32,24,float32,2.283869520169901e-07,0.00038445070136596,True,2.2847478930998477e-07,False,0.001,c1a247d7b48b3708db62ad15889643b188e917994ad9bb8a943fddcc7167c8ae,"[2048, 6144]",4729421550465005320,2.2847478930998477e-07
ruler_qa_squad_16k:0056,ruler_qa_squad_16k,0,20260928,gaussian_bf16_scalar_bracket_binary_v1,6,7,True,2.2162054563068523e-05,2.2162054563068523e-05,14,cuda:0,bfloat16,2.2847478930998477e-07,2.524662978675707e-10,0.9988949927533359,True,32,24,float32,2.2862623438868468e-07,0.0006628524711951198,True,2.2847478930998477e-07,False,0.001,b7bd13b96a7fa440aa3fc032846d21112d42a7611850f95c5da5b5db5903a26c,"[2048, 6144]",4016388129760977984,2.2847478930998477e-07
ruler_qa_squad_16k:0056,ruler_qa_squad_16k,0,20260929,gaussian_bf16_scalar_bracket_binary_v1,8,7,True,2.1533748892466065e-05,2.1533748892466065e-05,16,cuda:0,bfloat16,2.2847478930998477e-07,1.6073115061132626e-10,0.9992965037801468,True,32,24,float32,2.284059235080349e-07,0.00030141532095444783,True,2.2847478930998477e-07,False,0.001,154f9afd3d6d855f46616874f45f01fb2c129f03d6ee5476b2181d94d206c8f4,"[2048, 6144]",1535616410404619615,2.2847478930998477e-07
ruler_qa_squad_16k:0056,ruler_qa_squad_16k,0,20260930,gaussian_bf16_scalar_bracket_binary_v1,7,7,True,2.0905443221863607e-05,2.090544197580209e-05,15,cuda:0,bfloat16,2.2847478930998477e-07,5.372396971736748e-10,0.9976485821529973,True,32,24,float32,2.283375977185642e-07,0.0006004670880095417,True,2.2847478930998477e-07,False,0.001,ea480674cdff57d420cac10ad0b15c759753295af69507bbd7ca8f758eeed5ec,"[2048, 6144]",7658378265085564884,2.2847478930998477e-07
ruler_qa_squad_16k:0056,ruler_qa_squad_16k,6,20260926,gaussian_bf16_scalar_bracket_binary_v1,6,7,True,1.9243515652078713e-05,1.9243515652078713e-05,14,cuda:0,bfloat16,1.868302490493079e-07,2.6674101816226425e-10,0.9985722814184556,True,32,24,float32,1.8690208491989324e-07,0.0003844980721852345,True,1.868302490493079e-07,False,0.001,8472b35d37d38b06af326e926c0042717b0e5759b7c82b16fd8ee3c70ffa1385,"[2048, 6144]",320515736446667526,1.868302490493079e-07
ruler_qa_squad_16k:0056,ruler_qa_squad_16k,6,20260927,gaussian_bf16_scalar_bracket_binary_v1,7,7,True,1.896327027850475e-05,1.8963269148205762e-05,15,cuda:0,bfloat16,1.868302490493079e-07,1.3015628852475203e-10,0.9993033446715023,True,32,24,float32,1.8674641921734292e-07,0.0004486951785995447,True,1.868302490493079e-07,False,0.001,1d879e4543e36ba78622c708bdb2919aff83699155cde73f7ad1c3620525339e,"[2048, 6144]",2127843369284758439,1.868302490493079e-07
ruler_qa_squad_16k:0056,ruler_qa_squad_16k,6,20260928,gaussian_bf16_scalar_bracket_binary_v1,32,7,True,1.8029119033258212e-05,1.8029119033258212e-05,40,cuda:0,bfloat16,1.868302490493079e-07,1.7462298274040222e-10,0.9990653388108779,True,32,24,float32,1.8662930756363494e-07,0.001075529721206571,True,1.868302490493079e-07,False,0.001,872ed46a7d5a84f2f0b15e794b469fbca638baace3e5e327f7f21ed59a5261a6,"[2048, 6144]",517584561028891890,1.868302490493079e-07
ruler_qa_squad_16k:0056,ruler_qa_squad_16k,6,20260929,gaussian_bf16_scalar_bracket_binary_v1,32,7,True,1.8262656844569847e-05,1.8262656844569847e-05,40,cuda:0,bfloat16,1.868302490493079e-07,2.6674101816226425e-10,0.9985722814184556,True,32,24,float32,1.8772641396935796e-07,0.004796680005567806,True,1.868302490493079e-07,False,0.001,32a058ebc17909699c9ed4898f615c58d0758aff2ce88396927511fc27eeea57,"[2048, 6144]",3648013467756595561,1.868302490493079e-07
ruler_qa_squad_16k:0056,ruler_qa_squad_16k,6,20260930,gaussian_bf16_scalar_bracket_binary_v1,32,7,True,1.7961976912506117e-05,1.7961976912506117e-05,40,cuda:0,bfloat16,1.868302490493079e-07,1.3015628852475203e-10,0.9993033446715023,True,32,24,float32,1.863583634076349e-07,0.0025257453976227293,True,1.868302490493079e-07,False,0.001,091daa2d5e0e510874b4ac60357994b2507bb743a950fbd992f7d907e52b9d6f,"[2048, 6144]",656868232494207240,1.868302490493079e-07
ruler_qa_squad_16k:0056,ruler_qa_squad_16k,12,20260926,gaussian_bf16_scalar_bracket_binary_v1,9,7,True,1.847815570243938e-05,1.847815570243938e-05,17,cuda:0,bfloat16,1.8005511037699762e-07,2.0569866643338486e-10,0.998857579404424,True,32,24,float32,1.7995184009578225e-07,0.0005735481819935388,True,1.8005511037699762e-07,False,0.001,33c2fa7f48645ef8bd182366fc98a69fdce2b96dde496d850e60e2a82af5de89,"[2048, 6144]",3729818865998520056,1.8005511037699762e-07
ruler_qa_squad_16k:0056,ruler_qa_squad_16k,12,20260927,gaussian_bf16_scalar_bracket_binary_v1,7,7,True,1.8635703924019253e-05,1.863570170247023e-05,15,cuda:0,bfloat16,1.8005511037699762e-07,2.7574342809089103e-10,0.99846856094496,True,32,24,float32,1.7995830603467766e-07,0.0005376372940332994,True,1.8005511037699762e-07,False,0.001,e9a12a903f26f22e02937d3071e45d065995dd93eb9b45bfca1ec5723b040ff5,"[2048, 6144]",7611411644256023086,1.8005511037699762e-07
ruler_qa_squad_16k:0056,ruler_qa_squad_16k,12,20260928,gaussian_bf16_scalar_bracket_binary_v1,32,7,True,1.7645400816945767e-05,1.7645400816945767e-05,40,cuda:0,bfloat16,1.8005511037699762e-07,1.2502161805816314e-10,0.9993056480441105,True,32,24,float32,1.802545881446349e-07,0.0011078706248305085,True,1.8005511037699762e-07,False,0.001,3c60e539a3a166806bd6fca6bc9e90937da9a9d260ad874dd1df6f31b7c6a6ea,"[2048, 6144]",4350729275761059456,1.8005511037699762e-07
ruler_qa_squad_16k:0056,ruler_qa_squad_16k,12,20260929,gaussian_bf16_scalar_bracket_binary_v1,32,7,True,1.7937990371308388e-05,1.7937989302120843e-05,40,cuda:0,bfloat16,1.8005511037699762e-07,2.98402969001188e-10,0.9983427131372368,True,32,24,float32,1.8073586716127465e-07,0.0037808245644995854,True,1.8005511037699762e-07,False,0.001,dc1495d9175817b1563de686d7202f6dd47bf858f663570fcf0c41d46cb519b6,"[2048, 6144]",6635092910655674289,1.8005511037699762e-07
ruler_qa_squad_16k:0056,ruler_qa_squad_16k,12,20260930,gaussian_bf16_scalar_bracket_binary_v1,9,7,True,1.8343114369656632e-05,1.8343114369656632e-05,17,cuda:0,bfloat16,1.8005511037699762e-07,2.375575014479381e-10,0.9986806400498683,True,32,24,float32,1.801703604087379e-07,0.0006400819810055869,True,1.8005511037699762e-07,False,0.001,7d7d587e1aaa32c3e2532fc2d0bd06e342823d28a468faa6adbe832cc07c2f59,"[2048, 6144]",9042480925466309315,1.8005511037699762e-07
ruler_qa_squad_16k:0056,ruler_qa_squad_16k,18,20260926,gaussian_bf16_scalar_bracket_binary_v1,32,7,True,1.778920279082996e-05,1.778920279082996e-05,40,cuda:0,bfloat16,1.7943403918252443e-07,8.231806208902626e-11,0.999541234971558,True,32,24,float32,1.7967512633276783e-07,0.0013435976325437483,True,1.7943403918252443e-07,False,0.001,5a44b01f7bff8281473490bf26fc0f2fd222f3a19b41f26056abab0b695ba8ea,"[2048, 6144]",6504517411100656257,1.7943403918252443e-07
ruler_qa_squad_16k:0056,ruler_qa_squad_16k,18,20260927,gaussian_bf16_scalar_bracket_binary_v1,9,7,True,1.805555019274152e-05,1.805555019274152e-05,17,cuda:0,bfloat16,1.7943403918252443e-07,1.5672892150764284e-10,0.9991265374049334,True,32,24,float32,1.7957808040591772e-07,0.0008027530564965183,True,1.7943403918252443e-07,False,0.001,955ef6108c03a743c2532518797e435335ad79296d52050be77ed2f54b4e99ad,"[2048, 6144]",1539938673536247619,1.7943403918252443e-07
ruler_qa_squad_16k:0056,ruler_qa_squad_16k,18,20260928,gaussian_bf16_scalar_bracket_binary_v1,8,7,True,1.7719111369274287e-05,1.7719110313132948e-05,16,cuda:0,bfloat16,1.7943403918252443e-07,1.7462298274040222e-10,0.999026812395597,True,32,24,float32,1.794374639985108e-07,1.9086768608490618e-05,True,1.7943403918252443e-07,False,0.001,e643b7c3592ffc448bb125d73ed315823acda92f2c93e2eb723f18b07b897574,"[2048, 6144]",7368935464951086148,1.7943403918252443e-07
ruler_qa_squad_16k:0056,ruler_qa_squad_16k,18,20260929,gaussian_bf16_scalar_bracket_binary_v1,32,7,True,1.832610307994642e-05,1.832610307994642e-05,40,cuda:0,bfloat16,1.7943403918252443e-07,1.4551915228366852e-10,0.9991890103296641,True,32,24,float32,1.8032716297966545e-07,0.004977449101686383,True,1.7943403918252443e-07,False,0.001,3293a8cfead040d4adf3442e94712a5be12fd1b503246caef5b96f1570f9db56,"[2048, 6144]",3644442134424076500,1.7943403918252443e-07
ruler_qa_squad_16k:0056,ruler_qa_squad_16k,18,20260930,gaussian_bf16_scalar_bracket_binary_v1,32,7,True,1.7996673398634755e-05,1.7996673398634755e-05,40,cuda:0,bfloat16,1.7943403918252443e-07,2.016372485647011e-10,0.998876259769421,True,32,24,float32,1.7918017647389206e-07,0.0014147968233281178,True,1.7943403918252443e-07,False,0.001,66c15885d52d10898df1838b9b6db7c7a60b921f6b08ebe2ac01639da1eb887d,"[2048, 6144]",7404296594204201097,1.7943403918252443e-07
ruler_qa_squad_16k:0056,ruler_qa_squad_16k,24,20260926,gaussian_bf16_scalar_bracket_binary_v1,32,7,True,4.139498633648486e-05,4.139498386915141e-05,40,cuda:0,bfloat16,6.191351076267892e-07,1.0557913432407418e-09,0.9982947319086981,True,32,24,float32,6.184076823956275e-07,0.0011749054805663638,True,6.191351076267892e-07,False,0.001,93e6f83ed85f5e31ef95febf9107958697e0e3c65351fe23e2164562f58c451d,"[2048, 6144]",1434106480165871153,6.191351076267892e-07
ruler_qa_squad_16k:0056,ruler_qa_squad_16k,24,20260927,gaussian_bf16_scalar_bracket_binary_v1,7,7,True,4.302988998006185e-05,4.302988998006185e-05,15,cuda:0,bfloat16,6.191351076267892e-07,1.3884693395027625e-09,0.997757404930848,True,32,24,float32,6.192634032231581e-07,0.00020721744702963842,True,6.191351076267892e-07,False,0.001,89ccf3f81e43d653d4cbdd19a126c959900a4a6e95c99d283fe282a234d5a64a,"[2048, 6144]",706207488575526483,6.191351076267892e-07
ruler_qa_squad_16k:0056,ruler_qa_squad_16k,24,20260928,gaussian_bf16_scalar_bracket_binary_v1,10,7,True,4.221727515130169e-05,4.221727515130169e-05,18,cuda:0,bfloat16,6.191351076267892e-07,1.2538313720611427e-09,0.9979748662987837,True,32,24,float32,6.193785679897701e-07,0.0003932265510092784,True,6.191351076267892e-07,False,0.001,4d05f155844ec417aea1eb951828c0b0bb761185aae51f0a3a7faf2a76a0403c,"[2048, 6144]",5550107465398273047,6.191351076267892e-07
ruler_qa_squad_16k:0056,ruler_qa_squad_16k,24,20260929,gaussian_bf16_scalar_bracket_binary_v1,10,7,True,4.15981400436749e-05,4.1598145002559626e-05,18,cuda:0,bfloat16,6.191351076267892e-07,5.238689482212067e-10,0.9991538697422131,True,32,24,float32,6.192095725054969e-07,0.00012027242162553227,True,6.191351076267892e-07,False,0.001,562dd65596a94e97aaa6837eca384f4211b92a2650abe01e93c767cfae4fe7c4,"[2048, 6144]",6209855124302024343,6.191351076267892e-07
ruler_qa_squad_16k:0056,ruler_qa_squad_16k,24,20260930,gaussian_bf16_scalar_bracket_binary_v1,8,7,True,4.194640354171497e-05,4.194640354171497e-05,16,cuda:0,bfloat16,6.191351076267892e-07,9.240179732472598e-10,0.9985075665038781,True,32,24,float32,6.195739388203947e-07,0.0007087809885107703,True,6.191351076267892e-07,False,0.001,3ab669ceace712cb0625859677231e63e6c603695532d8fa27f43a0c898cb61b,"[2048, 6144]",4230685236346163915,6.191351076267892e-07
