sample_id,task,A,B,best_tau_set,best_tau_mean_norm,best_second_tau_margin,first_match_norm,last_match_norm,match_span_norm,contiguous_width_norm,match_n,full_score_tau_n
ruler_fwe_16k:0010,ruler_fwe_16k,OFF,L0,"[1, 2, 3, 4, 5, 6, 7, 8, 9, 10, 11, 12, 13, 14]",0.5,0.0,,,,0.0,0,0
ruler_fwe_16k:0010,ruler_fwe_16k,OFF,L6,"[1, 2, 3, 4, 5, 6, 7, 8, 9, 10, 11, 12, 13, 14]",0.5,0.0,,,,0.0,0,0
ruler_fwe_16k:0010,ruler_fwe_16k,OFF,L12,"[1, 2, 3, 4, 5, 6, 7, 8, 9, 10, 11, 12, 13, 14]",0.5,0.0,,,,0.0,0,0
ruler_fwe_16k:0010,ruler_fwe_16k,OFF,L18,"[1, 2, 3, 4, 5, 6, 7, 8, 9, 10, 11, 12, 13, 14]",0.5,0.0,,,,0.0,0,0
ruler_fwe_16k:0010,ruler_fwe_16k,OFF,L24,"[1, 2, 3, 4, 5, 6, 7, 8, 9, 10, 11, 12, 13, 14]",0.5,0.0,,,,0.0,0,0
ruler_fwe_16k:0010,ruler_fwe_16k,OFF,ALL,"[1, 2, 3, 4, 5, 6, 7, 8, 9, 10, 11, 12, 13, 14]",0.5,0.0,,,,0.0,0,0
ruler_fwe_16k:0010,ruler_fwe_16k,L0,OFF,"[1, 2, 3, 4, 5, 6, 7, 8, 9, 10, 11, 12, 13, 14]",0.5,0.0,,,,0.0,0,0
ruler_fwe_16k:0010,ruler_fwe_16k,L0,L6,"[1, 2, 3, 4, 5, 6, 7, 8, 9, 10, 11, 12, 13, 14]",0.5,0.0,,,,0.0,0,0
ruler_fwe_16k:0010,ruler_fwe_16k,L0,L12,"[1, 2, 3, 4, 5, 6, 7, 8, 9, 10, 11, 12, 13, 14]",0.5,0.0,,,,0.0,0,0
ruler_fwe_16k:0010,ruler_fwe_16k,L0,L18,"[1, 2, 3, 4, 5, 6, 7, 8, 9, 10, 11, 12, 13, 14]",0.5,0.0,,,,0.0,0,0
ruler_fwe_16k:0010,ruler_fwe_16k,L0,L24,"[1, 2, 3, 4, 5, 6, 7, 8, 9, 10, 11, 12, 13, 14]",0.5,0.0,,,,0.0,0,0
ruler_fwe_16k:0010,ruler_fwe_16k,L0,ALL,"[1, 2, 3, 4, 5, 6, 7, 8, 9, 10, 11, 12, 13, 14]",0.5,0.0,,,,0.0,0,0
ruler_fwe_16k:0010,ruler_fwe_16k,L6,OFF,[11],0.7333333333333333,0.33333333333333337,0.7333333333333333,0.7333333333333333,0.0,0.0,1,1
ruler_fwe_16k:0010,ruler_fwe_16k,L6,L0,[2],0.13333333333333333,0.33333333333333337,0.13333333333333333,0.13333333333333333,0.0,0.0,1,1
ruler_fwe_16k:0010,ruler_fwe_16k,L6,L12,"[1, 2, 3, 4, 5, 6, 7, 8, 9, 10, 11, 12, 13, 14]",0.5,0.0,,,,0.0,0,0
ruler_fwe_16k:0010,ruler_fwe_16k,L6,L18,"[1, 2, 3, 4, 5, 6, 7, 8, 9, 10, 11, 12, 13, 14]",0.5,0.0,,,,0.0,0,0
ruler_fwe_16k:0010,ruler_fwe_16k,L6,L24,"[1, 2, 3, 4, 5, 6, 7, 8, 9, 10, 11, 12, 13, 14]",0.5,0.0,,,,0.0,0,0
ruler_fwe_16k:0010,ruler_fwe_16k,L6,ALL,"[1, 2, 3, 4, 5, 6, 7, 8, 9, 10, 11, 12, 13, 14]",0.5,0.0,,,,0.0,0,0
ruler_fwe_16k:0010,ruler_fwe_16k,L12,OFF,"[1, 2, 3, 4, 5, 6, 7, 8, 9, 10, 11, 12, 13, 14]",0.5,0.0,,,,0.0,0,0
ruler_fwe_16k:0010,ruler_fwe_16k,L12,L0,"[1, 2, 3, 4, 5, 6, 7, 8, 9, 10, 11, 12, 13, 14]",0.5,0.0,,,,0.0,0,0
ruler_fwe_16k:0010,ruler_fwe_16k,L12,L6,[11],0.7333333333333333,0.33333333333333337,0.7333333333333333,0.7333333333333333,0.0,0.0,1,1
ruler_fwe_16k:0010,ruler_fwe_16k,L12,L18,"[1, 2, 3, 4, 5, 6, 7, 8, 9, 10, 11, 12, 13, 14]",0.5,0.0,,,,0.0,0,0
ruler_fwe_16k:0010,ruler_fwe_16k,L12,L24,"[1, 2, 3, 4, 5, 6, 7, 8, 9, 10, 11, 12, 13, 14]",0.5,0.0,,,,0.0,0,0
ruler_fwe_16k:0010,ruler_fwe_16k,L12,ALL,"[1, 2, 3, 4, 5, 6, 7, 8, 9, 10, 11, 12, 13, 14]",0.5,0.0,,,,0.0,0,0
ruler_fwe_16k:0010,ruler_fwe_16k,L18,OFF,"[1, 2, 3, 4, 5, 6, 7, 8, 9, 10, 11, 12, 13, 14]",0.5,0.0,,,,0.0,0,0
ruler_fwe_16k:0010,ruler_fwe_16k,L18,L0,[2],0.13333333333333333,0.33333333333333337,0.13333333333333333,0.13333333333333333,0.0,0.0,1,1
ruler_fwe_16k:0010,ruler_fwe_16k,L18,L6,"[1, 2, 3, 4, 5, 6, 7, 8, 9, 10, 11, 12, 13, 14]",0.5,0.0,,,,0.0,0,0
ruler_fwe_16k:0010,ruler_fwe_16k,L18,L12,"[1, 2, 3, 4, 5, 6, 7, 8, 9, 10, 11, 12, 13, 14]",0.5,0.0,,,,0.0,0,0
ruler_fwe_16k:0010,ruler_fwe_16k,L18,L24,"[1, 2, 3, 4, 5, 6, 7, 8, 9, 10, 11, 12, 13, 14]",0.5,0.0,,,,0.0,0,0
ruler_fwe_16k:0010,ruler_fwe_16k,L18,ALL,"[1, 2, 3, 4, 5, 6, 7, 8, 9, 10, 11, 12, 13, 14]",0.5,0.0,,,,0.0,0,0
ruler_fwe_16k:0010,ruler_fwe_16k,L24,OFF,"[1, 2, 3, 4, 5, 6, 7, 8, 9, 10, 11, 12, 13, 14]",0.5,0.0,,,,0.0,0,0
ruler_fwe_16k:0010,ruler_fwe_16k,L24,L0,"[1, 2, 3, 4, 5, 6, 7, 8, 9, 10, 11, 12, 13, 14]",0.5,0.0,,,,0.0,0,0
ruler_fwe_16k:0010,ruler_fwe_16k,L24,L6,"[1, 2, 3, 4, 5, 6, 7, 8, 9, 10, 11, 12, 13, 14]",0.5,0.0,,,,0.0,0,0
ruler_fwe_16k:0010,ruler_fwe_16k,L24,L12,"[1, 2, 3, 4, 5, 6, 7, 8, 9, 10, 11, 12, 13, 14]",0.5,0.0,,,,0.0,0,0
ruler_fwe_16k:0010,ruler_fwe_16k,L24,L18,"[1, 2, 3, 4, 5, 6, 7, 8, 9, 10, 11, 12, 13, 14]",0.5,0.0,,,,0.0,0,0
ruler_fwe_16k:0010,ruler_fwe_16k,L24,ALL,[2],0.13333333333333333,0.33333333333333337,0.13333333333333333,0.13333333333333333,0.0,0.0,1,1
ruler_fwe_16k:0010,ruler_fwe_16k,ALL,OFF,"[1, 2, 3, 4, 5, 6, 7, 8, 9, 10, 11, 12, 13, 14]",0.5,0.0,,,,0.0,0,0
ruler_fwe_16k:0010,ruler_fwe_16k,ALL,L0,"[4, 10]",0.4666666666666667,0.0,0.26666666666666666,0.6666666666666666,0.4,0.0,2,2
ruler_fwe_16k:0010,ruler_fwe_16k,ALL,L6,"[1, 2, 3, 4, 5, 6, 7, 8, 9, 10, 11, 12, 13, 14]",0.5,0.0,,,,0.0,0,0
ruler_fwe_16k:0010,ruler_fwe_16k,ALL,L12,[9],0.6,0.33333333333333337,0.6,0.6,0.0,0.0,1,1
ruler_fwe_16k:0010,ruler_fwe_16k,ALL,L18,[7],0.4666666666666667,0.33333333333333337,0.4666666666666667,0.4666666666666667,0.0,0.0,1,1
ruler_fwe_16k:0010,ruler_fwe_16k,ALL,L24,"[1, 2, 3, 4, 5, 6, 7, 8, 9, 10, 11, 12, 13, 14]",0.5,0.0,,,,0.0,0,0
ruler_fwe_16k:0088,ruler_fwe_16k,OFF,L0,"[1, 2, 3, 4, 5, 6, 7, 8, 9, 10, 11, 12, 13, 14]",0.5,0.0,,,,0.0,0,0
ruler_fwe_16k:0088,ruler_fwe_16k,OFF,L6,"[1, 2, 3, 4, 5, 6, 7, 8, 9, 10, 11, 12, 13, 14]",0.5,0.0,,,,0.0,0,0
ruler_fwe_16k:0088,ruler_fwe_16k,OFF,L12,"[1, 2, 3, 4, 5, 6, 7, 8, 9, 10, 11, 12, 13, 14]",0.5,0.0,,,,0.0,0,0
ruler_fwe_16k:0088,ruler_fwe_16k,OFF,L18,"[1, 2, 3, 4, 5, 6, 7, 8, 9, 10, 11, 12, 13, 14]",0.5,0.0,,,,0.0,0,0
ruler_fwe_16k:0088,ruler_fwe_16k,OFF,L24,"[1, 2, 3, 4, 5, 6, 7, 8, 9, 10, 11, 12, 13, 14]",0.5,0.0,,,,0.0,0,0
ruler_fwe_16k:0088,ruler_fwe_16k,OFF,ALL,"[1, 2, 3, 4, 5, 6, 7, 8, 9, 10, 11, 12, 13, 14]",0.5,0.0,,,,0.0,0,0
ruler_fwe_16k:0088,ruler_fwe_16k,L0,OFF,[10],0.6666666666666666,0.33333333333333337,0.6666666666666666,0.6666666666666666,0.0,0.0,1,1
ruler_fwe_16k:0088,ruler_fwe_16k,L0,L6,"[1, 2, 3, 4, 5, 6, 7, 8, 9, 10, 11, 12, 13, 14]",0.5,0.0,,,,0.0,0,0
ruler_fwe_16k:0088,ruler_fwe_16k,L0,L12,"[1, 2, 3, 4, 5, 6, 7, 8, 9, 10, 11, 12, 13, 14]",0.5,0.0,,,,0.0,0,0
ruler_fwe_16k:0088,ruler_fwe_16k,L0,L18,"[1, 2, 3, 4, 5, 6, 7, 8, 9, 10, 11, 12, 13, 14]",0.5,0.0,,,,0.0,0,0
ruler_fwe_16k:0088,ruler_fwe_16k,L0,L24,"[1, 2, 3, 4, 5, 6, 7, 8, 9, 10, 11, 12, 13, 14]",0.5,0.0,,,,0.0,0,0
ruler_fwe_16k:0088,ruler_fwe_16k,L0,ALL,"[1, 2, 3, 4, 5, 6, 7, 8, 9, 10, 11, 12, 13, 14]",0.5,0.0,,,,0.0,0,0
ruler_fwe_16k:0088,ruler_fwe_16k,L6,OFF,"[1, 2, 3, 4, 5, 6, 7, 8, 9, 10, 11, 12, 13, 14]",0.5,0.0,,,,0.0,0,0
ruler_fwe_16k:0088,ruler_fwe_16k,L6,L0,"[1, 2, 3, 4, 5, 6, 7, 8, 9, 10, 11, 12, 13, 14]",0.5,0.0,,,,0.0,0,0
ruler_fwe_16k:0088,ruler_fwe_16k,L6,L12,"[1, 2, 3, 4, 5, 6, 7, 8, 9, 10, 11, 12, 13, 14]",0.5,0.0,,,,0.0,0,0
ruler_fwe_16k:0088,ruler_fwe_16k,L6,L18,[11],0.7333333333333333,0.33333333333333337,0.7333333333333333,0.7333333333333333,0.0,0.0,1,1
ruler_fwe_16k:0088,ruler_fwe_16k,L6,L24,"[1, 2, 3, 4, 5, 6, 7, 8, 9, 10, 11, 12, 13, 14]",0.5,0.0,,,,0.0,0,0
ruler_fwe_16k:0088,ruler_fwe_16k,L6,ALL,[11],0.7333333333333333,0.33333333333333337,0.7333333333333333,0.7333333333333333,0.0,0.0,1,1
ruler_fwe_16k:0088,ruler_fwe_16k,L12,OFF,"[1, 2, 3, 4, 5, 6, 7, 8, 9, 10, 11, 12, 13, 14]",0.5,0.0,,,,0.0,0,0
ruler_fwe_16k:0088,ruler_fwe_16k,L12,L0,"[1, 2, 3, 4, 5, 6, 7, 8, 9, 10, 11, 12, 13, 14]",0.5,0.0,,,,0.0,0,0
ruler_fwe_16k:0088,ruler_fwe_16k,L12,L6,[8],0.5333333333333333,0.33333333333333337,0.5333333333333333,0.5333333333333333,0.0,0.0,1,1
ruler_fwe_16k:0088,ruler_fwe_16k,L12,L18,"[1, 2, 3, 4, 5, 6, 7, 8, 9, 10, 11, 12, 13, 14]",0.5,0.0,,,,0.0,0,0
ruler_fwe_16k:0088,ruler_fwe_16k,L12,L24,"[1, 2, 3, 4, 5, 6, 7, 8, 9, 10, 11, 12, 13, 14]",0.5,0.0,,,,0.0,0,0
ruler_fwe_16k:0088,ruler_fwe_16k,L12,ALL,"[1, 2, 3, 4, 5, 6, 7, 8, 9, 10, 11, 12, 13, 14]",0.5,0.0,,,,0.0,0,0
ruler_fwe_16k:0088,ruler_fwe_16k,L18,OFF,"[1, 2, 3, 4, 5, 6, 7, 8, 9, 10, 11, 12, 13, 14]",0.5,0.0,,,,0.0,0,0
ruler_fwe_16k:0088,ruler_fwe_16k,L18,L0,"[1, 2, 3, 4, 5, 6, 7, 8, 9, 10, 11, 12, 13, 14]",0.5,0.0,,,,0.0,0,0
ruler_fwe_16k:0088,ruler_fwe_16k,L18,L6,"[1, 2, 3, 4, 5, 6, 7, 8, 9, 10, 11, 12, 13, 14]",0.5,0.0,,,,0.0,0,0
ruler_fwe_16k:0088,ruler_fwe_16k,L18,L12,"[1, 2, 3, 4, 5, 6, 7, 8, 9, 10, 11, 12, 13, 14]",0.5,0.0,,,,0.0,0,0
ruler_fwe_16k:0088,ruler_fwe_16k,L18,L24,"[1, 2, 3, 4, 5, 6, 7, 8, 9, 10, 11, 12, 13, 14]",0.5,0.0,,,,0.0,0,0
ruler_fwe_16k:0088,ruler_fwe_16k,L18,ALL,"[1, 2, 3, 4, 5, 6, 7, 8, 9, 10, 11, 12, 13, 14]",0.5,0.0,,,,0.0,0,0
ruler_fwe_16k:0088,ruler_fwe_16k,L24,OFF,"[1, 2, 3, 4, 5, 6, 7, 8, 9, 10, 11, 12, 13, 14]",0.5,0.0,,,,0.0,0,0
ruler_fwe_16k:0088,ruler_fwe_16k,L24,L0,"[1, 2, 3, 4, 5, 6, 7, 8, 9, 10, 11, 12, 13, 14]",0.5,0.0,,,,0.0,0,0
ruler_fwe_16k:0088,ruler_fwe_16k,L24,L6,"[1, 2, 3, 4, 5, 6, 7, 8, 9, 10, 11, 12, 13, 14]",0.5,0.0,,,,0.0,0,0
ruler_fwe_16k:0088,ruler_fwe_16k,L24,L12,"[1, 2, 3, 4, 5, 6, 7, 8, 9, 10, 11, 12, 13, 14]",0.5,0.0,,,,0.0,0,0
ruler_fwe_16k:0088,ruler_fwe_16k,L24,L18,"[1, 2, 3, 4, 5, 6, 7, 8, 9, 10, 11, 12, 13, 14]",0.5,0.0,,,,0.0,0,0
ruler_fwe_16k:0088,ruler_fwe_16k,L24,ALL,"[1, 2, 3, 4, 5, 6, 7, 8, 9, 10, 11, 12, 13, 14]",0.5,0.0,,,,0.0,0,0
ruler_fwe_16k:0088,ruler_fwe_16k,ALL,OFF,"[1, 2, 3, 4, 5, 6, 7, 8, 9, 10, 11, 12, 13, 14]",0.5,0.0,,,,0.0,0,0
ruler_fwe_16k:0088,ruler_fwe_16k,ALL,L0,"[1, 2, 3, 4, 5, 6, 7, 8, 9, 10, 11, 12, 13, 14]",0.5,0.0,,,,0.0,0,0
ruler_fwe_16k:0088,ruler_fwe_16k,ALL,L6,"[1, 2, 3, 4, 5, 6, 7, 8, 9, 10, 11, 12, 13, 14]",0.5,0.0,,,,0.0,0,0
ruler_fwe_16k:0088,ruler_fwe_16k,ALL,L12,"[1, 2, 3, 4, 5, 6, 7, 8, 9, 10, 11, 12, 13, 14]",0.5,0.0,,,,0.0,0,0
ruler_fwe_16k:0088,ruler_fwe_16k,ALL,L18,"[1, 2, 3, 4, 5, 6, 7, 8, 9, 10, 11, 12, 13, 14]",0.5,0.0,,,,0.0,0,0
ruler_fwe_16k:0088,ruler_fwe_16k,ALL,L24,"[1, 2, 3, 4, 5, 6, 7, 8, 9, 10, 11, 12, 13, 14]",0.5,0.0,,,,0.0,0,0
ruler_fwe_16k:0108,ruler_fwe_16k,OFF,L0,"[1, 2, 3, 4, 5, 6, 7, 8, 9, 10, 11, 12, 13, 14]",0.5,0.0,,,,0.0,0,0
ruler_fwe_16k:0108,ruler_fwe_16k,OFF,L6,"[1, 2, 3, 4, 5, 6, 7, 8, 9, 10, 11, 12, 13, 14]",0.5,0.0,,,,0.0,0,0
ruler_fwe_16k:0108,ruler_fwe_16k,OFF,L12,"[1, 2, 3, 4, 5, 6, 7, 8, 9, 10, 11, 12, 13, 14]",0.5,0.0,,,,0.0,0,0
ruler_fwe_16k:0108,ruler_fwe_16k,OFF,L18,"[1, 2, 3, 4, 5, 6, 7, 8, 9, 10, 11, 12, 13, 14]",0.5,0.0,,,,0.0,0,0
ruler_fwe_16k:0108,ruler_fwe_16k,OFF,L24,"[1, 2, 3, 4, 5, 6, 7, 8, 9, 10, 11, 12, 13, 14]",0.5,0.0,,,,0.0,0,0
ruler_fwe_16k:0108,ruler_fwe_16k,OFF,ALL,"[1, 2, 3, 4, 5, 6, 7, 8, 9, 10, 11, 12, 13, 14]",0.5,0.0,,,,0.0,0,0
ruler_fwe_16k:0108,ruler_fwe_16k,L0,OFF,"[1, 2, 3, 4, 5, 6, 7, 8, 9, 10, 11, 12, 13, 14]",0.5,0.0,,,,0.0,0,0
ruler_fwe_16k:0108,ruler_fwe_16k,L0,L6,"[1, 2, 3, 4, 5, 6, 7, 8, 9, 10, 11, 12, 13, 14]",0.5,0.0,,,,0.0,0,0
ruler_fwe_16k:0108,ruler_fwe_16k,L0,L12,"[1, 2, 3, 4, 5, 6, 7, 8, 9, 10, 11, 12, 13, 14]",0.5,0.0,,,,0.0,0,0
ruler_fwe_16k:0108,ruler_fwe_16k,L0,L18,"[1, 2, 3, 4, 5, 6, 7, 8, 9, 10, 11, 12, 13, 14]",0.5,0.0,,,,0.0,0,0
ruler_fwe_16k:0108,ruler_fwe_16k,L0,L24,"[1, 2, 3, 4, 5, 6, 7, 8, 9, 10, 11, 12, 13, 14]",0.5,0.0,,,,0.0,0,0
ruler_fwe_16k:0108,ruler_fwe_16k,L0,ALL,"[1, 2, 3, 4, 5, 6, 7, 8, 9, 10, 11, 12, 13, 14]",0.5,0.0,,,,0.0,0,0
ruler_fwe_16k:0108,ruler_fwe_16k,L6,OFF,"[1, 2, 3, 4, 5, 6, 7, 8, 9, 10, 11, 12, 13, 14]",0.5,0.0,,,,0.0,0,0
ruler_fwe_16k:0108,ruler_fwe_16k,L6,L0,"[1, 2, 3, 4, 5, 6, 7, 8, 9, 10, 11, 12, 13, 14]",0.5,0.0,,,,0.0,0,0
ruler_fwe_16k:0108,ruler_fwe_16k,L6,L12,"[1, 2, 3, 4, 5, 6, 7, 8, 9, 10, 11, 12, 13, 14]",0.5,0.0,,,,0.0,0,0
ruler_fwe_16k:0108,ruler_fwe_16k,L6,L18,"[1, 2, 3, 4, 5, 6, 7, 8, 9, 10, 11, 12, 13, 14]",0.5,0.0,,,,0.0,0,0
ruler_fwe_16k:0108,ruler_fwe_16k,L6,L24,"[1, 2, 3, 4, 5, 6, 7, 8, 9, 10, 11, 12, 13, 14]",0.5,0.0,,,,0.0,0,0
ruler_fwe_16k:0108,ruler_fwe_16k,L6,ALL,[8],0.5333333333333333,0.33333333333333337,0.5333333333333333,0.5333333333333333,0.0,0.0,1,1
ruler_fwe_16k:0108,ruler_fwe_16k,L12,OFF,"[1, 2, 3, 4, 5, 6, 7, 8, 9, 10, 11, 12, 13, 14]",0.5,0.0,,,,0.0,0,0
ruler_fwe_16k:0108,ruler_fwe_16k,L12,L0,"[1, 2, 3, 4, 5, 6, 7, 8, 9, 10, 11, 12, 13, 14]",0.5,0.0,,,,0.0,0,0
ruler_fwe_16k:0108,ruler_fwe_16k,L12,L6,"[1, 2, 3, 4, 5, 6, 7, 8, 9, 10, 11, 12, 13, 14]",0.5,0.0,,,,0.0,0,0
ruler_fwe_16k:0108,ruler_fwe_16k,L12,L18,"[1, 2, 3, 4, 5, 6, 7, 8, 9, 10, 11, 12, 13, 14]",0.5,0.0,,,,0.0,0,0
ruler_fwe_16k:0108,ruler_fwe_16k,L12,L24,"[1, 2, 3, 4, 5, 6, 7, 8, 9, 10, 11, 12, 13, 14]",0.5,0.0,,,,0.0,0,0
ruler_fwe_16k:0108,ruler_fwe_16k,L12,ALL,"[1, 2, 3, 4, 5, 6, 7, 8, 9, 10, 11, 12, 13, 14]",0.5,0.0,,,,0.0,0,0
ruler_fwe_16k:0108,ruler_fwe_16k,L18,OFF,"[1, 2, 3, 4, 5, 6, 7, 8, 9, 10, 11, 12, 13, 14]",0.5,0.0,,,,0.0,0,0
ruler_fwe_16k:0108,ruler_fwe_16k,L18,L0,"[1, 2, 3, 4, 5, 6, 7, 8, 9, 10, 11, 12, 13, 14]",0.5,0.0,,,,0.0,0,0
ruler_fwe_16k:0108,ruler_fwe_16k,L18,L6,"[1, 2, 3, 4, 5, 6, 7, 8, 9, 10, 11, 12, 13, 14]",0.5,0.0,,,,0.0,0,0
ruler_fwe_16k:0108,ruler_fwe_16k,L18,L12,"[1, 2, 3, 4, 5, 6, 7, 8, 9, 10, 11, 12, 13, 14]",0.5,0.0,,,,0.0,0,0
ruler_fwe_16k:0108,ruler_fwe_16k,L18,L24,"[1, 2, 3, 4, 5, 6, 7, 8, 9, 10, 11, 12, 13, 14]",0.5,0.0,,,,0.0,0,0
ruler_fwe_16k:0108,ruler_fwe_16k,L18,ALL,"[1, 2, 3, 4, 5, 6, 7, 8, 9, 10, 11, 12, 13, 14]",0.5,0.0,,,,0.0,0,0
ruler_fwe_16k:0108,ruler_fwe_16k,L24,OFF,"[1, 2, 3, 4, 5, 6, 7, 8, 9, 10, 11, 12, 13, 14]",0.5,0.0,,,,0.0,0,0
ruler_fwe_16k:0108,ruler_fwe_16k,L24,L0,"[1, 2, 3, 4, 5, 6, 7, 8, 9, 10, 11, 12, 13, 14]",0.5,0.0,,,,0.0,0,0
ruler_fwe_16k:0108,ruler_fwe_16k,L24,L6,"[1, 2, 3, 4, 5, 6, 7, 8, 9, 10, 11, 12, 13, 14]",0.5,0.0,,,,0.0,0,0
ruler_fwe_16k:0108,ruler_fwe_16k,L24,L12,"[1, 2, 3, 4, 5, 6, 7, 8, 9, 10, 11, 12, 13, 14]",0.5,0.0,,,,0.0,0,0
ruler_fwe_16k:0108,ruler_fwe_16k,L24,L18,"[1, 2, 3, 4, 5, 6, 7, 8, 9, 10, 11, 12, 13, 14]",0.5,0.0,,,,0.0,0,0
ruler_fwe_16k:0108,ruler_fwe_16k,L24,ALL,[8],0.5333333333333333,0.33333333333333337,0.5333333333333333,0.5333333333333333,0.0,0.0,1,1
ruler_fwe_16k:0108,ruler_fwe_16k,ALL,OFF,[9],0.6,0.33333333333333337,0.6,0.6,0.0,0.0,1,1
ruler_fwe_16k:0108,ruler_fwe_16k,ALL,L0,"[1, 2, 3, 4, 5, 6, 7, 8, 9, 10, 11, 12, 13, 14]",0.5,0.0,,,,0.0,0,0
ruler_fwe_16k:0108,ruler_fwe_16k,ALL,L6,"[1, 2, 3, 4, 5, 6, 7, 8, 9, 10, 11, 12, 13, 14]",0.5,0.0,,,,0.0,0,0
ruler_fwe_16k:0108,ruler_fwe_16k,ALL,L12,"[1, 2, 3, 4, 5, 6, 7, 8, 9, 10, 11, 12, 13, 14]",0.5,0.0,,,,0.0,0,0
ruler_fwe_16k:0108,ruler_fwe_16k,ALL,L18,"[1, 2, 3, 4, 5, 6, 7, 8, 9, 10, 11, 12, 13, 14]",0.5,0.0,,,,0.0,0,0
ruler_fwe_16k:0108,ruler_fwe_16k,ALL,L24,[9],0.6,0.33333333333333337,0.6,0.6,0.0,0.0,1,1
ruler_fwe_16k:0227,ruler_fwe_16k,OFF,L0,"[1, 2, 3, 4, 5, 6, 7, 8, 9, 10, 11, 12, 13, 14]",0.5,0.0,,,,0.0,0,0
ruler_fwe_16k:0227,ruler_fwe_16k,OFF,L6,"[1, 2, 3, 4, 5, 6, 7, 8, 9, 10, 11, 12, 13, 14]",0.5,0.0,,,,0.0,0,0
ruler_fwe_16k:0227,ruler_fwe_16k,OFF,L12,"[1, 2, 3, 4, 5, 6, 7, 8, 9, 10, 11, 12, 13, 14]",0.5,0.0,,,,0.0,0,0
ruler_fwe_16k:0227,ruler_fwe_16k,OFF,L18,"[1, 2, 3, 4, 5, 6, 7, 8, 9, 10, 11, 12, 13, 14]",0.5,0.0,,,,0.0,0,0
ruler_fwe_16k:0227,ruler_fwe_16k,OFF,L24,"[1, 2, 3, 4, 5, 6, 7, 8, 9, 10, 11, 12, 13, 14]",0.5,0.0,,,,0.0,0,0
ruler_fwe_16k:0227,ruler_fwe_16k,OFF,ALL,[6],0.4,0.33333333333333337,0.4,0.4,0.0,0.0,1,1
ruler_fwe_16k:0227,ruler_fwe_16k,L0,OFF,"[1, 2, 3, 4, 5, 6, 7, 8, 9, 10, 11, 12, 13, 14]",0.5,0.0,,,,0.0,0,0
ruler_fwe_16k:0227,ruler_fwe_16k,L0,L6,"[1, 2, 3, 4, 5, 6, 7, 8, 9, 10, 11, 12, 13, 14]",0.5,0.0,,,,0.0,0,0
ruler_fwe_16k:0227,ruler_fwe_16k,L0,L12,"[1, 2, 3, 4, 5, 6, 7, 8, 9, 10, 11, 12, 13, 14]",0.5,0.0,,,,0.0,0,0
ruler_fwe_16k:0227,ruler_fwe_16k,L0,L18,"[1, 2, 3, 4, 5, 6, 7, 8, 9, 10, 11, 12, 13, 14]",0.5,0.0,,,,0.0,0,0
ruler_fwe_16k:0227,ruler_fwe_16k,L0,L24,"[1, 2, 3, 4, 5, 6, 7, 8, 9, 10, 11, 12, 13, 14]",0.5,0.0,,,,0.0,0,0
ruler_fwe_16k:0227,ruler_fwe_16k,L0,ALL,"[1, 2, 3, 4, 5, 6, 7, 8, 9, 10, 11, 12, 13, 14]",0.5,0.0,,,,0.0,0,0
ruler_fwe_16k:0227,ruler_fwe_16k,L6,OFF,"[1, 2, 3, 4, 5, 6, 7, 8, 9, 10, 11, 12, 13, 14]",0.5,0.0,,,,0.0,0,0
ruler_fwe_16k:0227,ruler_fwe_16k,L6,L0,"[1, 2, 3, 4, 5, 6, 7, 8, 9, 10, 11, 12, 13, 14]",0.5,0.0,,,,0.0,0,0
ruler_fwe_16k:0227,ruler_fwe_16k,L6,L12,"[1, 2, 3, 4, 5, 6, 7, 8, 9, 10, 11, 12, 13, 14]",0.5,0.0,,,,0.0,0,0
ruler_fwe_16k:0227,ruler_fwe_16k,L6,L18,"[1, 2, 3, 4, 5, 6, 7, 8, 9, 10, 11, 12, 13, 14]",0.5,0.0,,,,0.0,0,0
ruler_fwe_16k:0227,ruler_fwe_16k,L6,L24,"[1, 2, 3, 4, 5, 6, 7, 8, 9, 10, 11, 12, 13, 14]",0.5,0.0,,,,0.0,0,0
ruler_fwe_16k:0227,ruler_fwe_16k,L6,ALL,"[1, 2, 3, 4, 5, 6, 7, 8, 9, 10, 11, 12, 13, 14]",0.5,0.0,,,,0.0,0,0
ruler_fwe_16k:0227,ruler_fwe_16k,L12,OFF,"[1, 2, 3, 4, 5, 6, 7, 8, 9, 10, 11, 12, 13, 14]",0.5,0.0,,,,0.0,0,0
ruler_fwe_16k:0227,ruler_fwe_16k,L12,L0,"[1, 2, 3, 4, 5, 6, 7, 8, 9, 10, 11, 12, 13, 14]",0.5,0.0,,,,0.0,0,0
ruler_fwe_16k:0227,ruler_fwe_16k,L12,L6,"[1, 2, 3, 4, 5, 6, 7, 8, 9, 10, 11, 12, 13, 14]",0.5,0.0,,,,0.0,0,0
ruler_fwe_16k:0227,ruler_fwe_16k,L12,L18,"[1, 2, 3, 4, 5, 6, 7, 8, 9, 10, 11, 12, 13, 14]",0.5,0.0,,,,0.0,0,0
ruler_fwe_16k:0227,ruler_fwe_16k,L12,L24,"[1, 2, 3, 4, 5, 6, 7, 8, 9, 10, 11, 12, 13, 14]",0.5,0.0,,,,0.0,0,0
ruler_fwe_16k:0227,ruler_fwe_16k,L12,ALL,"[1, 2, 3, 4, 5, 6, 7, 8, 9, 10, 11, 12, 13, 14]",0.5,0.0,,,,0.0,0,0
ruler_fwe_16k:0227,ruler_fwe_16k,L18,OFF,"[1, 2, 3, 4, 5, 6, 7, 8, 9, 10, 11, 12, 13, 14]",0.5,0.0,,,,0.0,0,0
ruler_fwe_16k:0227,ruler_fwe_16k,L18,L0,"[1, 2, 3, 4, 5, 6, 7, 8, 9, 10, 11, 12, 13, 14]",0.5,0.0,,,,0.0,0,0
ruler_fwe_16k:0227,ruler_fwe_16k,L18,L6,"[1, 2, 3, 4, 5, 6, 7, 8, 9, 10, 11, 12, 13, 14]",0.5,0.0,,,,0.0,0,0
ruler_fwe_16k:0227,ruler_fwe_16k,L18,L12,"[1, 2, 3, 4, 5, 6, 7, 8, 9, 10, 11, 12, 13, 14]",0.5,0.0,,,,0.0,0,0
ruler_fwe_16k:0227,ruler_fwe_16k,L18,L24,"[1, 2, 3, 4, 5, 6, 7, 8, 9, 10, 11, 12, 13, 14]",0.5,0.0,,,,0.0,0,0
ruler_fwe_16k:0227,ruler_fwe_16k,L18,ALL,"[1, 2, 3, 4, 5, 6, 7, 8, 9, 10, 11, 12, 13, 14]",0.5,0.0,,,,0.0,0,0
ruler_fwe_16k:0227,ruler_fwe_16k,L24,OFF,"[1, 2, 3, 4, 5, 6, 7, 8, 9, 10, 11, 12, 13, 14]",0.5,0.0,,,,0.0,0,0
ruler_fwe_16k:0227,ruler_fwe_16k,L24,L0,"[1, 2, 3, 4, 5, 6, 7, 8, 9, 10, 11, 12, 13, 14]",0.5,0.0,,,,0.0,0,0
ruler_fwe_16k:0227,ruler_fwe_16k,L24,L6,"[1, 2, 3, 4, 5, 6, 7, 8, 9, 10, 11, 12, 13, 14]",0.5,0.0,,,,0.0,0,0
ruler_fwe_16k:0227,ruler_fwe_16k,L24,L12,"[1, 2, 3, 4, 5, 6, 7, 8, 9, 10, 11, 12, 13, 14]",0.5,0.0,,,,0.0,0,0
ruler_fwe_16k:0227,ruler_fwe_16k,L24,L18,"[1, 2, 3, 4, 5, 6, 7, 8, 9, 10, 11, 12, 13, 14]",0.5,0.0,,,,0.0,0,0
ruler_fwe_16k:0227,ruler_fwe_16k,L24,ALL,[8],0.5333333333333333,0.33333333333333337,0.5333333333333333,0.5333333333333333,0.0,0.0,1,1
ruler_fwe_16k:0227,ruler_fwe_16k,ALL,OFF,"[1, 2, 3, 4, 5, 6, 7, 8, 9, 10, 11, 12, 13, 14]",0.5,0.0,,,,0.0,0,0
ruler_fwe_16k:0227,ruler_fwe_16k,ALL,L0,"[1, 2, 3, 4, 5, 6, 7, 8, 9, 10, 11, 12, 13, 14]",0.5,0.0,,,,0.0,0,0
ruler_fwe_16k:0227,ruler_fwe_16k,ALL,L6,"[1, 2, 3, 4, 5, 6, 7, 8, 9, 10, 11, 12, 13, 14]",0.5,0.0,,,,0.0,0,0
ruler_fwe_16k:0227,ruler_fwe_16k,ALL,L12,[2],0.13333333333333333,0.33333333333333337,0.13333333333333333,0.13333333333333333,0.0,0.0,1,1
ruler_fwe_16k:0227,ruler_fwe_16k,ALL,L18,"[1, 2, 3, 4, 5, 6, 7, 8, 9, 10, 11, 12, 13, 14]",0.5,0.0,,,,0.0,0,0
ruler_fwe_16k:0227,ruler_fwe_16k,ALL,L24,"[1, 2, 3, 4, 5, 6, 7, 8, 9, 10, 11, 12, 13, 14]",0.5,0.0,,,,0.0,0,0
ruler_fwe_16k:0242,ruler_fwe_16k,OFF,L0,"[1, 3, 4, 6, 7, 8, 10, 11, 12]",0.4592592592592593,0.0,,,,0.0,0,0
ruler_fwe_16k:0242,ruler_fwe_16k,OFF,L6,"[3, 9]",0.4,0.0,0.2,0.6,0.4,0.0,2,2
ruler_fwe_16k:0242,ruler_fwe_16k,OFF,L12,"[1, 6, 7, 12, 13]",0.52,0.0,,,,0.0,0,0
ruler_fwe_16k:0242,ruler_fwe_16k,OFF,L18,[7],0.4666666666666667,0.33333333333333337,0.4666666666666667,0.4666666666666667,0.0,0.0,1,1
ruler_fwe_16k:0242,ruler_fwe_16k,OFF,L24,"[1, 2, 3, 4, 5, 6, 7, 8, 9, 10, 11, 12, 13, 14]",0.5,0.0,,,,0.0,0,0
ruler_fwe_16k:0242,ruler_fwe_16k,OFF,ALL,[13],0.8666666666666667,0.33333333333333337,0.8666666666666667,0.8666666666666667,0.0,0.0,1,1
ruler_fwe_16k:0242,ruler_fwe_16k,L0,OFF,"[1, 3, 5, 9, 10, 11, 12, 13, 14]",0.5777777777777777,0.0,,,,0.0,0,0
ruler_fwe_16k:0242,ruler_fwe_16k,L0,L6,[9],0.6,0.33333333333333337,0.6,0.6,0.0,0.0,1,1
ruler_fwe_16k:0242,ruler_fwe_16k,L0,L12,"[3, 6, 7, 9, 11, 12, 13, 14]",0.625,0.0,,,,0.0,0,0
ruler_fwe_16k:0242,ruler_fwe_16k,L0,L18,"[1, 3, 4, 5, 7, 9, 11, 12, 13, 14]",0.5266666666666667,0.0,,,,0.0,0,0
ruler_fwe_16k:0242,ruler_fwe_16k,L0,L24,"[3, 5, 7, 9, 10, 11, 12, 13, 14]",0.6222222222222222,0.0,,,,0.0,0,0
ruler_fwe_16k:0242,ruler_fwe_16k,L0,ALL,[11],0.7333333333333333,0.33333333333333337,0.7333333333333333,0.7333333333333333,0.0,0.0,1,1
ruler_fwe_16k:0242,ruler_fwe_16k,L6,OFF,"[2, 3, 4, 5, 6, 7, 9, 10, 11, 12, 13, 14]",0.5333333333333333,0.0,,,,0.0,0,0
ruler_fwe_16k:0242,ruler_fwe_16k,L6,L0,"[1, 3, 4, 10, 11, 12, 13, 14]",0.5666666666666667,0.0,,,,0.0,0,0
ruler_fwe_16k:0242,ruler_fwe_16k,L6,L12,"[1, 2, 3, 4, 5, 7, 8, 9, 10, 11, 12, 13, 14]",0.5076923076923077,0.0,,,,0.0,0,0
ruler_fwe_16k:0242,ruler_fwe_16k,L6,L18,"[2, 3, 4, 5, 7, 8, 9, 11, 12, 13, 14]",0.5333333333333333,0.0,,,,0.0,0,0
ruler_fwe_16k:0242,ruler_fwe_16k,L6,L24,"[1, 3, 4, 5, 7, 8, 9, 10, 11, 12, 13, 14]",0.538888888888889,0.0,,,,0.0,0,0
ruler_fwe_16k:0242,ruler_fwe_16k,L6,ALL,"[1, 4, 6, 7, 8, 9, 10, 11, 12, 13, 14]",0.5757575757575758,0.0,,,,0.0,0,0
ruler_fwe_16k:0242,ruler_fwe_16k,L12,OFF,"[4, 8]",0.4,0.0,0.26666666666666666,0.5333333333333333,0.26666666666666666,0.0,2,2
ruler_fwe_16k:0242,ruler_fwe_16k,L12,L0,"[4, 7, 8, 10, 12, 13, 14]",0.6476190476190475,0.0,,,,0.0,0,0
ruler_fwe_16k:0242,ruler_fwe_16k,L12,L6,"[1, 2, 3, 4, 5, 6, 7, 8, 10, 11, 13]",0.4242424242424242,0.0,,,,0.0,0,0
ruler_fwe_16k:0242,ruler_fwe_16k,L12,L18,[2],0.13333333333333333,0.33333333333333337,0.13333333333333333,0.13333333333333333,0.0,0.0,1,1
ruler_fwe_16k:0242,ruler_fwe_16k,L12,L24,"[4, 10]",0.4666666666666667,0.0,0.26666666666666666,0.6666666666666666,0.4,0.0,2,2
ruler_fwe_16k:0242,ruler_fwe_16k,L12,ALL,"[2, 4, 7, 8, 9, 10, 11, 12, 13, 14]",0.6,0.0,,,,0.0,0,0
ruler_fwe_16k:0242,ruler_fwe_16k,L18,OFF,"[2, 6, 7, 9, 13, 14]",0.5666666666666667,0.0,,,,0.0,0,0
ruler_fwe_16k:0242,ruler_fwe_16k,L18,L0,[8],0.5333333333333333,0.33333333333333337,0.5333333333333333,0.5333333333333333,0.0,0.0,1,1
ruler_fwe_16k:0242,ruler_fwe_16k,L18,L6,"[9, 14]",0.7666666666666667,0.0,0.6,0.9333333333333333,0.3333333333333333,0.0,2,2
ruler_fwe_16k:0242,ruler_fwe_16k,L18,L12,[4],0.26666666666666666,0.33333333333333337,0.26666666666666666,0.26666666666666666,0.0,0.0,1,1
ruler_fwe_16k:0242,ruler_fwe_16k,L18,L24,"[1, 2, 4, 5, 7, 9, 12, 13, 14]",0.4962962962962963,0.0,,,,0.0,0,0
ruler_fwe_16k:0242,ruler_fwe_16k,L18,ALL,[14],0.9333333333333333,0.33333333333333337,0.9333333333333333,0.9333333333333333,0.0,0.0,1,1
ruler_fwe_16k:0242,ruler_fwe_16k,L24,OFF,[10],0.6666666666666666,0.6666666666666666,,,,0.0,0,0
ruler_fwe_16k:0242,ruler_fwe_16k,L24,L0,"[1, 3, 4, 6, 7, 8, 11, 12]",0.43333333333333335,0.0,,,,0.0,0,0
ruler_fwe_16k:0242,ruler_fwe_16k,L24,L6,"[1, 2, 3, 5, 6, 7, 8, 9, 10, 11, 12, 13]",0.48333333333333334,0.0,,,,0.0,0,0
ruler_fwe_16k:0242,ruler_fwe_16k,L24,L12,[1],0.06666666666666667,0.33333333333333337,0.06666666666666667,0.06666666666666667,0.0,0.0,1,1
ruler_fwe_16k:0242,ruler_fwe_16k,L24,L18,"[1, 2, 3, 5, 6, 7, 9, 10, 11, 12]",0.44,0.0,,,,0.0,0,0
ruler_fwe_16k:0242,ruler_fwe_16k,L24,ALL,"[2, 4, 6, 7, 8, 9, 10, 11, 13]",0.5185185185185185,0.0,,,,0.0,0,0
ruler_fwe_16k:0242,ruler_fwe_16k,ALL,OFF,"[1, 3, 7, 8, 9, 10, 12, 13, 14]",0.5703703703703703,0.0,,,,0.0,0,0
ruler_fwe_16k:0242,ruler_fwe_16k,ALL,L0,"[1, 2, 3, 4, 5, 6, 7, 8, 9, 10, 12, 13, 14]",0.48205128205128206,0.0,,,,0.0,0,0
ruler_fwe_16k:0242,ruler_fwe_16k,ALL,L6,"[3, 4, 5, 9, 10, 11, 12, 13, 14]",0.6,0.0,,,,0.0,0,0
ruler_fwe_16k:0242,ruler_fwe_16k,ALL,L12,[9],0.6,0.33333333333333337,0.6,0.6,0.0,0.0,1,1
ruler_fwe_16k:0242,ruler_fwe_16k,ALL,L18,"[1, 3, 7, 9, 10, 12, 13, 14]",0.575,0.0,,,,0.0,0,0
ruler_fwe_16k:0242,ruler_fwe_16k,ALL,L24,"[3, 7, 9, 10, 12, 13, 14]",0.6476190476190475,0.0,,,,0.0,0,0
ruler_fwe_16k:0254,ruler_fwe_16k,OFF,L0,"[1, 2, 3, 4, 5, 6, 7, 8, 9, 10, 11, 12, 13]",0.5,0.0,,,,0.0,0,0
ruler_fwe_16k:0254,ruler_fwe_16k,OFF,L6,"[1, 2, 3, 4, 5, 6, 7, 8, 9, 10, 11, 12, 13]",0.5,0.0,,,,0.0,0,0
ruler_fwe_16k:0254,ruler_fwe_16k,OFF,L12,"[1, 2, 3, 4, 5, 6, 7, 8, 9, 10, 11, 12, 13]",0.5,0.0,,,,0.0,0,0
ruler_fwe_16k:0254,ruler_fwe_16k,OFF,L18,"[1, 2, 3, 4, 5, 6, 7, 8, 9, 10, 11, 12, 13]",0.5,0.0,,,,0.0,0,0
ruler_fwe_16k:0254,ruler_fwe_16k,OFF,L24,"[1, 2, 3, 4, 5, 6, 7, 8, 9, 10, 11, 12, 13]",0.5,0.0,,,,0.0,0,0
ruler_fwe_16k:0254,ruler_fwe_16k,OFF,ALL,"[1, 2, 3, 4, 5, 6, 7, 8, 9, 10, 11, 12, 13]",0.5,0.0,,,,0.0,0,0
ruler_fwe_16k:0254,ruler_fwe_16k,L0,OFF,"[1, 2, 3, 4, 5, 6, 7, 8, 9, 10, 11, 12, 13]",0.5,0.0,,,,0.0,0,0
ruler_fwe_16k:0254,ruler_fwe_16k,L0,L6,"[1, 2, 3, 4, 5, 6, 7, 8, 9, 10, 11, 12, 13]",0.5,0.0,,,,0.0,0,0
ruler_fwe_16k:0254,ruler_fwe_16k,L0,L12,"[1, 2, 3, 4, 5, 6, 7, 8, 9, 10, 11, 12, 13]",0.5,0.0,,,,0.0,0,0
ruler_fwe_16k:0254,ruler_fwe_16k,L0,L18,"[1, 2, 3, 4, 5, 6, 7, 8, 9, 10, 11, 12, 13]",0.5,0.0,,,,0.0,0,0
ruler_fwe_16k:0254,ruler_fwe_16k,L0,L24,"[1, 2, 3, 4, 5, 6, 7, 8, 9, 10, 11, 12, 13]",0.5,0.0,,,,0.0,0,0
ruler_fwe_16k:0254,ruler_fwe_16k,L0,ALL,"[1, 2, 3, 4, 5, 6, 7, 8, 9, 10, 11, 12, 13]",0.5,0.0,,,,0.0,0,0
ruler_fwe_16k:0254,ruler_fwe_16k,L6,OFF,"[1, 2, 3, 4, 5, 6, 7, 8, 9, 10, 11, 12, 13]",0.5,0.0,,,,0.0,0,0
ruler_fwe_16k:0254,ruler_fwe_16k,L6,L0,"[1, 2, 3, 4, 5, 6, 7, 8, 9, 10, 11, 12, 13]",0.5,0.0,,,,0.0,0,0
ruler_fwe_16k:0254,ruler_fwe_16k,L6,L12,"[1, 2, 3, 4, 5, 6, 7, 8, 9, 10, 11, 12, 13]",0.5,0.0,,,,0.0,0,0
ruler_fwe_16k:0254,ruler_fwe_16k,L6,L18,"[1, 2, 3, 4, 5, 6, 7, 8, 9, 10, 11, 12, 13]",0.5,0.0,,,,0.0,0,0
ruler_fwe_16k:0254,ruler_fwe_16k,L6,L24,"[1, 2, 3, 4, 5, 6, 7, 8, 9, 10, 11, 12, 13]",0.5,0.0,,,,0.0,0,0
ruler_fwe_16k:0254,ruler_fwe_16k,L6,ALL,"[1, 2, 3, 4, 5, 6, 7, 8, 9, 10, 11, 12, 13]",0.5,0.0,,,,0.0,0,0
ruler_fwe_16k:0254,ruler_fwe_16k,L12,OFF,"[1, 2, 3, 4, 5, 6, 7, 8, 9, 10, 11, 12, 13]",0.5,0.0,,,,0.0,0,0
ruler_fwe_16k:0254,ruler_fwe_16k,L12,L0,"[1, 2, 3, 4, 5, 6, 7, 8, 9, 10, 11, 12, 13]",0.5,0.0,,,,0.0,0,0
ruler_fwe_16k:0254,ruler_fwe_16k,L12,L6,"[1, 2, 3, 4, 5, 6, 7, 8, 9, 10, 11, 12, 13]",0.5,0.0,,,,0.0,0,0
ruler_fwe_16k:0254,ruler_fwe_16k,L12,L18,"[1, 2, 3, 4, 5, 6, 7, 8, 9, 10, 11, 12, 13]",0.5,0.0,,,,0.0,0,0
ruler_fwe_16k:0254,ruler_fwe_16k,L12,L24,"[1, 2, 3, 4, 5, 6, 7, 8, 9, 10, 11, 12, 13]",0.5,0.0,,,,0.0,0,0
ruler_fwe_16k:0254,ruler_fwe_16k,L12,ALL,"[1, 2, 3, 4, 5, 6, 7, 8, 9, 10, 11, 12, 13]",0.5,0.0,,,,0.0,0,0
ruler_fwe_16k:0254,ruler_fwe_16k,L18,OFF,"[1, 2, 3, 4, 5, 6, 7, 8, 9, 10, 11, 12, 13]",0.5,0.0,,,,0.0,0,0
ruler_fwe_16k:0254,ruler_fwe_16k,L18,L0,"[1, 2, 3, 4, 5, 6, 7, 8, 9, 10, 11, 12, 13]",0.5,0.0,,,,0.0,0,0
ruler_fwe_16k:0254,ruler_fwe_16k,L18,L6,"[1, 2, 3, 4, 5, 6, 7, 8, 9, 10, 11, 12, 13]",0.5,0.0,,,,0.0,0,0
ruler_fwe_16k:0254,ruler_fwe_16k,L18,L12,"[1, 2, 3, 4, 5, 6, 7, 8, 9, 10, 11, 12, 13]",0.5,0.0,,,,0.0,0,0
ruler_fwe_16k:0254,ruler_fwe_16k,L18,L24,"[1, 2, 3, 4, 5, 6, 7, 8, 9, 10, 11, 12, 13]",0.5,0.0,,,,0.0,0,0
ruler_fwe_16k:0254,ruler_fwe_16k,L18,ALL,"[1, 2, 3, 4, 5, 6, 7, 8, 9, 10, 11, 12, 13]",0.5,0.0,,,,0.0,0,0
ruler_fwe_16k:0254,ruler_fwe_16k,L24,OFF,"[1, 2, 3, 4, 5, 6, 7, 8, 9, 10, 11, 12, 13]",0.5,0.0,,,,0.0,0,0
ruler_fwe_16k:0254,ruler_fwe_16k,L24,L0,"[1, 2, 3, 4, 5, 6, 7, 8, 9, 10, 11, 12, 13]",0.5,0.0,,,,0.0,0,0
ruler_fwe_16k:0254,ruler_fwe_16k,L24,L6,"[1, 2, 3, 4, 5, 6, 7, 8, 9, 10, 11, 12, 13]",0.5,0.0,,,,0.0,0,0
ruler_fwe_16k:0254,ruler_fwe_16k,L24,L12,"[1, 2, 3, 4, 5, 6, 7, 8, 9, 10, 11, 12, 13]",0.5,0.0,,,,0.0,0,0
ruler_fwe_16k:0254,ruler_fwe_16k,L24,L18,"[1, 2, 3, 4, 5, 6, 7, 8, 9, 10, 11, 12, 13]",0.5,0.0,,,,0.0,0,0
ruler_fwe_16k:0254,ruler_fwe_16k,L24,ALL,[12],0.8571428571428571,0.3333333333333333,0.8571428571428571,0.8571428571428571,0.0,0.0,1,0
ruler_fwe_16k:0254,ruler_fwe_16k,ALL,OFF,"[1, 2, 3, 4, 5, 6, 7, 8, 9, 10, 11, 12, 13]",0.5,0.0,,,,0.0,0,0
ruler_fwe_16k:0254,ruler_fwe_16k,ALL,L0,"[1, 2, 3, 4, 5, 6, 7, 8, 9, 10, 11, 12, 13]",0.5,0.0,,,,0.0,0,0
ruler_fwe_16k:0254,ruler_fwe_16k,ALL,L6,"[1, 2, 3, 4, 5, 6, 7, 8, 9, 10, 11, 12, 13]",0.5,0.0,,,,0.0,0,0
ruler_fwe_16k:0254,ruler_fwe_16k,ALL,L12,"[1, 2, 3, 4, 5, 6, 7, 8, 9, 10, 11, 12, 13]",0.5,0.0,,,,0.0,0,0
ruler_fwe_16k:0254,ruler_fwe_16k,ALL,L18,"[1, 2, 3, 4, 5, 6, 7, 8, 9, 10, 11, 12, 13]",0.5,0.0,,,,0.0,0,0
ruler_fwe_16k:0254,ruler_fwe_16k,ALL,L24,"[1, 2, 3, 4, 5, 6, 7, 8, 9, 10, 11, 12, 13]",0.5,0.0,,,,0.0,0,0
ruler_fwe_16k:0256,ruler_fwe_16k,OFF,L0,"[1, 2, 3, 4, 5, 6, 7, 8, 9, 10, 11, 12, 13, 14]",0.5,0.0,,,,0.0,0,0
ruler_fwe_16k:0256,ruler_fwe_16k,OFF,L6,"[1, 2, 3, 4, 5, 6, 7, 8, 9, 10, 11, 12, 13, 14]",0.5,0.0,,,,0.0,0,0
ruler_fwe_16k:0256,ruler_fwe_16k,OFF,L12,"[1, 2, 3, 4, 5, 6, 7, 8, 9, 10, 11, 12, 13, 14]",0.5,0.0,,,,0.0,0,0
ruler_fwe_16k:0256,ruler_fwe_16k,OFF,L18,"[1, 2, 3, 4, 5, 6, 7, 8, 9, 10, 11, 12, 13, 14]",0.5,0.0,,,,0.0,0,0
ruler_fwe_16k:0256,ruler_fwe_16k,OFF,L24,"[1, 2, 3, 4, 5, 6, 7, 8, 9, 10, 11, 12, 13, 14]",0.5,0.0,,,,0.0,0,0
ruler_fwe_16k:0256,ruler_fwe_16k,OFF,ALL,"[1, 2, 3, 4, 5, 6, 7, 8, 9, 10, 11, 12, 13, 14]",0.5,0.0,,,,0.0,0,0
ruler_fwe_16k:0256,ruler_fwe_16k,L0,OFF,"[1, 2, 3, 4, 5, 6, 7, 8, 9, 10, 11, 12, 13, 14]",0.5,0.0,,,,0.0,0,0
ruler_fwe_16k:0256,ruler_fwe_16k,L0,L6,"[1, 2, 3, 4, 5, 6, 7, 8, 9, 10, 11, 12, 13, 14]",0.5,0.0,,,,0.0,0,0
ruler_fwe_16k:0256,ruler_fwe_16k,L0,L12,"[1, 2, 3, 4, 5, 6, 7, 8, 9, 10, 11, 12, 13, 14]",0.5,0.0,,,,0.0,0,0
ruler_fwe_16k:0256,ruler_fwe_16k,L0,L18,"[1, 2, 3, 4, 5, 6, 7, 8, 9, 10, 11, 12, 13, 14]",0.5,0.0,,,,0.0,0,0
ruler_fwe_16k:0256,ruler_fwe_16k,L0,L24,"[1, 2, 3, 4, 5, 6, 7, 8, 9, 10, 11, 12, 13, 14]",0.5,0.0,,,,0.0,0,0
ruler_fwe_16k:0256,ruler_fwe_16k,L0,ALL,"[1, 2, 3, 4, 5, 6, 7, 8, 9, 10, 11, 12, 13, 14]",0.5,0.0,,,,0.0,0,0
ruler_fwe_16k:0256,ruler_fwe_16k,L6,OFF,"[1, 2, 3, 4, 5, 6, 7, 8, 9, 10, 11, 12, 13, 14]",0.5,0.0,,,,0.0,0,0
ruler_fwe_16k:0256,ruler_fwe_16k,L6,L0,[7],0.4666666666666667,0.3333333333333333,0.4666666666666667,0.4666666666666667,0.0,0.0,1,0
ruler_fwe_16k:0256,ruler_fwe_16k,L6,L12,"[1, 2, 3, 4, 5, 6, 7, 8, 9, 10, 11, 12, 13, 14]",0.5,0.0,,,,0.0,0,0
ruler_fwe_16k:0256,ruler_fwe_16k,L6,L18,"[1, 2, 3, 4, 5, 6, 7, 8, 9, 10, 11, 12, 13, 14]",0.5,0.0,,,,0.0,0,0
ruler_fwe_16k:0256,ruler_fwe_16k,L6,L24,"[1, 2, 3, 4, 5, 6, 7, 8, 9, 10, 11, 12, 13, 14]",0.5,0.0,,,,0.0,0,0
ruler_fwe_16k:0256,ruler_fwe_16k,L6,ALL,"[1, 2, 3, 4, 5, 6, 7, 8, 9, 10, 11, 12, 13, 14]",0.5,0.0,,,,0.0,0,0
ruler_fwe_16k:0256,ruler_fwe_16k,L12,OFF,"[1, 2, 3, 4, 5, 6, 7, 8, 9, 10, 11, 12, 13, 14]",0.5,0.0,,,,0.0,0,0
ruler_fwe_16k:0256,ruler_fwe_16k,L12,L0,"[1, 2, 3, 4, 5, 6, 7, 8, 9, 10, 11, 12, 13, 14]",0.5,0.0,,,,0.0,0,0
ruler_fwe_16k:0256,ruler_fwe_16k,L12,L6,"[1, 2, 3, 4, 5, 6, 7, 8, 9, 10, 11, 12, 13, 14]",0.5,0.0,,,,0.0,0,0
ruler_fwe_16k:0256,ruler_fwe_16k,L12,L18,"[1, 2, 3, 4, 5, 6, 7, 8, 9, 10, 11, 12, 13, 14]",0.5,0.0,,,,0.0,0,0
ruler_fwe_16k:0256,ruler_fwe_16k,L12,L24,"[1, 2, 3, 4, 5, 6, 7, 8, 9, 10, 11, 12, 13, 14]",0.5,0.0,,,,0.0,0,0
ruler_fwe_16k:0256,ruler_fwe_16k,L12,ALL,"[1, 2, 3, 4, 5, 6, 7, 8, 9, 10, 11, 12, 13, 14]",0.5,0.0,,,,0.0,0,0
ruler_fwe_16k:0256,ruler_fwe_16k,L18,OFF,"[1, 2, 3, 4, 5, 6, 7, 8, 9, 10, 11, 12, 13, 14]",0.5,0.0,,,,0.0,0,0
ruler_fwe_16k:0256,ruler_fwe_16k,L18,L0,"[1, 2, 3, 4, 5, 6, 7, 8, 9, 10, 11, 12, 13, 14]",0.5,0.0,,,,0.0,0,0
ruler_fwe_16k:0256,ruler_fwe_16k,L18,L6,"[1, 2, 3, 4, 5, 6, 7, 8, 9, 10, 11, 12, 13, 14]",0.5,0.0,,,,0.0,0,0
ruler_fwe_16k:0256,ruler_fwe_16k,L18,L12,"[1, 2, 3, 4, 5, 6, 7, 8, 9, 10, 11, 12, 13, 14]",0.5,0.0,,,,0.0,0,0
ruler_fwe_16k:0256,ruler_fwe_16k,L18,L24,"[1, 2, 3, 4, 5, 6, 7, 8, 9, 10, 11, 12, 13, 14]",0.5,0.0,,,,0.0,0,0
ruler_fwe_16k:0256,ruler_fwe_16k,L18,ALL,"[1, 2, 3, 4, 5, 6, 7, 8, 9, 10, 11, 12, 13, 14]",0.5,0.0,,,,0.0,0,0
ruler_fwe_16k:0256,ruler_fwe_16k,L24,OFF,"[1, 2, 3, 4, 5, 6, 7, 8, 9, 10, 11, 12, 13, 14]",0.5,0.0,,,,0.0,0,0
ruler_fwe_16k:0256,ruler_fwe_16k,L24,L0,"[1, 2, 3, 4, 5, 6, 7, 8, 9, 10, 11, 12, 13, 14]",0.5,0.0,,,,0.0,0,0
ruler_fwe_16k:0256,ruler_fwe_16k,L24,L6,"[1, 2, 3, 4, 5, 6, 7, 8, 9, 10, 11, 12, 13, 14]",0.5,0.0,,,,0.0,0,0
ruler_fwe_16k:0256,ruler_fwe_16k,L24,L12,"[1, 2, 3, 4, 5, 6, 7, 8, 9, 10, 11, 12, 13, 14]",0.5,0.0,,,,0.0,0,0
ruler_fwe_16k:0256,ruler_fwe_16k,L24,L18,"[1, 2, 3, 4, 5, 6, 7, 8, 9, 10, 11, 12, 13, 14]",0.5,0.0,,,,0.0,0,0
ruler_fwe_16k:0256,ruler_fwe_16k,L24,ALL,"[1, 2, 3, 4, 5, 6, 7, 8, 9, 10, 11, 12, 13, 14]",0.5,0.0,,,,0.0,0,0
ruler_fwe_16k:0256,ruler_fwe_16k,ALL,OFF,"[1, 2, 3, 4, 5, 6, 7, 8, 9, 10, 11, 12, 13, 14]",0.5,0.0,,,,0.0,0,0
ruler_fwe_16k:0256,ruler_fwe_16k,ALL,L0,"[1, 2, 3, 4, 5, 6, 7, 8, 9, 10, 11, 12, 13, 14]",0.5,0.0,,,,0.0,0,0
ruler_fwe_16k:0256,ruler_fwe_16k,ALL,L6,"[1, 2, 3, 4, 5, 6, 7, 8, 9, 10, 11, 12, 13, 14]",0.5,0.0,,,,0.0,0,0
ruler_fwe_16k:0256,ruler_fwe_16k,ALL,L12,"[1, 2, 3, 4, 5, 6, 7, 8, 9, 10, 11, 12, 13, 14]",0.5,0.0,,,,0.0,0,0
ruler_fwe_16k:0256,ruler_fwe_16k,ALL,L18,"[1, 2, 3, 4, 5, 6, 7, 8, 9, 10, 11, 12, 13, 14]",0.5,0.0,,,,0.0,0,0
ruler_fwe_16k:0256,ruler_fwe_16k,ALL,L24,"[1, 2, 3, 4, 5, 6, 7, 8, 9, 10, 11, 12, 13, 14]",0.5,0.0,,,,0.0,0,0
ruler_fwe_16k:0260,ruler_fwe_16k,OFF,L0,"[1, 2, 3, 4, 5, 6, 7, 8, 9, 10, 11, 12, 13, 14]",0.5,0.0,,,,0.0,0,0
ruler_fwe_16k:0260,ruler_fwe_16k,OFF,L6,"[1, 2, 3, 4, 5, 6, 7, 8, 9, 10, 11, 12, 13, 14]",0.5,0.0,,,,0.0,0,0
ruler_fwe_16k:0260,ruler_fwe_16k,OFF,L12,"[2, 3, 8, 12]",0.4166666666666667,0.0,0.13333333333333333,0.8,0.6666666666666666,0.06666666666666667,4,4
ruler_fwe_16k:0260,ruler_fwe_16k,OFF,L18,"[4, 6]",0.3333333333333333,0.0,0.26666666666666666,0.4,0.13333333333333333,0.0,2,2
ruler_fwe_16k:0260,ruler_fwe_16k,OFF,L24,"[1, 2, 3, 4, 5, 6, 7, 8, 9, 10, 11, 12, 13, 14]",0.5,0.0,,,,0.0,0,0
ruler_fwe_16k:0260,ruler_fwe_16k,OFF,ALL,[7],0.4666666666666667,0.33333333333333337,0.4666666666666667,0.4666666666666667,0.0,0.0,1,1
ruler_fwe_16k:0260,ruler_fwe_16k,L0,OFF,"[1, 2, 3, 4, 5, 6, 7, 8, 9, 10, 11, 12, 13, 14]",0.5,0.0,,,,0.0,0,0
ruler_fwe_16k:0260,ruler_fwe_16k,L0,L6,[4],0.26666666666666666,0.33333333333333337,0.26666666666666666,0.26666666666666666,0.0,0.0,1,1
ruler_fwe_16k:0260,ruler_fwe_16k,L0,L12,"[1, 2, 3, 4, 5, 6, 7, 8, 9, 10, 11, 12, 13, 14]",0.5,0.0,,,,0.0,0,0
ruler_fwe_16k:0260,ruler_fwe_16k,L0,L18,"[1, 2, 3, 4, 5, 6, 7, 8, 9, 10, 11, 12, 13, 14]",0.5,0.0,,,,0.0,0,0
ruler_fwe_16k:0260,ruler_fwe_16k,L0,L24,"[1, 2, 3, 4, 5, 6, 7, 8, 9, 10, 11, 12, 13, 14]",0.5,0.0,,,,0.0,0,0
ruler_fwe_16k:0260,ruler_fwe_16k,L0,ALL,"[1, 2, 3, 4, 5, 6, 7, 8, 9, 10, 11, 12, 13, 14]",0.5,0.0,,,,0.0,0,0
ruler_fwe_16k:0260,ruler_fwe_16k,L6,OFF,[5],0.3333333333333333,0.33333333333333337,0.3333333333333333,0.3333333333333333,0.0,0.0,1,1
ruler_fwe_16k:0260,ruler_fwe_16k,L6,L0,[6],0.4,0.33333333333333337,0.4,0.4,0.0,0.0,1,1
ruler_fwe_16k:0260,ruler_fwe_16k,L6,L12,"[1, 2, 3, 4, 5, 6, 7, 8, 9, 10, 11, 12, 13, 14]",0.5,0.0,,,,0.0,0,0
ruler_fwe_16k:0260,ruler_fwe_16k,L6,L18,"[1, 2, 3, 4, 5, 6, 7, 8, 9, 10, 11, 12, 13, 14]",0.5,0.0,,,,0.0,0,0
ruler_fwe_16k:0260,ruler_fwe_16k,L6,L24,"[1, 2, 3, 4, 5, 6, 7, 8, 9, 10, 11, 12, 13, 14]",0.5,0.0,,,,0.0,0,0
ruler_fwe_16k:0260,ruler_fwe_16k,L6,ALL,[13],0.8666666666666667,0.33333333333333337,0.8666666666666667,0.8666666666666667,0.0,0.0,1,1
ruler_fwe_16k:0260,ruler_fwe_16k,L12,OFF,[6],0.4,0.33333333333333337,0.4,0.4,0.0,0.0,1,1
ruler_fwe_16k:0260,ruler_fwe_16k,L12,L0,"[1, 2, 3, 4, 5, 6, 7, 8, 9, 10, 11, 12, 13, 14]",0.5,0.0,,,,0.0,0,0
ruler_fwe_16k:0260,ruler_fwe_16k,L12,L6,"[1, 2, 3, 4, 5, 6, 7, 8, 9, 10, 11, 12, 13, 14]",0.5,0.0,,,,0.0,0,0
ruler_fwe_16k:0260,ruler_fwe_16k,L12,L18,[3],0.2,0.33333333333333337,0.2,0.2,0.0,0.0,1,1
ruler_fwe_16k:0260,ruler_fwe_16k,L12,L24,[2],0.13333333333333333,0.33333333333333337,0.13333333333333333,0.13333333333333333,0.0,0.0,1,1
ruler_fwe_16k:0260,ruler_fwe_16k,L12,ALL,[2],0.13333333333333333,0.33333333333333337,0.13333333333333333,0.13333333333333333,0.0,0.0,1,1
ruler_fwe_16k:0260,ruler_fwe_16k,L18,OFF,"[1, 2, 3, 4, 5, 6, 7, 8, 9, 10, 11, 12, 13, 14]",0.5,0.0,,,,0.0,0,0
ruler_fwe_16k:0260,ruler_fwe_16k,L18,L0,"[4, 10]",0.4666666666666667,0.0,0.26666666666666666,0.6666666666666666,0.4,0.0,2,2
ruler_fwe_16k:0260,ruler_fwe_16k,L18,L6,[4],0.26666666666666666,0.33333333333333337,0.26666666666666666,0.26666666666666666,0.0,0.0,1,1
ruler_fwe_16k:0260,ruler_fwe_16k,L18,L12,"[1, 2, 3, 4, 5, 6, 7, 8, 9, 10, 11, 12, 13, 14]",0.5,0.0,,,,0.0,0,0
ruler_fwe_16k:0260,ruler_fwe_16k,L18,L24,[6],0.4,0.33333333333333337,0.4,0.4,0.0,0.0,1,1
ruler_fwe_16k:0260,ruler_fwe_16k,L18,ALL,"[1, 2, 3, 4, 5, 6, 7, 8, 9, 10, 11, 12, 13, 14]",0.5,0.0,,,,0.0,0,0
ruler_fwe_16k:0260,ruler_fwe_16k,L24,OFF,"[1, 2, 3, 4, 5, 6, 7, 8, 9, 10, 11, 12, 13, 14]",0.5,0.0,,,,0.0,0,0
ruler_fwe_16k:0260,ruler_fwe_16k,L24,L0,[4],0.26666666666666666,0.33333333333333337,0.26666666666666666,0.26666666666666666,0.0,0.0,1,1
ruler_fwe_16k:0260,ruler_fwe_16k,L24,L6,"[1, 2, 3, 4, 5, 6, 7, 8, 9, 10, 11, 12, 13, 14]",0.5,0.0,,,,0.0,0,0
ruler_fwe_16k:0260,ruler_fwe_16k,L24,L12,[2],0.13333333333333333,0.33333333333333337,0.13333333333333333,0.13333333333333333,0.0,0.0,1,1
ruler_fwe_16k:0260,ruler_fwe_16k,L24,L18,"[1, 2, 3, 4, 5, 6, 7, 8, 9, 10, 11, 12, 13, 14]",0.5,0.0,,,,0.0,0,0
ruler_fwe_16k:0260,ruler_fwe_16k,L24,ALL,"[1, 2, 3, 4, 5, 6, 7, 8, 9, 10, 11, 12, 13, 14]",0.5,0.0,,,,0.0,0,0
ruler_fwe_16k:0260,ruler_fwe_16k,ALL,OFF,"[1, 2, 3, 4, 5, 6, 7, 8, 9, 10, 11, 12, 13, 14]",0.5,0.0,,,,0.0,0,0
ruler_fwe_16k:0260,ruler_fwe_16k,ALL,L0,"[1, 2, 3, 4, 5, 6, 7, 8, 9, 10, 11, 12, 13, 14]",0.5,0.0,,,,0.0,0,0
ruler_fwe_16k:0260,ruler_fwe_16k,ALL,L6,"[1, 2, 3, 4, 5, 6, 7, 8, 9, 10, 11, 12, 13, 14]",0.5,0.0,,,,0.0,0,0
ruler_fwe_16k:0260,ruler_fwe_16k,ALL,L12,"[1, 2, 3, 4, 5, 6, 7, 8, 9, 10, 11, 12, 13, 14]",0.5,0.0,,,,0.0,0,0
ruler_fwe_16k:0260,ruler_fwe_16k,ALL,L18,"[1, 2, 3, 4, 5, 6, 7, 8, 9, 10, 11, 12, 13, 14]",0.5,0.0,,,,0.0,0,0
ruler_fwe_16k:0260,ruler_fwe_16k,ALL,L24,"[1, 2, 3, 4, 5, 6, 7, 8, 9, 10, 11, 12, 13, 14]",0.5,0.0,,,,0.0,0,0
ruler_fwe_16k:0293,ruler_fwe_16k,OFF,L0,"[5, 12]",0.6071428571428571,0.0,0.35714285714285715,0.8571428571428571,0.5,0.0,2,2
ruler_fwe_16k:0293,ruler_fwe_16k,OFF,L6,"[1, 2, 3, 4, 5, 6, 7, 8, 9, 10, 11, 12, 13]",0.5,0.0,,,,0.0,0,0
ruler_fwe_16k:0293,ruler_fwe_16k,OFF,L12,"[1, 2, 3, 4, 5, 6, 7, 8, 9, 10, 11, 12, 13]",0.5,0.0,,,,0.0,0,0
ruler_fwe_16k:0293,ruler_fwe_16k,OFF,L18,"[1, 2, 3, 4, 5, 6, 7, 8, 9, 10, 11, 12, 13]",0.5,0.0,,,,0.0,0,0
ruler_fwe_16k:0293,ruler_fwe_16k,OFF,L24,"[1, 2, 3, 4, 5, 6, 7, 8, 9, 10, 11, 12, 13]",0.5,0.0,,,,0.0,0,0
ruler_fwe_16k:0293,ruler_fwe_16k,OFF,ALL,"[1, 2, 3, 4, 5, 6, 7, 8, 9, 10, 11, 12, 13]",0.5,0.0,,,,0.0,0,0
ruler_fwe_16k:0293,ruler_fwe_16k,L0,OFF,"[1, 2, 3, 4, 5, 6, 7, 8, 9, 10, 11, 12, 13]",0.5,0.0,,,,0.0,0,0
ruler_fwe_16k:0293,ruler_fwe_16k,L0,L6,[6],0.42857142857142855,0.33333333333333337,0.42857142857142855,0.42857142857142855,0.0,0.0,1,1
ruler_fwe_16k:0293,ruler_fwe_16k,L0,L12,"[1, 2, 3, 4, 5, 6, 7, 8, 9, 10, 11, 12, 13]",0.5,0.0,,,,0.0,0,0
ruler_fwe_16k:0293,ruler_fwe_16k,L0,L18,"[1, 2, 3, 4, 5, 6, 7, 8, 9, 10, 11, 12, 13]",0.5,0.0,,,,0.0,0,0
ruler_fwe_16k:0293,ruler_fwe_16k,L0,L24,[11],0.7857142857142857,0.33333333333333337,0.7857142857142857,0.7857142857142857,0.0,0.0,1,1
ruler_fwe_16k:0293,ruler_fwe_16k,L0,ALL,[2],0.14285714285714285,0.33333333333333337,0.14285714285714285,0.14285714285714285,0.0,0.0,1,1
ruler_fwe_16k:0293,ruler_fwe_16k,L6,OFF,[6],0.42857142857142855,0.33333333333333337,0.42857142857142855,0.42857142857142855,0.0,0.0,1,1
ruler_fwe_16k:0293,ruler_fwe_16k,L6,L0,[11],0.7857142857142857,0.33333333333333337,0.7857142857142857,0.7857142857142857,0.0,0.0,1,1
ruler_fwe_16k:0293,ruler_fwe_16k,L6,L12,[10],0.7142857142857143,0.33333333333333337,0.7142857142857143,0.7142857142857143,0.0,0.0,1,1
ruler_fwe_16k:0293,ruler_fwe_16k,L6,L18,"[1, 2, 3, 4, 5, 6, 7, 8, 9, 10, 11, 12, 13]",0.5,0.0,,,,0.0,0,0
ruler_fwe_16k:0293,ruler_fwe_16k,L6,L24,[6],0.42857142857142855,0.33333333333333337,0.42857142857142855,0.42857142857142855,0.0,0.0,1,1
ruler_fwe_16k:0293,ruler_fwe_16k,L6,ALL,"[1, 2, 3, 4, 5, 6, 7, 8, 9, 10, 11, 12, 13]",0.5,0.0,,,,0.0,0,0
ruler_fwe_16k:0293,ruler_fwe_16k,L12,OFF,"[1, 2, 3, 4, 5, 6, 7, 8, 9, 10, 11, 12, 13]",0.5,0.0,,,,0.0,0,0
ruler_fwe_16k:0293,ruler_fwe_16k,L12,L0,"[4, 11]",0.5357142857142857,0.0,0.2857142857142857,0.7857142857142857,0.5,0.0,2,2
ruler_fwe_16k:0293,ruler_fwe_16k,L12,L6,"[1, 2, 3, 4, 5, 6, 7, 8, 9, 10, 11, 12, 13]",0.5,0.0,,,,0.0,0,0
ruler_fwe_16k:0293,ruler_fwe_16k,L12,L18,"[1, 2, 3, 4, 5, 6, 7, 8, 9, 10, 11, 12, 13]",0.5,0.0,,,,0.0,0,0
ruler_fwe_16k:0293,ruler_fwe_16k,L12,L24,"[1, 2, 3, 4, 5, 6, 7, 8, 9, 10, 11, 12, 13]",0.5,0.0,,,,0.0,0,0
ruler_fwe_16k:0293,ruler_fwe_16k,L12,ALL,"[1, 2, 3, 4, 5, 6, 7, 8, 9, 10, 11, 12, 13]",0.5,0.0,,,,0.0,0,0
ruler_fwe_16k:0293,ruler_fwe_16k,L18,OFF,"[1, 2, 3, 4, 5, 6, 7, 8, 9, 10, 11, 12, 13]",0.5,0.0,,,,0.0,0,0
ruler_fwe_16k:0293,ruler_fwe_16k,L18,L0,[10],0.7142857142857143,0.33333333333333337,0.7142857142857143,0.7142857142857143,0.0,0.0,1,1
ruler_fwe_16k:0293,ruler_fwe_16k,L18,L6,"[6, 13]",0.6785714285714286,0.0,0.42857142857142855,0.9285714285714286,0.5,0.0,2,2
ruler_fwe_16k:0293,ruler_fwe_16k,L18,L12,[13],0.9285714285714286,0.33333333333333337,0.9285714285714286,0.9285714285714286,0.0,0.0,1,1
ruler_fwe_16k:0293,ruler_fwe_16k,L18,L24,"[1, 2, 3, 4, 5, 6, 7, 8, 9, 10, 11, 12, 13]",0.5,0.0,,,,0.0,0,0
ruler_fwe_16k:0293,ruler_fwe_16k,L18,ALL,"[1, 5, 8]",0.33333333333333337,0.0,0.07142857142857142,0.5714285714285714,0.5,0.0,3,3
ruler_fwe_16k:0293,ruler_fwe_16k,L24,OFF,"[1, 2, 3, 4, 5, 6, 7, 8, 9, 10, 11, 12, 13]",0.5,0.0,,,,0.0,0,0
ruler_fwe_16k:0293,ruler_fwe_16k,L24,L0,"[5, 11, 12]",0.6666666666666667,0.0,0.35714285714285715,0.8571428571428571,0.5,0.07142857142857142,3,3
ruler_fwe_16k:0293,ruler_fwe_16k,L24,L6,"[1, 2, 3, 4, 5, 6, 7, 8, 9, 10, 11, 12, 13]",0.5,0.0,,,,0.0,0,0
ruler_fwe_16k:0293,ruler_fwe_16k,L24,L12,"[1, 2, 3, 4, 5, 6, 7, 8, 9, 10, 11, 12, 13]",0.5,0.0,,,,0.0,0,0
ruler_fwe_16k:0293,ruler_fwe_16k,L24,L18,"[1, 2, 3, 4, 5, 6, 7, 8, 9, 10, 11, 12, 13]",0.5,0.0,,,,0.0,0,0
ruler_fwe_16k:0293,ruler_fwe_16k,L24,ALL,"[1, 2, 3, 4, 5, 6, 7, 8, 9, 10, 11, 12, 13]",0.5,0.0,,,,0.0,0,0
ruler_fwe_16k:0293,ruler_fwe_16k,ALL,OFF,"[1, 2, 3, 4, 5, 6, 7, 8, 9, 10, 11, 12, 13]",0.5,0.0,,,,0.0,0,0
ruler_fwe_16k:0293,ruler_fwe_16k,ALL,L0,[10],0.7142857142857143,0.33333333333333337,0.7142857142857143,0.7142857142857143,0.0,0.0,1,1
ruler_fwe_16k:0293,ruler_fwe_16k,ALL,L6,[8],0.5714285714285714,0.33333333333333337,0.5714285714285714,0.5714285714285714,0.0,0.0,1,1
ruler_fwe_16k:0293,ruler_fwe_16k,ALL,L12,[8],0.5714285714285714,0.33333333333333337,0.5714285714285714,0.5714285714285714,0.0,0.0,1,1
ruler_fwe_16k:0293,ruler_fwe_16k,ALL,L18,"[5, 6]",0.39285714285714285,0.0,0.35714285714285715,0.42857142857142855,0.07142857142857142,0.07142857142857142,2,2
ruler_fwe_16k:0293,ruler_fwe_16k,ALL,L24,[3],0.21428571428571427,0.33333333333333337,0.21428571428571427,0.21428571428571427,0.0,0.0,1,1
ruler_fwe_16k:0298,ruler_fwe_16k,OFF,L0,"[4, 8]",0.4,0.0,0.26666666666666666,0.5333333333333333,0.26666666666666666,0.0,2,2
ruler_fwe_16k:0298,ruler_fwe_16k,OFF,L6,"[1, 2, 3, 4, 5, 6, 7, 8, 9, 10, 11, 12, 13, 14]",0.5,0.0,,,,0.0,0,0
ruler_fwe_16k:0298,ruler_fwe_16k,OFF,L12,"[1, 2, 3, 4, 5, 6, 7, 8, 9, 10, 11, 12, 13, 14]",0.5,0.0,,,,0.0,0,0
ruler_fwe_16k:0298,ruler_fwe_16k,OFF,L18,"[1, 2, 3, 4, 5, 6, 7, 8, 9, 10, 11, 12, 13, 14]",0.5,0.0,,,,0.0,0,0
ruler_fwe_16k:0298,ruler_fwe_16k,OFF,L24,"[1, 2, 3, 4, 5, 6, 7, 8, 9, 10, 11, 12, 13, 14]",0.5,0.0,,,,0.0,0,0
ruler_fwe_16k:0298,ruler_fwe_16k,OFF,ALL,"[1, 2, 3, 4, 5, 6, 7, 8, 9, 10, 11, 12, 13, 14]",0.5,0.0,,,,0.0,0,0
ruler_fwe_16k:0298,ruler_fwe_16k,L0,OFF,[2],0.13333333333333333,0.33333333333333337,0.13333333333333333,0.13333333333333333,0.0,0.0,1,1
ruler_fwe_16k:0298,ruler_fwe_16k,L0,L6,"[1, 2, 3, 4, 5, 6, 7, 8, 9, 10, 11, 12, 13, 14]",0.5,0.0,,,,0.0,0,0
ruler_fwe_16k:0298,ruler_fwe_16k,L0,L12,[8],0.5333333333333333,0.33333333333333337,0.5333333333333333,0.5333333333333333,0.0,0.0,1,1
ruler_fwe_16k:0298,ruler_fwe_16k,L0,L18,"[2, 8]",0.3333333333333333,0.0,0.13333333333333333,0.5333333333333333,0.4,0.0,2,2
ruler_fwe_16k:0298,ruler_fwe_16k,L0,L24,[10],0.6666666666666666,0.33333333333333337,0.6666666666666666,0.6666666666666666,0.0,0.0,1,1
ruler_fwe_16k:0298,ruler_fwe_16k,L0,ALL,"[7, 10]",0.5666666666666667,0.0,0.4666666666666667,0.6666666666666666,0.2,0.0,2,2
ruler_fwe_16k:0298,ruler_fwe_16k,L6,OFF,[2],0.13333333333333333,0.33333333333333337,0.13333333333333333,0.13333333333333333,0.0,0.0,1,1
ruler_fwe_16k:0298,ruler_fwe_16k,L6,L0,"[1, 2, 3, 4, 5, 6, 7, 8, 9, 10, 11, 12, 13, 14]",0.5,0.0,,,,0.0,0,0
ruler_fwe_16k:0298,ruler_fwe_16k,L6,L12,[5],0.3333333333333333,0.33333333333333337,0.3333333333333333,0.3333333333333333,0.0,0.0,1,1
ruler_fwe_16k:0298,ruler_fwe_16k,L6,L18,"[1, 2, 3, 4, 5, 6, 7, 8, 9, 10, 11, 12, 13, 14]",0.5,0.0,,,,0.0,0,0
ruler_fwe_16k:0298,ruler_fwe_16k,L6,L24,"[1, 2, 3, 4, 5, 6, 7, 8, 9, 10, 11, 12, 13, 14]",0.5,0.0,,,,0.0,0,0
ruler_fwe_16k:0298,ruler_fwe_16k,L6,ALL,[14],0.9333333333333333,0.33333333333333337,0.9333333333333333,0.9333333333333333,0.0,0.0,1,1
ruler_fwe_16k:0298,ruler_fwe_16k,L12,OFF,"[1, 2, 3, 4, 5, 6, 7, 8, 9, 10, 11, 12, 13, 14]",0.5,0.0,,,,0.0,0,0
ruler_fwe_16k:0298,ruler_fwe_16k,L12,L0,"[1, 2, 3, 4, 5, 6, 7, 8, 9, 10, 11, 12, 13, 14]",0.5,0.0,,,,0.0,0,0
ruler_fwe_16k:0298,ruler_fwe_16k,L12,L6,[10],0.6666666666666666,0.33333333333333337,0.6666666666666666,0.6666666666666666,0.0,0.0,1,1
ruler_fwe_16k:0298,ruler_fwe_16k,L12,L18,"[1, 2, 3, 4, 5, 6, 7, 8, 9, 10, 11, 12, 13, 14]",0.5,0.0,,,,0.0,0,0
ruler_fwe_16k:0298,ruler_fwe_16k,L12,L24,"[1, 2, 3, 4, 5, 6, 7, 8, 9, 10, 11, 12, 13, 14]",0.5,0.0,,,,0.0,0,0
ruler_fwe_16k:0298,ruler_fwe_16k,L12,ALL,"[1, 2, 3, 4, 5, 6, 7, 8, 9, 10, 11, 12, 13, 14]",0.5,0.0,,,,0.0,0,0
ruler_fwe_16k:0298,ruler_fwe_16k,L18,OFF,"[1, 2, 3, 4, 5, 6, 7, 8, 9, 10, 11, 12, 13, 14]",0.5,0.0,,,,0.0,0,0
ruler_fwe_16k:0298,ruler_fwe_16k,L18,L0,[8],0.5333333333333333,0.33333333333333337,0.5333333333333333,0.5333333333333333,0.0,0.0,1,1
ruler_fwe_16k:0298,ruler_fwe_16k,L18,L6,[11],0.7333333333333333,0.33333333333333337,0.7333333333333333,0.7333333333333333,0.0,0.0,1,1
ruler_fwe_16k:0298,ruler_fwe_16k,L18,L12,"[1, 2, 3, 4, 5, 6, 7, 8, 9, 10, 11, 12, 13, 14]",0.5,0.0,,,,0.0,0,0
ruler_fwe_16k:0298,ruler_fwe_16k,L18,L24,"[1, 2, 3, 4, 5, 6, 7, 8, 9, 10, 11, 12, 13, 14]",0.5,0.0,,,,0.0,0,0
ruler_fwe_16k:0298,ruler_fwe_16k,L18,ALL,"[1, 2, 3, 4, 5, 6, 7, 8, 9, 10, 11, 12, 13, 14]",0.5,0.0,,,,0.0,0,0
ruler_fwe_16k:0298,ruler_fwe_16k,L24,OFF,"[1, 2, 3, 4, 5, 6, 7, 8, 9, 10, 11, 12, 13, 14]",0.5,0.0,,,,0.0,0,0
ruler_fwe_16k:0298,ruler_fwe_16k,L24,L0,"[1, 2, 3, 4, 5, 6, 7, 8, 9, 10, 11, 12, 13, 14]",0.5,0.0,,,,0.0,0,0
ruler_fwe_16k:0298,ruler_fwe_16k,L24,L6,"[1, 2, 3, 4, 5, 6, 7, 8, 9, 10, 11, 12, 13, 14]",0.5,0.0,,,,0.0,0,0
ruler_fwe_16k:0298,ruler_fwe_16k,L24,L12,"[1, 2, 3, 4, 5, 6, 7, 8, 9, 10, 11, 12, 13, 14]",0.5,0.0,,,,0.0,0,0
ruler_fwe_16k:0298,ruler_fwe_16k,L24,L18,"[1, 2, 3, 4, 5, 6, 7, 8, 9, 10, 11, 12, 13, 14]",0.5,0.0,,,,0.0,0,0
ruler_fwe_16k:0298,ruler_fwe_16k,L24,ALL,"[1, 2, 3, 4, 5, 6, 7, 8, 9, 10, 11, 12, 13, 14]",0.5,0.0,,,,0.0,0,0
ruler_fwe_16k:0298,ruler_fwe_16k,ALL,OFF,[13],0.8666666666666667,0.33333333333333337,0.8666666666666667,0.8666666666666667,0.0,0.0,1,1
ruler_fwe_16k:0298,ruler_fwe_16k,ALL,L0,[13],0.8666666666666667,0.33333333333333337,0.8666666666666667,0.8666666666666667,0.0,0.0,1,1
ruler_fwe_16k:0298,ruler_fwe_16k,ALL,L6,"[1, 2, 3, 4, 5, 6, 7, 8, 9, 10, 11, 12, 13, 14]",0.5,0.0,,,,0.0,0,0
ruler_fwe_16k:0298,ruler_fwe_16k,ALL,L12,"[1, 2, 3, 4, 5, 6, 7, 8, 9, 10, 11, 12, 13, 14]",0.5,0.0,,,,0.0,0,0
ruler_fwe_16k:0298,ruler_fwe_16k,ALL,L18,"[1, 2, 3, 4, 5, 6, 7, 8, 9, 10, 11, 12, 13, 14]",0.5,0.0,,,,0.0,0,0
ruler_fwe_16k:0298,ruler_fwe_16k,ALL,L24,[13],0.8666666666666667,0.33333333333333337,0.8666666666666667,0.8666666666666667,0.0,0.0,1,1
ruler_fwe_16k:0321,ruler_fwe_16k,OFF,L0,"[1, 2, 3, 4, 5, 6, 7, 8, 9, 10, 11, 12, 13]",0.5,0.0,,,,0.0,0,0
ruler_fwe_16k:0321,ruler_fwe_16k,OFF,L6,"[1, 2, 3, 4, 5, 6, 7, 8, 9, 10, 11, 12, 13]",0.5,0.0,,,,0.0,0,0
ruler_fwe_16k:0321,ruler_fwe_16k,OFF,L12,"[1, 2, 3, 4, 5, 6, 7, 8, 9, 10, 11, 12, 13]",0.5,0.0,,,,0.0,0,0
ruler_fwe_16k:0321,ruler_fwe_16k,OFF,L18,"[1, 2, 3, 4, 5, 6, 7, 8, 9, 10, 11, 12, 13]",0.5,0.0,,,,0.0,0,0
ruler_fwe_16k:0321,ruler_fwe_16k,OFF,L24,"[1, 2, 3, 4, 5, 6, 7, 8, 9, 10, 11, 12, 13]",0.5,0.0,,,,0.0,0,0
ruler_fwe_16k:0321,ruler_fwe_16k,OFF,ALL,"[1, 2, 3, 4, 5, 6, 7, 8, 9, 10, 11, 12, 13]",0.5,0.0,,,,0.0,0,0
ruler_fwe_16k:0321,ruler_fwe_16k,L0,OFF,"[1, 2, 3, 4, 5, 6, 7, 8, 9, 10, 11, 12, 13]",0.5,0.0,,,,0.0,0,0
ruler_fwe_16k:0321,ruler_fwe_16k,L0,L6,"[1, 2, 3, 4, 5, 6, 7, 8, 9, 10, 11, 12, 13]",0.5,0.0,,,,0.0,0,0
ruler_fwe_16k:0321,ruler_fwe_16k,L0,L12,"[1, 2, 3, 4, 5, 6, 7, 8, 9, 10, 11, 12, 13]",0.5,0.0,,,,0.0,0,0
ruler_fwe_16k:0321,ruler_fwe_16k,L0,L18,"[1, 2, 3, 4, 5, 6, 7, 8, 9, 10, 11, 12, 13]",0.5,0.0,,,,0.0,0,0
ruler_fwe_16k:0321,ruler_fwe_16k,L0,L24,"[1, 2, 3, 4, 5, 6, 7, 8, 9, 10, 11, 12, 13]",0.5,0.0,,,,0.0,0,0
ruler_fwe_16k:0321,ruler_fwe_16k,L0,ALL,"[7, 9]",0.5714285714285714,0.0,0.5,0.6428571428571429,0.14285714285714285,0.0,2,2
ruler_fwe_16k:0321,ruler_fwe_16k,L6,OFF,"[1, 2, 3, 4, 5, 6, 7, 8, 9, 10, 11, 12, 13]",0.5,0.0,,,,0.0,0,0
ruler_fwe_16k:0321,ruler_fwe_16k,L6,L0,"[1, 2, 3, 4, 5, 6, 7, 8, 9, 10, 11, 12, 13]",0.5,0.0,,,,0.0,0,0
ruler_fwe_16k:0321,ruler_fwe_16k,L6,L12,"[1, 2, 3, 4, 5, 6, 7, 8, 9, 10, 11, 12, 13]",0.5,0.0,,,,0.0,0,0
ruler_fwe_16k:0321,ruler_fwe_16k,L6,L18,[2],0.14285714285714285,0.33333333333333337,0.14285714285714285,0.14285714285714285,0.0,0.0,1,1
ruler_fwe_16k:0321,ruler_fwe_16k,L6,L24,"[1, 2, 3, 4, 5, 6, 7, 8, 9, 10, 11, 12, 13]",0.5,0.0,,,,0.0,0,0
ruler_fwe_16k:0321,ruler_fwe_16k,L6,ALL,"[1, 2, 3, 4, 5, 6, 7, 8, 9, 10, 11, 12, 13]",0.5,0.0,,,,0.0,0,0
ruler_fwe_16k:0321,ruler_fwe_16k,L12,OFF,"[1, 2, 3, 4, 5, 6, 7, 8, 9, 10, 11, 12, 13]",0.5,0.0,,,,0.0,0,0
ruler_fwe_16k:0321,ruler_fwe_16k,L12,L0,"[1, 2, 3, 4, 5, 6, 7, 8, 9, 10, 11, 12, 13]",0.5,0.0,,,,0.0,0,0
ruler_fwe_16k:0321,ruler_fwe_16k,L12,L6,"[1, 2, 3, 4, 5, 6, 7, 8, 9, 10, 11, 12, 13]",0.5,0.0,,,,0.0,0,0
ruler_fwe_16k:0321,ruler_fwe_16k,L12,L18,"[1, 2, 3, 4, 5, 6, 7, 8, 9, 10, 11, 12, 13]",0.5,0.0,,,,0.0,0,0
ruler_fwe_16k:0321,ruler_fwe_16k,L12,L24,"[1, 2, 3, 4, 5, 6, 7, 8, 9, 10, 11, 12, 13]",0.5,0.0,,,,0.0,0,0
ruler_fwe_16k:0321,ruler_fwe_16k,L12,ALL,"[1, 2, 3, 4, 5, 6, 7, 8, 9, 10, 11, 12, 13]",0.5,0.0,,,,0.0,0,0
ruler_fwe_16k:0321,ruler_fwe_16k,L18,OFF,"[1, 2, 3, 4, 5, 6, 7, 8, 9, 10, 11, 12, 13]",0.5,0.0,,,,0.0,0,0
ruler_fwe_16k:0321,ruler_fwe_16k,L18,L0,"[1, 2, 3, 4, 5, 6, 7, 8, 9, 10, 11, 12, 13]",0.5,0.0,,,,0.0,0,0
ruler_fwe_16k:0321,ruler_fwe_16k,L18,L6,"[1, 2, 3, 4, 5, 6, 7, 8, 9, 10, 11, 12, 13]",0.5,0.0,,,,0.0,0,0
ruler_fwe_16k:0321,ruler_fwe_16k,L18,L12,"[1, 2, 3, 4, 5, 6, 7, 8, 9, 10, 11, 12, 13]",0.5,0.0,,,,0.0,0,0
ruler_fwe_16k:0321,ruler_fwe_16k,L18,L24,"[1, 2, 3, 4, 5, 6, 7, 8, 9, 10, 11, 12, 13]",0.5,0.0,,,,0.0,0,0
ruler_fwe_16k:0321,ruler_fwe_16k,L18,ALL,"[1, 2, 3, 4, 5, 6, 7, 8, 9, 10, 11, 12, 13]",0.5,0.0,,,,0.0,0,0
ruler_fwe_16k:0321,ruler_fwe_16k,L24,OFF,"[1, 2, 3, 4, 5, 6, 7, 8, 9, 10, 11, 12, 13]",0.5,0.0,,,,0.0,0,0
ruler_fwe_16k:0321,ruler_fwe_16k,L24,L0,"[1, 2, 3, 4, 5, 6, 7, 8, 9, 10, 11, 12, 13]",0.5,0.0,,,,0.0,0,0
ruler_fwe_16k:0321,ruler_fwe_16k,L24,L6,"[1, 2, 3, 4, 5, 6, 7, 8, 9, 10, 11, 12, 13]",0.5,0.0,,,,0.0,0,0
ruler_fwe_16k:0321,ruler_fwe_16k,L24,L12,"[1, 2, 3, 4, 5, 6, 7, 8, 9, 10, 11, 12, 13]",0.5,0.0,,,,0.0,0,0
ruler_fwe_16k:0321,ruler_fwe_16k,L24,L18,"[1, 2, 3, 4, 5, 6, 7, 8, 9, 10, 11, 12, 13]",0.5,0.0,,,,0.0,0,0
ruler_fwe_16k:0321,ruler_fwe_16k,L24,ALL,"[1, 2, 3, 4, 5, 6, 7, 8, 9, 10, 11, 12, 13]",0.5,0.0,,,,0.0,0,0
ruler_fwe_16k:0321,ruler_fwe_16k,ALL,OFF,"[1, 2, 3, 4, 5, 6, 7, 8, 9, 10, 11, 12, 13]",0.5,0.0,,,,0.0,0,0
ruler_fwe_16k:0321,ruler_fwe_16k,ALL,L0,"[1, 2, 3, 4, 5, 6, 7, 8, 9, 10, 11, 12, 13]",0.5,0.0,,,,0.0,0,0
ruler_fwe_16k:0321,ruler_fwe_16k,ALL,L6,"[1, 2, 3, 4, 5, 6, 7, 8, 9, 10, 11, 12, 13]",0.5,0.0,,,,0.0,0,0
ruler_fwe_16k:0321,ruler_fwe_16k,ALL,L12,"[1, 2, 3, 4, 5, 6, 7, 8, 9, 10, 11, 12, 13]",0.5,0.0,,,,0.0,0,0
ruler_fwe_16k:0321,ruler_fwe_16k,ALL,L18,"[1, 2, 3, 4, 5, 6, 7, 8, 9, 10, 11, 12, 13]",0.5,0.0,,,,0.0,0,0
ruler_fwe_16k:0321,ruler_fwe_16k,ALL,L24,"[1, 2, 3, 4, 5, 6, 7, 8, 9, 10, 11, 12, 13]",0.5,0.0,,,,0.0,0,0
ruler_fwe_16k:0324,ruler_fwe_16k,OFF,L0,"[1, 2, 3, 4, 5, 6, 7, 8, 9, 10, 11, 12, 13, 14]",0.5,0.0,,,,0.0,0,0
ruler_fwe_16k:0324,ruler_fwe_16k,OFF,L6,"[1, 2, 3, 4, 5, 6, 7, 8, 9, 10, 11, 12, 13, 14]",0.5,0.0,,,,0.0,0,0
ruler_fwe_16k:0324,ruler_fwe_16k,OFF,L12,"[1, 2, 3, 4, 5, 6, 7, 8, 9, 10, 11, 12, 13, 14]",0.5,0.0,,,,0.0,0,0
ruler_fwe_16k:0324,ruler_fwe_16k,OFF,L18,[4],0.26666666666666666,0.33333333333333337,0.26666666666666666,0.26666666666666666,0.0,0.0,1,1
ruler_fwe_16k:0324,ruler_fwe_16k,OFF,L24,"[1, 2, 3, 4, 5, 6, 7, 8, 9, 10, 11, 12, 13, 14]",0.5,0.0,,,,0.0,0,0
ruler_fwe_16k:0324,ruler_fwe_16k,OFF,ALL,"[1, 2, 3, 4, 5, 6, 7, 8, 9, 10, 11, 12, 13, 14]",0.5,0.0,,,,0.0,0,0
ruler_fwe_16k:0324,ruler_fwe_16k,L0,OFF,"[1, 2, 3, 4, 5, 6, 7, 8, 9, 10, 11, 12, 13, 14]",0.5,0.0,,,,0.0,0,0
ruler_fwe_16k:0324,ruler_fwe_16k,L0,L6,[6],0.4,0.33333333333333337,0.4,0.4,0.0,0.0,1,1
ruler_fwe_16k:0324,ruler_fwe_16k,L0,L12,"[1, 2, 3, 4, 5, 6, 7, 8, 9, 10, 11, 12, 13, 14]",0.5,0.0,,,,0.0,0,0
ruler_fwe_16k:0324,ruler_fwe_16k,L0,L18,[6],0.4,0.33333333333333337,0.4,0.4,0.0,0.0,1,1
ruler_fwe_16k:0324,ruler_fwe_16k,L0,L24,"[1, 2, 3, 4, 5, 6, 7, 8, 9, 10, 11, 12, 13, 14]",0.5,0.0,,,,0.0,0,0
ruler_fwe_16k:0324,ruler_fwe_16k,L0,ALL,[11],0.7333333333333333,0.33333333333333337,0.7333333333333333,0.7333333333333333,0.0,0.0,1,1
ruler_fwe_16k:0324,ruler_fwe_16k,L6,OFF,"[1, 2, 3, 4, 5, 6, 7, 8, 9, 10, 11, 12, 13, 14]",0.5,0.0,,,,0.0,0,0
ruler_fwe_16k:0324,ruler_fwe_16k,L6,L0,"[1, 2, 3, 4, 5, 6, 7, 8, 9, 10, 11, 12, 13, 14]",0.5,0.0,,,,0.0,0,0
ruler_fwe_16k:0324,ruler_fwe_16k,L6,L12,[1],0.06666666666666667,0.33333333333333337,0.06666666666666667,0.06666666666666667,0.0,0.0,1,1
ruler_fwe_16k:0324,ruler_fwe_16k,L6,L18,"[1, 2, 3, 4, 5, 6, 7, 8, 9, 10, 11, 12, 13, 14]",0.5,0.0,,,,0.0,0,0
ruler_fwe_16k:0324,ruler_fwe_16k,L6,L24,"[1, 2, 3, 4, 5, 6, 7, 8, 9, 10, 11, 12, 13, 14]",0.5,0.0,,,,0.0,0,0
ruler_fwe_16k:0324,ruler_fwe_16k,L6,ALL,"[1, 2, 3, 4, 5, 6, 7, 8, 9, 10, 11, 12, 13, 14]",0.5,0.0,,,,0.0,0,0
ruler_fwe_16k:0324,ruler_fwe_16k,L12,OFF,"[1, 2, 3, 4, 5, 6, 7, 8, 9, 10, 11, 12, 13, 14]",0.5,0.0,,,,0.0,0,0
ruler_fwe_16k:0324,ruler_fwe_16k,L12,L0,[3],0.2,0.33333333333333337,0.2,0.2,0.0,0.0,1,1
ruler_fwe_16k:0324,ruler_fwe_16k,L12,L6,"[1, 2, 3, 4, 5, 6, 7, 8, 9, 10, 11, 12, 13, 14]",0.5,0.0,,,,0.0,0,0
ruler_fwe_16k:0324,ruler_fwe_16k,L12,L18,"[1, 2, 3, 4, 5, 6, 7, 8, 9, 10, 11, 12, 13, 14]",0.5,0.0,,,,0.0,0,0
ruler_fwe_16k:0324,ruler_fwe_16k,L12,L24,"[1, 2, 3, 4, 5, 6, 7, 8, 9, 10, 11, 12, 13, 14]",0.5,0.0,,,,0.0,0,0
ruler_fwe_16k:0324,ruler_fwe_16k,L12,ALL,"[1, 2, 3, 4, 5, 6, 7, 8, 9, 10, 11, 12, 13, 14]",0.5,0.0,,,,0.0,0,0
ruler_fwe_16k:0324,ruler_fwe_16k,L18,OFF,"[1, 2, 3, 4, 5, 6, 7, 8, 9, 10, 11, 12, 13, 14]",0.5,0.0,,,,0.0,0,0
ruler_fwe_16k:0324,ruler_fwe_16k,L18,L0,"[1, 2, 3, 4, 5, 6, 7, 8, 9, 10, 11, 12, 13, 14]",0.5,0.0,,,,0.0,0,0
ruler_fwe_16k:0324,ruler_fwe_16k,L18,L6,"[1, 2, 3, 4, 5, 6, 7, 8, 9, 10, 11, 12, 13, 14]",0.5,0.0,,,,0.0,0,0
ruler_fwe_16k:0324,ruler_fwe_16k,L18,L12,"[1, 2, 3, 4, 5, 6, 7, 8, 9, 10, 11, 12, 13, 14]",0.5,0.0,,,,0.0,0,0
ruler_fwe_16k:0324,ruler_fwe_16k,L18,L24,[6],0.4,0.33333333333333337,0.4,0.4,0.0,0.0,1,1
ruler_fwe_16k:0324,ruler_fwe_16k,L18,ALL,"[1, 2, 3, 4, 5, 6, 7, 8, 9, 10, 11, 12, 13, 14]",0.5,0.0,,,,0.0,0,0
ruler_fwe_16k:0324,ruler_fwe_16k,L24,OFF,"[1, 2, 3, 4, 5, 6, 7, 8, 9, 10, 11, 12, 13, 14]",0.5,0.0,,,,0.0,0,0
ruler_fwe_16k:0324,ruler_fwe_16k,L24,L0,"[1, 2, 3, 4, 5, 6, 7, 8, 9, 10, 11, 12, 13, 14]",0.5,0.0,,,,0.0,0,0
ruler_fwe_16k:0324,ruler_fwe_16k,L24,L6,"[1, 2, 3, 4, 5, 6, 7, 8, 9, 10, 11, 12, 13, 14]",0.5,0.0,,,,0.0,0,0
ruler_fwe_16k:0324,ruler_fwe_16k,L24,L12,"[1, 2, 3, 4, 5, 6, 7, 8, 9, 10, 11, 12, 13, 14]",0.5,0.0,,,,0.0,0,0
ruler_fwe_16k:0324,ruler_fwe_16k,L24,L18,"[1, 2, 3, 4, 5, 6, 7, 8, 9, 10, 11, 12, 13, 14]",0.5,0.0,,,,0.0,0,0
ruler_fwe_16k:0324,ruler_fwe_16k,L24,ALL,"[1, 2, 3, 4, 5, 6, 7, 8, 9, 10, 11, 12, 13, 14]",0.5,0.0,,,,0.0,0,0
ruler_fwe_16k:0324,ruler_fwe_16k,ALL,OFF,"[1, 2, 3, 4, 5, 6, 7, 8, 9, 10, 11, 12, 13, 14]",0.5,0.0,,,,0.0,0,0
ruler_fwe_16k:0324,ruler_fwe_16k,ALL,L0,"[1, 2, 3, 4, 5, 6, 7, 8, 9, 10, 11, 12, 13, 14]",0.5,0.0,,,,0.0,0,0
ruler_fwe_16k:0324,ruler_fwe_16k,ALL,L6,"[1, 2, 3, 4, 5, 6, 7, 8, 9, 10, 11, 12, 13, 14]",0.5,0.0,,,,0.0,0,0
ruler_fwe_16k:0324,ruler_fwe_16k,ALL,L12,"[1, 2, 3, 4, 5, 6, 7, 8, 9, 10, 11, 12, 13, 14]",0.5,0.0,,,,0.0,0,0
ruler_fwe_16k:0324,ruler_fwe_16k,ALL,L18,"[1, 2, 3, 4, 5, 6, 7, 8, 9, 10, 11, 12, 13, 14]",0.5,0.0,,,,0.0,0,0
ruler_fwe_16k:0324,ruler_fwe_16k,ALL,L24,"[1, 2, 3, 4, 5, 6, 7, 8, 9, 10, 11, 12, 13, 14]",0.5,0.0,,,,0.0,0,0
ruler_fwe_16k:0351,ruler_fwe_16k,OFF,L0,"[1, 2, 3, 4, 5, 6, 7, 8, 9, 10, 11, 12, 13, 14]",0.5,0.0,,,,0.0,0,0
ruler_fwe_16k:0351,ruler_fwe_16k,OFF,L6,"[1, 2, 3, 4, 5, 6, 7, 8, 9, 10, 11, 12, 13, 14]",0.5,0.0,,,,0.0,0,0
ruler_fwe_16k:0351,ruler_fwe_16k,OFF,L12,"[1, 2, 3, 4, 5, 6, 7, 8, 9, 10, 11, 12, 13, 14]",0.5,0.0,,,,0.0,0,0
ruler_fwe_16k:0351,ruler_fwe_16k,OFF,L18,"[1, 2, 3, 4, 5, 6, 7, 8, 9, 10, 11, 12, 13, 14]",0.5,0.0,,,,0.0,0,0
ruler_fwe_16k:0351,ruler_fwe_16k,OFF,L24,"[1, 2, 3, 4, 5, 6, 7, 8, 9, 10, 11, 12, 13, 14]",0.5,0.0,,,,0.0,0,0
ruler_fwe_16k:0351,ruler_fwe_16k,OFF,ALL,"[1, 2, 3, 4, 5, 6, 7, 8, 9, 10, 11, 12, 13, 14]",0.5,0.0,,,,0.0,0,0
ruler_fwe_16k:0351,ruler_fwe_16k,L0,OFF,"[1, 2, 3, 4, 5, 6, 7, 8, 9, 10, 11, 12, 13, 14]",0.5,0.0,,,,0.0,0,0
ruler_fwe_16k:0351,ruler_fwe_16k,L0,L6,"[1, 2, 3, 4, 5, 6, 7, 8, 9, 10, 11, 12, 13, 14]",0.5,0.0,,,,0.0,0,0
ruler_fwe_16k:0351,ruler_fwe_16k,L0,L12,"[1, 2, 3, 4, 5, 6, 7, 8, 9, 10, 11, 12, 13, 14]",0.5,0.0,,,,0.0,0,0
ruler_fwe_16k:0351,ruler_fwe_16k,L0,L18,"[1, 2, 3, 4, 5, 6, 7, 8, 9, 10, 11, 12, 13, 14]",0.5,0.0,,,,0.0,0,0
ruler_fwe_16k:0351,ruler_fwe_16k,L0,L24,"[1, 2, 3, 4, 5, 6, 7, 8, 9, 10, 11, 12, 13, 14]",0.5,0.0,,,,0.0,0,0
ruler_fwe_16k:0351,ruler_fwe_16k,L0,ALL,"[1, 2, 3, 4, 5, 6, 7, 8, 9, 10, 11, 12, 13, 14]",0.5,0.0,,,,0.0,0,0
ruler_fwe_16k:0351,ruler_fwe_16k,L6,OFF,"[1, 2, 3, 4, 5, 6, 7, 8, 9, 10, 11, 12, 13, 14]",0.5,0.0,,,,0.0,0,0
ruler_fwe_16k:0351,ruler_fwe_16k,L6,L0,"[1, 2, 3, 4, 5, 6, 7, 8, 9, 10, 11, 12, 13, 14]",0.5,0.0,,,,0.0,0,0
ruler_fwe_16k:0351,ruler_fwe_16k,L6,L12,"[1, 2, 3, 4, 5, 6, 7, 8, 9, 10, 11, 12, 13, 14]",0.5,0.0,,,,0.0,0,0
ruler_fwe_16k:0351,ruler_fwe_16k,L6,L18,[11],0.7333333333333333,0.33333333333333337,0.7333333333333333,0.7333333333333333,0.0,0.0,1,1
ruler_fwe_16k:0351,ruler_fwe_16k,L6,L24,"[1, 2, 3, 4, 5, 6, 7, 8, 9, 10, 11, 12, 13, 14]",0.5,0.0,,,,0.0,0,0
ruler_fwe_16k:0351,ruler_fwe_16k,L6,ALL,"[1, 2, 3, 4, 5, 6, 7, 8, 9, 10, 11, 12, 13, 14]",0.5,0.0,,,,0.0,0,0
ruler_fwe_16k:0351,ruler_fwe_16k,L12,OFF,"[1, 2, 3, 4, 5, 6, 7, 8, 9, 10, 11, 12, 13, 14]",0.5,0.0,,,,0.0,0,0
ruler_fwe_16k:0351,ruler_fwe_16k,L12,L0,"[1, 2, 3, 4, 5, 6, 7, 8, 9, 10, 11, 12, 13, 14]",0.5,0.0,,,,0.0,0,0
ruler_fwe_16k:0351,ruler_fwe_16k,L12,L6,"[1, 2, 3, 4, 5, 6, 7, 8, 9, 10, 11, 12, 13, 14]",0.5,0.0,,,,0.0,0,0
ruler_fwe_16k:0351,ruler_fwe_16k,L12,L18,"[1, 2, 3, 4, 5, 6, 7, 8, 9, 10, 11, 12, 13, 14]",0.5,0.0,,,,0.0,0,0
ruler_fwe_16k:0351,ruler_fwe_16k,L12,L24,"[1, 2, 3, 4, 5, 6, 7, 8, 9, 10, 11, 12, 13, 14]",0.5,0.0,,,,0.0,0,0
ruler_fwe_16k:0351,ruler_fwe_16k,L12,ALL,"[1, 2, 3, 4, 5, 6, 7, 8, 9, 10, 11, 12, 13, 14]",0.5,0.0,,,,0.0,0,0
ruler_fwe_16k:0351,ruler_fwe_16k,L18,OFF,"[1, 2, 3, 4, 5, 6, 7, 8, 9, 10, 11, 12, 13, 14]",0.5,0.0,,,,0.0,0,0
ruler_fwe_16k:0351,ruler_fwe_16k,L18,L0,"[1, 2, 3, 4, 5, 6, 7, 8, 9, 10, 11, 12, 13, 14]",0.5,0.0,,,,0.0,0,0
ruler_fwe_16k:0351,ruler_fwe_16k,L18,L6,"[1, 2, 3, 4, 5, 6, 7, 8, 9, 10, 11, 12, 13, 14]",0.5,0.0,,,,0.0,0,0
ruler_fwe_16k:0351,ruler_fwe_16k,L18,L12,"[1, 2, 3, 4, 5, 6, 7, 8, 9, 10, 11, 12, 13, 14]",0.5,0.0,,,,0.0,0,0
ruler_fwe_16k:0351,ruler_fwe_16k,L18,L24,"[1, 2, 3, 4, 5, 6, 7, 8, 9, 10, 11, 12, 13, 14]",0.5,0.0,,,,0.0,0,0
ruler_fwe_16k:0351,ruler_fwe_16k,L18,ALL,"[1, 2, 3, 4, 5, 6, 7, 8, 9, 10, 11, 12, 13, 14]",0.5,0.0,,,,0.0,0,0
ruler_fwe_16k:0351,ruler_fwe_16k,L24,OFF,"[1, 2, 3, 4, 5, 6, 7, 8, 9, 10, 11, 12, 13, 14]",0.5,0.0,,,,0.0,0,0
ruler_fwe_16k:0351,ruler_fwe_16k,L24,L0,"[1, 2, 3, 4, 5, 6, 7, 8, 9, 10, 11, 12, 13, 14]",0.5,0.0,,,,0.0,0,0
ruler_fwe_16k:0351,ruler_fwe_16k,L24,L6,"[1, 2, 3, 4, 5, 6, 7, 8, 9, 10, 11, 12, 13, 14]",0.5,0.0,,,,0.0,0,0
ruler_fwe_16k:0351,ruler_fwe_16k,L24,L12,"[1, 2, 3, 4, 5, 6, 7, 8, 9, 10, 11, 12, 13, 14]",0.5,0.0,,,,0.0,0,0
ruler_fwe_16k:0351,ruler_fwe_16k,L24,L18,"[1, 2, 3, 4, 5, 6, 7, 8, 9, 10, 11, 12, 13, 14]",0.5,0.0,,,,0.0,0,0
ruler_fwe_16k:0351,ruler_fwe_16k,L24,ALL,"[1, 2, 3, 4, 5, 6, 7, 8, 9, 10, 11, 12, 13, 14]",0.5,0.0,,,,0.0,0,0
ruler_fwe_16k:0351,ruler_fwe_16k,ALL,OFF,"[1, 2, 3, 4, 5, 6, 7, 8, 9, 10, 11, 12, 13, 14]",0.5,0.0,,,,0.0,0,0
ruler_fwe_16k:0351,ruler_fwe_16k,ALL,L0,"[1, 2, 3, 4, 5, 6, 7, 8, 9, 10, 11, 12, 13, 14]",0.5,0.0,,,,0.0,0,0
ruler_fwe_16k:0351,ruler_fwe_16k,ALL,L6,"[1, 2, 3, 4, 5, 6, 7, 8, 9, 10, 11, 12, 13, 14]",0.5,0.0,,,,0.0,0,0
ruler_fwe_16k:0351,ruler_fwe_16k,ALL,L12,"[1, 2, 3, 4, 5, 6, 7, 8, 9, 10, 11, 12, 13, 14]",0.5,0.0,,,,0.0,0,0
ruler_fwe_16k:0351,ruler_fwe_16k,ALL,L18,"[1, 2, 3, 4, 5, 6, 7, 8, 9, 10, 11, 12, 13, 14]",0.5,0.0,,,,0.0,0,0
ruler_fwe_16k:0351,ruler_fwe_16k,ALL,L24,"[1, 2, 3, 4, 5, 6, 7, 8, 9, 10, 11, 12, 13, 14]",0.5,0.0,,,,0.0,0,0
ruler_fwe_16k:0372,ruler_fwe_16k,OFF,L0,"[1, 2, 3, 4, 5, 6, 7, 8, 9, 10, 11, 12, 13, 14]",0.5,0.0,,,,0.0,0,0
ruler_fwe_16k:0372,ruler_fwe_16k,OFF,L6,"[1, 2, 3, 4, 5, 6, 7, 8, 9, 10, 11, 12, 13, 14]",0.5,0.0,,,,0.0,0,0
ruler_fwe_16k:0372,ruler_fwe_16k,OFF,L12,"[1, 2, 3, 4, 5, 6, 7, 8, 9, 10, 11, 12, 13, 14]",0.5,0.0,,,,0.0,0,0
ruler_fwe_16k:0372,ruler_fwe_16k,OFF,L18,"[1, 2, 3, 4, 5, 6, 7, 8, 9, 10, 11, 12, 13, 14]",0.5,0.0,,,,0.0,0,0
ruler_fwe_16k:0372,ruler_fwe_16k,OFF,L24,"[1, 2, 3, 4, 5, 6, 7, 8, 9, 10, 11, 12, 13, 14]",0.5,0.0,,,,0.0,0,0
ruler_fwe_16k:0372,ruler_fwe_16k,OFF,ALL,"[1, 2, 3, 4, 5, 6, 7, 8, 9, 10, 11, 12, 13, 14]",0.5,0.0,,,,0.0,0,0
ruler_fwe_16k:0372,ruler_fwe_16k,L0,OFF,"[1, 2, 3, 4, 5, 6, 7, 8, 9, 10, 11, 12, 13, 14]",0.5,0.0,,,,0.0,0,0
ruler_fwe_16k:0372,ruler_fwe_16k,L0,L6,[1],0.06666666666666667,0.3333333333333333,0.06666666666666667,0.06666666666666667,0.0,0.0,1,0
ruler_fwe_16k:0372,ruler_fwe_16k,L0,L12,[5],0.3333333333333333,0.3333333333333333,0.3333333333333333,0.3333333333333333,0.0,0.0,1,0
ruler_fwe_16k:0372,ruler_fwe_16k,L0,L18,[6],0.4,0.3333333333333333,0.4,0.4,0.0,0.0,1,0
ruler_fwe_16k:0372,ruler_fwe_16k,L0,L24,[1],0.06666666666666667,0.3333333333333333,0.06666666666666667,0.06666666666666667,0.0,0.0,1,0
ruler_fwe_16k:0372,ruler_fwe_16k,L0,ALL,"[1, 2, 3, 4, 5, 6, 7, 8, 9, 10, 11, 13, 14]",0.47692307692307695,0.0,,,,0.0,0,0
ruler_fwe_16k:0372,ruler_fwe_16k,L6,OFF,"[1, 2, 3, 4, 5, 6, 7, 8, 9, 10, 11, 12, 13, 14]",0.5,0.0,,,,0.0,0,0
ruler_fwe_16k:0372,ruler_fwe_16k,L6,L0,[9],0.6,0.3333333333333333,0.6,0.6,0.0,0.0,1,0
ruler_fwe_16k:0372,ruler_fwe_16k,L6,L12,"[1, 2, 3, 4, 5, 6, 7, 8, 9, 10, 11, 12, 13, 14]",0.5,0.0,,,,0.0,0,0
ruler_fwe_16k:0372,ruler_fwe_16k,L6,L18,"[1, 2, 3, 4, 5, 6, 7, 8, 9, 10, 11, 12, 13, 14]",0.5,0.0,,,,0.0,0,0
ruler_fwe_16k:0372,ruler_fwe_16k,L6,L24,"[1, 2, 3, 4, 5, 6, 7, 8, 9, 10, 11, 12, 13, 14]",0.5,0.0,,,,0.0,0,0
ruler_fwe_16k:0372,ruler_fwe_16k,L6,ALL,"[1, 2, 3, 4, 5, 6, 7, 8, 9, 10, 11, 12, 13, 14]",0.5,0.0,,,,0.0,0,0
ruler_fwe_16k:0372,ruler_fwe_16k,L12,OFF,"[1, 2, 3, 4, 5, 6, 7, 8, 9, 10, 11, 12, 13, 14]",0.5,0.0,,,,0.0,0,0
ruler_fwe_16k:0372,ruler_fwe_16k,L12,L0,"[1, 2, 3, 4, 5, 6, 7, 8, 9, 10, 11, 12, 13, 14]",0.5,0.0,,,,0.0,0,0
ruler_fwe_16k:0372,ruler_fwe_16k,L12,L6,"[1, 2, 3, 4, 5, 6, 7, 8, 9, 10, 11, 12, 13, 14]",0.5,0.0,,,,0.0,0,0
ruler_fwe_16k:0372,ruler_fwe_16k,L12,L18,"[1, 2, 3, 4, 5, 6, 7, 8, 9, 10, 11, 12, 13, 14]",0.5,0.0,,,,0.0,0,0
ruler_fwe_16k:0372,ruler_fwe_16k,L12,L24,"[1, 2, 3, 4, 5, 6, 7, 8, 9, 10, 11, 12, 13, 14]",0.5,0.0,,,,0.0,0,0
ruler_fwe_16k:0372,ruler_fwe_16k,L12,ALL,[8],0.5333333333333333,0.3333333333333333,0.5333333333333333,0.5333333333333333,0.0,0.0,1,0
ruler_fwe_16k:0372,ruler_fwe_16k,L18,OFF,"[1, 2, 3, 4, 5, 6, 7, 8, 9, 10, 11, 12, 13, 14]",0.5,0.0,,,,0.0,0,0
ruler_fwe_16k:0372,ruler_fwe_16k,L18,L0,[4],0.26666666666666666,0.3333333333333333,0.26666666666666666,0.26666666666666666,0.0,0.0,1,0
ruler_fwe_16k:0372,ruler_fwe_16k,L18,L6,"[1, 2, 3, 4, 5, 6, 7, 8, 9, 10, 11, 12, 13, 14]",0.5,0.0,,,,0.0,0,0
ruler_fwe_16k:0372,ruler_fwe_16k,L18,L12,"[1, 2, 3, 4, 5, 6, 7, 8, 9, 10, 11, 12, 13, 14]",0.5,0.0,,,,0.0,0,0
ruler_fwe_16k:0372,ruler_fwe_16k,L18,L24,"[1, 2, 3, 4, 5, 6, 7, 8, 9, 10, 11, 12, 13, 14]",0.5,0.0,,,,0.0,0,0
ruler_fwe_16k:0372,ruler_fwe_16k,L18,ALL,[9],0.6,0.3333333333333333,0.6,0.6,0.0,0.0,1,0
ruler_fwe_16k:0372,ruler_fwe_16k,L24,OFF,"[1, 2, 3, 4, 5, 6, 7, 8, 9, 10, 11, 12, 13, 14]",0.5,0.0,,,,0.0,0,0
ruler_fwe_16k:0372,ruler_fwe_16k,L24,L0,"[1, 2, 3, 4, 5, 6, 7, 8, 9, 10, 11, 12, 13, 14]",0.5,0.0,,,,0.0,0,0
ruler_fwe_16k:0372,ruler_fwe_16k,L24,L6,"[1, 2, 3, 4, 5, 6, 7, 8, 9, 10, 11, 12, 13, 14]",0.5,0.0,,,,0.0,0,0
ruler_fwe_16k:0372,ruler_fwe_16k,L24,L12,"[1, 2, 3, 4, 5, 6, 7, 8, 9, 10, 11, 12, 13, 14]",0.5,0.0,,,,0.0,0,0
ruler_fwe_16k:0372,ruler_fwe_16k,L24,L18,"[1, 2, 3, 4, 5, 6, 7, 8, 9, 10, 11, 12, 13, 14]",0.5,0.0,,,,0.0,0,0
ruler_fwe_16k:0372,ruler_fwe_16k,L24,ALL,"[1, 2, 3, 4, 5, 6, 7, 8, 9, 10, 11, 12, 13, 14]",0.5,0.0,,,,0.0,0,0
ruler_fwe_16k:0372,ruler_fwe_16k,ALL,OFF,"[1, 2, 3, 4, 5, 6, 7, 8, 9, 10, 11, 12, 13, 14]",0.5,0.0,,,,0.0,0,0
ruler_fwe_16k:0372,ruler_fwe_16k,ALL,L0,"[2, 3, 4, 5, 6, 8, 9, 10, 11, 12, 13, 14]",0.538888888888889,0.0,,,,0.0,0,0
ruler_fwe_16k:0372,ruler_fwe_16k,ALL,L6,[1],0.06666666666666667,0.3333333333333333,0.06666666666666667,0.06666666666666667,0.0,0.0,1,0
ruler_fwe_16k:0372,ruler_fwe_16k,ALL,L12,"[1, 2, 3, 4, 5, 6, 7, 8, 9, 10, 11, 12, 13, 14]",0.5,0.0,,,,0.0,0,0
ruler_fwe_16k:0372,ruler_fwe_16k,ALL,L18,[1],0.06666666666666667,0.3333333333333333,0.06666666666666667,0.06666666666666667,0.0,0.0,1,0
ruler_fwe_16k:0372,ruler_fwe_16k,ALL,L24,[1],0.06666666666666667,0.3333333333333333,0.06666666666666667,0.06666666666666667,0.0,0.0,1,0
ruler_fwe_16k:0373,ruler_fwe_16k,OFF,L0,"[1, 2, 3, 4, 5, 6, 7, 8, 9, 10, 11, 12, 13, 14]",0.5,0.0,,,,0.0,0,0
ruler_fwe_16k:0373,ruler_fwe_16k,OFF,L6,"[1, 2, 3, 4, 5, 6, 7, 8, 9, 10, 11, 12, 13, 14]",0.5,0.0,,,,0.0,0,0
ruler_fwe_16k:0373,ruler_fwe_16k,OFF,L12,"[1, 2, 3, 4, 5, 6, 7, 8, 9, 10, 11, 12, 13, 14]",0.5,0.0,,,,0.0,0,0
ruler_fwe_16k:0373,ruler_fwe_16k,OFF,L18,"[1, 2, 3, 4, 5, 6, 7, 8, 9, 10, 11, 12, 13, 14]",0.5,0.0,,,,0.0,0,0
ruler_fwe_16k:0373,ruler_fwe_16k,OFF,L24,"[1, 2, 3, 4, 5, 6, 7, 8, 9, 10, 11, 12, 13, 14]",0.5,0.0,,,,0.0,0,0
ruler_fwe_16k:0373,ruler_fwe_16k,OFF,ALL,"[1, 2, 3, 4, 5, 6, 7, 8, 9, 10, 11, 12, 13, 14]",0.5,0.0,,,,0.0,0,0
ruler_fwe_16k:0373,ruler_fwe_16k,L0,OFF,"[1, 2, 3, 4, 5, 6, 7, 8, 9, 10, 11, 12, 13, 14]",0.5,0.0,,,,0.0,0,0
ruler_fwe_16k:0373,ruler_fwe_16k,L0,L6,"[1, 2, 3, 4, 5, 6, 7, 8, 9, 10, 11, 12, 13, 14]",0.5,0.0,,,,0.0,0,0
ruler_fwe_16k:0373,ruler_fwe_16k,L0,L12,"[1, 2, 3, 4, 5, 6, 7, 8, 9, 10, 11, 12, 13, 14]",0.5,0.0,,,,0.0,0,0
ruler_fwe_16k:0373,ruler_fwe_16k,L0,L18,[10],0.6666666666666666,0.33333333333333337,0.6666666666666666,0.6666666666666666,0.0,0.0,1,1
ruler_fwe_16k:0373,ruler_fwe_16k,L0,L24,"[1, 2, 3, 4, 5, 6, 7, 8, 9, 10, 11, 12, 13, 14]",0.5,0.0,,,,0.0,0,0
ruler_fwe_16k:0373,ruler_fwe_16k,L0,ALL,"[1, 2, 3, 4, 5, 6, 7, 8, 9, 10, 11, 12, 13, 14]",0.5,0.0,,,,0.0,0,0
ruler_fwe_16k:0373,ruler_fwe_16k,L6,OFF,"[1, 2, 3, 4, 5, 6, 7, 8, 9, 10, 11, 12, 13, 14]",0.5,0.0,,,,0.0,0,0
ruler_fwe_16k:0373,ruler_fwe_16k,L6,L0,[12],0.8,0.33333333333333337,0.8,0.8,0.0,0.0,1,1
ruler_fwe_16k:0373,ruler_fwe_16k,L6,L12,[1],0.06666666666666667,0.33333333333333337,0.06666666666666667,0.06666666666666667,0.0,0.0,1,1
ruler_fwe_16k:0373,ruler_fwe_16k,L6,L18,"[1, 2, 3, 4, 5, 6, 7, 8, 9, 10, 11, 12, 13, 14]",0.5,0.0,,,,0.0,0,0
ruler_fwe_16k:0373,ruler_fwe_16k,L6,L24,"[1, 2, 3, 4, 5, 6, 7, 8, 9, 10, 11, 12, 13, 14]",0.5,0.0,,,,0.0,0,0
ruler_fwe_16k:0373,ruler_fwe_16k,L6,ALL,"[1, 2, 3, 4, 5, 6, 7, 8, 9, 10, 11, 12, 13, 14]",0.5,0.0,,,,0.0,0,0
ruler_fwe_16k:0373,ruler_fwe_16k,L12,OFF,"[1, 2, 3, 4, 5, 6, 7, 8, 9, 10, 11, 12, 13, 14]",0.5,0.0,,,,0.0,0,0
ruler_fwe_16k:0373,ruler_fwe_16k,L12,L0,"[1, 2, 3, 4, 5, 6, 7, 8, 9, 10, 11, 12, 13, 14]",0.5,0.0,,,,0.0,0,0
ruler_fwe_16k:0373,ruler_fwe_16k,L12,L6,"[1, 2, 3, 4, 5, 6, 7, 8, 9, 10, 11, 12, 13, 14]",0.5,0.0,,,,0.0,0,0
ruler_fwe_16k:0373,ruler_fwe_16k,L12,L18,"[1, 2, 3, 4, 5, 6, 7, 8, 9, 10, 11, 12, 13, 14]",0.5,0.0,,,,0.0,0,0
ruler_fwe_16k:0373,ruler_fwe_16k,L12,L24,"[1, 2, 3, 4, 5, 6, 7, 8, 9, 10, 11, 12, 13, 14]",0.5,0.0,,,,0.0,0,0
ruler_fwe_16k:0373,ruler_fwe_16k,L12,ALL,"[1, 2, 3, 4, 5, 6, 7, 8, 9, 10, 11, 12, 13, 14]",0.5,0.0,,,,0.0,0,0
ruler_fwe_16k:0373,ruler_fwe_16k,L18,OFF,"[1, 2, 3, 4, 5, 6, 7, 8, 9, 10, 11, 12, 13, 14]",0.5,0.0,,,,0.0,0,0
ruler_fwe_16k:0373,ruler_fwe_16k,L18,L0,"[1, 2, 3, 4, 5, 6, 7, 8, 9, 10, 11, 12, 13, 14]",0.5,0.0,,,,0.0,0,0
ruler_fwe_16k:0373,ruler_fwe_16k,L18,L6,"[1, 2, 3, 4, 5, 6, 7, 8, 9, 10, 11, 12, 13, 14]",0.5,0.0,,,,0.0,0,0
ruler_fwe_16k:0373,ruler_fwe_16k,L18,L12,"[1, 2, 3, 4, 5, 6, 7, 8, 9, 10, 11, 12, 13, 14]",0.5,0.0,,,,0.0,0,0
ruler_fwe_16k:0373,ruler_fwe_16k,L18,L24,"[1, 2, 3, 4, 5, 6, 7, 8, 9, 10, 11, 12, 13, 14]",0.5,0.0,,,,0.0,0,0
ruler_fwe_16k:0373,ruler_fwe_16k,L18,ALL,"[1, 2, 3, 4, 5, 6, 7, 8, 9, 10, 11, 12, 13, 14]",0.5,0.0,,,,0.0,0,0
ruler_fwe_16k:0373,ruler_fwe_16k,L24,OFF,"[1, 2, 3, 4, 5, 6, 7, 8, 9, 10, 11, 12, 13, 14]",0.5,0.0,,,,0.0,0,0
ruler_fwe_16k:0373,ruler_fwe_16k,L24,L0,"[1, 2, 3, 4, 5, 6, 7, 8, 9, 10, 11, 12, 13, 14]",0.5,0.0,,,,0.0,0,0
ruler_fwe_16k:0373,ruler_fwe_16k,L24,L6,"[1, 2, 3, 4, 5, 6, 7, 8, 9, 10, 11, 12, 13, 14]",0.5,0.0,,,,0.0,0,0
ruler_fwe_16k:0373,ruler_fwe_16k,L24,L12,"[1, 2, 3, 4, 5, 6, 7, 8, 9, 10, 11, 12, 13, 14]",0.5,0.0,,,,0.0,0,0
ruler_fwe_16k:0373,ruler_fwe_16k,L24,L18,"[1, 2, 3, 4, 5, 6, 7, 8, 9, 10, 11, 12, 13, 14]",0.5,0.0,,,,0.0,0,0
ruler_fwe_16k:0373,ruler_fwe_16k,L24,ALL,"[1, 2, 3, 4, 5, 6, 7, 8, 9, 10, 11, 12, 13, 14]",0.5,0.0,,,,0.0,0,0
ruler_fwe_16k:0373,ruler_fwe_16k,ALL,OFF,"[1, 2, 3, 4, 5, 6, 7, 8, 9, 10, 11, 12, 13, 14]",0.5,0.0,,,,0.0,0,0
ruler_fwe_16k:0373,ruler_fwe_16k,ALL,L0,"[1, 2, 3, 4, 5, 6, 7, 8, 9, 10, 11, 12, 13, 14]",0.5,0.0,,,,0.0,0,0
ruler_fwe_16k:0373,ruler_fwe_16k,ALL,L6,"[1, 2, 3, 4, 5, 6, 7, 8, 9, 10, 11, 12, 13, 14]",0.5,0.0,,,,0.0,0,0
ruler_fwe_16k:0373,ruler_fwe_16k,ALL,L12,"[1, 2, 3, 4, 5, 6, 7, 8, 9, 10, 11, 12, 13, 14]",0.5,0.0,,,,0.0,0,0
ruler_fwe_16k:0373,ruler_fwe_16k,ALL,L18,"[1, 2, 3, 4, 5, 6, 7, 8, 9, 10, 11, 12, 13, 14]",0.5,0.0,,,,0.0,0,0
ruler_fwe_16k:0373,ruler_fwe_16k,ALL,L24,"[1, 2, 3, 4, 5, 6, 7, 8, 9, 10, 11, 12, 13, 14]",0.5,0.0,,,,0.0,0,0
ruler_fwe_16k:0386,ruler_fwe_16k,OFF,L0,[7],0.4666666666666667,0.33333333333333337,0.4666666666666667,0.4666666666666667,0.0,0.0,1,1
ruler_fwe_16k:0386,ruler_fwe_16k,OFF,L6,"[1, 2, 3, 4, 5, 6, 7, 8, 9, 10, 11, 12, 13, 14]",0.5,0.0,,,,0.0,0,0
ruler_fwe_16k:0386,ruler_fwe_16k,OFF,L12,"[1, 2, 3, 4, 5, 6, 7, 8, 9, 10, 11, 12, 13, 14]",0.5,0.0,,,,0.0,0,0
ruler_fwe_16k:0386,ruler_fwe_16k,OFF,L18,"[1, 2, 3, 4, 5, 6, 7, 8, 9, 10, 11, 12, 13, 14]",0.5,0.0,,,,0.0,0,0
ruler_fwe_16k:0386,ruler_fwe_16k,OFF,L24,"[1, 2, 3, 4, 5, 6, 7, 8, 9, 10, 11, 12, 13, 14]",0.5,0.0,,,,0.0,0,0
ruler_fwe_16k:0386,ruler_fwe_16k,OFF,ALL,"[1, 2, 3, 4, 5, 6, 7, 8, 9, 10, 11, 12, 13, 14]",0.5,0.0,,,,0.0,0,0
ruler_fwe_16k:0386,ruler_fwe_16k,L0,OFF,"[1, 2, 3, 4, 5, 6, 7, 8, 9, 10, 11, 12, 13, 14]",0.5,0.0,,,,0.0,0,0
ruler_fwe_16k:0386,ruler_fwe_16k,L0,L6,"[1, 2, 3, 4, 5, 6, 7, 8, 9, 10, 11, 12, 13, 14]",0.5,0.0,,,,0.0,0,0
ruler_fwe_16k:0386,ruler_fwe_16k,L0,L12,"[1, 2, 3, 4, 5, 6, 7, 8, 9, 10, 11, 12, 13, 14]",0.5,0.0,,,,0.0,0,0
ruler_fwe_16k:0386,ruler_fwe_16k,L0,L18,"[1, 2, 3, 4, 5, 6, 7, 8, 9, 10, 11, 12, 13, 14]",0.5,0.0,,,,0.0,0,0
ruler_fwe_16k:0386,ruler_fwe_16k,L0,L24,"[1, 2, 3, 4, 5, 6, 7, 8, 9, 10, 11, 12, 13, 14]",0.5,0.0,,,,0.0,0,0
ruler_fwe_16k:0386,ruler_fwe_16k,L0,ALL,"[1, 2, 3, 4, 5, 6, 7, 8, 9, 10, 11, 12, 13, 14]",0.5,0.0,,,,0.0,0,0
ruler_fwe_16k:0386,ruler_fwe_16k,L6,OFF,"[1, 2, 3, 4, 5, 6, 7, 8, 9, 10, 11, 12, 13, 14]",0.5,0.0,,,,0.0,0,0
ruler_fwe_16k:0386,ruler_fwe_16k,L6,L0,"[1, 2, 3, 4, 5, 6, 7, 8, 9, 10, 11, 12, 13, 14]",0.5,0.0,,,,0.0,0,0
ruler_fwe_16k:0386,ruler_fwe_16k,L6,L12,"[1, 2, 3, 4, 5, 6, 7, 8, 9, 10, 11, 12, 13, 14]",0.5,0.0,,,,0.0,0,0
ruler_fwe_16k:0386,ruler_fwe_16k,L6,L18,"[1, 2, 3, 4, 5, 6, 7, 8, 9, 10, 11, 12, 13, 14]",0.5,0.0,,,,0.0,0,0
ruler_fwe_16k:0386,ruler_fwe_16k,L6,L24,"[1, 2, 3, 4, 5, 6, 7, 8, 9, 10, 11, 12, 13, 14]",0.5,0.0,,,,0.0,0,0
ruler_fwe_16k:0386,ruler_fwe_16k,L6,ALL,"[1, 2, 3, 4, 5, 6, 7, 8, 9, 10, 11, 12, 13, 14]",0.5,0.0,,,,0.0,0,0
ruler_fwe_16k:0386,ruler_fwe_16k,L12,OFF,"[1, 2, 3, 4, 5, 6, 7, 8, 9, 10, 11, 12, 13, 14]",0.5,0.0,,,,0.0,0,0
ruler_fwe_16k:0386,ruler_fwe_16k,L12,L0,[1],0.06666666666666667,0.33333333333333337,0.06666666666666667,0.06666666666666667,0.0,0.0,1,1
ruler_fwe_16k:0386,ruler_fwe_16k,L12,L6,"[1, 2, 3, 4, 5, 6, 7, 8, 9, 10, 11, 12, 13, 14]",0.5,0.0,,,,0.0,0,0
ruler_fwe_16k:0386,ruler_fwe_16k,L12,L18,"[1, 2, 3, 4, 5, 6, 7, 8, 9, 10, 11, 12, 13, 14]",0.5,0.0,,,,0.0,0,0
ruler_fwe_16k:0386,ruler_fwe_16k,L12,L24,"[1, 2, 3, 4, 5, 6, 7, 8, 9, 10, 11, 12, 13, 14]",0.5,0.0,,,,0.0,0,0
ruler_fwe_16k:0386,ruler_fwe_16k,L12,ALL,"[1, 2, 3, 4, 5, 6, 7, 8, 9, 10, 11, 12, 13, 14]",0.5,0.0,,,,0.0,0,0
ruler_fwe_16k:0386,ruler_fwe_16k,L18,OFF,"[1, 2, 3, 4, 5, 6, 7, 8, 9, 10, 11, 12, 13, 14]",0.5,0.0,,,,0.0,0,0
ruler_fwe_16k:0386,ruler_fwe_16k,L18,L0,"[1, 2, 3, 4, 5, 6, 7, 8, 9, 10, 11, 12, 13, 14]",0.5,0.0,,,,0.0,0,0
ruler_fwe_16k:0386,ruler_fwe_16k,L18,L6,"[1, 2, 3, 4, 5, 6, 7, 8, 9, 10, 11, 12, 13, 14]",0.5,0.0,,,,0.0,0,0
ruler_fwe_16k:0386,ruler_fwe_16k,L18,L12,"[1, 2, 3, 4, 5, 6, 7, 8, 9, 10, 11, 12, 13, 14]",0.5,0.0,,,,0.0,0,0
ruler_fwe_16k:0386,ruler_fwe_16k,L18,L24,"[1, 2, 3, 4, 5, 6, 7, 8, 9, 10, 11, 12, 13, 14]",0.5,0.0,,,,0.0,0,0
ruler_fwe_16k:0386,ruler_fwe_16k,L18,ALL,"[1, 2, 3, 4, 5, 6, 7, 8, 9, 10, 11, 12, 13, 14]",0.5,0.0,,,,0.0,0,0
ruler_fwe_16k:0386,ruler_fwe_16k,L24,OFF,"[1, 2, 3, 4, 5, 6, 7, 8, 9, 10, 11, 12, 13, 14]",0.5,0.0,,,,0.0,0,0
ruler_fwe_16k:0386,ruler_fwe_16k,L24,L0,"[1, 2, 3, 4, 5, 6, 7, 8, 9, 10, 11, 12, 13, 14]",0.5,0.0,,,,0.0,0,0
ruler_fwe_16k:0386,ruler_fwe_16k,L24,L6,"[1, 2, 3, 4, 5, 6, 7, 8, 9, 10, 11, 12, 13, 14]",0.5,0.0,,,,0.0,0,0
ruler_fwe_16k:0386,ruler_fwe_16k,L24,L12,"[1, 2, 3, 4, 5, 6, 7, 8, 9, 10, 11, 12, 13, 14]",0.5,0.0,,,,0.0,0,0
ruler_fwe_16k:0386,ruler_fwe_16k,L24,L18,"[1, 2, 3, 4, 5, 6, 7, 8, 9, 10, 11, 12, 13, 14]",0.5,0.0,,,,0.0,0,0
ruler_fwe_16k:0386,ruler_fwe_16k,L24,ALL,"[1, 2, 3, 4, 5, 6, 7, 8, 9, 10, 11, 12, 13, 14]",0.5,0.0,,,,0.0,0,0
ruler_fwe_16k:0386,ruler_fwe_16k,ALL,OFF,"[1, 2, 3, 4, 5, 6, 7, 8, 9, 10, 11, 12, 13, 14]",0.5,0.0,,,,0.0,0,0
ruler_fwe_16k:0386,ruler_fwe_16k,ALL,L0,"[1, 2, 3, 4, 5, 6, 7, 8, 9, 10, 11, 12, 13, 14]",0.5,0.0,,,,0.0,0,0
ruler_fwe_16k:0386,ruler_fwe_16k,ALL,L6,[4],0.26666666666666666,0.33333333333333337,0.26666666666666666,0.26666666666666666,0.0,0.0,1,1
ruler_fwe_16k:0386,ruler_fwe_16k,ALL,L12,"[1, 2, 3, 4, 5, 6, 7, 8, 9, 10, 11, 12, 13, 14]",0.5,0.0,,,,0.0,0,0
ruler_fwe_16k:0386,ruler_fwe_16k,ALL,L18,"[1, 2, 3, 4, 5, 6, 7, 8, 9, 10, 11, 12, 13, 14]",0.5,0.0,,,,0.0,0,0
ruler_fwe_16k:0386,ruler_fwe_16k,ALL,L24,"[1, 2, 3, 4, 5, 6, 7, 8, 9, 10, 11, 12, 13, 14]",0.5,0.0,,,,0.0,0,0
ruler_fwe_16k:0402,ruler_fwe_16k,OFF,L0,"[1, 2, 3, 4, 5, 6, 7, 8, 9, 10, 11, 12, 13]",0.5,0.0,,,,0.0,0,0
ruler_fwe_16k:0402,ruler_fwe_16k,OFF,L6,"[1, 2, 3, 4, 5, 6, 7, 8, 9, 10, 11, 12, 13]",0.5,0.0,,,,0.0,0,0
ruler_fwe_16k:0402,ruler_fwe_16k,OFF,L12,"[1, 2, 3, 4, 5, 6, 7, 8, 9, 10, 11, 12, 13]",0.5,0.0,,,,0.0,0,0
ruler_fwe_16k:0402,ruler_fwe_16k,OFF,L18,"[1, 2, 3, 4, 5, 6, 7, 8, 9, 10, 11, 12, 13]",0.5,0.0,,,,0.0,0,0
ruler_fwe_16k:0402,ruler_fwe_16k,OFF,L24,"[1, 2, 3, 4, 5, 6, 7, 8, 9, 10, 11, 12, 13]",0.5,0.0,,,,0.0,0,0
ruler_fwe_16k:0402,ruler_fwe_16k,OFF,ALL,"[1, 2, 3, 4, 5, 6, 7, 8, 9, 10, 11, 12, 13]",0.5,0.0,,,,0.0,0,0
ruler_fwe_16k:0402,ruler_fwe_16k,L0,OFF,"[1, 2, 3, 4, 5, 6, 7, 8, 9, 10, 11, 12, 13]",0.5,0.0,,,,0.0,0,0
ruler_fwe_16k:0402,ruler_fwe_16k,L0,L6,"[1, 2, 3, 4, 5, 6, 7, 8, 9, 10, 11, 12, 13]",0.5,0.0,,,,0.0,0,0
ruler_fwe_16k:0402,ruler_fwe_16k,L0,L12,"[1, 2, 3, 4, 5, 6, 7, 8, 9, 10, 11, 12, 13]",0.5,0.0,,,,0.0,0,0
ruler_fwe_16k:0402,ruler_fwe_16k,L0,L18,"[1, 2, 3, 4, 5, 6, 7, 8, 9, 10, 11, 12, 13]",0.5,0.0,,,,0.0,0,0
ruler_fwe_16k:0402,ruler_fwe_16k,L0,L24,"[1, 2, 3, 4, 5, 6, 7, 8, 9, 10, 11, 12, 13]",0.5,0.0,,,,0.0,0,0
ruler_fwe_16k:0402,ruler_fwe_16k,L0,ALL,"[1, 2, 3, 4, 5, 6, 7, 8, 9, 10, 11, 12, 13]",0.5,0.0,,,,0.0,0,0
ruler_fwe_16k:0402,ruler_fwe_16k,L6,OFF,"[1, 2, 3, 4, 5, 6, 7, 8, 9, 10, 11, 12, 13]",0.5,0.0,,,,0.0,0,0
ruler_fwe_16k:0402,ruler_fwe_16k,L6,L0,"[1, 2, 3, 4, 5, 6, 7, 8, 9, 10, 11, 12, 13]",0.5,0.0,,,,0.0,0,0
ruler_fwe_16k:0402,ruler_fwe_16k,L6,L12,"[1, 2, 3, 4, 5, 6, 7, 8, 9, 10, 11, 12, 13]",0.5,0.0,,,,0.0,0,0
ruler_fwe_16k:0402,ruler_fwe_16k,L6,L18,"[1, 2, 3, 4, 5, 6, 7, 8, 9, 10, 11, 12, 13]",0.5,0.0,,,,0.0,0,0
ruler_fwe_16k:0402,ruler_fwe_16k,L6,L24,"[1, 2, 3, 4, 5, 6, 7, 8, 9, 10, 11, 12, 13]",0.5,0.0,,,,0.0,0,0
ruler_fwe_16k:0402,ruler_fwe_16k,L6,ALL,"[1, 2, 3, 4, 5, 6, 7, 8, 9, 10, 11, 12, 13]",0.5,0.0,,,,0.0,0,0
ruler_fwe_16k:0402,ruler_fwe_16k,L12,OFF,"[1, 2, 3, 4, 5, 6, 7, 8, 9, 10, 11, 12, 13]",0.5,0.0,,,,0.0,0,0
ruler_fwe_16k:0402,ruler_fwe_16k,L12,L0,"[1, 2, 3, 4, 5, 6, 7, 8, 9, 10, 11, 12, 13]",0.5,0.0,,,,0.0,0,0
ruler_fwe_16k:0402,ruler_fwe_16k,L12,L6,"[1, 2, 3, 4, 5, 6, 7, 8, 9, 10, 11, 12, 13]",0.5,0.0,,,,0.0,0,0
ruler_fwe_16k:0402,ruler_fwe_16k,L12,L18,"[1, 2, 3, 4, 5, 6, 7, 8, 9, 10, 11, 12, 13]",0.5,0.0,,,,0.0,0,0
ruler_fwe_16k:0402,ruler_fwe_16k,L12,L24,"[1, 2, 3, 4, 5, 6, 7, 8, 9, 10, 11, 12, 13]",0.5,0.0,,,,0.0,0,0
ruler_fwe_16k:0402,ruler_fwe_16k,L12,ALL,"[1, 2, 3, 4, 5, 6, 7, 8, 9, 10, 11, 12, 13]",0.5,0.0,,,,0.0,0,0
ruler_fwe_16k:0402,ruler_fwe_16k,L18,OFF,"[1, 2, 3, 4, 5, 6, 7, 8, 9, 10, 11, 12, 13]",0.5,0.0,,,,0.0,0,0
ruler_fwe_16k:0402,ruler_fwe_16k,L18,L0,"[1, 2, 3, 4, 5, 6, 7, 8, 9, 10, 11, 12, 13]",0.5,0.0,,,,0.0,0,0
ruler_fwe_16k:0402,ruler_fwe_16k,L18,L6,"[1, 2, 3, 4, 5, 6, 7, 8, 9, 10, 11, 12, 13]",0.5,0.0,,,,0.0,0,0
ruler_fwe_16k:0402,ruler_fwe_16k,L18,L12,"[1, 2, 3, 4, 5, 6, 7, 8, 9, 10, 11, 12, 13]",0.5,0.0,,,,0.0,0,0
ruler_fwe_16k:0402,ruler_fwe_16k,L18,L24,"[1, 2, 3, 4, 5, 6, 7, 8, 9, 10, 11, 12, 13]",0.5,0.0,,,,0.0,0,0
ruler_fwe_16k:0402,ruler_fwe_16k,L18,ALL,"[1, 2, 3, 4, 5, 6, 7, 8, 9, 10, 11, 12, 13]",0.5,0.0,,,,0.0,0,0
ruler_fwe_16k:0402,ruler_fwe_16k,L24,OFF,"[1, 2, 3, 4, 5, 6, 7, 8, 9, 10, 11, 12, 13]",0.5,0.0,,,,0.0,0,0
ruler_fwe_16k:0402,ruler_fwe_16k,L24,L0,"[1, 2, 3, 4, 5, 6, 7, 8, 9, 10, 11, 12, 13]",0.5,0.0,,,,0.0,0,0
ruler_fwe_16k:0402,ruler_fwe_16k,L24,L6,"[1, 2, 3, 4, 5, 6, 7, 8, 9, 10, 11, 12, 13]",0.5,0.0,,,,0.0,0,0
ruler_fwe_16k:0402,ruler_fwe_16k,L24,L12,"[1, 2, 3, 4, 5, 6, 7, 8, 9, 10, 11, 12, 13]",0.5,0.0,,,,0.0,0,0
ruler_fwe_16k:0402,ruler_fwe_16k,L24,L18,"[1, 2, 3, 4, 5, 6, 7, 8, 9, 10, 11, 12, 13]",0.5,0.0,,,,0.0,0,0
ruler_fwe_16k:0402,ruler_fwe_16k,L24,ALL,"[1, 2, 3, 4, 5, 6, 7, 8, 9, 10, 11, 12, 13]",0.5,0.0,,,,0.0,0,0
ruler_fwe_16k:0402,ruler_fwe_16k,ALL,OFF,"[1, 2, 3, 4, 5, 6, 7, 8, 9, 10, 11, 12, 13]",0.5,0.0,,,,0.0,0,0
ruler_fwe_16k:0402,ruler_fwe_16k,ALL,L0,"[1, 2, 3, 4, 5, 6, 7, 8, 9, 10, 11, 12, 13]",0.5,0.0,,,,0.0,0,0
ruler_fwe_16k:0402,ruler_fwe_16k,ALL,L6,"[1, 2, 3, 4, 5, 6, 7, 8, 9, 10, 11, 12, 13]",0.5,0.0,,,,0.0,0,0
ruler_fwe_16k:0402,ruler_fwe_16k,ALL,L12,"[1, 2, 3, 4, 5, 6, 7, 8, 9, 10, 11, 12, 13]",0.5,0.0,,,,0.0,0,0
ruler_fwe_16k:0402,ruler_fwe_16k,ALL,L18,"[1, 2, 3, 4, 5, 6, 7, 8, 9, 10, 11, 12, 13]",0.5,0.0,,,,0.0,0,0
ruler_fwe_16k:0402,ruler_fwe_16k,ALL,L24,"[1, 2, 3, 4, 5, 6, 7, 8, 9, 10, 11, 12, 13]",0.5,0.0,,,,0.0,0,0
ruler_fwe_16k:0472,ruler_fwe_16k,OFF,L0,"[1, 2, 3, 4, 5, 6, 7, 8, 9, 10, 11, 12, 13]",0.5,0.0,,,,0.0,0,0
ruler_fwe_16k:0472,ruler_fwe_16k,OFF,L6,"[1, 2, 3, 4, 5, 6, 7, 8, 9, 10, 11, 12, 13]",0.5,0.0,,,,0.0,0,0
ruler_fwe_16k:0472,ruler_fwe_16k,OFF,L12,"[1, 2, 3, 4, 5, 6, 7, 8, 9, 10, 11, 12, 13]",0.5,0.0,,,,0.0,0,0
ruler_fwe_16k:0472,ruler_fwe_16k,OFF,L18,"[1, 2, 3, 4, 5, 6, 7, 8, 9, 10, 11, 12, 13]",0.5,0.0,,,,0.0,0,0
ruler_fwe_16k:0472,ruler_fwe_16k,OFF,L24,"[1, 2, 3, 4, 5, 6, 7, 8, 9, 10, 11, 12, 13]",0.5,0.0,,,,0.0,0,0
ruler_fwe_16k:0472,ruler_fwe_16k,OFF,ALL,"[1, 2, 3, 4, 5, 6, 7, 8, 9, 10, 11, 12, 13]",0.5,0.0,,,,0.0,0,0
ruler_fwe_16k:0472,ruler_fwe_16k,L0,OFF,"[1, 2, 3, 4, 5, 6, 7, 8, 9, 10, 11, 12, 13]",0.5,0.0,,,,0.0,0,0
ruler_fwe_16k:0472,ruler_fwe_16k,L0,L6,"[1, 2, 3, 4, 5, 6, 7, 8, 9, 10, 11, 12, 13]",0.5,0.0,,,,0.0,0,0
ruler_fwe_16k:0472,ruler_fwe_16k,L0,L12,"[1, 2, 3, 4, 5, 6, 7, 8, 9, 10, 11, 12, 13]",0.5,0.0,,,,0.0,0,0
ruler_fwe_16k:0472,ruler_fwe_16k,L0,L18,"[1, 2, 3, 4, 5, 6, 7, 8, 9, 10, 11, 12, 13]",0.5,0.0,,,,0.0,0,0
ruler_fwe_16k:0472,ruler_fwe_16k,L0,L24,"[1, 2, 3, 4, 5, 6, 7, 8, 9, 10, 11, 12, 13]",0.5,0.0,,,,0.0,0,0
ruler_fwe_16k:0472,ruler_fwe_16k,L0,ALL,[11],0.7857142857142857,0.33333333333333337,0.7857142857142857,0.7857142857142857,0.0,0.0,1,1
ruler_fwe_16k:0472,ruler_fwe_16k,L6,OFF,"[1, 2, 3, 4, 5, 6, 7, 8, 9, 10, 11, 12, 13]",0.5,0.0,,,,0.0,0,0
ruler_fwe_16k:0472,ruler_fwe_16k,L6,L0,"[1, 2, 3, 4, 5, 6, 7, 8, 9, 10, 11, 12, 13]",0.5,0.0,,,,0.0,0,0
ruler_fwe_16k:0472,ruler_fwe_16k,L6,L12,"[1, 2, 3, 4, 5, 6, 7, 8, 9, 10, 11, 12, 13]",0.5,0.0,,,,0.0,0,0
ruler_fwe_16k:0472,ruler_fwe_16k,L6,L18,"[1, 2, 3, 4, 5, 6, 7, 8, 9, 10, 11, 12, 13]",0.5,0.0,,,,0.0,0,0
ruler_fwe_16k:0472,ruler_fwe_16k,L6,L24,"[1, 2, 3, 4, 5, 6, 7, 8, 9, 10, 11, 12, 13]",0.5,0.0,,,,0.0,0,0
ruler_fwe_16k:0472,ruler_fwe_16k,L6,ALL,"[1, 2, 3, 4, 5, 6, 7, 8, 9, 10, 11, 12, 13]",0.5,0.0,,,,0.0,0,0
ruler_fwe_16k:0472,ruler_fwe_16k,L12,OFF,"[1, 2, 3, 4, 5, 6, 7, 8, 9, 10, 11, 12, 13]",0.5,0.0,,,,0.0,0,0
ruler_fwe_16k:0472,ruler_fwe_16k,L12,L0,"[1, 2, 3, 4, 5, 6, 7, 8, 9, 10, 11, 12, 13]",0.5,0.0,,,,0.0,0,0
ruler_fwe_16k:0472,ruler_fwe_16k,L12,L6,[3],0.21428571428571427,0.33333333333333337,0.21428571428571427,0.21428571428571427,0.0,0.0,1,1
ruler_fwe_16k:0472,ruler_fwe_16k,L12,L18,"[1, 2, 3, 4, 5, 6, 7, 8, 9, 10, 11, 12, 13]",0.5,0.0,,,,0.0,0,0
ruler_fwe_16k:0472,ruler_fwe_16k,L12,L24,"[1, 2, 3, 4, 5, 6, 7, 8, 9, 10, 11, 12, 13]",0.5,0.0,,,,0.0,0,0
ruler_fwe_16k:0472,ruler_fwe_16k,L12,ALL,"[1, 2, 3, 4, 5, 6, 7, 8, 9, 10, 11, 12, 13]",0.5,0.0,,,,0.0,0,0
ruler_fwe_16k:0472,ruler_fwe_16k,L18,OFF,"[1, 2, 3, 4, 5, 6, 7, 8, 9, 10, 11, 12, 13]",0.5,0.0,,,,0.0,0,0
ruler_fwe_16k:0472,ruler_fwe_16k,L18,L0,"[1, 2, 3, 4, 5, 6, 7, 8, 9, 10, 11, 12, 13]",0.5,0.0,,,,0.0,0,0
ruler_fwe_16k:0472,ruler_fwe_16k,L18,L6,"[1, 2, 3, 4, 5, 6, 7, 8, 9, 10, 11, 12, 13]",0.5,0.0,,,,0.0,0,0
ruler_fwe_16k:0472,ruler_fwe_16k,L18,L12,"[1, 2, 3, 4, 5, 6, 7, 8, 9, 10, 11, 12, 13]",0.5,0.0,,,,0.0,0,0
ruler_fwe_16k:0472,ruler_fwe_16k,L18,L24,"[1, 2, 3, 4, 5, 6, 7, 8, 9, 10, 11, 12, 13]",0.5,0.0,,,,0.0,0,0
ruler_fwe_16k:0472,ruler_fwe_16k,L18,ALL,"[1, 2, 3, 4, 5, 6, 7, 8, 9, 10, 11, 12, 13]",0.5,0.0,,,,0.0,0,0
ruler_fwe_16k:0472,ruler_fwe_16k,L24,OFF,"[1, 2, 3, 4, 5, 6, 7, 8, 9, 10, 11, 12, 13]",0.5,0.0,,,,0.0,0,0
ruler_fwe_16k:0472,ruler_fwe_16k,L24,L0,"[1, 2, 3, 4, 5, 6, 7, 8, 9, 10, 11, 12, 13]",0.5,0.0,,,,0.0,0,0
ruler_fwe_16k:0472,ruler_fwe_16k,L24,L6,"[1, 2, 3, 4, 5, 6, 7, 8, 9, 10, 11, 12, 13]",0.5,0.0,,,,0.0,0,0
ruler_fwe_16k:0472,ruler_fwe_16k,L24,L12,"[1, 2, 3, 4, 5, 6, 7, 8, 9, 10, 11, 12, 13]",0.5,0.0,,,,0.0,0,0
ruler_fwe_16k:0472,ruler_fwe_16k,L24,L18,"[1, 2, 3, 4, 5, 6, 7, 8, 9, 10, 11, 12, 13]",0.5,0.0,,,,0.0,0,0
ruler_fwe_16k:0472,ruler_fwe_16k,L24,ALL,"[1, 2, 3, 4, 5, 6, 7, 8, 9, 10, 11, 12, 13]",0.5,0.0,,,,0.0,0,0
ruler_fwe_16k:0472,ruler_fwe_16k,ALL,OFF,[9],0.6428571428571429,0.33333333333333337,0.6428571428571429,0.6428571428571429,0.0,0.0,1,1
ruler_fwe_16k:0472,ruler_fwe_16k,ALL,L0,"[1, 2, 3, 4, 5, 6, 7, 8, 9, 10, 11, 12, 13]",0.5,0.0,,,,0.0,0,0
ruler_fwe_16k:0472,ruler_fwe_16k,ALL,L6,"[1, 2, 3, 4, 5, 6, 7, 8, 9, 10, 11, 12, 13]",0.5,0.0,,,,0.0,0,0
ruler_fwe_16k:0472,ruler_fwe_16k,ALL,L12,"[1, 2, 3, 4, 5, 6, 7, 8, 9, 10, 11, 12, 13]",0.5,0.0,,,,0.0,0,0
ruler_fwe_16k:0472,ruler_fwe_16k,ALL,L18,"[1, 2, 3, 4, 5, 6, 7, 8, 9, 10, 11, 12, 13]",0.5,0.0,,,,0.0,0,0
ruler_fwe_16k:0472,ruler_fwe_16k,ALL,L24,[11],0.7857142857142857,0.33333333333333337,0.7857142857142857,0.7857142857142857,0.0,0.0,1,1
ruler_fwe_16k:0478,ruler_fwe_16k,OFF,L0,"[1, 2, 3, 4, 5, 6, 7, 8, 9, 10, 11, 12, 13, 14]",0.5,0.0,,,,0.0,0,0
ruler_fwe_16k:0478,ruler_fwe_16k,OFF,L6,"[1, 2, 3, 4, 5, 6, 7, 8, 9, 10, 11, 12, 13, 14]",0.5,0.0,,,,0.0,0,0
ruler_fwe_16k:0478,ruler_fwe_16k,OFF,L12,[9],0.6,0.33333333333333337,0.6,0.6,0.0,0.0,1,1
ruler_fwe_16k:0478,ruler_fwe_16k,OFF,L18,"[1, 10]",0.36666666666666664,0.0,0.06666666666666667,0.6666666666666666,0.6,0.0,2,2
ruler_fwe_16k:0478,ruler_fwe_16k,OFF,L24,"[1, 2, 3, 4, 5, 6, 7, 8, 9, 10, 11, 12, 13, 14]",0.5,0.0,,,,0.0,0,0
ruler_fwe_16k:0478,ruler_fwe_16k,OFF,ALL,"[1, 2, 3, 4, 5, 6, 7, 8, 9, 10, 11, 12, 13, 14]",0.5,0.0,,,,0.0,0,0
ruler_fwe_16k:0478,ruler_fwe_16k,L0,OFF,"[1, 2, 3, 4, 5, 6, 7, 8, 9, 10, 11, 12, 13, 14]",0.5,0.0,,,,0.0,0,0
ruler_fwe_16k:0478,ruler_fwe_16k,L0,L6,"[1, 2, 3, 4, 5, 6, 7, 8, 9, 10, 11, 12, 13, 14]",0.5,0.0,,,,0.0,0,0
ruler_fwe_16k:0478,ruler_fwe_16k,L0,L12,"[1, 2, 3, 4, 5, 6, 7, 8, 9, 10, 11, 12, 13, 14]",0.5,0.0,,,,0.0,0,0
ruler_fwe_16k:0478,ruler_fwe_16k,L0,L18,"[1, 2, 3, 4, 5, 6, 7, 8, 9, 10, 11, 12, 13, 14]",0.5,0.0,,,,0.0,0,0
ruler_fwe_16k:0478,ruler_fwe_16k,L0,L24,"[1, 2, 3, 4, 5, 6, 7, 8, 9, 10, 11, 12, 13, 14]",0.5,0.0,,,,0.0,0,0
ruler_fwe_16k:0478,ruler_fwe_16k,L0,ALL,"[1, 2, 3, 4, 5, 6, 7, 8, 9, 10, 11, 12, 13, 14]",0.5,0.0,,,,0.0,0,0
ruler_fwe_16k:0478,ruler_fwe_16k,L6,OFF,"[1, 2, 3, 4, 5, 6, 7, 8, 9, 10, 11, 12, 13, 14]",0.5,0.0,,,,0.0,0,0
ruler_fwe_16k:0478,ruler_fwe_16k,L6,L0,"[1, 2, 3, 4, 5, 6, 7, 8, 9, 10, 11, 12, 13, 14]",0.5,0.0,,,,0.0,0,0
ruler_fwe_16k:0478,ruler_fwe_16k,L6,L12,"[1, 2, 3, 4, 5, 6, 7, 8, 9, 10, 11, 12, 13, 14]",0.5,0.0,,,,0.0,0,0
ruler_fwe_16k:0478,ruler_fwe_16k,L6,L18,[11],0.7333333333333333,0.33333333333333337,0.7333333333333333,0.7333333333333333,0.0,0.0,1,1
ruler_fwe_16k:0478,ruler_fwe_16k,L6,L24,"[1, 2, 3, 4, 5, 6, 7, 8, 9, 10, 11, 12, 13, 14]",0.5,0.0,,,,0.0,0,0
ruler_fwe_16k:0478,ruler_fwe_16k,L6,ALL,[3],0.2,0.33333333333333337,0.2,0.2,0.0,0.0,1,1
ruler_fwe_16k:0478,ruler_fwe_16k,L12,OFF,"[1, 2, 3, 4, 5, 6, 7, 8, 9, 10, 11, 12, 13, 14]",0.5,0.0,,,,0.0,0,0
ruler_fwe_16k:0478,ruler_fwe_16k,L12,L0,"[1, 2, 3, 4, 5, 6, 7, 8, 9, 10, 11, 12, 13, 14]",0.5,0.0,,,,0.0,0,0
ruler_fwe_16k:0478,ruler_fwe_16k,L12,L6,"[1, 2, 3, 4, 5, 6, 7, 8, 9, 10, 11, 12, 13, 14]",0.5,0.0,,,,0.0,0,0
ruler_fwe_16k:0478,ruler_fwe_16k,L12,L18,"[3, 5, 12]",0.4444444444444445,0.0,0.2,0.8,0.6,0.0,3,3
ruler_fwe_16k:0478,ruler_fwe_16k,L12,L24,"[3, 4, 9, 14]",0.5,0.0,0.2,0.9333333333333333,0.7333333333333333,0.06666666666666667,4,4
ruler_fwe_16k:0478,ruler_fwe_16k,L12,ALL,"[1, 2, 3, 4, 5, 6, 7, 8, 9, 10, 11, 12, 13, 14]",0.5,0.0,,,,0.0,0,0
ruler_fwe_16k:0478,ruler_fwe_16k,L18,OFF,"[1, 2, 3, 4, 5, 6, 7, 8, 9, 10, 11, 12, 13, 14]",0.5,0.0,,,,0.0,0,0
ruler_fwe_16k:0478,ruler_fwe_16k,L18,L0,"[1, 2, 3, 4, 5, 6, 7, 8, 9, 10, 11, 12, 13, 14]",0.5,0.0,,,,0.0,0,0
ruler_fwe_16k:0478,ruler_fwe_16k,L18,L6,"[1, 2, 3, 4, 5, 6, 7, 8, 9, 10, 11, 12, 13, 14]",0.5,0.0,,,,0.0,0,0
ruler_fwe_16k:0478,ruler_fwe_16k,L18,L12,"[6, 11]",0.5666666666666667,0.0,0.4,0.7333333333333333,0.3333333333333333,0.0,2,2
ruler_fwe_16k:0478,ruler_fwe_16k,L18,L24,"[1, 2, 3, 4, 5, 6, 7, 8, 9, 10, 11, 12, 13, 14]",0.5,0.0,,,,0.0,0,0
ruler_fwe_16k:0478,ruler_fwe_16k,L18,ALL,"[1, 2, 3, 4, 5, 6, 7, 8, 9, 10, 11, 12, 13, 14]",0.5,0.0,,,,0.0,0,0
ruler_fwe_16k:0478,ruler_fwe_16k,L24,OFF,"[1, 2, 3, 4, 5, 6, 7, 8, 9, 10, 11, 12, 13, 14]",0.5,0.0,,,,0.0,0,0
ruler_fwe_16k:0478,ruler_fwe_16k,L24,L0,[10],0.6666666666666666,0.33333333333333337,0.6666666666666666,0.6666666666666666,0.0,0.0,1,1
ruler_fwe_16k:0478,ruler_fwe_16k,L24,L6,"[1, 2, 3, 4, 5, 6, 7, 8, 9, 10, 11, 12, 13, 14]",0.5,0.0,,,,0.0,0,0
ruler_fwe_16k:0478,ruler_fwe_16k,L24,L12,[9],0.6,0.33333333333333337,0.6,0.6,0.0,0.0,1,1
ruler_fwe_16k:0478,ruler_fwe_16k,L24,L18,"[1, 2, 3, 4, 5, 6, 7, 8, 9, 10, 11, 12, 13, 14]",0.5,0.0,,,,0.0,0,0
ruler_fwe_16k:0478,ruler_fwe_16k,L24,ALL,"[1, 2, 3, 4, 5, 6, 7, 8, 9, 10, 11, 12, 13, 14]",0.5,0.0,,,,0.0,0,0
ruler_fwe_16k:0478,ruler_fwe_16k,ALL,OFF,"[1, 2, 3, 4, 5, 6, 7, 8, 9, 10, 11, 12, 13, 14]",0.5,0.0,,,,0.0,0,0
ruler_fwe_16k:0478,ruler_fwe_16k,ALL,L0,"[1, 2, 3, 4, 5, 6, 7, 8, 9, 10, 11, 12, 13, 14]",0.5,0.0,,,,0.0,0,0
ruler_fwe_16k:0478,ruler_fwe_16k,ALL,L6,"[1, 2, 3, 4, 5, 6, 7, 8, 9, 10, 11, 12, 13, 14]",0.5,0.0,,,,0.0,0,0
ruler_fwe_16k:0478,ruler_fwe_16k,ALL,L12,"[1, 2, 3, 4, 5, 6, 7, 8, 9, 10, 11, 12, 13, 14]",0.5,0.0,,,,0.0,0,0
ruler_fwe_16k:0478,ruler_fwe_16k,ALL,L18,"[1, 2, 3, 4, 5, 6, 7, 8, 9, 10, 11, 12, 13, 14]",0.5,0.0,,,,0.0,0,0
ruler_fwe_16k:0478,ruler_fwe_16k,ALL,L24,"[1, 2, 3, 4, 5, 6, 7, 8, 9, 10, 11, 12, 13, 14]",0.5,0.0,,,,0.0,0,0
ruler_fwe_16k:0488,ruler_fwe_16k,OFF,L0,"[1, 2, 3, 4, 5, 6, 7, 8, 9, 10, 11, 12, 13, 14]",0.5,0.0,,,,0.0,0,0
ruler_fwe_16k:0488,ruler_fwe_16k,OFF,L6,"[1, 2, 3, 4, 5, 6, 7, 8, 9, 10, 11, 12, 13, 14]",0.5,0.0,,,,0.0,0,0
ruler_fwe_16k:0488,ruler_fwe_16k,OFF,L12,"[1, 2, 3, 4, 5, 6, 7, 8, 9, 10, 11, 12, 13, 14]",0.5,0.0,,,,0.0,0,0
ruler_fwe_16k:0488,ruler_fwe_16k,OFF,L18,[5],0.3333333333333333,0.33333333333333337,0.3333333333333333,0.3333333333333333,0.0,0.0,1,1
ruler_fwe_16k:0488,ruler_fwe_16k,OFF,L24,"[1, 2, 3, 4, 5, 6, 7, 8, 9, 10, 11, 12, 13, 14]",0.5,0.0,,,,0.0,0,0
ruler_fwe_16k:0488,ruler_fwe_16k,OFF,ALL,"[1, 2, 3, 4, 5, 6, 7, 8, 9, 10, 11, 12, 13, 14]",0.5,0.0,,,,0.0,0,0
ruler_fwe_16k:0488,ruler_fwe_16k,L0,OFF,"[1, 2, 3, 4, 5, 6, 7, 8, 9, 10, 11, 12, 13, 14]",0.5,0.0,,,,0.0,0,0
ruler_fwe_16k:0488,ruler_fwe_16k,L0,L6,"[1, 2, 3, 4, 5, 6, 7, 8, 9, 10, 11, 12, 13, 14]",0.5,0.0,,,,0.0,0,0
ruler_fwe_16k:0488,ruler_fwe_16k,L0,L12,[8],0.5333333333333333,0.33333333333333337,0.5333333333333333,0.5333333333333333,0.0,0.0,1,1
ruler_fwe_16k:0488,ruler_fwe_16k,L0,L18,"[1, 2, 3, 4, 5, 6, 7, 8, 9, 10, 11, 12, 13, 14]",0.5,0.0,,,,0.0,0,0
ruler_fwe_16k:0488,ruler_fwe_16k,L0,L24,"[11, 12]",0.7666666666666667,0.0,0.7333333333333333,0.8,0.06666666666666667,0.06666666666666667,2,2
ruler_fwe_16k:0488,ruler_fwe_16k,L0,ALL,"[1, 2, 3, 4, 5, 6, 7, 8, 9, 10, 11, 12, 13, 14]",0.5,0.0,,,,0.0,0,0
ruler_fwe_16k:0488,ruler_fwe_16k,L6,OFF,"[1, 2, 3, 4, 5, 6, 7, 8, 9, 10, 11, 12, 13, 14]",0.5,0.0,,,,0.0,0,0
ruler_fwe_16k:0488,ruler_fwe_16k,L6,L0,"[2, 4]",0.2,0.0,0.13333333333333333,0.26666666666666666,0.13333333333333333,0.0,2,2
ruler_fwe_16k:0488,ruler_fwe_16k,L6,L12,"[1, 2, 3, 4, 5, 6, 7, 8, 9, 10, 11, 12, 13, 14]",0.5,0.0,,,,0.0,0,0
ruler_fwe_16k:0488,ruler_fwe_16k,L6,L18,"[1, 2, 3, 4, 5, 6, 7, 8, 9, 10, 11, 12, 13, 14]",0.5,0.0,,,,0.0,0,0
ruler_fwe_16k:0488,ruler_fwe_16k,L6,L24,"[1, 2, 3, 4, 5, 6, 7, 8, 9, 10, 11, 12, 13, 14]",0.5,0.0,,,,0.0,0,0
ruler_fwe_16k:0488,ruler_fwe_16k,L6,ALL,[3],0.2,0.33333333333333337,0.2,0.2,0.0,0.0,1,1
ruler_fwe_16k:0488,ruler_fwe_16k,L12,OFF,[12],0.8,0.33333333333333337,0.8,0.8,0.0,0.0,1,1
ruler_fwe_16k:0488,ruler_fwe_16k,L12,L0,"[1, 2, 3, 4, 5, 6, 7, 8, 9, 10, 11, 12, 13, 14]",0.5,0.0,,,,0.0,0,0
ruler_fwe_16k:0488,ruler_fwe_16k,L12,L6,[12],0.8,0.33333333333333337,0.8,0.8,0.0,0.0,1,1
ruler_fwe_16k:0488,ruler_fwe_16k,L12,L18,"[1, 2, 3, 4, 5, 6, 7, 8, 9, 10, 11, 12, 13, 14]",0.5,0.0,,,,0.0,0,0
ruler_fwe_16k:0488,ruler_fwe_16k,L12,L24,[12],0.8,0.33333333333333337,0.8,0.8,0.0,0.0,1,1
ruler_fwe_16k:0488,ruler_fwe_16k,L12,ALL,"[1, 2, 3, 4, 5, 6, 7, 8, 9, 10, 11, 12, 13, 14]",0.5,0.0,,,,0.0,0,0
ruler_fwe_16k:0488,ruler_fwe_16k,L18,OFF,"[1, 2, 3, 4, 5, 6, 7, 8, 9, 10, 11, 12, 13, 14]",0.5,0.0,,,,0.0,0,0
ruler_fwe_16k:0488,ruler_fwe_16k,L18,L0,[12],0.8,0.33333333333333337,0.8,0.8,0.0,0.0,1,1
ruler_fwe_16k:0488,ruler_fwe_16k,L18,L6,"[1, 2, 3, 4, 5, 6, 7, 8, 9, 10, 11, 12, 13, 14]",0.5,0.0,,,,0.0,0,0
ruler_fwe_16k:0488,ruler_fwe_16k,L18,L12,"[1, 2, 3, 4, 5, 6, 7, 8, 9, 10, 11, 12, 13, 14]",0.5,0.0,,,,0.0,0,0
ruler_fwe_16k:0488,ruler_fwe_16k,L18,L24,[12],0.8,0.33333333333333337,0.8,0.8,0.0,0.0,1,1
ruler_fwe_16k:0488,ruler_fwe_16k,L18,ALL,[7],0.4666666666666667,0.33333333333333337,0.4666666666666667,0.4666666666666667,0.0,0.0,1,1
ruler_fwe_16k:0488,ruler_fwe_16k,L24,OFF,"[1, 2, 3, 4, 5, 6, 7, 8, 9, 10, 11, 12, 13, 14]",0.5,0.0,,,,0.0,0,0
ruler_fwe_16k:0488,ruler_fwe_16k,L24,L0,"[1, 2, 3, 4, 5, 6, 7, 8, 9, 10, 11, 12, 13, 14]",0.5,0.0,,,,0.0,0,0
ruler_fwe_16k:0488,ruler_fwe_16k,L24,L6,"[1, 2, 3, 4, 5, 6, 7, 8, 9, 10, 11, 12, 13, 14]",0.5,0.0,,,,0.0,0,0
ruler_fwe_16k:0488,ruler_fwe_16k,L24,L12,"[1, 2, 3, 4, 5, 6, 7, 8, 9, 10, 11, 12, 13, 14]",0.5,0.0,,,,0.0,0,0
ruler_fwe_16k:0488,ruler_fwe_16k,L24,L18,"[1, 5]",0.2,0.0,0.06666666666666667,0.3333333333333333,0.26666666666666666,0.0,2,2
ruler_fwe_16k:0488,ruler_fwe_16k,L24,ALL,"[1, 2, 3, 4, 5, 6, 7, 8, 9, 10, 11, 12, 13, 14]",0.5,0.0,,,,0.0,0,0
ruler_fwe_16k:0488,ruler_fwe_16k,ALL,OFF,"[1, 2, 3, 4, 5, 6, 7, 8, 9, 10, 11, 12, 13, 14]",0.5,0.0,,,,0.0,0,0
ruler_fwe_16k:0488,ruler_fwe_16k,ALL,L0,[3],0.2,0.33333333333333337,0.2,0.2,0.0,0.0,1,1
ruler_fwe_16k:0488,ruler_fwe_16k,ALL,L6,[5],0.3333333333333333,0.33333333333333337,0.3333333333333333,0.3333333333333333,0.0,0.0,1,1
ruler_fwe_16k:0488,ruler_fwe_16k,ALL,L12,"[1, 2, 3, 4, 5, 6, 7, 8, 9, 10, 11, 12, 13, 14]",0.5,0.0,,,,0.0,0,0
ruler_fwe_16k:0488,ruler_fwe_16k,ALL,L18,"[1, 2, 3, 4, 5, 6, 7, 8, 9, 10, 11, 12, 13, 14]",0.5,0.0,,,,0.0,0,0
ruler_fwe_16k:0488,ruler_fwe_16k,ALL,L24,"[1, 2, 3, 4, 5, 6, 7, 8, 9, 10, 11, 12, 13, 14]",0.5,0.0,,,,0.0,0,0
ruler_fwe_16k:0498,ruler_fwe_16k,OFF,L0,[8],0.5333333333333333,0.33333333333333337,0.5333333333333333,0.5333333333333333,0.0,0.0,1,1
ruler_fwe_16k:0498,ruler_fwe_16k,OFF,L6,"[9, 12, 13]",0.7555555555555556,0.0,0.6,0.8666666666666667,0.26666666666666666,0.06666666666666667,3,3
ruler_fwe_16k:0498,ruler_fwe_16k,OFF,L12,[2],0.13333333333333333,0.33333333333333337,0.13333333333333333,0.13333333333333333,0.0,0.0,1,1
ruler_fwe_16k:0498,ruler_fwe_16k,OFF,L18,"[1, 2, 3, 4, 5, 6, 7, 8, 9, 10, 11, 12, 13, 14]",0.5,0.0,,,,0.0,0,0
ruler_fwe_16k:0498,ruler_fwe_16k,OFF,L24,"[1, 2, 3, 4, 5, 6, 7, 8, 9, 10, 11, 12, 13, 14]",0.5,0.0,,,,0.0,0,0
ruler_fwe_16k:0498,ruler_fwe_16k,OFF,ALL,"[8, 10]",0.6,0.0,0.5333333333333333,0.6666666666666666,0.13333333333333333,0.0,2,2
ruler_fwe_16k:0498,ruler_fwe_16k,L0,OFF,[6],0.4,0.33333333333333337,0.4,0.4,0.0,0.0,1,1
ruler_fwe_16k:0498,ruler_fwe_16k,L0,L6,[8],0.5333333333333333,0.33333333333333337,0.5333333333333333,0.5333333333333333,0.0,0.0,1,1
ruler_fwe_16k:0498,ruler_fwe_16k,L0,L12,[6],0.4,0.33333333333333337,0.4,0.4,0.0,0.0,1,1
ruler_fwe_16k:0498,ruler_fwe_16k,L0,L18,[5],0.3333333333333333,0.33333333333333337,0.3333333333333333,0.3333333333333333,0.0,0.0,1,1
ruler_fwe_16k:0498,ruler_fwe_16k,L0,L24,"[1, 2, 3, 4, 5, 6, 7, 8, 9, 10, 11, 12, 13, 14]",0.5,0.0,,,,0.0,0,0
ruler_fwe_16k:0498,ruler_fwe_16k,L0,ALL,[10],0.6666666666666666,0.33333333333333337,0.6666666666666666,0.6666666666666666,0.0,0.0,1,1
ruler_fwe_16k:0498,ruler_fwe_16k,L6,OFF,[3],0.2,0.33333333333333337,0.2,0.2,0.0,0.0,1,1
ruler_fwe_16k:0498,ruler_fwe_16k,L6,L0,[10],0.6666666666666666,0.33333333333333337,0.6666666666666666,0.6666666666666666,0.0,0.0,1,1
ruler_fwe_16k:0498,ruler_fwe_16k,L6,L12,"[1, 7]",0.26666666666666666,0.0,0.06666666666666667,0.4666666666666667,0.4,0.0,2,2
ruler_fwe_16k:0498,ruler_fwe_16k,L6,L18,"[1, 2, 12]",0.3333333333333333,0.0,0.06666666666666667,0.8,0.7333333333333333,0.06666666666666667,3,3
ruler_fwe_16k:0498,ruler_fwe_16k,L6,L24,"[3, 11]",0.4666666666666667,0.0,0.2,0.7333333333333333,0.5333333333333333,0.0,2,2
ruler_fwe_16k:0498,ruler_fwe_16k,L6,ALL,"[1, 2, 3, 4, 5, 6, 7, 8, 9, 10, 11, 12, 13, 14]",0.5,0.0,,,,0.0,0,0
ruler_fwe_16k:0498,ruler_fwe_16k,L12,OFF,"[3, 4, 8]",0.3333333333333333,0.0,0.2,0.5333333333333333,0.3333333333333333,0.06666666666666667,3,3
ruler_fwe_16k:0498,ruler_fwe_16k,L12,L0,"[2, 9]",0.36666666666666664,0.0,0.13333333333333333,0.6,0.4666666666666667,0.0,2,2
ruler_fwe_16k:0498,ruler_fwe_16k,L12,L6,"[1, 2, 3, 4, 5, 6, 7, 8, 9, 10, 11, 12, 13, 14]",0.5,0.0,,,,0.0,0,0
ruler_fwe_16k:0498,ruler_fwe_16k,L12,L18,"[1, 2, 3, 4, 5, 6, 7, 8, 9, 10, 11, 12, 13, 14]",0.5,0.0,,,,0.0,0,0
ruler_fwe_16k:0498,ruler_fwe_16k,L12,L24,[4],0.26666666666666666,0.33333333333333337,0.26666666666666666,0.26666666666666666,0.0,0.0,1,1
ruler_fwe_16k:0498,ruler_fwe_16k,L12,ALL,[12],0.8,0.33333333333333337,0.8,0.8,0.0,0.0,1,1
ruler_fwe_16k:0498,ruler_fwe_16k,L18,OFF,"[1, 2, 3, 4, 5, 6, 7, 8, 9, 10, 11, 12, 13, 14]",0.5,0.0,,,,0.0,0,0
ruler_fwe_16k:0498,ruler_fwe_16k,L18,L0,"[1, 2, 3, 4, 5, 6, 7, 8, 9, 10, 11, 12, 13, 14]",0.5,0.0,,,,0.0,0,0
ruler_fwe_16k:0498,ruler_fwe_16k,L18,L6,"[7, 12, 13]",0.711111111111111,0.0,0.4666666666666667,0.8666666666666667,0.4,0.06666666666666667,3,3
ruler_fwe_16k:0498,ruler_fwe_16k,L18,L12,"[1, 2, 3, 4, 5, 6, 7, 8, 9, 10, 11, 12, 13, 14]",0.5,0.0,,,,0.0,0,0
ruler_fwe_16k:0498,ruler_fwe_16k,L18,L24,"[1, 2, 3, 4, 5, 6, 7, 8, 9, 10, 11, 12, 13, 14]",0.5,0.0,,,,0.0,0,0
ruler_fwe_16k:0498,ruler_fwe_16k,L18,ALL,[5],0.3333333333333333,0.33333333333333337,0.3333333333333333,0.3333333333333333,0.0,0.0,1,1
ruler_fwe_16k:0498,ruler_fwe_16k,L24,OFF,"[1, 2, 3, 4, 5, 6, 7, 8, 9, 10, 11, 12, 13, 14]",0.5,0.0,,,,0.0,0,0
ruler_fwe_16k:0498,ruler_fwe_16k,L24,L0,"[1, 2, 3, 4, 5, 6, 7, 8, 9, 10, 11, 12, 13, 14]",0.5,0.0,,,,0.0,0,0
ruler_fwe_16k:0498,ruler_fwe_16k,L24,L6,"[9, 10, 12]",0.6888888888888889,0.0,0.6,0.8,0.2,0.06666666666666667,3,3
ruler_fwe_16k:0498,ruler_fwe_16k,L24,L12,[2],0.13333333333333333,0.33333333333333337,0.13333333333333333,0.13333333333333333,0.0,0.0,1,1
ruler_fwe_16k:0498,ruler_fwe_16k,L24,L18,"[1, 2, 3, 4, 5, 6, 7, 8, 9, 10, 11, 12, 13, 14]",0.5,0.0,,,,0.0,0,0
ruler_fwe_16k:0498,ruler_fwe_16k,L24,ALL,"[8, 9]",0.5666666666666667,0.0,0.5333333333333333,0.6,0.06666666666666667,0.06666666666666667,2,2
ruler_fwe_16k:0498,ruler_fwe_16k,ALL,OFF,"[1, 5, 14]",0.4444444444444445,0.0,0.06666666666666667,0.9333333333333333,0.8666666666666667,0.0,3,3
ruler_fwe_16k:0498,ruler_fwe_16k,ALL,L0,[14],0.9333333333333333,0.33333333333333337,0.9333333333333333,0.9333333333333333,0.0,0.0,1,1
ruler_fwe_16k:0498,ruler_fwe_16k,ALL,L6,"[4, 7, 14]",0.5555555555555556,0.0,0.26666666666666666,0.9333333333333333,0.6666666666666666,0.0,3,3
ruler_fwe_16k:0498,ruler_fwe_16k,ALL,L12,"[6, 11]",0.5666666666666667,0.0,0.4,0.7333333333333333,0.3333333333333333,0.0,2,2
ruler_fwe_16k:0498,ruler_fwe_16k,ALL,L18,[14],0.9333333333333333,0.33333333333333337,0.9333333333333333,0.9333333333333333,0.0,0.0,1,1
ruler_fwe_16k:0498,ruler_fwe_16k,ALL,L24,"[1, 14]",0.5,0.0,0.06666666666666667,0.9333333333333333,0.8666666666666667,0.0,2,2
ruler_niah_multikey_1_16k:0432,ruler_niah_multikey_1_16k,OFF,L0,"[1, 2, 3, 4, 5, 6, 7, 8, 9, 10, 11, 12, 13, 14]",0.5,0.0,,,,0.0,0,0
ruler_niah_multikey_1_16k:0432,ruler_niah_multikey_1_16k,OFF,L6,"[1, 2, 3, 4, 5, 6, 7, 8, 9, 10, 11, 12, 13, 14]",0.5,0.0,,,,0.0,0,0
ruler_niah_multikey_1_16k:0432,ruler_niah_multikey_1_16k,OFF,L12,"[1, 2, 3, 4, 5, 6, 7, 8, 9, 10, 11, 12, 13, 14]",0.5,0.0,,,,0.0,0,0
ruler_niah_multikey_1_16k:0432,ruler_niah_multikey_1_16k,OFF,L18,"[1, 2, 3, 4, 5, 6, 7, 8, 9, 10, 11, 12, 13, 14]",0.5,0.0,,,,0.0,0,0
ruler_niah_multikey_1_16k:0432,ruler_niah_multikey_1_16k,OFF,L24,"[1, 2, 3, 4, 5, 6, 7, 8, 9, 10, 11, 12, 13, 14]",0.5,0.0,,,,0.0,0,0
ruler_niah_multikey_1_16k:0432,ruler_niah_multikey_1_16k,OFF,ALL,"[1, 2, 3, 4, 5, 6, 7, 8, 9, 10, 11, 12, 13, 14]",0.5,0.0,,,,0.0,0,0
ruler_niah_multikey_1_16k:0432,ruler_niah_multikey_1_16k,L0,OFF,"[1, 2, 3, 4, 5, 6, 7, 8, 9, 10, 11, 12, 13, 14]",0.5,0.0,,,,0.0,0,0
ruler_niah_multikey_1_16k:0432,ruler_niah_multikey_1_16k,L0,L6,"[1, 2, 3, 4, 5, 6, 7, 8, 9, 10, 11, 12, 13, 14]",0.5,0.0,,,,0.0,0,0
ruler_niah_multikey_1_16k:0432,ruler_niah_multikey_1_16k,L0,L12,"[1, 2, 3, 4, 5, 6, 7, 8, 9, 10, 11, 12, 13, 14]",0.5,0.0,,,,0.0,0,0
ruler_niah_multikey_1_16k:0432,ruler_niah_multikey_1_16k,L0,L18,"[1, 2, 3, 4, 5, 6, 7, 8, 9, 10, 11, 12, 13, 14]",0.5,0.0,,,,0.0,0,0
ruler_niah_multikey_1_16k:0432,ruler_niah_multikey_1_16k,L0,L24,"[1, 2, 3, 4, 5, 6, 7, 8, 9, 10, 11, 12, 13, 14]",0.5,0.0,,,,0.0,0,0
ruler_niah_multikey_1_16k:0432,ruler_niah_multikey_1_16k,L0,ALL,"[1, 2, 3, 4, 5, 6, 7, 8, 9, 10, 11, 12, 13, 14]",0.5,0.0,,,,0.0,0,0
ruler_niah_multikey_1_16k:0432,ruler_niah_multikey_1_16k,L6,OFF,"[1, 2, 3, 4, 5, 6, 7, 8, 9, 10, 11, 12, 13, 14]",0.5,0.0,,,,0.0,0,0
ruler_niah_multikey_1_16k:0432,ruler_niah_multikey_1_16k,L6,L0,"[1, 2, 3, 4, 5, 6, 7, 8, 9, 10, 11, 12, 13, 14]",0.5,0.0,,,,0.0,0,0
ruler_niah_multikey_1_16k:0432,ruler_niah_multikey_1_16k,L6,L12,"[1, 2, 3, 4, 5, 6, 7, 8, 9, 10, 11, 12, 13, 14]",0.5,0.0,,,,0.0,0,0
ruler_niah_multikey_1_16k:0432,ruler_niah_multikey_1_16k,L6,L18,[1],0.06666666666666667,1.0,0.06666666666666667,0.06666666666666667,0.0,0.0,1,1
ruler_niah_multikey_1_16k:0432,ruler_niah_multikey_1_16k,L6,L24,"[1, 2, 3, 4, 5, 6, 7, 8, 9, 10, 11, 12, 13, 14]",0.5,0.0,,,,0.0,0,0
ruler_niah_multikey_1_16k:0432,ruler_niah_multikey_1_16k,L6,ALL,"[1, 2, 3, 4, 5, 6, 7, 8, 9, 10, 11, 12, 13, 14]",0.5,0.0,,,,0.0,0,0
ruler_niah_multikey_1_16k:0432,ruler_niah_multikey_1_16k,L12,OFF,"[1, 2, 3, 4, 5, 6, 7, 8, 9, 10, 11, 12, 13, 14]",0.5,0.0,,,,0.0,0,0
ruler_niah_multikey_1_16k:0432,ruler_niah_multikey_1_16k,L12,L0,"[1, 2, 3, 4, 5, 6, 7, 8, 9, 10, 11, 12, 13, 14]",0.5,0.0,,,,0.0,0,0
ruler_niah_multikey_1_16k:0432,ruler_niah_multikey_1_16k,L12,L6,"[1, 2, 3, 4, 5, 6, 7, 8, 9, 10, 11, 12, 13, 14]",0.5,0.0,,,,0.0,0,0
ruler_niah_multikey_1_16k:0432,ruler_niah_multikey_1_16k,L12,L18,"[1, 2, 3, 4, 5, 6, 7, 8, 9, 10, 11, 12, 13, 14]",0.5,0.0,,,,0.0,0,0
ruler_niah_multikey_1_16k:0432,ruler_niah_multikey_1_16k,L12,L24,"[1, 2, 3, 4, 5, 6, 7, 8, 9, 10, 11, 12, 13, 14]",0.5,0.0,,,,0.0,0,0
ruler_niah_multikey_1_16k:0432,ruler_niah_multikey_1_16k,L12,ALL,"[1, 2, 3, 4, 5, 6, 7, 8, 9, 10, 11, 12, 13, 14]",0.5,0.0,,,,0.0,0,0
ruler_niah_multikey_1_16k:0432,ruler_niah_multikey_1_16k,L18,OFF,"[1, 2, 3, 4, 5, 6, 7, 8, 9, 10, 11, 12, 13, 14]",0.5,0.0,,,,0.0,0,0
ruler_niah_multikey_1_16k:0432,ruler_niah_multikey_1_16k,L18,L0,"[1, 2, 3, 4, 5, 6, 7, 8, 9, 10, 11, 12, 13, 14]",0.5,0.0,,,,0.0,0,0
ruler_niah_multikey_1_16k:0432,ruler_niah_multikey_1_16k,L18,L6,"[1, 2, 3, 4, 5, 6, 7, 8, 9, 10, 11, 12, 13, 14]",0.5,0.0,,,,0.0,0,0
ruler_niah_multikey_1_16k:0432,ruler_niah_multikey_1_16k,L18,L12,"[1, 2, 3, 4, 5, 6, 7, 8, 9, 10, 11, 12, 13, 14]",0.5,0.0,,,,0.0,0,0
ruler_niah_multikey_1_16k:0432,ruler_niah_multikey_1_16k,L18,L24,"[1, 2, 3, 4, 5, 6, 7, 8, 9, 10, 11, 12, 13, 14]",0.5,0.0,,,,0.0,0,0
ruler_niah_multikey_1_16k:0432,ruler_niah_multikey_1_16k,L18,ALL,"[1, 2, 3, 4, 5, 6, 7, 8, 9, 10, 11, 12, 13, 14]",0.5,0.0,,,,0.0,0,0
ruler_niah_multikey_1_16k:0432,ruler_niah_multikey_1_16k,L24,OFF,"[1, 2, 3, 4, 5, 6, 7, 8, 9, 10, 11, 12, 13, 14]",0.5,0.0,,,,0.0,0,0
ruler_niah_multikey_1_16k:0432,ruler_niah_multikey_1_16k,L24,L0,"[1, 2, 3, 4, 5, 6, 7, 8, 9, 10, 11, 12, 13, 14]",0.5,0.0,,,,0.0,0,0
ruler_niah_multikey_1_16k:0432,ruler_niah_multikey_1_16k,L24,L6,"[1, 2, 3, 4, 5, 6, 7, 8, 9, 10, 11, 12, 13, 14]",0.5,0.0,,,,0.0,0,0
ruler_niah_multikey_1_16k:0432,ruler_niah_multikey_1_16k,L24,L12,"[1, 2, 3, 4, 5, 6, 7, 8, 9, 10, 11, 12, 13, 14]",0.5,0.0,,,,0.0,0,0
ruler_niah_multikey_1_16k:0432,ruler_niah_multikey_1_16k,L24,L18,"[1, 2, 3, 4, 5, 6, 7, 8, 9, 10, 11, 12, 13, 14]",0.5,0.0,,,,0.0,0,0
ruler_niah_multikey_1_16k:0432,ruler_niah_multikey_1_16k,L24,ALL,"[1, 2, 3, 4, 5, 6, 7, 8, 9, 10, 11, 12, 13, 14]",0.5,0.0,,,,0.0,0,0
ruler_niah_multikey_1_16k:0432,ruler_niah_multikey_1_16k,ALL,OFF,"[1, 2, 3, 4, 5, 6, 7, 8, 9, 10, 11, 12, 13, 14]",0.5,0.0,,,,0.0,0,0
ruler_niah_multikey_1_16k:0432,ruler_niah_multikey_1_16k,ALL,L0,"[1, 2, 3, 4, 5, 6, 7, 8, 9, 10, 11, 12, 13, 14]",0.5,0.0,,,,0.0,0,0
ruler_niah_multikey_1_16k:0432,ruler_niah_multikey_1_16k,ALL,L6,"[1, 2, 3, 4, 5, 6, 7, 8, 9, 10, 11, 12, 13, 14]",0.5,0.0,,,,0.0,0,0
ruler_niah_multikey_1_16k:0432,ruler_niah_multikey_1_16k,ALL,L12,"[1, 2, 3, 4, 5, 6, 7, 8, 9, 10, 11, 12, 13, 14]",0.5,0.0,,,,0.0,0,0
ruler_niah_multikey_1_16k:0432,ruler_niah_multikey_1_16k,ALL,L18,"[1, 2, 3, 4, 5, 6, 7, 8, 9, 10, 11, 12, 13, 14]",0.5,0.0,,,,0.0,0,0
ruler_niah_multikey_1_16k:0432,ruler_niah_multikey_1_16k,ALL,L24,"[1, 2, 3, 4, 5, 6, 7, 8, 9, 10, 11, 12, 13, 14]",0.5,0.0,,,,0.0,0,0
ruler_niah_multikey_2_16k:0045,ruler_niah_multikey_2_16k,OFF,L0,"[8, 9]",0.5666666666666667,0.0,0.5333333333333333,0.6,0.06666666666666667,0.06666666666666667,2,2
ruler_niah_multikey_2_16k:0045,ruler_niah_multikey_2_16k,OFF,L6,"[1, 2, 3, 4, 5, 6, 7, 8, 9, 10, 11, 12, 13, 14]",0.5,0.0,,,,0.0,0,0
ruler_niah_multikey_2_16k:0045,ruler_niah_multikey_2_16k,OFF,L12,"[1, 2, 3, 4, 5, 6, 7, 8, 9, 10, 11, 12, 13, 14]",0.5,0.0,,,,0.0,0,0
ruler_niah_multikey_2_16k:0045,ruler_niah_multikey_2_16k,OFF,L18,"[1, 2, 3, 4, 5, 6, 7, 8, 9, 10, 11, 12, 13, 14]",0.5,0.0,,,,0.0,0,0
ruler_niah_multikey_2_16k:0045,ruler_niah_multikey_2_16k,OFF,L24,"[1, 2, 3, 4, 5, 6, 7, 8, 9, 10, 11, 12, 13, 14]",0.5,0.0,,,,0.0,0,0
ruler_niah_multikey_2_16k:0045,ruler_niah_multikey_2_16k,OFF,ALL,"[1, 2, 3, 4, 5, 6, 7, 8, 9, 10, 11, 12, 13, 14]",0.5,0.0,,,,0.0,0,0
ruler_niah_multikey_2_16k:0045,ruler_niah_multikey_2_16k,L0,OFF,"[9, 10, 11]",0.6666666666666666,0.0,0.6,0.7333333333333333,0.13333333333333333,0.13333333333333333,3,3
ruler_niah_multikey_2_16k:0045,ruler_niah_multikey_2_16k,L0,L6,"[9, 11]",0.6666666666666666,0.0,0.6,0.7333333333333333,0.13333333333333333,0.0,2,2
ruler_niah_multikey_2_16k:0045,ruler_niah_multikey_2_16k,L0,L12,"[2, 5, 6, 7, 9, 10, 11]",0.4761904761904762,0.0,0.13333333333333333,0.7333333333333333,0.6,0.13333333333333333,7,7
ruler_niah_multikey_2_16k:0045,ruler_niah_multikey_2_16k,L0,L18,"[9, 10, 11]",0.6666666666666666,0.0,0.6,0.7333333333333333,0.13333333333333333,0.13333333333333333,3,3
ruler_niah_multikey_2_16k:0045,ruler_niah_multikey_2_16k,L0,L24,"[9, 10]",0.6333333333333333,0.0,0.6,0.6666666666666666,0.06666666666666667,0.06666666666666667,2,2
ruler_niah_multikey_2_16k:0045,ruler_niah_multikey_2_16k,L0,ALL,"[1, 2, 3, 4, 5, 6, 7, 8, 9, 10, 11, 12, 13, 14]",0.5,0.0,,,,0.0,0,0
ruler_niah_multikey_2_16k:0045,ruler_niah_multikey_2_16k,L6,OFF,"[1, 2, 3, 4, 5, 6, 7, 8, 9, 10, 11, 12, 13, 14]",0.5,0.0,,,,0.0,0,0
ruler_niah_multikey_2_16k:0045,ruler_niah_multikey_2_16k,L6,L0,"[1, 2, 3, 4, 5, 6, 7, 8, 9, 10, 11, 12, 13, 14]",0.5,0.0,,,,0.0,0,0
ruler_niah_multikey_2_16k:0045,ruler_niah_multikey_2_16k,L6,L12,"[1, 2, 3, 4, 5, 6, 7, 8, 9, 10, 11, 12, 13, 14]",0.5,0.0,,,,0.0,0,0
ruler_niah_multikey_2_16k:0045,ruler_niah_multikey_2_16k,L6,L18,"[1, 2, 3, 4, 5, 6, 7, 8, 9, 10, 11, 12, 13, 14]",0.5,0.0,,,,0.0,0,0
ruler_niah_multikey_2_16k:0045,ruler_niah_multikey_2_16k,L6,L24,"[1, 2, 3, 4, 5, 6, 7, 8, 9, 10, 11, 12, 13, 14]",0.5,0.0,,,,0.0,0,0
ruler_niah_multikey_2_16k:0045,ruler_niah_multikey_2_16k,L6,ALL,"[1, 2, 3, 4, 5, 6, 7, 8, 9, 10, 11, 12, 13, 14]",0.5,0.0,,,,0.0,0,0
ruler_niah_multikey_2_16k:0045,ruler_niah_multikey_2_16k,L12,OFF,"[1, 2, 3, 4, 5, 6, 7, 8, 9, 10, 11, 12, 13, 14]",0.5,0.0,,,,0.0,0,0
ruler_niah_multikey_2_16k:0045,ruler_niah_multikey_2_16k,L12,L0,"[1, 2, 3, 4, 5, 6, 7, 8, 9, 10, 11, 12, 13, 14]",0.5,0.0,,,,0.0,0,0
ruler_niah_multikey_2_16k:0045,ruler_niah_multikey_2_16k,L12,L6,"[1, 2, 3, 4, 5, 6, 7, 8, 9, 10, 11, 12, 13, 14]",0.5,0.0,,,,0.0,0,0
ruler_niah_multikey_2_16k:0045,ruler_niah_multikey_2_16k,L12,L18,"[1, 2, 3, 4, 5, 6, 7, 8, 9, 10, 11, 12, 13, 14]",0.5,0.0,,,,0.0,0,0
ruler_niah_multikey_2_16k:0045,ruler_niah_multikey_2_16k,L12,L24,"[1, 2, 3, 4, 5, 6, 7, 8, 9, 10, 11, 12, 13, 14]",0.5,0.0,,,,0.0,0,0
ruler_niah_multikey_2_16k:0045,ruler_niah_multikey_2_16k,L12,ALL,"[1, 2, 3, 4, 5, 6, 7, 8, 9, 10, 11, 12, 13, 14]",0.5,0.0,,,,0.0,0,0
ruler_niah_multikey_2_16k:0045,ruler_niah_multikey_2_16k,L18,OFF,"[1, 2, 3, 4, 5, 6, 7, 8, 9, 10, 11, 12, 13, 14]",0.5,0.0,,,,0.0,0,0
ruler_niah_multikey_2_16k:0045,ruler_niah_multikey_2_16k,L18,L0,"[8, 9]",0.5666666666666667,0.0,0.5333333333333333,0.6,0.06666666666666667,0.06666666666666667,2,2
ruler_niah_multikey_2_16k:0045,ruler_niah_multikey_2_16k,L18,L6,[4],0.26666666666666666,1.0,0.26666666666666666,0.26666666666666666,0.0,0.0,1,1
ruler_niah_multikey_2_16k:0045,ruler_niah_multikey_2_16k,L18,L12,"[1, 2, 3, 4, 5, 6, 7, 8, 9, 10, 11, 12, 13, 14]",0.5,0.0,,,,0.0,0,0
ruler_niah_multikey_2_16k:0045,ruler_niah_multikey_2_16k,L18,L24,"[1, 2, 3, 4, 5, 6, 7, 8, 9, 10, 11, 12, 13, 14]",0.5,0.0,,,,0.0,0,0
ruler_niah_multikey_2_16k:0045,ruler_niah_multikey_2_16k,L18,ALL,"[1, 2, 3, 4, 5, 6, 7, 8, 9, 10, 11, 12, 13, 14]",0.5,0.0,,,,0.0,0,0
ruler_niah_multikey_2_16k:0045,ruler_niah_multikey_2_16k,L24,OFF,"[1, 2, 3, 4, 5, 6, 7, 8, 9, 10, 11, 12, 13, 14]",0.5,0.0,,,,0.0,0,0
ruler_niah_multikey_2_16k:0045,ruler_niah_multikey_2_16k,L24,L0,"[1, 2, 3, 4, 5, 6, 7, 8, 9, 10, 11, 12, 13, 14]",0.5,0.0,,,,0.0,0,0
ruler_niah_multikey_2_16k:0045,ruler_niah_multikey_2_16k,L24,L6,"[1, 2, 3, 4, 5, 6, 7, 8, 9, 10, 11, 12, 13, 14]",0.5,0.0,,,,0.0,0,0
ruler_niah_multikey_2_16k:0045,ruler_niah_multikey_2_16k,L24,L12,"[1, 2, 3, 4, 5, 6, 7, 8, 9, 10, 11, 12, 13, 14]",0.5,0.0,,,,0.0,0,0
ruler_niah_multikey_2_16k:0045,ruler_niah_multikey_2_16k,L24,L18,"[1, 2, 3, 4, 5, 6, 7, 8, 9, 10, 11, 12, 13, 14]",0.5,0.0,,,,0.0,0,0
ruler_niah_multikey_2_16k:0045,ruler_niah_multikey_2_16k,L24,ALL,"[1, 2, 3, 4, 5, 6, 7, 8, 9, 10, 11, 12, 13, 14]",0.5,0.0,,,,0.0,0,0
ruler_niah_multikey_2_16k:0045,ruler_niah_multikey_2_16k,ALL,OFF,"[1, 2, 3, 4, 5, 6, 7, 8, 9, 10, 11, 12, 13, 14]",0.5,0.0,,,,0.0,0,0
ruler_niah_multikey_2_16k:0045,ruler_niah_multikey_2_16k,ALL,L0,[5],0.3333333333333333,1.0,0.3333333333333333,0.3333333333333333,0.0,0.0,1,1
ruler_niah_multikey_2_16k:0045,ruler_niah_multikey_2_16k,ALL,L6,"[1, 2, 3, 4, 5, 6, 7, 8, 9, 10, 11, 12, 13, 14]",0.5,0.0,,,,0.0,0,0
ruler_niah_multikey_2_16k:0045,ruler_niah_multikey_2_16k,ALL,L12,"[1, 2, 3, 4, 5, 6, 7, 8, 9, 10, 11, 12, 13, 14]",0.5,0.0,,,,0.0,0,0
ruler_niah_multikey_2_16k:0045,ruler_niah_multikey_2_16k,ALL,L18,"[1, 2, 3, 4, 5, 6, 7, 8, 9, 10, 11, 12, 13, 14]",0.5,0.0,,,,0.0,0,0
ruler_niah_multikey_2_16k:0045,ruler_niah_multikey_2_16k,ALL,L24,"[1, 2, 3, 4, 5, 6, 7, 8, 9, 10, 11, 12, 13, 14]",0.5,0.0,,,,0.0,0,0
ruler_niah_multikey_2_16k:0116,ruler_niah_multikey_2_16k,OFF,L0,"[1, 2, 3, 4, 5, 6, 7, 8, 9, 10, 11, 12, 13, 14]",0.5,0.0,,,,0.0,0,0
ruler_niah_multikey_2_16k:0116,ruler_niah_multikey_2_16k,OFF,L6,"[1, 2, 3, 4, 5, 6, 7, 8, 9, 10, 11, 12, 13, 14]",0.5,0.0,,,,0.0,0,0
ruler_niah_multikey_2_16k:0116,ruler_niah_multikey_2_16k,OFF,L12,"[1, 2, 3, 4, 5, 6, 7, 8, 9, 10, 11, 12, 13, 14]",0.5,0.0,,,,0.0,0,0
ruler_niah_multikey_2_16k:0116,ruler_niah_multikey_2_16k,OFF,L18,"[1, 2, 3, 4, 5, 6, 7, 8, 9, 10, 11, 12, 13, 14]",0.5,0.0,,,,0.0,0,0
ruler_niah_multikey_2_16k:0116,ruler_niah_multikey_2_16k,OFF,L24,"[1, 2, 3, 4, 5, 6, 7, 8, 9, 10, 11, 12, 13, 14]",0.5,0.0,,,,0.0,0,0
ruler_niah_multikey_2_16k:0116,ruler_niah_multikey_2_16k,OFF,ALL,[4],0.26666666666666666,1.0,0.26666666666666666,0.26666666666666666,0.0,0.0,1,1
ruler_niah_multikey_2_16k:0116,ruler_niah_multikey_2_16k,L0,OFF,"[10, 11]",0.7,0.0,0.6666666666666666,0.7333333333333333,0.06666666666666667,0.06666666666666667,2,2
ruler_niah_multikey_2_16k:0116,ruler_niah_multikey_2_16k,L0,L6,"[3, 7, 8, 9]",0.45,0.0,0.2,0.6,0.4,0.13333333333333333,4,4
ruler_niah_multikey_2_16k:0116,ruler_niah_multikey_2_16k,L0,L12,"[8, 10, 11, 12, 13]",0.7200000000000001,0.0,0.5333333333333333,0.8666666666666667,0.3333333333333333,0.2,5,5
ruler_niah_multikey_2_16k:0116,ruler_niah_multikey_2_16k,L0,L18,"[8, 10, 11]",0.6444444444444444,0.0,0.5333333333333333,0.7333333333333333,0.2,0.06666666666666667,3,3
ruler_niah_multikey_2_16k:0116,ruler_niah_multikey_2_16k,L0,L24,"[10, 11]",0.7,0.0,0.6666666666666666,0.7333333333333333,0.06666666666666667,0.06666666666666667,2,2
ruler_niah_multikey_2_16k:0116,ruler_niah_multikey_2_16k,L0,ALL,"[3, 4]",0.23333333333333334,0.0,0.2,0.26666666666666666,0.06666666666666667,0.06666666666666667,2,2
ruler_niah_multikey_2_16k:0116,ruler_niah_multikey_2_16k,L6,OFF,"[1, 2, 3, 4, 5, 6, 7, 8, 9, 10, 11, 12, 13, 14]",0.5,0.0,,,,0.0,0,0
ruler_niah_multikey_2_16k:0116,ruler_niah_multikey_2_16k,L6,L0,[5],0.3333333333333333,1.0,0.3333333333333333,0.3333333333333333,0.0,0.0,1,1
ruler_niah_multikey_2_16k:0116,ruler_niah_multikey_2_16k,L6,L12,"[1, 2, 3, 4, 5, 6, 7, 8, 9, 10, 11, 12, 13, 14]",0.5,0.0,,,,0.0,0,0
ruler_niah_multikey_2_16k:0116,ruler_niah_multikey_2_16k,L6,L18,"[1, 2, 3, 4, 5, 6, 7, 8, 9, 10, 11, 12, 13, 14]",0.5,0.0,,,,0.0,0,0
ruler_niah_multikey_2_16k:0116,ruler_niah_multikey_2_16k,L6,L24,"[1, 2, 3, 4, 5, 6, 7, 8, 9, 10, 11, 12, 13, 14]",0.5,0.0,,,,0.0,0,0
ruler_niah_multikey_2_16k:0116,ruler_niah_multikey_2_16k,L6,ALL,"[1, 2, 3, 4, 5, 6, 7, 8, 9, 10, 11, 12, 13, 14]",0.5,0.0,,,,0.0,0,0
ruler_niah_multikey_2_16k:0116,ruler_niah_multikey_2_16k,L12,OFF,"[1, 2, 3, 4, 5, 6, 7, 8, 9, 10, 11, 12, 13, 14]",0.5,0.0,,,,0.0,0,0
ruler_niah_multikey_2_16k:0116,ruler_niah_multikey_2_16k,L12,L0,[5],0.3333333333333333,1.0,0.3333333333333333,0.3333333333333333,0.0,0.0,1,1
ruler_niah_multikey_2_16k:0116,ruler_niah_multikey_2_16k,L12,L6,"[1, 2, 3, 4, 5, 6, 7, 8, 9, 10, 11, 12, 13, 14]",0.5,0.0,,,,0.0,0,0
ruler_niah_multikey_2_16k:0116,ruler_niah_multikey_2_16k,L12,L18,"[1, 2, 3, 4, 5, 6, 7, 8, 9, 10, 11, 12, 13, 14]",0.5,0.0,,,,0.0,0,0
ruler_niah_multikey_2_16k:0116,ruler_niah_multikey_2_16k,L12,L24,"[1, 2, 3, 4, 5, 6, 7, 8, 9, 10, 11, 12, 13, 14]",0.5,0.0,,,,0.0,0,0
ruler_niah_multikey_2_16k:0116,ruler_niah_multikey_2_16k,L12,ALL,[1],0.06666666666666667,1.0,0.06666666666666667,0.06666666666666667,0.0,0.0,1,1
ruler_niah_multikey_2_16k:0116,ruler_niah_multikey_2_16k,L18,OFF,"[1, 2, 3, 4, 5, 6, 7, 8, 9, 10, 11, 12, 13, 14]",0.5,0.0,,,,0.0,0,0
ruler_niah_multikey_2_16k:0116,ruler_niah_multikey_2_16k,L18,L0,"[1, 2, 3, 4, 5, 6, 7, 8, 9, 10, 11, 12, 13, 14]",0.5,0.0,,,,0.0,0,0
ruler_niah_multikey_2_16k:0116,ruler_niah_multikey_2_16k,L18,L6,"[1, 2, 3, 4, 5, 6, 7, 8, 9, 10, 11, 12, 13, 14]",0.5,0.0,,,,0.0,0,0
ruler_niah_multikey_2_16k:0116,ruler_niah_multikey_2_16k,L18,L12,"[1, 2, 3, 4, 5, 6, 7, 8, 9, 10, 11, 12, 13, 14]",0.5,0.0,,,,0.0,0,0
ruler_niah_multikey_2_16k:0116,ruler_niah_multikey_2_16k,L18,L24,"[1, 2, 3, 4, 5, 6, 7, 8, 9, 10, 11, 12, 13, 14]",0.5,0.0,,,,0.0,0,0
ruler_niah_multikey_2_16k:0116,ruler_niah_multikey_2_16k,L18,ALL,[4],0.26666666666666666,1.0,0.26666666666666666,0.26666666666666666,0.0,0.0,1,1
ruler_niah_multikey_2_16k:0116,ruler_niah_multikey_2_16k,L24,OFF,"[1, 2, 3, 4, 5, 6, 7, 8, 9, 10, 11, 12, 13, 14]",0.5,0.0,,,,0.0,0,0
ruler_niah_multikey_2_16k:0116,ruler_niah_multikey_2_16k,L24,L0,"[1, 2, 3, 4, 5, 6, 7, 8, 9, 10, 11, 12, 13, 14]",0.5,0.0,,,,0.0,0,0
ruler_niah_multikey_2_16k:0116,ruler_niah_multikey_2_16k,L24,L6,"[1, 2, 3, 4, 5, 6, 7, 8, 9, 10, 11, 12, 13, 14]",0.5,0.0,,,,0.0,0,0
ruler_niah_multikey_2_16k:0116,ruler_niah_multikey_2_16k,L24,L12,"[1, 2, 3, 4, 5, 6, 7, 8, 9, 10, 11, 12, 13, 14]",0.5,0.0,,,,0.0,0,0
ruler_niah_multikey_2_16k:0116,ruler_niah_multikey_2_16k,L24,L18,"[1, 2, 3, 4, 5, 6, 7, 8, 9, 10, 11, 12, 13, 14]",0.5,0.0,,,,0.0,0,0
ruler_niah_multikey_2_16k:0116,ruler_niah_multikey_2_16k,L24,ALL,[4],0.26666666666666666,1.0,0.26666666666666666,0.26666666666666666,0.0,0.0,1,1
ruler_niah_multikey_2_16k:0116,ruler_niah_multikey_2_16k,ALL,OFF,[6],0.4,1.0,0.4,0.4,0.0,0.0,1,1
ruler_niah_multikey_2_16k:0116,ruler_niah_multikey_2_16k,ALL,L0,[9],0.6,1.0,0.6,0.6,0.0,0.0,1,1
ruler_niah_multikey_2_16k:0116,ruler_niah_multikey_2_16k,ALL,L6,[11],0.7333333333333333,1.0,0.7333333333333333,0.7333333333333333,0.0,0.0,1,1
ruler_niah_multikey_2_16k:0116,ruler_niah_multikey_2_16k,ALL,L12,"[1, 2, 3, 4, 5, 6, 7, 8, 9, 10, 11, 12, 13, 14]",0.5,0.0,,,,0.0,0,0
ruler_niah_multikey_2_16k:0116,ruler_niah_multikey_2_16k,ALL,L18,"[1, 2, 3, 4, 5, 6, 7, 8, 9, 10, 11, 12, 13, 14]",0.5,0.0,,,,0.0,0,0
ruler_niah_multikey_2_16k:0116,ruler_niah_multikey_2_16k,ALL,L24,"[1, 2, 3, 4, 5, 6, 7, 8, 9, 10, 11, 12, 13, 14]",0.5,0.0,,,,0.0,0,0
ruler_niah_multikey_2_16k:0331,ruler_niah_multikey_2_16k,OFF,L0,"[4, 5]",0.3,0.0,0.26666666666666666,0.3333333333333333,0.06666666666666667,0.06666666666666667,2,2
ruler_niah_multikey_2_16k:0331,ruler_niah_multikey_2_16k,OFF,L6,"[1, 2, 3, 4, 5, 6, 7, 8, 9, 10, 11, 12, 13, 14]",0.5,0.0,,,,0.0,0,0
ruler_niah_multikey_2_16k:0331,ruler_niah_multikey_2_16k,OFF,L12,"[1, 2, 3, 4, 5, 6, 7, 8, 9, 10, 11, 12, 13, 14]",0.5,0.0,,,,0.0,0,0
ruler_niah_multikey_2_16k:0331,ruler_niah_multikey_2_16k,OFF,L18,"[1, 2, 3, 4, 5, 6, 7, 8, 9, 10, 11, 12, 13, 14]",0.5,0.0,,,,0.0,0,0
ruler_niah_multikey_2_16k:0331,ruler_niah_multikey_2_16k,OFF,L24,"[1, 2, 3, 4, 5, 6, 7, 8, 9, 10, 11, 12, 13, 14]",0.5,0.0,,,,0.0,0,0
ruler_niah_multikey_2_16k:0331,ruler_niah_multikey_2_16k,OFF,ALL,"[1, 2, 3, 4, 5, 6, 7, 8, 9, 10, 11, 12, 13, 14]",0.5,0.0,,,,0.0,0,0
ruler_niah_multikey_2_16k:0331,ruler_niah_multikey_2_16k,L0,OFF,[1],0.06666666666666667,1.0,0.06666666666666667,0.06666666666666667,0.0,0.0,1,1
ruler_niah_multikey_2_16k:0331,ruler_niah_multikey_2_16k,L0,L6,"[2, 8]",0.3333333333333333,0.0,0.13333333333333333,0.5333333333333333,0.4,0.0,2,2
ruler_niah_multikey_2_16k:0331,ruler_niah_multikey_2_16k,L0,L12,[1],0.06666666666666667,1.0,0.06666666666666667,0.06666666666666667,0.0,0.0,1,1
ruler_niah_multikey_2_16k:0331,ruler_niah_multikey_2_16k,L0,L18,"[1, 2, 3, 4, 5, 6, 7, 8, 9, 10, 11, 12, 13, 14]",0.5,0.0,,,,0.0,0,0
ruler_niah_multikey_2_16k:0331,ruler_niah_multikey_2_16k,L0,L24,[1],0.06666666666666667,1.0,0.06666666666666667,0.06666666666666667,0.0,0.0,1,1
ruler_niah_multikey_2_16k:0331,ruler_niah_multikey_2_16k,L0,ALL,"[1, 2, 3, 4, 5, 6, 7, 8, 9, 10, 11, 12, 13, 14]",0.5,0.0,,,,0.0,0,0
ruler_niah_multikey_2_16k:0331,ruler_niah_multikey_2_16k,L6,OFF,"[1, 2, 3, 4, 5, 6, 7, 8, 9, 10, 11, 12, 13, 14]",0.5,0.0,,,,0.0,0,0
ruler_niah_multikey_2_16k:0331,ruler_niah_multikey_2_16k,L6,L0,"[1, 2, 3, 4, 5, 6, 7, 8, 9, 10, 11, 12, 13, 14]",0.5,0.0,,,,0.0,0,0
ruler_niah_multikey_2_16k:0331,ruler_niah_multikey_2_16k,L6,L12,"[1, 2, 3, 4, 5, 6, 7, 8, 9, 10, 11, 12, 13, 14]",0.5,0.0,,,,0.0,0,0
ruler_niah_multikey_2_16k:0331,ruler_niah_multikey_2_16k,L6,L18,"[1, 2, 3, 4, 5, 6, 7, 8, 9, 10, 11, 12, 13, 14]",0.5,0.0,,,,0.0,0,0
ruler_niah_multikey_2_16k:0331,ruler_niah_multikey_2_16k,L6,L24,"[1, 2, 3, 4, 5, 6, 7, 8, 9, 10, 11, 12, 13, 14]",0.5,0.0,,,,0.0,0,0
ruler_niah_multikey_2_16k:0331,ruler_niah_multikey_2_16k,L6,ALL,"[1, 2, 3, 4, 5, 6, 7, 8, 9, 10, 11, 12, 13, 14]",0.5,0.0,,,,0.0,0,0
ruler_niah_multikey_2_16k:0331,ruler_niah_multikey_2_16k,L12,OFF,"[1, 2, 3, 4, 5, 6, 7, 8, 9, 10, 11, 12, 13, 14]",0.5,0.0,,,,0.0,0,0
ruler_niah_multikey_2_16k:0331,ruler_niah_multikey_2_16k,L12,L0,"[4, 5]",0.3,0.0,0.26666666666666666,0.3333333333333333,0.06666666666666667,0.06666666666666667,2,2
ruler_niah_multikey_2_16k:0331,ruler_niah_multikey_2_16k,L12,L6,"[1, 2, 3, 4, 5, 6, 7, 8, 9, 10, 11, 12, 13, 14]",0.5,0.0,,,,0.0,0,0
ruler_niah_multikey_2_16k:0331,ruler_niah_multikey_2_16k,L12,L18,"[1, 2, 3, 4, 5, 6, 7, 8, 9, 10, 11, 12, 13, 14]",0.5,0.0,,,,0.0,0,0
ruler_niah_multikey_2_16k:0331,ruler_niah_multikey_2_16k,L12,L24,"[1, 2, 3, 4, 5, 6, 7, 8, 9, 10, 11, 12, 13, 14]",0.5,0.0,,,,0.0,0,0
ruler_niah_multikey_2_16k:0331,ruler_niah_multikey_2_16k,L12,ALL,"[1, 2, 3, 4, 5, 6, 7, 8, 9, 10, 11, 12, 13, 14]",0.5,0.0,,,,0.0,0,0
ruler_niah_multikey_2_16k:0331,ruler_niah_multikey_2_16k,L18,OFF,"[1, 2, 3, 4, 5, 6, 7, 8, 9, 10, 11, 12, 13, 14]",0.5,0.0,,,,0.0,0,0
ruler_niah_multikey_2_16k:0331,ruler_niah_multikey_2_16k,L18,L0,"[1, 4, 5]",0.22222222222222224,0.0,0.06666666666666667,0.3333333333333333,0.26666666666666666,0.06666666666666667,3,3
ruler_niah_multikey_2_16k:0331,ruler_niah_multikey_2_16k,L18,L6,"[1, 2, 3, 4, 5, 6, 7, 8, 9, 10, 11, 12, 13, 14]",0.5,0.0,,,,0.0,0,0
ruler_niah_multikey_2_16k:0331,ruler_niah_multikey_2_16k,L18,L12,"[1, 2, 3, 4, 5, 6, 7, 8, 9, 10, 11, 12, 13, 14]",0.5,0.0,,,,0.0,0,0
ruler_niah_multikey_2_16k:0331,ruler_niah_multikey_2_16k,L18,L24,"[1, 2, 3, 4, 5, 6, 7, 8, 9, 10, 11, 12, 13, 14]",0.5,0.0,,,,0.0,0,0
ruler_niah_multikey_2_16k:0331,ruler_niah_multikey_2_16k,L18,ALL,[8],0.5333333333333333,1.0,0.5333333333333333,0.5333333333333333,0.0,0.0,1,1
ruler_niah_multikey_2_16k:0331,ruler_niah_multikey_2_16k,L24,OFF,"[1, 2, 3, 4, 5, 6, 7, 8, 9, 10, 11, 12, 13, 14]",0.5,0.0,,,,0.0,0,0
ruler_niah_multikey_2_16k:0331,ruler_niah_multikey_2_16k,L24,L0,"[4, 5]",0.3,0.0,0.26666666666666666,0.3333333333333333,0.06666666666666667,0.06666666666666667,2,2
ruler_niah_multikey_2_16k:0331,ruler_niah_multikey_2_16k,L24,L6,"[1, 2, 3, 4, 5, 6, 7, 8, 9, 10, 11, 12, 13, 14]",0.5,0.0,,,,0.0,0,0
ruler_niah_multikey_2_16k:0331,ruler_niah_multikey_2_16k,L24,L12,"[1, 2, 3, 4, 5, 6, 7, 8, 9, 10, 11, 12, 13, 14]",0.5,0.0,,,,0.0,0,0
ruler_niah_multikey_2_16k:0331,ruler_niah_multikey_2_16k,L24,L18,"[1, 2, 3, 4, 5, 6, 7, 8, 9, 10, 11, 12, 13, 14]",0.5,0.0,,,,0.0,0,0
ruler_niah_multikey_2_16k:0331,ruler_niah_multikey_2_16k,L24,ALL,"[1, 2, 3, 4, 5, 6, 7, 8, 9, 10, 11, 12, 13, 14]",0.5,0.0,,,,0.0,0,0
ruler_niah_multikey_2_16k:0331,ruler_niah_multikey_2_16k,ALL,OFF,"[2, 10]",0.4,0.0,0.13333333333333333,0.6666666666666666,0.5333333333333333,0.0,2,2
ruler_niah_multikey_2_16k:0331,ruler_niah_multikey_2_16k,ALL,L0,"[1, 2, 3, 4, 5, 6, 7, 8, 9, 10, 11, 12, 13, 14]",0.5,0.0,,,,0.0,0,0
ruler_niah_multikey_2_16k:0331,ruler_niah_multikey_2_16k,ALL,L6,"[2, 5, 9]",0.3555555555555555,0.0,0.13333333333333333,0.6,0.4666666666666667,0.0,3,3
ruler_niah_multikey_2_16k:0331,ruler_niah_multikey_2_16k,ALL,L12,"[10, 11]",0.7,0.0,0.6666666666666666,0.7333333333333333,0.06666666666666667,0.06666666666666667,2,2
ruler_niah_multikey_2_16k:0331,ruler_niah_multikey_2_16k,ALL,L18,"[2, 9, 11]",0.4888888888888889,0.0,0.13333333333333333,0.7333333333333333,0.6,0.0,3,3
ruler_niah_multikey_2_16k:0331,ruler_niah_multikey_2_16k,ALL,L24,[2],0.13333333333333333,1.0,0.13333333333333333,0.13333333333333333,0.0,0.0,1,1
ruler_niah_multikey_2_16k:0482,ruler_niah_multikey_2_16k,OFF,L0,"[1, 2, 3, 4, 5, 6, 7, 8, 9, 10, 11, 12, 13, 14]",0.5,0.0,,,,0.0,0,0
ruler_niah_multikey_2_16k:0482,ruler_niah_multikey_2_16k,OFF,L6,"[1, 2, 3, 4, 5, 6, 7, 8, 9, 10, 11, 12, 13, 14]",0.5,0.0,,,,0.0,0,0
ruler_niah_multikey_2_16k:0482,ruler_niah_multikey_2_16k,OFF,L12,[8],0.5333333333333333,1.0,0.5333333333333333,0.5333333333333333,0.0,0.0,1,1
ruler_niah_multikey_2_16k:0482,ruler_niah_multikey_2_16k,OFF,L18,"[1, 2, 3, 4, 5, 6, 7, 8, 9, 10, 11, 12, 13, 14]",0.5,0.0,,,,0.0,0,0
ruler_niah_multikey_2_16k:0482,ruler_niah_multikey_2_16k,OFF,L24,"[1, 2, 3, 4, 5, 6, 7, 8, 9, 10, 11, 12, 13, 14]",0.5,0.0,,,,0.0,0,0
ruler_niah_multikey_2_16k:0482,ruler_niah_multikey_2_16k,OFF,ALL,[9],0.6,1.0,0.6,0.6,0.0,0.0,1,1
ruler_niah_multikey_2_16k:0482,ruler_niah_multikey_2_16k,L0,OFF,[5],0.3333333333333333,1.0,0.3333333333333333,0.3333333333333333,0.0,0.0,1,1
ruler_niah_multikey_2_16k:0482,ruler_niah_multikey_2_16k,L0,L6,[9],0.6,1.0,0.6,0.6,0.0,0.0,1,1
ruler_niah_multikey_2_16k:0482,ruler_niah_multikey_2_16k,L0,L12,"[1, 2, 3, 4, 5, 6, 7, 8, 9, 10, 11, 12, 13, 14]",0.5,0.0,,,,0.0,0,0
ruler_niah_multikey_2_16k:0482,ruler_niah_multikey_2_16k,L0,L18,"[1, 2, 3, 4, 5, 6, 7, 8, 9, 10, 11, 12, 13, 14]",0.5,0.0,,,,0.0,0,0
ruler_niah_multikey_2_16k:0482,ruler_niah_multikey_2_16k,L0,L24,[5],0.3333333333333333,1.0,0.3333333333333333,0.3333333333333333,0.0,0.0,1,1
ruler_niah_multikey_2_16k:0482,ruler_niah_multikey_2_16k,L0,ALL,"[1, 2, 3, 4, 5, 6, 7, 8, 9, 10, 11, 12, 13, 14]",0.5,0.0,,,,0.0,0,0
ruler_niah_multikey_2_16k:0482,ruler_niah_multikey_2_16k,L6,OFF,"[1, 2, 3, 4, 5, 6, 7, 8, 9, 10, 11, 12, 13, 14]",0.5,0.0,,,,0.0,0,0
ruler_niah_multikey_2_16k:0482,ruler_niah_multikey_2_16k,L6,L0,"[1, 2, 3, 4, 5, 6, 7, 8, 9, 10, 11, 12, 13, 14]",0.5,0.0,,,,0.0,0,0
ruler_niah_multikey_2_16k:0482,ruler_niah_multikey_2_16k,L6,L12,"[1, 4, 12]",0.3777777777777778,0.0,0.06666666666666667,0.8,0.7333333333333333,0.0,3,3
ruler_niah_multikey_2_16k:0482,ruler_niah_multikey_2_16k,L6,L18,[6],0.4,1.0,0.4,0.4,0.0,0.0,1,1
ruler_niah_multikey_2_16k:0482,ruler_niah_multikey_2_16k,L6,L24,"[1, 2, 3, 4, 5, 6, 7, 8, 9, 10, 11, 12, 13, 14]",0.5,0.0,,,,0.0,0,0
ruler_niah_multikey_2_16k:0482,ruler_niah_multikey_2_16k,L6,ALL,[10],0.6666666666666666,1.0,0.6666666666666666,0.6666666666666666,0.0,0.0,1,1
ruler_niah_multikey_2_16k:0482,ruler_niah_multikey_2_16k,L12,OFF,"[1, 2, 3, 4, 5, 6, 7, 8, 9, 10, 11, 12, 13, 14]",0.5,0.0,,,,0.0,0,0
ruler_niah_multikey_2_16k:0482,ruler_niah_multikey_2_16k,L12,L0,"[1, 2, 3, 4, 5, 6, 7, 8, 9, 10, 11, 12, 13, 14]",0.5,0.0,,,,0.0,0,0
ruler_niah_multikey_2_16k:0482,ruler_niah_multikey_2_16k,L12,L6,"[1, 2, 3, 4, 5, 6, 7, 8, 9, 10, 11, 12, 13, 14]",0.5,0.0,,,,0.0,0,0
ruler_niah_multikey_2_16k:0482,ruler_niah_multikey_2_16k,L12,L18,"[8, 9]",0.5666666666666667,0.0,0.5333333333333333,0.6,0.06666666666666667,0.06666666666666667,2,2
ruler_niah_multikey_2_16k:0482,ruler_niah_multikey_2_16k,L12,L24,[4],0.26666666666666666,1.0,0.26666666666666666,0.26666666666666666,0.0,0.0,1,1
ruler_niah_multikey_2_16k:0482,ruler_niah_multikey_2_16k,L12,ALL,"[1, 4]",0.16666666666666666,0.0,0.06666666666666667,0.26666666666666666,0.2,0.0,2,2
ruler_niah_multikey_2_16k:0482,ruler_niah_multikey_2_16k,L18,OFF,"[2, 5, 6, 12]",0.4166666666666667,0.0,0.13333333333333333,0.8,0.6666666666666666,0.06666666666666667,4,4
ruler_niah_multikey_2_16k:0482,ruler_niah_multikey_2_16k,L18,L0,[12],0.8,1.0,0.8,0.8,0.0,0.0,1,1
ruler_niah_multikey_2_16k:0482,ruler_niah_multikey_2_16k,L18,L6,"[1, 2, 3, 4, 5, 6, 7, 8, 9, 10, 11, 12, 13, 14]",0.5,0.0,,,,0.0,0,0
ruler_niah_multikey_2_16k:0482,ruler_niah_multikey_2_16k,L18,L12,"[3, 13]",0.5333333333333333,0.0,0.2,0.8666666666666667,0.6666666666666666,0.0,2,2
ruler_niah_multikey_2_16k:0482,ruler_niah_multikey_2_16k,L18,L24,"[6, 12]",0.6,0.0,0.4,0.8,0.4,0.0,2,2
ruler_niah_multikey_2_16k:0482,ruler_niah_multikey_2_16k,L18,ALL,[9],0.6,1.0,0.6,0.6,0.0,0.0,1,1
ruler_niah_multikey_2_16k:0482,ruler_niah_multikey_2_16k,L24,OFF,"[1, 2, 3, 4, 5, 6, 7, 8, 9, 10, 11, 12, 13, 14]",0.5,0.0,,,,0.0,0,0
ruler_niah_multikey_2_16k:0482,ruler_niah_multikey_2_16k,L24,L0,"[1, 2, 3, 4, 5, 6, 7, 8, 9, 10, 11, 12, 13, 14]",0.5,0.0,,,,0.0,0,0
ruler_niah_multikey_2_16k:0482,ruler_niah_multikey_2_16k,L24,L6,"[1, 2, 3, 4, 5, 6, 7, 8, 9, 10, 11, 12, 13, 14]",0.5,0.0,,,,0.0,0,0
ruler_niah_multikey_2_16k:0482,ruler_niah_multikey_2_16k,L24,L12,"[8, 9]",0.5666666666666667,0.0,0.5333333333333333,0.6,0.06666666666666667,0.06666666666666667,2,2
ruler_niah_multikey_2_16k:0482,ruler_niah_multikey_2_16k,L24,L18,[4],0.26666666666666666,1.0,0.26666666666666666,0.26666666666666666,0.0,0.0,1,1
ruler_niah_multikey_2_16k:0482,ruler_niah_multikey_2_16k,L24,ALL,"[1, 9]",0.3333333333333333,0.0,0.06666666666666667,0.6,0.5333333333333333,0.0,2,2
ruler_niah_multikey_2_16k:0482,ruler_niah_multikey_2_16k,ALL,OFF,"[4, 8]",0.4,0.0,0.26666666666666666,0.5333333333333333,0.26666666666666666,0.0,2,2
ruler_niah_multikey_2_16k:0482,ruler_niah_multikey_2_16k,ALL,L0,"[4, 13]",0.5666666666666667,0.0,0.26666666666666666,0.8666666666666667,0.6,0.0,2,2
ruler_niah_multikey_2_16k:0482,ruler_niah_multikey_2_16k,ALL,L6,"[2, 3, 9, 11]",0.4166666666666667,0.0,0.13333333333333333,0.7333333333333333,0.6,0.06666666666666667,4,4
ruler_niah_multikey_2_16k:0482,ruler_niah_multikey_2_16k,ALL,L12,"[1, 4, 11]",0.3555555555555555,0.0,0.06666666666666667,0.7333333333333333,0.6666666666666666,0.0,3,3
ruler_niah_multikey_2_16k:0482,ruler_niah_multikey_2_16k,ALL,L18,"[4, 10]",0.4666666666666667,0.0,0.26666666666666666,0.6666666666666666,0.4,0.0,2,2
ruler_niah_multikey_2_16k:0482,ruler_niah_multikey_2_16k,ALL,L24,[4],0.26666666666666666,1.0,0.26666666666666666,0.26666666666666666,0.0,0.0,1,1
ruler_niah_multikey_3_16k:0071,ruler_niah_multikey_3_16k,OFF,L0,"[1, 2, 3, 4, 5, 6, 7, 8, 9, 10, 11, 12, 13]",0.5,0.0,,,,0.0,0,0
ruler_niah_multikey_3_16k:0071,ruler_niah_multikey_3_16k,OFF,L6,"[1, 2, 3, 4, 5, 6, 7, 8, 9, 10, 11, 12, 13]",0.5,0.0,,,,0.0,0,0
ruler_niah_multikey_3_16k:0071,ruler_niah_multikey_3_16k,OFF,L12,"[1, 2, 3, 4, 5, 6, 7, 8, 9, 10, 11, 12, 13]",0.5,0.0,,,,0.0,0,0
ruler_niah_multikey_3_16k:0071,ruler_niah_multikey_3_16k,OFF,L18,"[1, 2, 3, 4, 5, 6, 7, 8, 9, 10, 11, 12, 13]",0.5,0.0,,,,0.0,0,0
ruler_niah_multikey_3_16k:0071,ruler_niah_multikey_3_16k,OFF,L24,"[1, 2, 3, 4, 5, 6, 7, 8, 9, 10, 11, 12, 13]",0.5,0.0,,,,0.0,0,0
ruler_niah_multikey_3_16k:0071,ruler_niah_multikey_3_16k,OFF,ALL,"[1, 2, 3, 4, 5, 6, 7, 8, 9, 10, 11, 12, 13]",0.5,0.0,,,,0.0,0,0
ruler_niah_multikey_3_16k:0071,ruler_niah_multikey_3_16k,L0,OFF,"[1, 2, 3, 4, 5, 6, 7, 8, 9, 10, 11, 12, 13]",0.5,0.0,,,,0.0,0,0
ruler_niah_multikey_3_16k:0071,ruler_niah_multikey_3_16k,L0,L6,"[1, 2, 3, 4, 5, 6, 7, 8, 9, 10, 11, 12, 13]",0.5,0.0,,,,0.0,0,0
ruler_niah_multikey_3_16k:0071,ruler_niah_multikey_3_16k,L0,L12,"[1, 2, 3, 4, 5, 6, 7, 8, 9, 10, 11, 12, 13]",0.5,0.0,,,,0.0,0,0
ruler_niah_multikey_3_16k:0071,ruler_niah_multikey_3_16k,L0,L18,"[1, 2, 3, 4, 5, 6, 7, 8, 9, 10, 11, 12, 13]",0.5,0.0,,,,0.0,0,0
ruler_niah_multikey_3_16k:0071,ruler_niah_multikey_3_16k,L0,L24,"[1, 2, 3, 4, 5, 6, 7, 8, 9, 10, 11, 12, 13]",0.5,0.0,,,,0.0,0,0
ruler_niah_multikey_3_16k:0071,ruler_niah_multikey_3_16k,L0,ALL,"[1, 2, 3, 4, 5, 6, 7, 8, 9, 10, 11, 12, 13]",0.5,0.0,,,,0.0,0,0
ruler_niah_multikey_3_16k:0071,ruler_niah_multikey_3_16k,L6,OFF,"[1, 2, 3, 4, 5, 6, 7, 8, 9, 10, 11, 12, 13]",0.5,0.0,,,,0.0,0,0
ruler_niah_multikey_3_16k:0071,ruler_niah_multikey_3_16k,L6,L0,"[1, 2, 3, 4, 5, 6, 7, 8, 9, 10, 11, 12, 13]",0.5,0.0,,,,0.0,0,0
ruler_niah_multikey_3_16k:0071,ruler_niah_multikey_3_16k,L6,L12,"[1, 2, 3, 4, 5, 6, 7, 8, 9, 10, 11, 12, 13]",0.5,0.0,,,,0.0,0,0
ruler_niah_multikey_3_16k:0071,ruler_niah_multikey_3_16k,L6,L18,"[1, 2, 3, 4, 5, 6, 7, 8, 9, 10, 11, 12, 13]",0.5,0.0,,,,0.0,0,0
ruler_niah_multikey_3_16k:0071,ruler_niah_multikey_3_16k,L6,L24,"[1, 2, 3, 4, 5, 6, 7, 8, 9, 10, 11, 12, 13]",0.5,0.0,,,,0.0,0,0
ruler_niah_multikey_3_16k:0071,ruler_niah_multikey_3_16k,L6,ALL,"[1, 2, 3, 4, 5, 6, 7, 8, 9, 10, 11, 12, 13]",0.5,0.0,,,,0.0,0,0
ruler_niah_multikey_3_16k:0071,ruler_niah_multikey_3_16k,L12,OFF,"[1, 2, 3, 4, 5, 6, 7, 8, 9, 10, 11, 12, 13]",0.5,0.0,,,,0.0,0,0
ruler_niah_multikey_3_16k:0071,ruler_niah_multikey_3_16k,L12,L0,"[1, 2, 3, 4, 5, 6, 7, 8, 9, 10, 11, 12, 13]",0.5,0.0,,,,0.0,0,0
ruler_niah_multikey_3_16k:0071,ruler_niah_multikey_3_16k,L12,L6,"[1, 2, 3, 4, 5, 6, 7, 8, 9, 10, 11, 12, 13]",0.5,0.0,,,,0.0,0,0
ruler_niah_multikey_3_16k:0071,ruler_niah_multikey_3_16k,L12,L18,"[1, 2, 3, 4, 5, 6, 7, 8, 9, 10, 11, 12, 13]",0.5,0.0,,,,0.0,0,0
ruler_niah_multikey_3_16k:0071,ruler_niah_multikey_3_16k,L12,L24,"[1, 2, 3, 4, 5, 6, 7, 8, 9, 10, 11, 12, 13]",0.5,0.0,,,,0.0,0,0
ruler_niah_multikey_3_16k:0071,ruler_niah_multikey_3_16k,L12,ALL,"[1, 2, 3, 4, 5, 6, 7, 8, 9, 10, 11, 12, 13]",0.5,0.0,,,,0.0,0,0
ruler_niah_multikey_3_16k:0071,ruler_niah_multikey_3_16k,L18,OFF,"[1, 2, 3, 4, 5, 6, 7, 8, 9, 10, 11, 12, 13]",0.5,0.0,,,,0.0,0,0
ruler_niah_multikey_3_16k:0071,ruler_niah_multikey_3_16k,L18,L0,"[1, 2, 3, 4, 5, 6, 7, 8, 9, 10, 11, 12, 13]",0.5,0.0,,,,0.0,0,0
ruler_niah_multikey_3_16k:0071,ruler_niah_multikey_3_16k,L18,L6,"[1, 2, 3, 4, 5, 6, 7, 8, 9, 10, 11, 12, 13]",0.5,0.0,,,,0.0,0,0
ruler_niah_multikey_3_16k:0071,ruler_niah_multikey_3_16k,L18,L12,"[1, 2, 3, 4, 5, 6, 7, 8, 9, 10, 11, 12, 13]",0.5,0.0,,,,0.0,0,0
ruler_niah_multikey_3_16k:0071,ruler_niah_multikey_3_16k,L18,L24,"[1, 2, 3, 4, 5, 6, 7, 8, 9, 10, 11, 12, 13]",0.5,0.0,,,,0.0,0,0
ruler_niah_multikey_3_16k:0071,ruler_niah_multikey_3_16k,L18,ALL,"[1, 2, 3, 4, 5, 6, 7, 8, 9, 10, 11, 12, 13]",0.5,0.0,,,,0.0,0,0
ruler_niah_multikey_3_16k:0071,ruler_niah_multikey_3_16k,L24,OFF,"[1, 2, 3, 4, 5, 6, 7, 8, 9, 10, 11, 12, 13]",0.5,0.0,,,,0.0,0,0
ruler_niah_multikey_3_16k:0071,ruler_niah_multikey_3_16k,L24,L0,"[1, 2, 3, 4, 5, 6, 7, 8, 9, 10, 11, 12, 13]",0.5,0.0,,,,0.0,0,0
ruler_niah_multikey_3_16k:0071,ruler_niah_multikey_3_16k,L24,L6,"[1, 2, 3, 4, 5, 6, 7, 8, 9, 10, 11, 12, 13]",0.5,0.0,,,,0.0,0,0
ruler_niah_multikey_3_16k:0071,ruler_niah_multikey_3_16k,L24,L12,"[1, 2, 3, 4, 5, 6, 7, 8, 9, 10, 11, 12, 13]",0.5,0.0,,,,0.0,0,0
ruler_niah_multikey_3_16k:0071,ruler_niah_multikey_3_16k,L24,L18,"[1, 2, 3, 4, 5, 6, 7, 8, 9, 10, 11, 12, 13]",0.5,0.0,,,,0.0,0,0
ruler_niah_multikey_3_16k:0071,ruler_niah_multikey_3_16k,L24,ALL,"[1, 2, 3, 4, 5, 6, 7, 8, 9, 10, 11, 12, 13]",0.5,0.0,,,,0.0,0,0
ruler_niah_multikey_3_16k:0071,ruler_niah_multikey_3_16k,ALL,OFF,"[4, 9]",0.4642857142857143,0.0,0.2857142857142857,0.6428571428571429,0.35714285714285715,0.0,2,2
ruler_niah_multikey_3_16k:0071,ruler_niah_multikey_3_16k,ALL,L0,[11],0.7857142857142857,1.0,0.7857142857142857,0.7857142857142857,0.0,0.0,1,1
ruler_niah_multikey_3_16k:0071,ruler_niah_multikey_3_16k,ALL,L6,"[1, 2, 3, 4, 5, 6, 7, 8, 9, 10, 11, 12, 13]",0.5,0.0,,,,0.0,0,0
ruler_niah_multikey_3_16k:0071,ruler_niah_multikey_3_16k,ALL,L12,[9],0.6428571428571429,1.0,0.6428571428571429,0.6428571428571429,0.0,0.0,1,1
ruler_niah_multikey_3_16k:0071,ruler_niah_multikey_3_16k,ALL,L18,"[4, 9]",0.4642857142857143,0.0,0.2857142857142857,0.6428571428571429,0.35714285714285715,0.0,2,2
ruler_niah_multikey_3_16k:0071,ruler_niah_multikey_3_16k,ALL,L24,"[4, 9]",0.4642857142857143,0.0,0.2857142857142857,0.6428571428571429,0.35714285714285715,0.0,2,2
ruler_niah_multikey_3_16k:0074,ruler_niah_multikey_3_16k,OFF,L0,"[5, 6, 7, 8, 10, 11]",0.5222222222222223,0.0,0.3333333333333333,0.7333333333333333,0.4,0.2,6,6
ruler_niah_multikey_3_16k:0074,ruler_niah_multikey_3_16k,OFF,L6,"[1, 2, 3, 4, 5, 6, 7, 8, 9, 10, 11, 12, 13, 14]",0.5,0.0,,,,0.0,0,0
ruler_niah_multikey_3_16k:0074,ruler_niah_multikey_3_16k,OFF,L12,[12],0.8,1.0,0.8,0.8,0.0,0.0,1,1
ruler_niah_multikey_3_16k:0074,ruler_niah_multikey_3_16k,OFF,L18,"[1, 2, 3, 4, 5, 6, 7, 8, 9, 10, 11, 12, 13, 14]",0.5,0.0,,,,0.0,0,0
ruler_niah_multikey_3_16k:0074,ruler_niah_multikey_3_16k,OFF,L24,"[1, 2, 3, 4, 5, 6, 7, 8, 9, 10, 11, 12, 13, 14]",0.5,0.0,,,,0.0,0,0
ruler_niah_multikey_3_16k:0074,ruler_niah_multikey_3_16k,OFF,ALL,[7],0.4666666666666667,1.0,0.4666666666666667,0.4666666666666667,0.0,0.0,1,1
ruler_niah_multikey_3_16k:0074,ruler_niah_multikey_3_16k,L0,OFF,"[1, 9, 10]",0.4444444444444445,0.0,0.06666666666666667,0.6666666666666666,0.6,0.06666666666666667,3,3
ruler_niah_multikey_3_16k:0074,ruler_niah_multikey_3_16k,L0,L6,"[1, 2, 7, 8, 10]",0.3733333333333333,0.0,0.06666666666666667,0.6666666666666666,0.6,0.06666666666666667,5,5
ruler_niah_multikey_3_16k:0074,ruler_niah_multikey_3_16k,L0,L12,"[6, 7, 8, 9]",0.5,0.0,0.4,0.6,0.2,0.2,4,4
ruler_niah_multikey_3_16k:0074,ruler_niah_multikey_3_16k,L0,L18,"[1, 2, 6, 8, 9]",0.3466666666666667,0.0,0.06666666666666667,0.6,0.5333333333333333,0.06666666666666667,5,5
ruler_niah_multikey_3_16k:0074,ruler_niah_multikey_3_16k,L0,L24,"[1, 6, 8, 9, 10]",0.4533333333333333,0.0,0.06666666666666667,0.6666666666666666,0.6,0.13333333333333333,5,5
ruler_niah_multikey_3_16k:0074,ruler_niah_multikey_3_16k,L0,ALL,"[4, 7, 9, 10, 11]",0.5466666666666666,0.0,0.26666666666666666,0.7333333333333333,0.4666666666666667,0.13333333333333333,5,5
ruler_niah_multikey_3_16k:0074,ruler_niah_multikey_3_16k,L6,OFF,[8],0.5333333333333333,1.0,0.5333333333333333,0.5333333333333333,0.0,0.0,1,1
ruler_niah_multikey_3_16k:0074,ruler_niah_multikey_3_16k,L6,L0,"[1, 2, 3, 4, 5, 6, 7, 8, 9, 10, 11, 12, 13, 14]",0.5,0.0,,,,0.0,0,0
ruler_niah_multikey_3_16k:0074,ruler_niah_multikey_3_16k,L6,L12,[2],0.13333333333333333,1.0,0.13333333333333333,0.13333333333333333,0.0,0.0,1,1
ruler_niah_multikey_3_16k:0074,ruler_niah_multikey_3_16k,L6,L18,[1],0.06666666666666667,1.0,0.06666666666666667,0.06666666666666667,0.0,0.0,1,1
ruler_niah_multikey_3_16k:0074,ruler_niah_multikey_3_16k,L6,L24,"[1, 2, 3, 4, 5, 6, 7, 8, 9, 10, 11, 12, 13, 14]",0.5,0.0,,,,0.0,0,0
ruler_niah_multikey_3_16k:0074,ruler_niah_multikey_3_16k,L6,ALL,"[1, 2, 3, 4, 5, 6, 7, 8, 9, 10, 11, 12, 13, 14]",0.5,0.0,,,,0.0,0,0
ruler_niah_multikey_3_16k:0074,ruler_niah_multikey_3_16k,L12,OFF,"[1, 2, 3, 4, 5, 6, 7, 8, 9, 10, 11, 12, 13, 14]",0.5,0.0,,,,0.0,0,0
ruler_niah_multikey_3_16k:0074,ruler_niah_multikey_3_16k,L12,L0,"[4, 5, 6, 7, 9, 10]",0.45555555555555555,0.0,0.26666666666666666,0.6666666666666666,0.4,0.2,6,6
ruler_niah_multikey_3_16k:0074,ruler_niah_multikey_3_16k,L12,L6,[6],0.4,1.0,0.4,0.4,0.0,0.0,1,1
ruler_niah_multikey_3_16k:0074,ruler_niah_multikey_3_16k,L12,L18,"[1, 2, 3, 4, 5, 6, 7, 8, 9, 10, 11, 12, 13, 14]",0.5,0.0,,,,0.0,0,0
ruler_niah_multikey_3_16k:0074,ruler_niah_multikey_3_16k,L12,L24,"[1, 2, 3, 4, 5, 6, 7, 8, 9, 10, 11, 12, 13, 14]",0.5,0.0,,,,0.0,0,0
ruler_niah_multikey_3_16k:0074,ruler_niah_multikey_3_16k,L12,ALL,"[7, 8]",0.5,0.0,0.4666666666666667,0.5333333333333333,0.06666666666666667,0.06666666666666667,2,2
ruler_niah_multikey_3_16k:0074,ruler_niah_multikey_3_16k,L18,OFF,"[1, 2, 3, 4, 5, 6, 7, 8, 9, 10, 11, 12, 13, 14]",0.5,0.0,,,,0.0,0,0
ruler_niah_multikey_3_16k:0074,ruler_niah_multikey_3_16k,L18,L0,"[1, 5, 6, 7]",0.31666666666666665,0.0,0.06666666666666667,0.4666666666666667,0.4,0.13333333333333333,4,4
ruler_niah_multikey_3_16k:0074,ruler_niah_multikey_3_16k,L18,L6,[8],0.5333333333333333,1.0,0.5333333333333333,0.5333333333333333,0.0,0.0,1,1
ruler_niah_multikey_3_16k:0074,ruler_niah_multikey_3_16k,L18,L12,"[1, 2, 3, 4, 5, 6, 7, 8, 9, 10, 11, 12, 13, 14]",0.5,0.0,,,,0.0,0,0
ruler_niah_multikey_3_16k:0074,ruler_niah_multikey_3_16k,L18,L24,"[1, 2, 3, 4, 5, 6, 7, 8, 9, 10, 11, 12, 13, 14]",0.5,0.0,,,,0.0,0,0
ruler_niah_multikey_3_16k:0074,ruler_niah_multikey_3_16k,L18,ALL,"[5, 7, 8]",0.4444444444444445,0.0,0.3333333333333333,0.5333333333333333,0.2,0.06666666666666667,3,3
ruler_niah_multikey_3_16k:0074,ruler_niah_multikey_3_16k,L24,OFF,"[1, 2, 3, 4, 5, 6, 7, 8, 9, 10, 11, 12, 13, 14]",0.5,0.0,,,,0.0,0,0
ruler_niah_multikey_3_16k:0074,ruler_niah_multikey_3_16k,L24,L0,"[4, 5, 6, 7, 9, 10]",0.45555555555555555,0.0,0.26666666666666666,0.6666666666666666,0.4,0.2,6,6
ruler_niah_multikey_3_16k:0074,ruler_niah_multikey_3_16k,L24,L6,"[1, 2, 3, 4, 5, 6, 7, 8, 9, 10, 11, 12, 13, 14]",0.5,0.0,,,,0.0,0,0
ruler_niah_multikey_3_16k:0074,ruler_niah_multikey_3_16k,L24,L12,[12],0.8,1.0,0.8,0.8,0.0,0.0,1,1
ruler_niah_multikey_3_16k:0074,ruler_niah_multikey_3_16k,L24,L18,"[1, 2, 3, 4, 5, 6, 7, 8, 9, 10, 11, 12, 13, 14]",0.5,0.0,,,,0.0,0,0
ruler_niah_multikey_3_16k:0074,ruler_niah_multikey_3_16k,L24,ALL,"[7, 13]",0.6666666666666666,0.0,0.4666666666666667,0.8666666666666667,0.4,0.0,2,2
ruler_niah_multikey_3_16k:0074,ruler_niah_multikey_3_16k,ALL,OFF,"[1, 2, 4, 5, 7]",0.2533333333333333,0.0,0.06666666666666667,0.4666666666666667,0.4,0.06666666666666667,5,5
ruler_niah_multikey_3_16k:0074,ruler_niah_multikey_3_16k,ALL,L0,[7],0.4666666666666667,1.0,0.4666666666666667,0.4666666666666667,0.0,0.0,1,1
ruler_niah_multikey_3_16k:0074,ruler_niah_multikey_3_16k,ALL,L6,[5],0.3333333333333333,1.0,0.3333333333333333,0.3333333333333333,0.0,0.0,1,1
ruler_niah_multikey_3_16k:0074,ruler_niah_multikey_3_16k,ALL,L12,"[1, 2, 3, 6]",0.2,0.0,0.06666666666666667,0.4,0.3333333333333333,0.13333333333333333,4,4
ruler_niah_multikey_3_16k:0074,ruler_niah_multikey_3_16k,ALL,L18,"[4, 5]",0.3,0.0,0.26666666666666666,0.3333333333333333,0.06666666666666667,0.06666666666666667,2,2
ruler_niah_multikey_3_16k:0074,ruler_niah_multikey_3_16k,ALL,L24,"[1, 2, 4, 7]",0.23333333333333334,0.0,0.06666666666666667,0.4666666666666667,0.4,0.06666666666666667,4,4
ruler_niah_multikey_3_16k:0108,ruler_niah_multikey_3_16k,OFF,L0,[7],0.4666666666666667,1.0,0.4666666666666667,0.4666666666666667,0.0,0.0,1,1
ruler_niah_multikey_3_16k:0108,ruler_niah_multikey_3_16k,OFF,L6,"[1, 2, 3, 4, 5, 6, 7, 8, 9, 10, 11, 12, 13, 14]",0.5,0.0,,,,0.0,0,0
ruler_niah_multikey_3_16k:0108,ruler_niah_multikey_3_16k,OFF,L12,"[1, 2, 3, 4, 5, 6, 7, 8, 9, 10, 11, 12, 13, 14]",0.5,0.0,,,,0.0,0,0
ruler_niah_multikey_3_16k:0108,ruler_niah_multikey_3_16k,OFF,L18,"[1, 2, 3, 4, 5, 6, 7, 8, 9, 10, 11, 12, 13, 14]",0.5,0.0,,,,0.0,0,0
ruler_niah_multikey_3_16k:0108,ruler_niah_multikey_3_16k,OFF,L24,"[1, 2, 3, 4, 5, 6, 7, 8, 9, 10, 11, 12, 13, 14]",0.5,0.0,,,,0.0,0,0
ruler_niah_multikey_3_16k:0108,ruler_niah_multikey_3_16k,OFF,ALL,[1],0.06666666666666667,1.0,0.06666666666666667,0.06666666666666667,0.0,0.0,1,1
ruler_niah_multikey_3_16k:0108,ruler_niah_multikey_3_16k,L0,OFF,"[1, 2, 3, 4, 5, 6, 7, 8, 9, 10, 11, 12, 13, 14]",0.5,0.0,,,,0.0,0,0
ruler_niah_multikey_3_16k:0108,ruler_niah_multikey_3_16k,L0,L6,"[1, 2, 3, 4, 5, 6, 7, 8, 9, 10, 11, 12, 13, 14]",0.5,0.0,,,,0.0,0,0
ruler_niah_multikey_3_16k:0108,ruler_niah_multikey_3_16k,L0,L12,"[1, 2, 3, 4, 5, 6, 7, 8, 9, 10, 11, 12, 13, 14]",0.5,0.0,,,,0.0,0,0
ruler_niah_multikey_3_16k:0108,ruler_niah_multikey_3_16k,L0,L18,"[1, 2, 3, 4, 5, 6, 7, 8, 9, 10, 11, 12, 13, 14]",0.5,0.0,,,,0.0,0,0
ruler_niah_multikey_3_16k:0108,ruler_niah_multikey_3_16k,L0,L24,"[1, 2, 3, 4, 5, 6, 7, 8, 9, 10, 11, 12, 13, 14]",0.5,0.0,,,,0.0,0,0
ruler_niah_multikey_3_16k:0108,ruler_niah_multikey_3_16k,L0,ALL,"[1, 2, 3, 4, 5, 6, 7, 8, 9, 10, 11, 12, 13, 14]",0.5,0.0,,,,0.0,0,0
ruler_niah_multikey_3_16k:0108,ruler_niah_multikey_3_16k,L6,OFF,"[1, 2, 3, 4, 5, 6, 7, 8, 9, 10, 11, 12, 13, 14]",0.5,0.0,,,,0.0,0,0
ruler_niah_multikey_3_16k:0108,ruler_niah_multikey_3_16k,L6,L0,"[1, 2, 3, 4, 5, 6, 7, 8, 9, 10, 11, 12, 13, 14]",0.5,0.0,,,,0.0,0,0
ruler_niah_multikey_3_16k:0108,ruler_niah_multikey_3_16k,L6,L12,"[1, 2, 3, 4, 5, 6, 7, 8, 9, 10, 11, 12, 13, 14]",0.5,0.0,,,,0.0,0,0
ruler_niah_multikey_3_16k:0108,ruler_niah_multikey_3_16k,L6,L18,"[1, 2, 3, 4, 5, 6, 7, 8, 9, 10, 11, 12, 13, 14]",0.5,0.0,,,,0.0,0,0
ruler_niah_multikey_3_16k:0108,ruler_niah_multikey_3_16k,L6,L24,"[1, 2, 3, 4, 5, 6, 7, 8, 9, 10, 11, 12, 13, 14]",0.5,0.0,,,,0.0,0,0
ruler_niah_multikey_3_16k:0108,ruler_niah_multikey_3_16k,L6,ALL,"[1, 7, 8]",0.3555555555555555,0.0,0.06666666666666667,0.5333333333333333,0.4666666666666667,0.06666666666666667,3,3
ruler_niah_multikey_3_16k:0108,ruler_niah_multikey_3_16k,L12,OFF,"[1, 2, 3, 4, 5, 6, 7, 8, 9, 10, 11, 12, 13, 14]",0.5,0.0,,,,0.0,0,0
ruler_niah_multikey_3_16k:0108,ruler_niah_multikey_3_16k,L12,L0,[7],0.4666666666666667,1.0,0.4666666666666667,0.4666666666666667,0.0,0.0,1,1
ruler_niah_multikey_3_16k:0108,ruler_niah_multikey_3_16k,L12,L6,"[1, 2, 3, 4, 5, 6, 7, 8, 9, 10, 11, 12, 13, 14]",0.5,0.0,,,,0.0,0,0
ruler_niah_multikey_3_16k:0108,ruler_niah_multikey_3_16k,L12,L18,"[1, 2, 3, 4, 5, 6, 7, 8, 9, 10, 11, 12, 13, 14]",0.5,0.0,,,,0.0,0,0
ruler_niah_multikey_3_16k:0108,ruler_niah_multikey_3_16k,L12,L24,"[1, 2, 3, 4, 5, 6, 7, 8, 9, 10, 11, 12, 13, 14]",0.5,0.0,,,,0.0,0,0
ruler_niah_multikey_3_16k:0108,ruler_niah_multikey_3_16k,L12,ALL,"[1, 7]",0.26666666666666666,0.0,0.06666666666666667,0.4666666666666667,0.4,0.0,2,2
ruler_niah_multikey_3_16k:0108,ruler_niah_multikey_3_16k,L18,OFF,"[1, 2, 3, 4, 5, 6, 7, 8, 9, 10, 11, 12, 13, 14]",0.5,0.0,,,,0.0,0,0
ruler_niah_multikey_3_16k:0108,ruler_niah_multikey_3_16k,L18,L0,[7],0.4666666666666667,1.0,0.4666666666666667,0.4666666666666667,0.0,0.0,1,1
ruler_niah_multikey_3_16k:0108,ruler_niah_multikey_3_16k,L18,L6,"[1, 2, 3, 4, 5, 6, 7, 8, 9, 10, 11, 12, 13, 14]",0.5,0.0,,,,0.0,0,0
ruler_niah_multikey_3_16k:0108,ruler_niah_multikey_3_16k,L18,L12,"[1, 2, 3, 4, 5, 6, 7, 8, 9, 10, 11, 12, 13, 14]",0.5,0.0,,,,0.0,0,0
ruler_niah_multikey_3_16k:0108,ruler_niah_multikey_3_16k,L18,L24,"[1, 2, 3, 4, 5, 6, 7, 8, 9, 10, 11, 12, 13, 14]",0.5,0.0,,,,0.0,0,0
ruler_niah_multikey_3_16k:0108,ruler_niah_multikey_3_16k,L18,ALL,"[1, 2, 3, 4, 5, 6, 7, 8, 9, 10, 11, 12, 13, 14]",0.5,0.0,,,,0.0,0,0
ruler_niah_multikey_3_16k:0108,ruler_niah_multikey_3_16k,L24,OFF,"[1, 2, 3, 4, 5, 6, 7, 8, 9, 10, 11, 12, 13, 14]",0.5,0.0,,,,0.0,0,0
ruler_niah_multikey_3_16k:0108,ruler_niah_multikey_3_16k,L24,L0,[7],0.4666666666666667,1.0,0.4666666666666667,0.4666666666666667,0.0,0.0,1,1
ruler_niah_multikey_3_16k:0108,ruler_niah_multikey_3_16k,L24,L6,"[1, 2, 3, 4, 5, 6, 7, 8, 9, 10, 11, 12, 13, 14]",0.5,0.0,,,,0.0,0,0
ruler_niah_multikey_3_16k:0108,ruler_niah_multikey_3_16k,L24,L12,"[1, 2, 3, 4, 5, 6, 7, 8, 9, 10, 11, 12, 13, 14]",0.5,0.0,,,,0.0,0,0
ruler_niah_multikey_3_16k:0108,ruler_niah_multikey_3_16k,L24,L18,"[1, 2, 3, 4, 5, 6, 7, 8, 9, 10, 11, 12, 13, 14]",0.5,0.0,,,,0.0,0,0
ruler_niah_multikey_3_16k:0108,ruler_niah_multikey_3_16k,L24,ALL,"[1, 2, 3, 4, 5, 6, 7, 8, 9, 10, 11, 12, 13, 14]",0.5,0.0,,,,0.0,0,0
ruler_niah_multikey_3_16k:0108,ruler_niah_multikey_3_16k,ALL,OFF,"[1, 2, 3, 4, 5, 6, 7, 8, 9, 10, 11, 12, 13, 14]",0.5,0.0,,,,0.0,0,0
ruler_niah_multikey_3_16k:0108,ruler_niah_multikey_3_16k,ALL,L0,"[1, 2, 3, 4, 5, 6, 7, 8, 9, 10, 11, 12, 13, 14]",0.5,0.0,,,,0.0,0,0
ruler_niah_multikey_3_16k:0108,ruler_niah_multikey_3_16k,ALL,L6,[6],0.4,1.0,0.4,0.4,0.0,0.0,1,1
ruler_niah_multikey_3_16k:0108,ruler_niah_multikey_3_16k,ALL,L12,"[1, 2, 3, 4, 5, 6, 7, 8, 9, 10, 11, 12, 13, 14]",0.5,0.0,,,,0.0,0,0
ruler_niah_multikey_3_16k:0108,ruler_niah_multikey_3_16k,ALL,L18,"[1, 2, 3, 4, 5, 6, 7, 8, 9, 10, 11, 12, 13, 14]",0.5,0.0,,,,0.0,0,0
ruler_niah_multikey_3_16k:0108,ruler_niah_multikey_3_16k,ALL,L24,"[1, 2, 3, 4, 5, 6, 7, 8, 9, 10, 11, 12, 13, 14]",0.5,0.0,,,,0.0,0,0
ruler_niah_multikey_3_16k:0138,ruler_niah_multikey_3_16k,OFF,L0,[3],0.2,1.0,0.2,0.2,0.0,0.0,1,1
ruler_niah_multikey_3_16k:0138,ruler_niah_multikey_3_16k,OFF,L6,[2],0.13333333333333333,1.0,0.13333333333333333,0.13333333333333333,0.0,0.0,1,1
ruler_niah_multikey_3_16k:0138,ruler_niah_multikey_3_16k,OFF,L12,[2],0.13333333333333333,1.0,0.13333333333333333,0.13333333333333333,0.0,0.0,1,1
ruler_niah_multikey_3_16k:0138,ruler_niah_multikey_3_16k,OFF,L18,"[1, 2, 3, 4, 5, 6, 7, 8, 9, 10, 11, 12, 13, 14]",0.5,0.0,,,,0.0,0,0
ruler_niah_multikey_3_16k:0138,ruler_niah_multikey_3_16k,OFF,L24,"[1, 2, 3, 4, 5, 6, 7, 8, 9, 10, 11, 12, 13, 14]",0.5,0.0,,,,0.0,0,0
ruler_niah_multikey_3_16k:0138,ruler_niah_multikey_3_16k,OFF,ALL,"[2, 7]",0.3,0.0,0.13333333333333333,0.4666666666666667,0.3333333333333333,0.0,2,2
ruler_niah_multikey_3_16k:0138,ruler_niah_multikey_3_16k,L0,OFF,"[5, 9, 10, 11, 12]",0.6266666666666667,0.0,0.3333333333333333,0.8,0.4666666666666667,0.2,5,5
ruler_niah_multikey_3_16k:0138,ruler_niah_multikey_3_16k,L0,L6,"[5, 9, 10, 12]",0.6,0.0,0.3333333333333333,0.8,0.4666666666666667,0.06666666666666667,4,4
ruler_niah_multikey_3_16k:0138,ruler_niah_multikey_3_16k,L0,L12,"[1, 3, 9, 12]",0.4166666666666667,0.0,0.06666666666666667,0.8,0.7333333333333333,0.0,4,4
ruler_niah_multikey_3_16k:0138,ruler_niah_multikey_3_16k,L0,L18,"[3, 9, 10, 11, 12]",0.6,0.0,0.2,0.8,0.6,0.2,5,5
ruler_niah_multikey_3_16k:0138,ruler_niah_multikey_3_16k,L0,L24,"[9, 10, 11, 12]",0.7,0.0,0.6,0.8,0.2,0.2,4,4
ruler_niah_multikey_3_16k:0138,ruler_niah_multikey_3_16k,L0,ALL,"[3, 5, 9, 10]",0.45,0.0,0.2,0.6666666666666666,0.4666666666666667,0.06666666666666667,4,4
ruler_niah_multikey_3_16k:0138,ruler_niah_multikey_3_16k,L6,OFF,"[1, 2, 3, 4, 5, 6, 7, 8, 9, 10, 11, 12, 13, 14]",0.5,0.0,,,,0.0,0,0
ruler_niah_multikey_3_16k:0138,ruler_niah_multikey_3_16k,L6,L0,"[2, 4, 7]",0.28888888888888886,0.0,0.13333333333333333,0.4666666666666667,0.3333333333333333,0.0,3,3
ruler_niah_multikey_3_16k:0138,ruler_niah_multikey_3_16k,L6,L12,"[3, 4, 7]",0.3111111111111111,0.0,0.2,0.4666666666666667,0.26666666666666666,0.06666666666666667,3,3
ruler_niah_multikey_3_16k:0138,ruler_niah_multikey_3_16k,L6,L18,[10],0.6666666666666666,1.0,0.6666666666666666,0.6666666666666666,0.0,0.0,1,1
ruler_niah_multikey_3_16k:0138,ruler_niah_multikey_3_16k,L6,L24,"[1, 2, 3, 4, 5, 6, 7, 8, 9, 10, 11, 12, 13, 14]",0.5,0.0,,,,0.0,0,0
ruler_niah_multikey_3_16k:0138,ruler_niah_multikey_3_16k,L6,ALL,"[2, 3]",0.16666666666666666,0.0,0.13333333333333333,0.2,0.06666666666666667,0.06666666666666667,2,2
ruler_niah_multikey_3_16k:0138,ruler_niah_multikey_3_16k,L12,OFF,"[6, 12]",0.6,0.0,0.4,0.8,0.4,0.0,2,2
ruler_niah_multikey_3_16k:0138,ruler_niah_multikey_3_16k,L12,L0,"[2, 3, 7, 10]",0.36666666666666664,0.0,0.13333333333333333,0.6666666666666666,0.5333333333333333,0.06666666666666667,4,4
ruler_niah_multikey_3_16k:0138,ruler_niah_multikey_3_16k,L12,L6,"[2, 12]",0.4666666666666667,0.0,0.13333333333333333,0.8,0.6666666666666666,0.0,2,2
ruler_niah_multikey_3_16k:0138,ruler_niah_multikey_3_16k,L12,L18,"[3, 4, 6]",0.28888888888888886,0.0,0.2,0.4,0.2,0.06666666666666667,3,3
ruler_niah_multikey_3_16k:0138,ruler_niah_multikey_3_16k,L12,L24,"[4, 12]",0.5333333333333333,0.0,0.26666666666666666,0.8,0.5333333333333333,0.0,2,2
ruler_niah_multikey_3_16k:0138,ruler_niah_multikey_3_16k,L12,ALL,"[2, 4, 7]",0.28888888888888886,0.0,0.13333333333333333,0.4666666666666667,0.3333333333333333,0.0,3,3
ruler_niah_multikey_3_16k:0138,ruler_niah_multikey_3_16k,L18,OFF,"[1, 2, 3, 4, 5, 6, 7, 8, 9, 10, 11, 12, 13, 14]",0.5,0.0,,,,0.0,0,0
ruler_niah_multikey_3_16k:0138,ruler_niah_multikey_3_16k,L18,L0,"[3, 12]",0.5,0.0,0.2,0.8,0.6,0.0,2,2
ruler_niah_multikey_3_16k:0138,ruler_niah_multikey_3_16k,L18,L6,"[1, 2, 3, 4, 5, 6, 7, 8, 9, 10, 11, 12, 13, 14]",0.5,0.0,,,,0.0,0,0
ruler_niah_multikey_3_16k:0138,ruler_niah_multikey_3_16k,L18,L12,[7],0.4666666666666667,1.0,0.4666666666666667,0.4666666666666667,0.0,0.0,1,1
ruler_niah_multikey_3_16k:0138,ruler_niah_multikey_3_16k,L18,L24,"[1, 2, 3, 4, 5, 6, 7, 8, 9, 10, 11, 12, 13, 14]",0.5,0.0,,,,0.0,0,0
ruler_niah_multikey_3_16k:0138,ruler_niah_multikey_3_16k,L18,ALL,"[2, 3, 7]",0.26666666666666666,0.0,0.13333333333333333,0.4666666666666667,0.3333333333333333,0.06666666666666667,3,3
ruler_niah_multikey_3_16k:0138,ruler_niah_multikey_3_16k,L24,OFF,"[1, 2, 3, 4, 5, 6, 7, 8, 9, 10, 11, 12, 13, 14]",0.5,0.0,,,,0.0,0,0
ruler_niah_multikey_3_16k:0138,ruler_niah_multikey_3_16k,L24,L0,[3],0.2,1.0,0.2,0.2,0.0,0.0,1,1
ruler_niah_multikey_3_16k:0138,ruler_niah_multikey_3_16k,L24,L6,[2],0.13333333333333333,1.0,0.13333333333333333,0.13333333333333333,0.0,0.0,1,1
ruler_niah_multikey_3_16k:0138,ruler_niah_multikey_3_16k,L24,L12,"[2, 9]",0.36666666666666664,0.0,0.13333333333333333,0.6,0.4666666666666667,0.0,2,2
ruler_niah_multikey_3_16k:0138,ruler_niah_multikey_3_16k,L24,L18,"[1, 2, 3, 4, 5, 6, 7, 8, 9, 10, 11, 12, 13, 14]",0.5,0.0,,,,0.0,0,0
ruler_niah_multikey_3_16k:0138,ruler_niah_multikey_3_16k,L24,ALL,"[2, 7]",0.3,0.0,0.13333333333333333,0.4666666666666667,0.3333333333333333,0.0,2,2
ruler_niah_multikey_3_16k:0138,ruler_niah_multikey_3_16k,ALL,OFF,"[2, 3, 4, 5, 6, 9, 10, 11, 12]",0.4592592592592593,0.0,0.13333333333333333,0.8,0.6666666666666666,0.26666666666666666,9,9
ruler_niah_multikey_3_16k:0138,ruler_niah_multikey_3_16k,ALL,L0,[5],0.3333333333333333,1.0,0.3333333333333333,0.3333333333333333,0.0,0.0,1,1
ruler_niah_multikey_3_16k:0138,ruler_niah_multikey_3_16k,ALL,L6,"[3, 8, 9, 10, 11, 12]",0.5888888888888889,0.0,0.2,0.8,0.6,0.26666666666666666,6,6
ruler_niah_multikey_3_16k:0138,ruler_niah_multikey_3_16k,ALL,L12,"[3, 5, 8, 9, 10, 11]",0.5111111111111112,0.0,0.2,0.7333333333333333,0.5333333333333333,0.2,6,6
ruler_niah_multikey_3_16k:0138,ruler_niah_multikey_3_16k,ALL,L18,"[1, 2, 3, 4, 5, 8, 9, 10, 11, 12]",0.43333333333333335,0.0,0.06666666666666667,0.8,0.7333333333333333,0.26666666666666666,10,10
ruler_niah_multikey_3_16k:0138,ruler_niah_multikey_3_16k,ALL,L24,"[1, 2, 3, 5, 9, 10, 11, 12]",0.44166666666666665,0.0,0.06666666666666667,0.8,0.7333333333333333,0.2,8,8
ruler_niah_multikey_3_16k:0145,ruler_niah_multikey_3_16k,OFF,L0,[5],0.35714285714285715,1.0,0.35714285714285715,0.35714285714285715,0.0,0.0,1,1
ruler_niah_multikey_3_16k:0145,ruler_niah_multikey_3_16k,OFF,L6,"[1, 2, 3, 4, 5, 6, 7, 8, 9, 10, 11, 12, 13]",0.5,0.0,,,,0.0,0,0
ruler_niah_multikey_3_16k:0145,ruler_niah_multikey_3_16k,OFF,L12,"[1, 2, 3, 4, 5, 6, 7, 8, 9, 10, 11, 12, 13]",0.5,0.0,,,,0.0,0,0
ruler_niah_multikey_3_16k:0145,ruler_niah_multikey_3_16k,OFF,L18,"[1, 2, 3, 4, 5, 6, 7, 8, 9, 10, 11, 12, 13]",0.5,0.0,,,,0.0,0,0
ruler_niah_multikey_3_16k:0145,ruler_niah_multikey_3_16k,OFF,L24,"[1, 2, 3, 4, 5, 6, 7, 8, 9, 10, 11, 12, 13]",0.5,0.0,,,,0.0,0,0
ruler_niah_multikey_3_16k:0145,ruler_niah_multikey_3_16k,OFF,ALL,[2],0.14285714285714285,1.0,0.14285714285714285,0.14285714285714285,0.0,0.0,1,1
ruler_niah_multikey_3_16k:0145,ruler_niah_multikey_3_16k,L0,OFF,[4],0.2857142857142857,1.0,0.2857142857142857,0.2857142857142857,0.0,0.0,1,1
ruler_niah_multikey_3_16k:0145,ruler_niah_multikey_3_16k,L0,L6,[4],0.2857142857142857,1.0,0.2857142857142857,0.2857142857142857,0.0,0.0,1,1
ruler_niah_multikey_3_16k:0145,ruler_niah_multikey_3_16k,L0,L12,"[4, 8]",0.42857142857142855,0.0,0.2857142857142857,0.5714285714285714,0.2857142857142857,0.0,2,2
ruler_niah_multikey_3_16k:0145,ruler_niah_multikey_3_16k,L0,L18,[4],0.2857142857142857,1.0,0.2857142857142857,0.2857142857142857,0.0,0.0,1,1
ruler_niah_multikey_3_16k:0145,ruler_niah_multikey_3_16k,L0,L24,[4],0.2857142857142857,1.0,0.2857142857142857,0.2857142857142857,0.0,0.0,1,1
ruler_niah_multikey_3_16k:0145,ruler_niah_multikey_3_16k,L0,ALL,"[1, 2, 3, 4, 5, 6, 7, 8, 9, 10, 11, 12, 13]",0.5,0.0,,,,0.0,0,0
ruler_niah_multikey_3_16k:0145,ruler_niah_multikey_3_16k,L6,OFF,"[1, 2, 3, 4, 5, 6, 7, 8, 9, 10, 11, 12, 13]",0.5,0.0,,,,0.0,0,0
ruler_niah_multikey_3_16k:0145,ruler_niah_multikey_3_16k,L6,L0,"[2, 4, 5]",0.2619047619047619,0.0,0.14285714285714285,0.35714285714285715,0.21428571428571427,0.07142857142857142,3,3
ruler_niah_multikey_3_16k:0145,ruler_niah_multikey_3_16k,L6,L12,"[1, 2, 3, 4, 5, 6, 7, 8, 9, 10, 11, 12, 13]",0.5,0.0,,,,0.0,0,0
ruler_niah_multikey_3_16k:0145,ruler_niah_multikey_3_16k,L6,L18,"[1, 2, 3, 4, 5, 6, 7, 8, 9, 10, 11, 12, 13]",0.5,0.0,,,,0.0,0,0
ruler_niah_multikey_3_16k:0145,ruler_niah_multikey_3_16k,L6,L24,"[1, 2, 3, 4, 5, 6, 7, 8, 9, 10, 11, 12, 13]",0.5,0.0,,,,0.0,0,0
ruler_niah_multikey_3_16k:0145,ruler_niah_multikey_3_16k,L6,ALL,[5],0.35714285714285715,1.0,0.35714285714285715,0.35714285714285715,0.0,0.0,1,1
ruler_niah_multikey_3_16k:0145,ruler_niah_multikey_3_16k,L12,OFF,"[1, 2, 3, 4, 5, 6, 7, 8, 9, 10, 11, 12, 13]",0.5,0.0,,,,0.0,0,0
ruler_niah_multikey_3_16k:0145,ruler_niah_multikey_3_16k,L12,L0,[5],0.35714285714285715,1.0,0.35714285714285715,0.35714285714285715,0.0,0.0,1,1
ruler_niah_multikey_3_16k:0145,ruler_niah_multikey_3_16k,L12,L6,"[1, 2, 3, 4, 5, 6, 7, 8, 9, 10, 11, 12, 13]",0.5,0.0,,,,0.0,0,0
ruler_niah_multikey_3_16k:0145,ruler_niah_multikey_3_16k,L12,L18,"[1, 2, 3, 4, 5, 6, 7, 8, 9, 10, 11, 12, 13]",0.5,0.0,,,,0.0,0,0
ruler_niah_multikey_3_16k:0145,ruler_niah_multikey_3_16k,L12,L24,"[1, 2, 3, 4, 5, 6, 7, 8, 9, 10, 11, 12, 13]",0.5,0.0,,,,0.0,0,0
ruler_niah_multikey_3_16k:0145,ruler_niah_multikey_3_16k,L12,ALL,[2],0.14285714285714285,1.0,0.14285714285714285,0.14285714285714285,0.0,0.0,1,1
ruler_niah_multikey_3_16k:0145,ruler_niah_multikey_3_16k,L18,OFF,"[1, 2, 3, 4, 5, 6, 7, 8, 9, 10, 11, 12, 13]",0.5,0.0,,,,0.0,0,0
ruler_niah_multikey_3_16k:0145,ruler_niah_multikey_3_16k,L18,L0,[5],0.35714285714285715,1.0,0.35714285714285715,0.35714285714285715,0.0,0.0,1,1
ruler_niah_multikey_3_16k:0145,ruler_niah_multikey_3_16k,L18,L6,"[1, 2, 3, 4, 5, 6, 7, 8, 9, 10, 11, 12, 13]",0.5,0.0,,,,0.0,0,0
ruler_niah_multikey_3_16k:0145,ruler_niah_multikey_3_16k,L18,L12,"[1, 2, 3, 4, 5, 6, 7, 8, 9, 10, 11, 12, 13]",0.5,0.0,,,,0.0,0,0
ruler_niah_multikey_3_16k:0145,ruler_niah_multikey_3_16k,L18,L24,"[1, 2, 3, 4, 5, 6, 7, 8, 9, 10, 11, 12, 13]",0.5,0.0,,,,0.0,0,0
ruler_niah_multikey_3_16k:0145,ruler_niah_multikey_3_16k,L18,ALL,"[2, 5]",0.25,0.0,0.14285714285714285,0.35714285714285715,0.21428571428571427,0.0,2,2
ruler_niah_multikey_3_16k:0145,ruler_niah_multikey_3_16k,L24,OFF,"[1, 2, 3, 4, 5, 6, 7, 8, 9, 10, 11, 12, 13]",0.5,0.0,,,,0.0,0,0
ruler_niah_multikey_3_16k:0145,ruler_niah_multikey_3_16k,L24,L0,[5],0.35714285714285715,1.0,0.35714285714285715,0.35714285714285715,0.0,0.0,1,1
ruler_niah_multikey_3_16k:0145,ruler_niah_multikey_3_16k,L24,L6,"[1, 2, 3, 4, 5, 6, 7, 8, 9, 10, 11, 12, 13]",0.5,0.0,,,,0.0,0,0
ruler_niah_multikey_3_16k:0145,ruler_niah_multikey_3_16k,L24,L12,"[1, 2, 3, 4, 5, 6, 7, 8, 9, 10, 11, 12, 13]",0.5,0.0,,,,0.0,0,0
ruler_niah_multikey_3_16k:0145,ruler_niah_multikey_3_16k,L24,L18,"[1, 2, 3, 4, 5, 6, 7, 8, 9, 10, 11, 12, 13]",0.5,0.0,,,,0.0,0,0
ruler_niah_multikey_3_16k:0145,ruler_niah_multikey_3_16k,L24,ALL,[2],0.14285714285714285,1.0,0.14285714285714285,0.14285714285714285,0.0,0.0,1,1
ruler_niah_multikey_3_16k:0145,ruler_niah_multikey_3_16k,ALL,OFF,"[4, 5]",0.32142857142857145,0.0,0.2857142857142857,0.35714285714285715,0.07142857142857142,0.07142857142857142,2,2
ruler_niah_multikey_3_16k:0145,ruler_niah_multikey_3_16k,ALL,L0,[5],0.35714285714285715,1.0,0.35714285714285715,0.35714285714285715,0.0,0.0,1,1
ruler_niah_multikey_3_16k:0145,ruler_niah_multikey_3_16k,ALL,L6,"[5, 8, 9]",0.5238095238095238,0.0,0.35714285714285715,0.6428571428571429,0.2857142857142857,0.07142857142857142,3,3
ruler_niah_multikey_3_16k:0145,ruler_niah_multikey_3_16k,ALL,L12,"[4, 5]",0.32142857142857145,0.0,0.2857142857142857,0.35714285714285715,0.07142857142857142,0.07142857142857142,2,2
ruler_niah_multikey_3_16k:0145,ruler_niah_multikey_3_16k,ALL,L18,[4],0.2857142857142857,1.0,0.2857142857142857,0.2857142857142857,0.0,0.0,1,1
ruler_niah_multikey_3_16k:0145,ruler_niah_multikey_3_16k,ALL,L24,"[4, 5]",0.32142857142857145,0.0,0.2857142857142857,0.35714285714285715,0.07142857142857142,0.07142857142857142,2,2
ruler_niah_multikey_3_16k:0202,ruler_niah_multikey_3_16k,OFF,L0,"[1, 2, 3, 4, 5, 6, 7, 8, 9, 10, 11, 12, 13, 14]",0.5,0.0,,,,0.0,0,0
ruler_niah_multikey_3_16k:0202,ruler_niah_multikey_3_16k,OFF,L6,"[1, 2, 3, 4, 5, 6, 7, 8, 9, 10, 11, 12, 13, 14]",0.5,0.0,,,,0.0,0,0
ruler_niah_multikey_3_16k:0202,ruler_niah_multikey_3_16k,OFF,L12,"[1, 2, 3, 4, 5, 6, 7, 8, 9, 10, 11, 12, 13, 14]",0.5,0.0,,,,0.0,0,0
ruler_niah_multikey_3_16k:0202,ruler_niah_multikey_3_16k,OFF,L18,"[1, 2, 3, 4, 5, 6, 7, 8, 9, 10, 11, 12, 13, 14]",0.5,0.0,,,,0.0,0,0
ruler_niah_multikey_3_16k:0202,ruler_niah_multikey_3_16k,OFF,L24,"[1, 2, 3, 4, 5, 6, 7, 8, 9, 10, 11, 12, 13, 14]",0.5,0.0,,,,0.0,0,0
ruler_niah_multikey_3_16k:0202,ruler_niah_multikey_3_16k,OFF,ALL,"[1, 2, 3, 4, 5, 6, 7, 8, 9, 10, 11, 12, 13, 14]",0.5,0.0,,,,0.0,0,0
ruler_niah_multikey_3_16k:0202,ruler_niah_multikey_3_16k,L0,OFF,"[1, 2, 3, 4, 5, 6, 7, 8, 9, 10, 11, 12, 13, 14]",0.5,0.0,,,,0.0,0,0
ruler_niah_multikey_3_16k:0202,ruler_niah_multikey_3_16k,L0,L6,"[1, 2, 3, 4, 5, 6, 7, 8, 9, 10, 11, 12, 13, 14]",0.5,0.0,,,,0.0,0,0
ruler_niah_multikey_3_16k:0202,ruler_niah_multikey_3_16k,L0,L12,"[1, 2, 3, 4, 5, 6, 7, 8, 9, 10, 11, 12, 13, 14]",0.5,0.0,,,,0.0,0,0
ruler_niah_multikey_3_16k:0202,ruler_niah_multikey_3_16k,L0,L18,"[1, 2, 3, 4, 5, 6, 7, 8, 9, 10, 11, 12, 13, 14]",0.5,0.0,,,,0.0,0,0
ruler_niah_multikey_3_16k:0202,ruler_niah_multikey_3_16k,L0,L24,"[1, 2, 3, 4, 5, 6, 7, 8, 9, 10, 11, 12, 13, 14]",0.5,0.0,,,,0.0,0,0
ruler_niah_multikey_3_16k:0202,ruler_niah_multikey_3_16k,L0,ALL,"[1, 2, 3, 4, 5, 6, 7, 8, 9, 10, 11, 12, 13, 14]",0.5,0.0,,,,0.0,0,0
ruler_niah_multikey_3_16k:0202,ruler_niah_multikey_3_16k,L6,OFF,"[1, 2, 3, 4, 5, 6, 7, 8, 9, 10, 11, 12, 13, 14]",0.5,0.0,,,,0.0,0,0
ruler_niah_multikey_3_16k:0202,ruler_niah_multikey_3_16k,L6,L0,"[1, 2, 3, 4, 5, 6, 7, 8, 9, 10, 11, 12, 13, 14]",0.5,0.0,,,,0.0,0,0
ruler_niah_multikey_3_16k:0202,ruler_niah_multikey_3_16k,L6,L12,"[1, 2, 3, 4, 5, 6, 7, 8, 9, 10, 11, 12, 13, 14]",0.5,0.0,,,,0.0,0,0
ruler_niah_multikey_3_16k:0202,ruler_niah_multikey_3_16k,L6,L18,"[1, 2, 3, 4, 5, 6, 7, 8, 9, 10, 11, 12, 13, 14]",0.5,0.0,,,,0.0,0,0
ruler_niah_multikey_3_16k:0202,ruler_niah_multikey_3_16k,L6,L24,"[1, 2, 3, 4, 5, 6, 7, 8, 9, 10, 11, 12, 13, 14]",0.5,0.0,,,,0.0,0,0
ruler_niah_multikey_3_16k:0202,ruler_niah_multikey_3_16k,L6,ALL,"[1, 2, 3, 4, 5, 6, 7, 8, 9, 10, 11, 12, 13, 14]",0.5,0.0,,,,0.0,0,0
ruler_niah_multikey_3_16k:0202,ruler_niah_multikey_3_16k,L12,OFF,"[1, 2, 3, 4, 5, 6, 7, 8, 9, 10, 11, 12, 13, 14]",0.5,0.0,,,,0.0,0,0
ruler_niah_multikey_3_16k:0202,ruler_niah_multikey_3_16k,L12,L0,"[1, 2, 3, 4, 5, 6, 7, 8, 9, 10, 11, 12, 13, 14]",0.5,0.0,,,,0.0,0,0
ruler_niah_multikey_3_16k:0202,ruler_niah_multikey_3_16k,L12,L6,"[1, 2, 3, 4, 5, 6, 7, 8, 9, 10, 11, 12, 13, 14]",0.5,0.0,,,,0.0,0,0
ruler_niah_multikey_3_16k:0202,ruler_niah_multikey_3_16k,L12,L18,"[1, 2, 3, 4, 5, 6, 7, 8, 9, 10, 11, 12, 13, 14]",0.5,0.0,,,,0.0,0,0
ruler_niah_multikey_3_16k:0202,ruler_niah_multikey_3_16k,L12,L24,"[1, 2, 3, 4, 5, 6, 7, 8, 9, 10, 11, 12, 13, 14]",0.5,0.0,,,,0.0,0,0
ruler_niah_multikey_3_16k:0202,ruler_niah_multikey_3_16k,L12,ALL,"[1, 2, 3, 4, 5, 6, 7, 8, 9, 10, 11, 12, 13, 14]",0.5,0.0,,,,0.0,0,0
ruler_niah_multikey_3_16k:0202,ruler_niah_multikey_3_16k,L18,OFF,"[1, 2, 3, 4, 5, 6, 7, 8, 9, 10, 11, 12, 13, 14]",0.5,0.0,,,,0.0,0,0
ruler_niah_multikey_3_16k:0202,ruler_niah_multikey_3_16k,L18,L0,"[1, 2, 3, 4, 5, 6, 7, 8, 9, 10, 11, 12, 13, 14]",0.5,0.0,,,,0.0,0,0
ruler_niah_multikey_3_16k:0202,ruler_niah_multikey_3_16k,L18,L6,"[1, 2, 3, 4, 5, 6, 7, 8, 9, 10, 11, 12, 13, 14]",0.5,0.0,,,,0.0,0,0
ruler_niah_multikey_3_16k:0202,ruler_niah_multikey_3_16k,L18,L12,"[1, 2, 3, 4, 5, 6, 7, 8, 9, 10, 11, 12, 13, 14]",0.5,0.0,,,,0.0,0,0
ruler_niah_multikey_3_16k:0202,ruler_niah_multikey_3_16k,L18,L24,"[1, 2, 3, 4, 5, 6, 7, 8, 9, 10, 11, 12, 13, 14]",0.5,0.0,,,,0.0,0,0
ruler_niah_multikey_3_16k:0202,ruler_niah_multikey_3_16k,L18,ALL,"[1, 2, 3, 4, 5, 6, 7, 8, 9, 10, 11, 12, 13, 14]",0.5,0.0,,,,0.0,0,0
ruler_niah_multikey_3_16k:0202,ruler_niah_multikey_3_16k,L24,OFF,"[1, 2, 3, 4, 5, 6, 7, 8, 9, 10, 11, 12, 13, 14]",0.5,0.0,,,,0.0,0,0
ruler_niah_multikey_3_16k:0202,ruler_niah_multikey_3_16k,L24,L0,"[1, 2, 3, 4, 5, 6, 7, 8, 9, 10, 11, 12, 13, 14]",0.5,0.0,,,,0.0,0,0
ruler_niah_multikey_3_16k:0202,ruler_niah_multikey_3_16k,L24,L6,"[1, 2, 3, 4, 5, 6, 7, 8, 9, 10, 11, 12, 13, 14]",0.5,0.0,,,,0.0,0,0
ruler_niah_multikey_3_16k:0202,ruler_niah_multikey_3_16k,L24,L12,"[1, 2, 3, 4, 5, 6, 7, 8, 9, 10, 11, 12, 13, 14]",0.5,0.0,,,,0.0,0,0
ruler_niah_multikey_3_16k:0202,ruler_niah_multikey_3_16k,L24,L18,"[1, 2, 3, 4, 5, 6, 7, 8, 9, 10, 11, 12, 13, 14]",0.5,0.0,,,,0.0,0,0
ruler_niah_multikey_3_16k:0202,ruler_niah_multikey_3_16k,L24,ALL,"[1, 2, 3, 4, 5, 6, 7, 8, 9, 10, 11, 12, 13, 14]",0.5,0.0,,,,0.0,0,0
ruler_niah_multikey_3_16k:0202,ruler_niah_multikey_3_16k,ALL,OFF,"[1, 2, 3, 4, 5, 6, 7, 8, 9, 10, 11, 12, 13, 14]",0.5,0.0,,,,0.0,0,0
ruler_niah_multikey_3_16k:0202,ruler_niah_multikey_3_16k,ALL,L0,"[1, 2, 3, 4, 5, 6, 7, 8, 9, 10, 11, 12, 13, 14]",0.5,0.0,,,,0.0,0,0
ruler_niah_multikey_3_16k:0202,ruler_niah_multikey_3_16k,ALL,L6,"[1, 2, 3, 4, 5, 6, 7, 8, 9, 10, 11, 12, 13, 14]",0.5,0.0,,,,0.0,0,0
ruler_niah_multikey_3_16k:0202,ruler_niah_multikey_3_16k,ALL,L12,"[1, 2, 3, 4, 5, 6, 7, 8, 9, 10, 11, 12, 13, 14]",0.5,0.0,,,,0.0,0,0
ruler_niah_multikey_3_16k:0202,ruler_niah_multikey_3_16k,ALL,L18,"[1, 2, 3, 4, 5, 6, 7, 8, 9, 10, 11, 12, 13, 14]",0.5,0.0,,,,0.0,0,0
ruler_niah_multikey_3_16k:0202,ruler_niah_multikey_3_16k,ALL,L24,"[1, 2, 3, 4, 5, 6, 7, 8, 9, 10, 11, 12, 13, 14]",0.5,0.0,,,,0.0,0,0
ruler_niah_multikey_3_16k:0208,ruler_niah_multikey_3_16k,OFF,L0,"[1, 2, 3, 4, 5, 6, 7, 8, 9, 10, 11, 12, 13, 14]",0.5,0.0,,,,0.0,0,0
ruler_niah_multikey_3_16k:0208,ruler_niah_multikey_3_16k,OFF,L6,"[1, 2, 3, 4, 5, 6, 7, 8, 9, 10, 11, 12, 13, 14]",0.5,0.0,,,,0.0,0,0
ruler_niah_multikey_3_16k:0208,ruler_niah_multikey_3_16k,OFF,L12,"[1, 2, 3, 4, 5, 6, 7, 8, 9, 10, 11, 12, 13, 14]",0.5,0.0,,,,0.0,0,0
ruler_niah_multikey_3_16k:0208,ruler_niah_multikey_3_16k,OFF,L18,"[1, 2, 3, 4, 5, 6, 7, 8, 9, 10, 11, 12, 13, 14]",0.5,0.0,,,,0.0,0,0
ruler_niah_multikey_3_16k:0208,ruler_niah_multikey_3_16k,OFF,L24,"[1, 2, 3, 4, 5, 6, 7, 8, 9, 10, 11, 12, 13, 14]",0.5,0.0,,,,0.0,0,0
ruler_niah_multikey_3_16k:0208,ruler_niah_multikey_3_16k,OFF,ALL,"[1, 2, 3, 4, 5, 6, 7, 8, 9, 10, 11, 12, 13, 14]",0.5,0.0,,,,0.0,0,0
ruler_niah_multikey_3_16k:0208,ruler_niah_multikey_3_16k,L0,OFF,"[1, 2, 3, 4, 5, 6, 7, 8, 9, 10, 11, 12, 13, 14]",0.5,0.0,,,,0.0,0,0
ruler_niah_multikey_3_16k:0208,ruler_niah_multikey_3_16k,L0,L6,"[1, 2, 3, 4, 5, 6, 7, 8, 9, 10, 11, 12, 13, 14]",0.5,0.0,,,,0.0,0,0
ruler_niah_multikey_3_16k:0208,ruler_niah_multikey_3_16k,L0,L12,"[1, 2, 3, 4, 5, 6, 7, 8, 9, 10, 11, 12, 13, 14]",0.5,0.0,,,,0.0,0,0
ruler_niah_multikey_3_16k:0208,ruler_niah_multikey_3_16k,L0,L18,"[1, 2, 3, 4, 5, 6, 7, 8, 9, 10, 11, 12, 13, 14]",0.5,0.0,,,,0.0,0,0
ruler_niah_multikey_3_16k:0208,ruler_niah_multikey_3_16k,L0,L24,"[1, 2, 3, 4, 5, 6, 7, 8, 9, 10, 11, 12, 13, 14]",0.5,0.0,,,,0.0,0,0
ruler_niah_multikey_3_16k:0208,ruler_niah_multikey_3_16k,L0,ALL,"[1, 2, 3, 4, 5, 6, 7, 8, 9, 10, 11, 12, 13, 14]",0.5,0.0,,,,0.0,0,0
ruler_niah_multikey_3_16k:0208,ruler_niah_multikey_3_16k,L6,OFF,"[1, 2, 3, 4, 5, 6, 7, 8, 9, 10, 11, 12, 13, 14]",0.5,0.0,,,,0.0,0,0
ruler_niah_multikey_3_16k:0208,ruler_niah_multikey_3_16k,L6,L0,"[1, 2, 3, 4, 5, 6, 7, 8, 9, 10, 11, 12, 13, 14]",0.5,0.0,,,,0.0,0,0
ruler_niah_multikey_3_16k:0208,ruler_niah_multikey_3_16k,L6,L12,"[1, 2, 3, 4, 5, 6, 7, 8, 9, 10, 11, 12, 13, 14]",0.5,0.0,,,,0.0,0,0
ruler_niah_multikey_3_16k:0208,ruler_niah_multikey_3_16k,L6,L18,"[1, 2, 3, 4, 5, 6, 7, 8, 9, 10, 11, 12, 13, 14]",0.5,0.0,,,,0.0,0,0
ruler_niah_multikey_3_16k:0208,ruler_niah_multikey_3_16k,L6,L24,"[1, 2, 3, 4, 5, 6, 7, 8, 9, 10, 11, 12, 13, 14]",0.5,0.0,,,,0.0,0,0
ruler_niah_multikey_3_16k:0208,ruler_niah_multikey_3_16k,L6,ALL,"[1, 2, 3, 4, 5, 6, 7, 8, 9, 10, 11, 12, 13, 14]",0.5,0.0,,,,0.0,0,0
ruler_niah_multikey_3_16k:0208,ruler_niah_multikey_3_16k,L12,OFF,"[1, 2, 3, 4, 5, 6, 7, 8, 9, 10, 11, 12, 13, 14]",0.5,0.0,,,,0.0,0,0
ruler_niah_multikey_3_16k:0208,ruler_niah_multikey_3_16k,L12,L0,"[1, 2, 3, 4, 5, 6, 7, 8, 9, 10, 11, 12, 13, 14]",0.5,0.0,,,,0.0,0,0
ruler_niah_multikey_3_16k:0208,ruler_niah_multikey_3_16k,L12,L6,"[1, 2, 3, 4, 5, 6, 7, 8, 9, 10, 11, 12, 13, 14]",0.5,0.0,,,,0.0,0,0
ruler_niah_multikey_3_16k:0208,ruler_niah_multikey_3_16k,L12,L18,"[1, 2, 3, 4, 5, 6, 7, 8, 9, 10, 11, 12, 13, 14]",0.5,0.0,,,,0.0,0,0
ruler_niah_multikey_3_16k:0208,ruler_niah_multikey_3_16k,L12,L24,"[1, 2, 3, 4, 5, 6, 7, 8, 9, 10, 11, 12, 13, 14]",0.5,0.0,,,,0.0,0,0
ruler_niah_multikey_3_16k:0208,ruler_niah_multikey_3_16k,L12,ALL,"[1, 2, 3, 4, 5, 6, 7, 8, 9, 10, 11, 12, 13, 14]",0.5,0.0,,,,0.0,0,0
ruler_niah_multikey_3_16k:0208,ruler_niah_multikey_3_16k,L18,OFF,"[1, 2, 3, 4, 5, 6, 7, 8, 9, 10, 11, 12, 13, 14]",0.5,0.0,,,,0.0,0,0
ruler_niah_multikey_3_16k:0208,ruler_niah_multikey_3_16k,L18,L0,"[1, 2, 3, 4, 5, 6, 7, 8, 9, 10, 11, 12, 13, 14]",0.5,0.0,,,,0.0,0,0
ruler_niah_multikey_3_16k:0208,ruler_niah_multikey_3_16k,L18,L6,"[1, 2, 3, 4, 5, 6, 7, 8, 9, 10, 11, 12, 13, 14]",0.5,0.0,,,,0.0,0,0
ruler_niah_multikey_3_16k:0208,ruler_niah_multikey_3_16k,L18,L12,"[1, 2, 3, 4, 5, 6, 7, 8, 9, 10, 11, 12, 13, 14]",0.5,0.0,,,,0.0,0,0
ruler_niah_multikey_3_16k:0208,ruler_niah_multikey_3_16k,L18,L24,"[1, 2, 3, 4, 5, 6, 7, 8, 9, 10, 11, 12, 13, 14]",0.5,0.0,,,,0.0,0,0
ruler_niah_multikey_3_16k:0208,ruler_niah_multikey_3_16k,L18,ALL,"[1, 2, 3, 4, 5, 6, 7, 8, 9, 10, 11, 12, 13, 14]",0.5,0.0,,,,0.0,0,0
ruler_niah_multikey_3_16k:0208,ruler_niah_multikey_3_16k,L24,OFF,"[1, 2, 3, 4, 5, 6, 7, 8, 9, 10, 11, 12, 13, 14]",0.5,0.0,,,,0.0,0,0
ruler_niah_multikey_3_16k:0208,ruler_niah_multikey_3_16k,L24,L0,"[1, 2, 3, 4, 5, 6, 7, 8, 9, 10, 11, 12, 13, 14]",0.5,0.0,,,,0.0,0,0
ruler_niah_multikey_3_16k:0208,ruler_niah_multikey_3_16k,L24,L6,"[1, 2, 3, 4, 5, 6, 7, 8, 9, 10, 11, 12, 13, 14]",0.5,0.0,,,,0.0,0,0
ruler_niah_multikey_3_16k:0208,ruler_niah_multikey_3_16k,L24,L12,"[1, 2, 3, 4, 5, 6, 7, 8, 9, 10, 11, 12, 13, 14]",0.5,0.0,,,,0.0,0,0
ruler_niah_multikey_3_16k:0208,ruler_niah_multikey_3_16k,L24,L18,"[1, 2, 3, 4, 5, 6, 7, 8, 9, 10, 11, 12, 13, 14]",0.5,0.0,,,,0.0,0,0
ruler_niah_multikey_3_16k:0208,ruler_niah_multikey_3_16k,L24,ALL,"[1, 2, 3, 4, 5, 6, 7, 8, 9, 10, 11, 12, 13, 14]",0.5,0.0,,,,0.0,0,0
ruler_niah_multikey_3_16k:0208,ruler_niah_multikey_3_16k,ALL,OFF,"[1, 2, 3, 4, 5, 6, 7, 8, 9, 10, 11, 12, 13, 14]",0.5,0.0,,,,0.0,0,0
ruler_niah_multikey_3_16k:0208,ruler_niah_multikey_3_16k,ALL,L0,"[1, 2, 3, 4, 5, 6, 7, 8, 9, 10, 11, 12, 13, 14]",0.5,0.0,,,,0.0,0,0
ruler_niah_multikey_3_16k:0208,ruler_niah_multikey_3_16k,ALL,L6,"[1, 2, 3, 4, 5, 6, 7, 8, 9, 10, 11, 12, 13, 14]",0.5,0.0,,,,0.0,0,0
ruler_niah_multikey_3_16k:0208,ruler_niah_multikey_3_16k,ALL,L12,"[1, 2, 3, 4, 5, 6, 7, 8, 9, 10, 11, 12, 13, 14]",0.5,0.0,,,,0.0,0,0
ruler_niah_multikey_3_16k:0208,ruler_niah_multikey_3_16k,ALL,L18,"[1, 2, 3, 4, 5, 6, 7, 8, 9, 10, 11, 12, 13, 14]",0.5,0.0,,,,0.0,0,0
ruler_niah_multikey_3_16k:0208,ruler_niah_multikey_3_16k,ALL,L24,"[1, 2, 3, 4, 5, 6, 7, 8, 9, 10, 11, 12, 13, 14]",0.5,0.0,,,,0.0,0,0
ruler_niah_multikey_3_16k:0212,ruler_niah_multikey_3_16k,OFF,L0,[2],0.14285714285714285,1.0,0.14285714285714285,0.14285714285714285,0.0,0.0,1,1
ruler_niah_multikey_3_16k:0212,ruler_niah_multikey_3_16k,OFF,L6,"[1, 2, 3, 4, 5, 6, 7, 8, 9, 10, 11, 12, 13]",0.5,0.0,,,,0.0,0,0
ruler_niah_multikey_3_16k:0212,ruler_niah_multikey_3_16k,OFF,L12,"[3, 5]",0.2857142857142857,0.0,0.21428571428571427,0.35714285714285715,0.14285714285714285,0.0,2,2
ruler_niah_multikey_3_16k:0212,ruler_niah_multikey_3_16k,OFF,L18,"[6, 7]",0.4642857142857143,0.0,0.42857142857142855,0.5,0.07142857142857142,0.07142857142857142,2,2
ruler_niah_multikey_3_16k:0212,ruler_niah_multikey_3_16k,OFF,L24,"[1, 2, 3, 4, 5, 6, 7, 8, 9, 10, 11, 12, 13]",0.5,0.0,,,,0.0,0,0
ruler_niah_multikey_3_16k:0212,ruler_niah_multikey_3_16k,OFF,ALL,"[1, 2, 3, 4, 5, 6, 7, 8, 9, 10, 11, 12, 13]",0.5,0.0,,,,0.0,0,0
ruler_niah_multikey_3_16k:0212,ruler_niah_multikey_3_16k,L0,OFF,"[4, 5]",0.32142857142857145,0.0,0.2857142857142857,0.35714285714285715,0.07142857142857142,0.07142857142857142,2,2
ruler_niah_multikey_3_16k:0212,ruler_niah_multikey_3_16k,L0,L6,"[1, 2, 3, 4, 5, 6, 7, 8, 9, 10, 11, 12, 13]",0.5,0.0,,,,0.0,0,0
ruler_niah_multikey_3_16k:0212,ruler_niah_multikey_3_16k,L0,L12,"[1, 2, 3, 4, 5, 6, 7, 8, 9, 10, 11, 12, 13]",0.5,0.0,,,,0.0,0,0
ruler_niah_multikey_3_16k:0212,ruler_niah_multikey_3_16k,L0,L18,"[1, 2, 3, 4, 5, 6, 7, 8, 9, 10, 11, 12, 13]",0.5,0.0,,,,0.0,0,0
ruler_niah_multikey_3_16k:0212,ruler_niah_multikey_3_16k,L0,L24,"[1, 2, 3, 4, 5, 6, 7, 8, 9, 10, 11, 12, 13]",0.5,0.0,,,,0.0,0,0
ruler_niah_multikey_3_16k:0212,ruler_niah_multikey_3_16k,L0,ALL,"[1, 2, 3, 4, 5, 6, 7, 8, 9, 10, 11, 12, 13]",0.5,0.0,,,,0.0,0,0
ruler_niah_multikey_3_16k:0212,ruler_niah_multikey_3_16k,L6,OFF,"[1, 7]",0.2857142857142857,0.0,0.07142857142857142,0.5,0.42857142857142855,0.0,2,2
ruler_niah_multikey_3_16k:0212,ruler_niah_multikey_3_16k,L6,L0,"[6, 7, 10, 11]",0.6071428571428571,0.0,0.42857142857142855,0.7857142857142857,0.35714285714285715,0.07142857142857142,4,4
ruler_niah_multikey_3_16k:0212,ruler_niah_multikey_3_16k,L6,L12,[7],0.5,1.0,0.5,0.5,0.0,0.0,1,1
ruler_niah_multikey_3_16k:0212,ruler_niah_multikey_3_16k,L6,L18,[6],0.42857142857142855,1.0,0.42857142857142855,0.42857142857142855,0.0,0.0,1,1
ruler_niah_multikey_3_16k:0212,ruler_niah_multikey_3_16k,L6,L24,"[1, 6]",0.25,0.0,0.07142857142857142,0.42857142857142855,0.35714285714285715,0.0,2,2
ruler_niah_multikey_3_16k:0212,ruler_niah_multikey_3_16k,L6,ALL,[1],0.07142857142857142,1.0,0.07142857142857142,0.07142857142857142,0.0,0.0,1,1
ruler_niah_multikey_3_16k:0212,ruler_niah_multikey_3_16k,L12,OFF,"[1, 3, 4, 7, 8]",0.32857142857142857,0.0,0.07142857142857142,0.5714285714285714,0.5,0.07142857142857142,5,5
ruler_niah_multikey_3_16k:0212,ruler_niah_multikey_3_16k,L12,L0,"[1, 7]",0.2857142857142857,0.0,0.07142857142857142,0.5,0.42857142857142855,0.0,2,2
ruler_niah_multikey_3_16k:0212,ruler_niah_multikey_3_16k,L12,L6,[12],0.8571428571428571,1.0,0.8571428571428571,0.8571428571428571,0.0,0.0,1,1
ruler_niah_multikey_3_16k:0212,ruler_niah_multikey_3_16k,L12,L18,"[2, 6, 7]",0.35714285714285715,0.0,0.14285714285714285,0.5,0.35714285714285715,0.07142857142857142,3,3
ruler_niah_multikey_3_16k:0212,ruler_niah_multikey_3_16k,L12,L24,"[3, 4, 9]",0.38095238095238093,0.0,0.21428571428571427,0.6428571428571429,0.42857142857142855,0.07142857142857142,3,3
ruler_niah_multikey_3_16k:0212,ruler_niah_multikey_3_16k,L12,ALL,"[2, 11]",0.4642857142857143,0.0,0.14285714285714285,0.7857142857142857,0.6428571428571429,0.0,2,2
ruler_niah_multikey_3_16k:0212,ruler_niah_multikey_3_16k,L18,OFF,"[2, 3, 7]",0.2857142857142857,0.0,0.14285714285714285,0.5,0.35714285714285715,0.07142857142857142,3,3
ruler_niah_multikey_3_16k:0212,ruler_niah_multikey_3_16k,L18,L0,[6],0.42857142857142855,1.0,0.42857142857142855,0.42857142857142855,0.0,0.0,1,1
ruler_niah_multikey_3_16k:0212,ruler_niah_multikey_3_16k,L18,L6,[8],0.5714285714285714,1.0,0.5714285714285714,0.5714285714285714,0.0,0.0,1,1
ruler_niah_multikey_3_16k:0212,ruler_niah_multikey_3_16k,L18,L12,"[1, 2, 4, 6]",0.23214285714285715,0.0,0.07142857142857142,0.42857142857142855,0.35714285714285715,0.07142857142857142,4,4
ruler_niah_multikey_3_16k:0212,ruler_niah_multikey_3_16k,L18,L24,"[1, 2, 7, 11]",0.375,0.0,0.07142857142857142,0.7857142857142857,0.7142857142857143,0.07142857142857142,4,4
ruler_niah_multikey_3_16k:0212,ruler_niah_multikey_3_16k,L18,ALL,[13],0.9285714285714286,1.0,0.9285714285714286,0.9285714285714286,0.0,0.0,1,1
ruler_niah_multikey_3_16k:0212,ruler_niah_multikey_3_16k,L24,OFF,"[1, 2, 3, 4, 5, 6, 7, 8, 9, 10, 11, 12, 13]",0.5,0.0,,,,0.0,0,0
ruler_niah_multikey_3_16k:0212,ruler_niah_multikey_3_16k,L24,L0,"[1, 2, 3, 4, 5, 6, 7, 8, 9, 10, 11, 12, 13]",0.5,0.0,,,,0.0,0,0
ruler_niah_multikey_3_16k:0212,ruler_niah_multikey_3_16k,L24,L6,"[1, 2, 3, 4, 5, 6, 7, 8, 9, 10, 11, 12, 13]",0.5,0.0,,,,0.0,0,0
ruler_niah_multikey_3_16k:0212,ruler_niah_multikey_3_16k,L24,L12,"[1, 2, 3, 4, 5, 6, 7, 8, 9, 10, 11, 12, 13]",0.5,0.0,,,,0.0,0,0
ruler_niah_multikey_3_16k:0212,ruler_niah_multikey_3_16k,L24,L18,[10],0.7142857142857143,1.0,0.7142857142857143,0.7142857142857143,0.0,0.0,1,1
ruler_niah_multikey_3_16k:0212,ruler_niah_multikey_3_16k,L24,ALL,"[9, 11]",0.7142857142857143,0.0,0.6428571428571429,0.7857142857142857,0.14285714285714285,0.0,2,2
ruler_niah_multikey_3_16k:0212,ruler_niah_multikey_3_16k,ALL,OFF,"[1, 2, 3, 4, 5, 6, 7, 8, 9, 10, 11, 12, 13]",0.5,0.0,,,,0.0,0,0
ruler_niah_multikey_3_16k:0212,ruler_niah_multikey_3_16k,ALL,L0,"[1, 2, 3, 4, 5, 6, 7, 8, 9, 10, 11, 12, 13]",0.5,0.0,,,,0.0,0,0
ruler_niah_multikey_3_16k:0212,ruler_niah_multikey_3_16k,ALL,L6,"[9, 10]",0.6785714285714286,0.0,0.6428571428571429,0.7142857142857143,0.07142857142857142,0.07142857142857142,2,2
ruler_niah_multikey_3_16k:0212,ruler_niah_multikey_3_16k,ALL,L12,"[1, 2, 3, 4, 5, 6, 7, 8, 9, 10, 11, 12, 13]",0.5,0.0,,,,0.0,0,0
ruler_niah_multikey_3_16k:0212,ruler_niah_multikey_3_16k,ALL,L18,"[1, 2, 3, 4, 5, 6, 7, 8, 9, 10, 11, 12, 13]",0.5,0.0,,,,0.0,0,0
ruler_niah_multikey_3_16k:0212,ruler_niah_multikey_3_16k,ALL,L24,"[1, 2, 3, 4, 5, 6, 7, 8, 9, 10, 11, 12, 13]",0.5,0.0,,,,0.0,0,0
ruler_niah_multikey_3_16k:0217,ruler_niah_multikey_3_16k,OFF,L0,"[1, 2, 4]",0.15555555555555556,0.0,0.06666666666666667,0.26666666666666666,0.2,0.06666666666666667,3,3
ruler_niah_multikey_3_16k:0217,ruler_niah_multikey_3_16k,OFF,L6,"[1, 2, 3, 4, 5, 6, 7, 8, 9, 10, 11, 12, 13, 14]",0.5,0.0,,,,0.0,0,0
ruler_niah_multikey_3_16k:0217,ruler_niah_multikey_3_16k,OFF,L12,"[3, 4, 10]",0.3777777777777778,0.0,0.2,0.6666666666666666,0.4666666666666667,0.06666666666666667,3,3
ruler_niah_multikey_3_16k:0217,ruler_niah_multikey_3_16k,OFF,L18,"[1, 2, 3, 4, 5, 6, 7, 8, 9, 10, 11, 12, 13, 14]",0.5,0.0,,,,0.0,0,0
ruler_niah_multikey_3_16k:0217,ruler_niah_multikey_3_16k,OFF,L24,"[4, 7, 12]",0.5111111111111112,0.0,0.26666666666666666,0.8,0.5333333333333333,0.0,3,3
ruler_niah_multikey_3_16k:0217,ruler_niah_multikey_3_16k,OFF,ALL,[7],0.4666666666666667,1.0,0.4666666666666667,0.4666666666666667,0.0,0.0,1,1
ruler_niah_multikey_3_16k:0217,ruler_niah_multikey_3_16k,L0,OFF,[4],0.26666666666666666,1.0,0.26666666666666666,0.26666666666666666,0.0,0.0,1,1
ruler_niah_multikey_3_16k:0217,ruler_niah_multikey_3_16k,L0,L6,"[3, 4, 5, 7]",0.31666666666666665,0.0,0.2,0.4666666666666667,0.26666666666666666,0.13333333333333333,4,4
ruler_niah_multikey_3_16k:0217,ruler_niah_multikey_3_16k,L0,L12,[4],0.26666666666666666,1.0,0.26666666666666666,0.26666666666666666,0.0,0.0,1,1
ruler_niah_multikey_3_16k:0217,ruler_niah_multikey_3_16k,L0,L18,"[3, 4]",0.23333333333333334,0.0,0.2,0.26666666666666666,0.06666666666666667,0.06666666666666667,2,2
ruler_niah_multikey_3_16k:0217,ruler_niah_multikey_3_16k,L0,L24,[4],0.26666666666666666,1.0,0.26666666666666666,0.26666666666666666,0.0,0.0,1,1
ruler_niah_multikey_3_16k:0217,ruler_niah_multikey_3_16k,L0,ALL,"[8, 12]",0.6666666666666666,0.0,0.5333333333333333,0.8,0.26666666666666666,0.0,2,2
ruler_niah_multikey_3_16k:0217,ruler_niah_multikey_3_16k,L6,OFF,"[3, 6]",0.3,0.0,0.2,0.4,0.2,0.0,2,2
ruler_niah_multikey_3_16k:0217,ruler_niah_multikey_3_16k,L6,L0,[10],0.6666666666666666,1.0,0.6666666666666666,0.6666666666666666,0.0,0.0,1,1
ruler_niah_multikey_3_16k:0217,ruler_niah_multikey_3_16k,L6,L12,"[1, 2, 3, 4, 5, 6, 7, 8, 9, 10, 11, 12, 13, 14]",0.5,0.0,,,,0.0,0,0
ruler_niah_multikey_3_16k:0217,ruler_niah_multikey_3_16k,L6,L18,"[1, 6]",0.23333333333333334,0.0,0.06666666666666667,0.4,0.3333333333333333,0.0,2,2
ruler_niah_multikey_3_16k:0217,ruler_niah_multikey_3_16k,L6,L24,[3],0.2,1.0,0.2,0.2,0.0,0.0,1,1
ruler_niah_multikey_3_16k:0217,ruler_niah_multikey_3_16k,L6,ALL,"[1, 11]",0.4,0.0,0.06666666666666667,0.7333333333333333,0.6666666666666666,0.0,2,2
ruler_niah_multikey_3_16k:0217,ruler_niah_multikey_3_16k,L12,OFF,[2],0.13333333333333333,1.0,0.13333333333333333,0.13333333333333333,0.0,0.0,1,1
ruler_niah_multikey_3_16k:0217,ruler_niah_multikey_3_16k,L12,L0,"[1, 7, 10]",0.4,0.0,0.06666666666666667,0.6666666666666666,0.6,0.0,3,3
ruler_niah_multikey_3_16k:0217,ruler_niah_multikey_3_16k,L12,L6,"[1, 2, 3, 4, 5, 6, 7, 8, 9, 10, 11, 12, 13, 14]",0.5,0.0,,,,0.0,0,0
ruler_niah_multikey_3_16k:0217,ruler_niah_multikey_3_16k,L12,L18,"[1, 2, 3, 4, 5, 6, 7, 8, 9, 10, 11, 12, 13, 14]",0.5,0.0,,,,0.0,0,0
ruler_niah_multikey_3_16k:0217,ruler_niah_multikey_3_16k,L12,L24,"[2, 9, 13]",0.5333333333333333,0.0,0.13333333333333333,0.8666666666666667,0.7333333333333333,0.0,3,3
ruler_niah_multikey_3_16k:0217,ruler_niah_multikey_3_16k,L12,ALL,"[7, 9, 12, 13]",0.6833333333333333,0.0,0.4666666666666667,0.8666666666666667,0.4,0.06666666666666667,4,4
ruler_niah_multikey_3_16k:0217,ruler_niah_multikey_3_16k,L18,OFF,"[1, 2, 3, 4, 5, 6, 7, 8, 9, 10, 11, 12, 13, 14]",0.5,0.0,,,,0.0,0,0
ruler_niah_multikey_3_16k:0217,ruler_niah_multikey_3_16k,L18,L0,[7],0.4666666666666667,1.0,0.4666666666666667,0.4666666666666667,0.0,0.0,1,1
ruler_niah_multikey_3_16k:0217,ruler_niah_multikey_3_16k,L18,L6,[6],0.4,1.0,0.4,0.4,0.0,0.0,1,1
ruler_niah_multikey_3_16k:0217,ruler_niah_multikey_3_16k,L18,L12,[7],0.4666666666666667,1.0,0.4666666666666667,0.4666666666666667,0.0,0.0,1,1
ruler_niah_multikey_3_16k:0217,ruler_niah_multikey_3_16k,L18,L24,"[1, 2, 3, 4, 5, 6, 7, 8, 9, 10, 11, 12, 13, 14]",0.5,0.0,,,,0.0,0,0
ruler_niah_multikey_3_16k:0217,ruler_niah_multikey_3_16k,L18,ALL,"[5, 7, 9]",0.4666666666666667,0.0,0.3333333333333333,0.6,0.26666666666666666,0.0,3,3
ruler_niah_multikey_3_16k:0217,ruler_niah_multikey_3_16k,L24,OFF,"[6, 10]",0.5333333333333333,0.0,0.4,0.6666666666666666,0.26666666666666666,0.0,2,2
ruler_niah_multikey_3_16k:0217,ruler_niah_multikey_3_16k,L24,L0,"[1, 2]",0.1,0.0,0.06666666666666667,0.13333333333333333,0.06666666666666667,0.06666666666666667,2,2
ruler_niah_multikey_3_16k:0217,ruler_niah_multikey_3_16k,L24,L6,[10],0.6666666666666666,1.0,0.6666666666666666,0.6666666666666666,0.0,0.0,1,1
ruler_niah_multikey_3_16k:0217,ruler_niah_multikey_3_16k,L24,L12,"[3, 4]",0.23333333333333334,0.0,0.2,0.26666666666666666,0.06666666666666667,0.06666666666666667,2,2
ruler_niah_multikey_3_16k:0217,ruler_niah_multikey_3_16k,L24,L18,"[1, 2, 3, 4, 5, 6, 7, 8, 9, 10, 11, 12, 13, 14]",0.5,0.0,,,,0.0,0,0
ruler_niah_multikey_3_16k:0217,ruler_niah_multikey_3_16k,L24,ALL,[5],0.3333333333333333,1.0,0.3333333333333333,0.3333333333333333,0.0,0.0,1,1
ruler_niah_multikey_3_16k:0217,ruler_niah_multikey_3_16k,ALL,OFF,"[2, 3]",0.16666666666666666,0.0,0.13333333333333333,0.2,0.06666666666666667,0.06666666666666667,2,2
ruler_niah_multikey_3_16k:0217,ruler_niah_multikey_3_16k,ALL,L0,[11],0.7333333333333333,1.0,0.7333333333333333,0.7333333333333333,0.0,0.0,1,1
ruler_niah_multikey_3_16k:0217,ruler_niah_multikey_3_16k,ALL,L6,"[1, 2, 3, 4, 5, 6, 7, 8, 9, 10, 11, 12, 13, 14]",0.5,0.0,,,,0.0,0,0
ruler_niah_multikey_3_16k:0217,ruler_niah_multikey_3_16k,ALL,L12,"[1, 2, 3, 4, 5, 6, 7, 8, 9, 10, 11, 12, 13, 14]",0.5,0.0,,,,0.0,0,0
ruler_niah_multikey_3_16k:0217,ruler_niah_multikey_3_16k,ALL,L18,"[1, 2, 3, 4, 5, 6, 7, 8, 9, 10, 11, 12, 13, 14]",0.5,0.0,,,,0.0,0,0
ruler_niah_multikey_3_16k:0217,ruler_niah_multikey_3_16k,ALL,L24,"[1, 2, 3, 4, 5, 6, 7, 8, 9, 10, 11, 12, 13, 14]",0.5,0.0,,,,0.0,0,0
ruler_niah_multikey_3_16k:0220,ruler_niah_multikey_3_16k,OFF,L0,[3],0.2,1.0,0.2,0.2,0.0,0.0,1,1
ruler_niah_multikey_3_16k:0220,ruler_niah_multikey_3_16k,OFF,L6,"[1, 2, 3, 4, 5, 6, 7, 8, 9, 10, 11, 12, 13, 14]",0.5,0.0,,,,0.0,0,0
ruler_niah_multikey_3_16k:0220,ruler_niah_multikey_3_16k,OFF,L12,"[1, 2, 3, 4, 5, 6, 7, 8, 9, 10, 11, 12, 13, 14]",0.5,0.0,,,,0.0,0,0
ruler_niah_multikey_3_16k:0220,ruler_niah_multikey_3_16k,OFF,L18,"[1, 2, 3, 4, 5, 6, 7, 8, 9, 10, 11, 12, 13, 14]",0.5,0.0,,,,0.0,0,0
ruler_niah_multikey_3_16k:0220,ruler_niah_multikey_3_16k,OFF,L24,"[1, 2, 3, 4, 5, 6, 7, 8, 9, 10, 11, 12, 13, 14]",0.5,0.0,,,,0.0,0,0
ruler_niah_multikey_3_16k:0220,ruler_niah_multikey_3_16k,OFF,ALL,"[2, 3]",0.16666666666666666,0.0,0.13333333333333333,0.2,0.06666666666666667,0.06666666666666667,2,2
ruler_niah_multikey_3_16k:0220,ruler_niah_multikey_3_16k,L0,OFF,"[1, 2, 3, 4, 5, 6, 7, 8, 9, 10, 11, 12, 13, 14]",0.5,0.0,,,,0.0,0,0
ruler_niah_multikey_3_16k:0220,ruler_niah_multikey_3_16k,L0,L6,"[1, 7]",0.26666666666666666,0.0,0.06666666666666667,0.4666666666666667,0.4,0.0,2,2
ruler_niah_multikey_3_16k:0220,ruler_niah_multikey_3_16k,L0,L12,[7],0.4666666666666667,1.0,0.4666666666666667,0.4666666666666667,0.0,0.0,1,1
ruler_niah_multikey_3_16k:0220,ruler_niah_multikey_3_16k,L0,L18,[7],0.4666666666666667,1.0,0.4666666666666667,0.4666666666666667,0.0,0.0,1,1
ruler_niah_multikey_3_16k:0220,ruler_niah_multikey_3_16k,L0,L24,[7],0.4666666666666667,1.0,0.4666666666666667,0.4666666666666667,0.0,0.0,1,1
ruler_niah_multikey_3_16k:0220,ruler_niah_multikey_3_16k,L0,ALL,"[1, 2, 3, 4, 5, 6, 7, 8, 9, 10, 11, 12, 13, 14]",0.5,0.0,,,,0.0,0,0
ruler_niah_multikey_3_16k:0220,ruler_niah_multikey_3_16k,L6,OFF,"[1, 2, 3, 4, 5, 6, 7, 8, 9, 10, 11, 12, 13, 14]",0.5,0.0,,,,0.0,0,0
ruler_niah_multikey_3_16k:0220,ruler_niah_multikey_3_16k,L6,L0,"[3, 8]",0.36666666666666664,0.0,0.2,0.5333333333333333,0.3333333333333333,0.0,2,2
ruler_niah_multikey_3_16k:0220,ruler_niah_multikey_3_16k,L6,L12,"[1, 2, 3, 4, 5, 6, 7, 8, 9, 10, 11, 12, 13, 14]",0.5,0.0,,,,0.0,0,0
ruler_niah_multikey_3_16k:0220,ruler_niah_multikey_3_16k,L6,L18,"[1, 2, 3, 4, 5, 6, 7, 8, 9, 10, 11, 12, 13, 14]",0.5,0.0,,,,0.0,0,0
ruler_niah_multikey_3_16k:0220,ruler_niah_multikey_3_16k,L6,L24,"[1, 2, 3, 4, 5, 6, 7, 8, 9, 10, 11, 12, 13, 14]",0.5,0.0,,,,0.0,0,0
ruler_niah_multikey_3_16k:0220,ruler_niah_multikey_3_16k,L6,ALL,"[1, 3]",0.13333333333333333,0.0,0.06666666666666667,0.2,0.13333333333333333,0.0,2,2
ruler_niah_multikey_3_16k:0220,ruler_niah_multikey_3_16k,L12,OFF,"[1, 2, 3, 4, 5, 6, 7, 8, 9, 10, 11, 12, 13, 14]",0.5,0.0,,,,0.0,0,0
ruler_niah_multikey_3_16k:0220,ruler_niah_multikey_3_16k,L12,L0,[2],0.13333333333333333,1.0,0.13333333333333333,0.13333333333333333,0.0,0.0,1,1
ruler_niah_multikey_3_16k:0220,ruler_niah_multikey_3_16k,L12,L6,"[1, 2, 3, 4, 5, 6, 7, 8, 9, 10, 11, 12, 13, 14]",0.5,0.0,,,,0.0,0,0
ruler_niah_multikey_3_16k:0220,ruler_niah_multikey_3_16k,L12,L18,"[1, 2, 3, 4, 5, 6, 7, 8, 9, 10, 11, 12, 13, 14]",0.5,0.0,,,,0.0,0,0
ruler_niah_multikey_3_16k:0220,ruler_niah_multikey_3_16k,L12,L24,"[1, 2, 3, 4, 5, 6, 7, 8, 9, 10, 11, 12, 13, 14]",0.5,0.0,,,,0.0,0,0
ruler_niah_multikey_3_16k:0220,ruler_niah_multikey_3_16k,L12,ALL,[3],0.2,1.0,0.2,0.2,0.0,0.0,1,1
ruler_niah_multikey_3_16k:0220,ruler_niah_multikey_3_16k,L18,OFF,"[1, 2, 3, 4, 5, 6, 7, 8, 9, 10, 11, 12, 13, 14]",0.5,0.0,,,,0.0,0,0
ruler_niah_multikey_3_16k:0220,ruler_niah_multikey_3_16k,L18,L0,"[1, 2, 3, 4, 5, 6, 7, 8, 9, 10, 11, 12, 13, 14]",0.5,0.0,,,,0.0,0,0
ruler_niah_multikey_3_16k:0220,ruler_niah_multikey_3_16k,L18,L6,"[1, 2, 3, 4, 5, 6, 7, 8, 9, 10, 11, 12, 13, 14]",0.5,0.0,,,,0.0,0,0
ruler_niah_multikey_3_16k:0220,ruler_niah_multikey_3_16k,L18,L12,"[1, 2, 3, 4, 5, 6, 7, 8, 9, 10, 11, 12, 13, 14]",0.5,0.0,,,,0.0,0,0
ruler_niah_multikey_3_16k:0220,ruler_niah_multikey_3_16k,L18,L24,"[1, 2, 3, 4, 5, 6, 7, 8, 9, 10, 11, 12, 13, 14]",0.5,0.0,,,,0.0,0,0
ruler_niah_multikey_3_16k:0220,ruler_niah_multikey_3_16k,L18,ALL,[3],0.2,1.0,0.2,0.2,0.0,0.0,1,1
ruler_niah_multikey_3_16k:0220,ruler_niah_multikey_3_16k,L24,OFF,"[1, 2, 3, 4, 5, 6, 7, 8, 9, 10, 11, 12, 13, 14]",0.5,0.0,,,,0.0,0,0
ruler_niah_multikey_3_16k:0220,ruler_niah_multikey_3_16k,L24,L0,[3],0.2,1.0,0.2,0.2,0.0,0.0,1,1
ruler_niah_multikey_3_16k:0220,ruler_niah_multikey_3_16k,L24,L6,"[1, 2, 3, 4, 5, 6, 7, 8, 9, 10, 11, 12, 13, 14]",0.5,0.0,,,,0.0,0,0
ruler_niah_multikey_3_16k:0220,ruler_niah_multikey_3_16k,L24,L12,"[1, 2, 3, 4, 5, 6, 7, 8, 9, 10, 11, 12, 13, 14]",0.5,0.0,,,,0.0,0,0
ruler_niah_multikey_3_16k:0220,ruler_niah_multikey_3_16k,L24,L18,"[1, 2, 3, 4, 5, 6, 7, 8, 9, 10, 11, 12, 13, 14]",0.5,0.0,,,,0.0,0,0
ruler_niah_multikey_3_16k:0220,ruler_niah_multikey_3_16k,L24,ALL,[3],0.2,1.0,0.2,0.2,0.0,0.0,1,1
ruler_niah_multikey_3_16k:0220,ruler_niah_multikey_3_16k,ALL,OFF,[7],0.4666666666666667,1.0,0.4666666666666667,0.4666666666666667,0.0,0.0,1,1
ruler_niah_multikey_3_16k:0220,ruler_niah_multikey_3_16k,ALL,L0,"[1, 2, 3, 4, 5, 6, 7, 8, 9, 10, 11, 12, 13, 14]",0.5,0.0,,,,0.0,0,0
ruler_niah_multikey_3_16k:0220,ruler_niah_multikey_3_16k,ALL,L6,[6],0.4,1.0,0.4,0.4,0.0,0.0,1,1
ruler_niah_multikey_3_16k:0220,ruler_niah_multikey_3_16k,ALL,L12,[9],0.6,1.0,0.6,0.6,0.0,0.0,1,1
ruler_niah_multikey_3_16k:0220,ruler_niah_multikey_3_16k,ALL,L18,"[1, 2, 3, 4, 5, 6, 7, 8, 9, 10, 11, 12, 13, 14]",0.5,0.0,,,,0.0,0,0
ruler_niah_multikey_3_16k:0220,ruler_niah_multikey_3_16k,ALL,L24,"[6, 7]",0.43333333333333335,0.0,0.4,0.4666666666666667,0.06666666666666667,0.06666666666666667,2,2
ruler_niah_multikey_3_16k:0251,ruler_niah_multikey_3_16k,OFF,L0,"[1, 2, 3, 4, 5, 6, 7, 8, 9, 10, 11, 12, 13, 14]",0.5,0.0,,,,0.0,0,0
ruler_niah_multikey_3_16k:0251,ruler_niah_multikey_3_16k,OFF,L6,"[1, 2, 3, 4, 5, 6, 7, 8, 9, 10, 11, 12, 13, 14]",0.5,0.0,,,,0.0,0,0
ruler_niah_multikey_3_16k:0251,ruler_niah_multikey_3_16k,OFF,L12,"[1, 2, 3, 4, 5, 6, 7, 8, 9, 10, 11, 12, 13, 14]",0.5,0.0,,,,0.0,0,0
ruler_niah_multikey_3_16k:0251,ruler_niah_multikey_3_16k,OFF,L18,"[1, 2, 3, 4, 5, 6, 7, 8, 9, 10, 11, 12, 13, 14]",0.5,0.0,,,,0.0,0,0
ruler_niah_multikey_3_16k:0251,ruler_niah_multikey_3_16k,OFF,L24,"[1, 2, 3, 4, 5, 6, 7, 8, 9, 10, 11, 12, 13, 14]",0.5,0.0,,,,0.0,0,0
ruler_niah_multikey_3_16k:0251,ruler_niah_multikey_3_16k,OFF,ALL,"[1, 2, 3, 4, 5, 6, 7, 8, 9, 10, 11, 12, 13, 14]",0.5,0.0,,,,0.0,0,0
ruler_niah_multikey_3_16k:0251,ruler_niah_multikey_3_16k,L0,OFF,"[1, 2, 3, 4, 5, 6, 7, 8, 9, 10, 11, 12, 13, 14]",0.5,0.0,,,,0.0,0,0
ruler_niah_multikey_3_16k:0251,ruler_niah_multikey_3_16k,L0,L6,"[1, 2, 3, 4, 5, 6, 7, 8, 9, 10, 11, 12, 13, 14]",0.5,0.0,,,,0.0,0,0
ruler_niah_multikey_3_16k:0251,ruler_niah_multikey_3_16k,L0,L12,"[1, 2, 3, 4, 5, 6, 7, 8, 9, 10, 11, 12, 13, 14]",0.5,0.0,,,,0.0,0,0
ruler_niah_multikey_3_16k:0251,ruler_niah_multikey_3_16k,L0,L18,"[1, 2, 3, 4, 5, 6, 7, 8, 9, 10, 11, 12, 13, 14]",0.5,0.0,,,,0.0,0,0
ruler_niah_multikey_3_16k:0251,ruler_niah_multikey_3_16k,L0,L24,"[1, 2, 3, 4, 5, 6, 7, 8, 9, 10, 11, 12, 13, 14]",0.5,0.0,,,,0.0,0,0
ruler_niah_multikey_3_16k:0251,ruler_niah_multikey_3_16k,L0,ALL,"[1, 2, 3, 4, 5, 6, 7, 8, 9, 10, 11, 12, 13, 14]",0.5,0.0,,,,0.0,0,0
ruler_niah_multikey_3_16k:0251,ruler_niah_multikey_3_16k,L6,OFF,"[1, 2, 3, 4, 5, 6, 7, 8, 9, 10, 11, 12, 13, 14]",0.5,0.0,,,,0.0,0,0
ruler_niah_multikey_3_16k:0251,ruler_niah_multikey_3_16k,L6,L0,"[1, 2, 3, 4, 5, 6, 7, 8, 9, 10, 11, 12, 13, 14]",0.5,0.0,,,,0.0,0,0
ruler_niah_multikey_3_16k:0251,ruler_niah_multikey_3_16k,L6,L12,"[1, 2, 3, 4, 5, 6, 7, 8, 9, 10, 11, 12, 13, 14]",0.5,0.0,,,,0.0,0,0
ruler_niah_multikey_3_16k:0251,ruler_niah_multikey_3_16k,L6,L18,"[1, 2, 3, 4, 5, 6, 7, 8, 9, 10, 11, 12, 13, 14]",0.5,0.0,,,,0.0,0,0
ruler_niah_multikey_3_16k:0251,ruler_niah_multikey_3_16k,L6,L24,"[1, 2, 3, 4, 5, 6, 7, 8, 9, 10, 11, 12, 13, 14]",0.5,0.0,,,,0.0,0,0
ruler_niah_multikey_3_16k:0251,ruler_niah_multikey_3_16k,L6,ALL,"[1, 2, 3, 4, 5, 6, 7, 8, 9, 10, 11, 12, 13, 14]",0.5,0.0,,,,0.0,0,0
ruler_niah_multikey_3_16k:0251,ruler_niah_multikey_3_16k,L12,OFF,"[1, 2, 3, 4, 5, 6, 7, 8, 9, 10, 11, 12, 13, 14]",0.5,0.0,,,,0.0,0,0
ruler_niah_multikey_3_16k:0251,ruler_niah_multikey_3_16k,L12,L0,"[1, 2, 3, 4, 5, 6, 7, 8, 9, 10, 11, 12, 13, 14]",0.5,0.0,,,,0.0,0,0
ruler_niah_multikey_3_16k:0251,ruler_niah_multikey_3_16k,L12,L6,"[1, 2, 3, 4, 5, 6, 7, 8, 9, 10, 11, 12, 13, 14]",0.5,0.0,,,,0.0,0,0
ruler_niah_multikey_3_16k:0251,ruler_niah_multikey_3_16k,L12,L18,"[1, 2, 3, 4, 5, 6, 7, 8, 9, 10, 11, 12, 13, 14]",0.5,0.0,,,,0.0,0,0
ruler_niah_multikey_3_16k:0251,ruler_niah_multikey_3_16k,L12,L24,"[1, 2, 3, 4, 5, 6, 7, 8, 9, 10, 11, 12, 13, 14]",0.5,0.0,,,,0.0,0,0
ruler_niah_multikey_3_16k:0251,ruler_niah_multikey_3_16k,L12,ALL,"[1, 2, 3, 4, 5, 6, 7, 8, 9, 10, 11, 12, 13, 14]",0.5,0.0,,,,0.0,0,0
ruler_niah_multikey_3_16k:0251,ruler_niah_multikey_3_16k,L18,OFF,"[1, 2, 3, 4, 5, 6, 7, 8, 9, 10, 11, 12, 13, 14]",0.5,0.0,,,,0.0,0,0
ruler_niah_multikey_3_16k:0251,ruler_niah_multikey_3_16k,L18,L0,"[1, 2, 3, 4, 5, 6, 7, 8, 9, 10, 11, 12, 13, 14]",0.5,0.0,,,,0.0,0,0
ruler_niah_multikey_3_16k:0251,ruler_niah_multikey_3_16k,L18,L6,"[1, 2, 3, 4, 5, 6, 7, 8, 9, 10, 11, 12, 13, 14]",0.5,0.0,,,,0.0,0,0
ruler_niah_multikey_3_16k:0251,ruler_niah_multikey_3_16k,L18,L12,"[1, 2, 3, 4, 5, 6, 7, 8, 9, 10, 11, 12, 13, 14]",0.5,0.0,,,,0.0,0,0
ruler_niah_multikey_3_16k:0251,ruler_niah_multikey_3_16k,L18,L24,"[1, 2, 3, 4, 5, 6, 7, 8, 9, 10, 11, 12, 13, 14]",0.5,0.0,,,,0.0,0,0
ruler_niah_multikey_3_16k:0251,ruler_niah_multikey_3_16k,L18,ALL,"[1, 2, 3, 4, 5, 6, 7, 8, 9, 10, 11, 12, 13, 14]",0.5,0.0,,,,0.0,0,0
ruler_niah_multikey_3_16k:0251,ruler_niah_multikey_3_16k,L24,OFF,"[1, 2, 3, 4, 5, 6, 7, 8, 9, 10, 11, 12, 13, 14]",0.5,0.0,,,,0.0,0,0
ruler_niah_multikey_3_16k:0251,ruler_niah_multikey_3_16k,L24,L0,"[1, 2, 3, 4, 5, 6, 7, 8, 9, 10, 11, 12, 13, 14]",0.5,0.0,,,,0.0,0,0
ruler_niah_multikey_3_16k:0251,ruler_niah_multikey_3_16k,L24,L6,"[1, 2, 3, 4, 5, 6, 7, 8, 9, 10, 11, 12, 13, 14]",0.5,0.0,,,,0.0,0,0
ruler_niah_multikey_3_16k:0251,ruler_niah_multikey_3_16k,L24,L12,"[1, 2, 3, 4, 5, 6, 7, 8, 9, 10, 11, 12, 13, 14]",0.5,0.0,,,,0.0,0,0
ruler_niah_multikey_3_16k:0251,ruler_niah_multikey_3_16k,L24,L18,"[1, 2, 3, 4, 5, 6, 7, 8, 9, 10, 11, 12, 13, 14]",0.5,0.0,,,,0.0,0,0
ruler_niah_multikey_3_16k:0251,ruler_niah_multikey_3_16k,L24,ALL,"[1, 2, 3, 4, 5, 6, 7, 8, 9, 10, 11, 12, 13, 14]",0.5,0.0,,,,0.0,0,0
ruler_niah_multikey_3_16k:0251,ruler_niah_multikey_3_16k,ALL,OFF,"[1, 2, 3, 4, 5, 6, 7, 8, 9, 10, 11, 12, 13, 14]",0.5,0.0,,,,0.0,0,0
ruler_niah_multikey_3_16k:0251,ruler_niah_multikey_3_16k,ALL,L0,"[1, 2, 3, 4, 5, 6, 7, 8, 9, 10, 11, 12, 13, 14]",0.5,0.0,,,,0.0,0,0
ruler_niah_multikey_3_16k:0251,ruler_niah_multikey_3_16k,ALL,L6,"[1, 2, 3, 4, 5, 6, 7, 8, 9, 10, 11, 12, 13, 14]",0.5,0.0,,,,0.0,0,0
ruler_niah_multikey_3_16k:0251,ruler_niah_multikey_3_16k,ALL,L12,"[1, 2, 3, 4, 5, 6, 7, 8, 9, 10, 11, 12, 13, 14]",0.5,0.0,,,,0.0,0,0
ruler_niah_multikey_3_16k:0251,ruler_niah_multikey_3_16k,ALL,L18,"[1, 2, 3, 4, 5, 6, 7, 8, 9, 10, 11, 12, 13, 14]",0.5,0.0,,,,0.0,0,0
ruler_niah_multikey_3_16k:0251,ruler_niah_multikey_3_16k,ALL,L24,"[1, 2, 3, 4, 5, 6, 7, 8, 9, 10, 11, 12, 13, 14]",0.5,0.0,,,,0.0,0,0
ruler_niah_multikey_3_16k:0253,ruler_niah_multikey_3_16k,OFF,L0,"[6, 9]",0.5357142857142857,0.0,0.42857142857142855,0.6428571428571429,0.21428571428571427,0.0,2,2
ruler_niah_multikey_3_16k:0253,ruler_niah_multikey_3_16k,OFF,L6,"[1, 2, 3, 4, 5, 6, 7, 8, 9, 10, 11, 12, 13]",0.5,0.0,,,,0.0,0,0
ruler_niah_multikey_3_16k:0253,ruler_niah_multikey_3_16k,OFF,L12,"[1, 2, 3, 4, 5, 6, 7, 8, 9, 10, 11, 12, 13]",0.5,0.0,,,,0.0,0,0
ruler_niah_multikey_3_16k:0253,ruler_niah_multikey_3_16k,OFF,L18,"[1, 2, 3, 4, 5, 6, 7, 8, 9, 10, 11, 12, 13]",0.5,0.0,,,,0.0,0,0
ruler_niah_multikey_3_16k:0253,ruler_niah_multikey_3_16k,OFF,L24,"[1, 2, 3, 4, 5, 6, 7, 8, 9, 10, 11, 12, 13]",0.5,0.0,,,,0.0,0,0
ruler_niah_multikey_3_16k:0253,ruler_niah_multikey_3_16k,OFF,ALL,[3],0.21428571428571427,1.0,0.21428571428571427,0.21428571428571427,0.0,0.0,1,1
ruler_niah_multikey_3_16k:0253,ruler_niah_multikey_3_16k,L0,OFF,"[5, 6]",0.39285714285714285,0.0,0.35714285714285715,0.42857142857142855,0.07142857142857142,0.07142857142857142,2,2
ruler_niah_multikey_3_16k:0253,ruler_niah_multikey_3_16k,L0,L6,"[5, 6, 9]",0.4761904761904762,0.0,0.35714285714285715,0.6428571428571429,0.2857142857142857,0.07142857142857142,3,3
ruler_niah_multikey_3_16k:0253,ruler_niah_multikey_3_16k,L0,L12,"[5, 6]",0.39285714285714285,0.0,0.35714285714285715,0.42857142857142855,0.07142857142857142,0.07142857142857142,2,2
ruler_niah_multikey_3_16k:0253,ruler_niah_multikey_3_16k,L0,L18,"[5, 6]",0.39285714285714285,0.0,0.35714285714285715,0.42857142857142855,0.07142857142857142,0.07142857142857142,2,2
ruler_niah_multikey_3_16k:0253,ruler_niah_multikey_3_16k,L0,L24,"[5, 6]",0.39285714285714285,0.0,0.35714285714285715,0.42857142857142855,0.07142857142857142,0.07142857142857142,2,2
ruler_niah_multikey_3_16k:0253,ruler_niah_multikey_3_16k,L0,ALL,"[1, 2, 3, 4, 5, 6, 7, 8, 9, 10, 11, 12, 13]",0.5,0.0,,,,0.0,0,0
ruler_niah_multikey_3_16k:0253,ruler_niah_multikey_3_16k,L6,OFF,"[1, 2, 3, 4, 5, 6, 7, 8, 9, 10, 11, 12, 13]",0.5,0.0,,,,0.0,0,0
ruler_niah_multikey_3_16k:0253,ruler_niah_multikey_3_16k,L6,L0,"[1, 2, 3, 4, 5, 6, 7, 8, 9, 10, 11, 12, 13]",0.5,0.0,,,,0.0,0,0
ruler_niah_multikey_3_16k:0253,ruler_niah_multikey_3_16k,L6,L12,"[1, 2, 3, 4, 5, 6, 7, 8, 9, 10, 11, 12, 13]",0.5,0.0,,,,0.0,0,0
ruler_niah_multikey_3_16k:0253,ruler_niah_multikey_3_16k,L6,L18,"[1, 2, 3, 4, 5, 6, 7, 8, 9, 10, 11, 12, 13]",0.5,0.0,,,,0.0,0,0
ruler_niah_multikey_3_16k:0253,ruler_niah_multikey_3_16k,L6,L24,"[1, 2, 3, 4, 5, 6, 7, 8, 9, 10, 11, 12, 13]",0.5,0.0,,,,0.0,0,0
ruler_niah_multikey_3_16k:0253,ruler_niah_multikey_3_16k,L6,ALL,"[1, 2, 3, 4, 5, 6, 7, 8, 9, 10, 11, 12, 13]",0.5,0.0,,,,0.0,0,0
ruler_niah_multikey_3_16k:0253,ruler_niah_multikey_3_16k,L12,OFF,"[1, 2, 3, 4, 5, 6, 7, 8, 9, 10, 11, 12, 13]",0.5,0.0,,,,0.0,0,0
ruler_niah_multikey_3_16k:0253,ruler_niah_multikey_3_16k,L12,L0,"[6, 9]",0.5357142857142857,0.0,0.42857142857142855,0.6428571428571429,0.21428571428571427,0.0,2,2
ruler_niah_multikey_3_16k:0253,ruler_niah_multikey_3_16k,L12,L6,"[1, 2, 3, 4, 5, 6, 7, 8, 9, 10, 11, 12, 13]",0.5,0.0,,,,0.0,0,0
ruler_niah_multikey_3_16k:0253,ruler_niah_multikey_3_16k,L12,L18,"[1, 2, 3, 4, 5, 6, 7, 8, 9, 10, 11, 12, 13]",0.5,0.0,,,,0.0,0,0
ruler_niah_multikey_3_16k:0253,ruler_niah_multikey_3_16k,L12,L24,"[1, 2, 3, 4, 5, 6, 7, 8, 9, 10, 11, 12, 13]",0.5,0.0,,,,0.0,0,0
ruler_niah_multikey_3_16k:0253,ruler_niah_multikey_3_16k,L12,ALL,[3],0.21428571428571427,1.0,0.21428571428571427,0.21428571428571427,0.0,0.0,1,1
ruler_niah_multikey_3_16k:0253,ruler_niah_multikey_3_16k,L18,OFF,"[1, 2, 3, 4, 5, 6, 7, 8, 9, 10, 11, 12, 13]",0.5,0.0,,,,0.0,0,0
ruler_niah_multikey_3_16k:0253,ruler_niah_multikey_3_16k,L18,L0,"[6, 9]",0.5357142857142857,0.0,0.42857142857142855,0.6428571428571429,0.21428571428571427,0.0,2,2
ruler_niah_multikey_3_16k:0253,ruler_niah_multikey_3_16k,L18,L6,"[1, 2, 3, 4, 5, 6, 7, 8, 9, 10, 11, 12, 13]",0.5,0.0,,,,0.0,0,0
ruler_niah_multikey_3_16k:0253,ruler_niah_multikey_3_16k,L18,L12,"[1, 2, 3, 4, 5, 6, 7, 8, 9, 10, 11, 12, 13]",0.5,0.0,,,,0.0,0,0
ruler_niah_multikey_3_16k:0253,ruler_niah_multikey_3_16k,L18,L24,"[1, 2, 3, 4, 5, 6, 7, 8, 9, 10, 11, 12, 13]",0.5,0.0,,,,0.0,0,0
ruler_niah_multikey_3_16k:0253,ruler_niah_multikey_3_16k,L18,ALL,[3],0.21428571428571427,1.0,0.21428571428571427,0.21428571428571427,0.0,0.0,1,1
ruler_niah_multikey_3_16k:0253,ruler_niah_multikey_3_16k,L24,OFF,"[1, 2, 3, 4, 5, 6, 7, 8, 9, 10, 11, 12, 13]",0.5,0.0,,,,0.0,0,0
ruler_niah_multikey_3_16k:0253,ruler_niah_multikey_3_16k,L24,L0,"[6, 9]",0.5357142857142857,0.0,0.42857142857142855,0.6428571428571429,0.21428571428571427,0.0,2,2
ruler_niah_multikey_3_16k:0253,ruler_niah_multikey_3_16k,L24,L6,"[1, 2, 3, 4, 5, 6, 7, 8, 9, 10, 11, 12, 13]",0.5,0.0,,,,0.0,0,0
ruler_niah_multikey_3_16k:0253,ruler_niah_multikey_3_16k,L24,L12,"[1, 2, 3, 4, 5, 6, 7, 8, 9, 10, 11, 12, 13]",0.5,0.0,,,,0.0,0,0
ruler_niah_multikey_3_16k:0253,ruler_niah_multikey_3_16k,L24,L18,"[1, 2, 3, 4, 5, 6, 7, 8, 9, 10, 11, 12, 13]",0.5,0.0,,,,0.0,0,0
ruler_niah_multikey_3_16k:0253,ruler_niah_multikey_3_16k,L24,ALL,[3],0.21428571428571427,1.0,0.21428571428571427,0.21428571428571427,0.0,0.0,1,1
ruler_niah_multikey_3_16k:0253,ruler_niah_multikey_3_16k,ALL,OFF,[5],0.35714285714285715,1.0,0.35714285714285715,0.35714285714285715,0.0,0.0,1,1
ruler_niah_multikey_3_16k:0253,ruler_niah_multikey_3_16k,ALL,L0,"[1, 2, 3, 4, 5, 6, 7, 8, 9, 10, 11, 12, 13]",0.5,0.0,,,,0.0,0,0
ruler_niah_multikey_3_16k:0253,ruler_niah_multikey_3_16k,ALL,L6,"[5, 10]",0.5357142857142857,0.0,0.35714285714285715,0.7142857142857143,0.35714285714285715,0.0,2,2
ruler_niah_multikey_3_16k:0253,ruler_niah_multikey_3_16k,ALL,L12,"[5, 6, 10]",0.5,0.0,0.35714285714285715,0.7142857142857143,0.35714285714285715,0.07142857142857142,3,3
ruler_niah_multikey_3_16k:0253,ruler_niah_multikey_3_16k,ALL,L18,"[5, 6]",0.39285714285714285,0.0,0.35714285714285715,0.42857142857142855,0.07142857142857142,0.07142857142857142,2,2
ruler_niah_multikey_3_16k:0253,ruler_niah_multikey_3_16k,ALL,L24,[5],0.35714285714285715,1.0,0.35714285714285715,0.35714285714285715,0.0,0.0,1,1
ruler_niah_multikey_3_16k:0362,ruler_niah_multikey_3_16k,OFF,L0,"[1, 2, 3, 4, 5, 6, 7, 8, 9, 10, 11, 12, 13, 14]",0.5,0.0,,,,0.0,0,0
ruler_niah_multikey_3_16k:0362,ruler_niah_multikey_3_16k,OFF,L6,"[1, 2, 3, 4, 5, 6, 7, 8, 9, 10, 11, 12, 13, 14]",0.5,0.0,,,,0.0,0,0
ruler_niah_multikey_3_16k:0362,ruler_niah_multikey_3_16k,OFF,L12,"[1, 2, 3, 4, 5, 6, 7, 8, 9, 10, 11, 12, 13, 14]",0.5,0.0,,,,0.0,0,0
ruler_niah_multikey_3_16k:0362,ruler_niah_multikey_3_16k,OFF,L18,"[1, 2, 3, 4, 5, 6, 7, 8, 9, 10, 11, 12, 13, 14]",0.5,0.0,,,,0.0,0,0
ruler_niah_multikey_3_16k:0362,ruler_niah_multikey_3_16k,OFF,L24,"[1, 2, 3, 4, 5, 6, 7, 8, 9, 10, 11, 12, 13, 14]",0.5,0.0,,,,0.0,0,0
ruler_niah_multikey_3_16k:0362,ruler_niah_multikey_3_16k,OFF,ALL,"[1, 2, 3, 4, 5, 6, 7, 8, 9, 10, 11, 12, 13, 14]",0.5,0.0,,,,0.0,0,0
ruler_niah_multikey_3_16k:0362,ruler_niah_multikey_3_16k,L0,OFF,"[1, 2, 3, 4, 5, 6, 7, 8, 9, 10, 11, 12, 13, 14]",0.5,0.0,,,,0.0,0,0
ruler_niah_multikey_3_16k:0362,ruler_niah_multikey_3_16k,L0,L6,[7],0.4666666666666667,1.0,0.4666666666666667,0.4666666666666667,0.0,0.0,1,1
ruler_niah_multikey_3_16k:0362,ruler_niah_multikey_3_16k,L0,L12,"[1, 2, 3, 4, 5, 6, 7, 8, 9, 10, 11, 12, 13, 14]",0.5,0.0,,,,0.0,0,0
ruler_niah_multikey_3_16k:0362,ruler_niah_multikey_3_16k,L0,L18,"[1, 2, 3, 4, 5, 6, 7, 8, 9, 10, 11, 12, 13, 14]",0.5,0.0,,,,0.0,0,0
ruler_niah_multikey_3_16k:0362,ruler_niah_multikey_3_16k,L0,L24,"[1, 2, 3, 4, 5, 6, 7, 8, 9, 10, 11, 12, 13, 14]",0.5,0.0,,,,0.0,0,0
ruler_niah_multikey_3_16k:0362,ruler_niah_multikey_3_16k,L0,ALL,"[1, 2, 3, 4, 5, 6, 7, 8, 9, 10, 11, 12, 13, 14]",0.5,0.0,,,,0.0,0,0
ruler_niah_multikey_3_16k:0362,ruler_niah_multikey_3_16k,L6,OFF,"[1, 2, 3, 4, 5, 6, 7, 8, 9, 10, 11, 12, 13, 14]",0.5,0.0,,,,0.0,0,0
ruler_niah_multikey_3_16k:0362,ruler_niah_multikey_3_16k,L6,L0,"[1, 2, 3, 4, 5, 6, 7, 8, 9, 10, 11, 12, 13, 14]",0.5,0.0,,,,0.0,0,0
ruler_niah_multikey_3_16k:0362,ruler_niah_multikey_3_16k,L6,L12,"[1, 2, 3, 4, 5, 6, 7, 8, 9, 10, 11, 12, 13, 14]",0.5,0.0,,,,0.0,0,0
ruler_niah_multikey_3_16k:0362,ruler_niah_multikey_3_16k,L6,L18,"[1, 2, 3, 4, 5, 6, 7, 8, 9, 10, 11, 12, 13, 14]",0.5,0.0,,,,0.0,0,0
ruler_niah_multikey_3_16k:0362,ruler_niah_multikey_3_16k,L6,L24,"[1, 2, 3, 4, 5, 6, 7, 8, 9, 10, 11, 12, 13, 14]",0.5,0.0,,,,0.0,0,0
ruler_niah_multikey_3_16k:0362,ruler_niah_multikey_3_16k,L6,ALL,"[1, 2, 3, 4, 5, 6, 7, 8, 9, 10, 11, 12, 13, 14]",0.5,0.0,,,,0.0,0,0
ruler_niah_multikey_3_16k:0362,ruler_niah_multikey_3_16k,L12,OFF,"[1, 2, 3, 4, 5, 6, 7, 8, 9, 10, 11, 12, 13, 14]",0.5,0.0,,,,0.0,0,0
ruler_niah_multikey_3_16k:0362,ruler_niah_multikey_3_16k,L12,L0,"[1, 2, 3, 4, 5, 6, 7, 8, 9, 10, 11, 12, 13, 14]",0.5,0.0,,,,0.0,0,0
ruler_niah_multikey_3_16k:0362,ruler_niah_multikey_3_16k,L12,L6,"[1, 2, 3, 4, 5, 6, 7, 8, 9, 10, 11, 12, 13, 14]",0.5,0.0,,,,0.0,0,0
ruler_niah_multikey_3_16k:0362,ruler_niah_multikey_3_16k,L12,L18,"[1, 2, 3, 4, 5, 6, 7, 8, 9, 10, 11, 12, 13, 14]",0.5,0.0,,,,0.0,0,0
ruler_niah_multikey_3_16k:0362,ruler_niah_multikey_3_16k,L12,L24,"[1, 2, 3, 4, 5, 6, 7, 8, 9, 10, 11, 12, 13, 14]",0.5,0.0,,,,0.0,0,0
ruler_niah_multikey_3_16k:0362,ruler_niah_multikey_3_16k,L12,ALL,[2],0.13333333333333333,1.0,0.13333333333333333,0.13333333333333333,0.0,0.0,1,1
ruler_niah_multikey_3_16k:0362,ruler_niah_multikey_3_16k,L18,OFF,"[1, 2, 3, 4, 5, 6, 7, 8, 9, 10, 11, 12, 13, 14]",0.5,0.0,,,,0.0,0,0
ruler_niah_multikey_3_16k:0362,ruler_niah_multikey_3_16k,L18,L0,"[1, 2, 3, 4, 5, 6, 7, 8, 9, 10, 11, 12, 13, 14]",0.5,0.0,,,,0.0,0,0
ruler_niah_multikey_3_16k:0362,ruler_niah_multikey_3_16k,L18,L6,"[1, 2, 3, 4, 5, 6, 7, 8, 9, 10, 11, 12, 13, 14]",0.5,0.0,,,,0.0,0,0
ruler_niah_multikey_3_16k:0362,ruler_niah_multikey_3_16k,L18,L12,"[1, 2, 3, 4, 5, 6, 7, 8, 9, 10, 11, 12, 13, 14]",0.5,0.0,,,,0.0,0,0
ruler_niah_multikey_3_16k:0362,ruler_niah_multikey_3_16k,L18,L24,"[1, 2, 3, 4, 5, 6, 7, 8, 9, 10, 11, 12, 13, 14]",0.5,0.0,,,,0.0,0,0
ruler_niah_multikey_3_16k:0362,ruler_niah_multikey_3_16k,L18,ALL,"[1, 2, 3, 4, 5, 6, 7, 8, 9, 10, 11, 12, 13, 14]",0.5,0.0,,,,0.0,0,0
ruler_niah_multikey_3_16k:0362,ruler_niah_multikey_3_16k,L24,OFF,"[1, 2, 3, 4, 5, 6, 7, 8, 9, 10, 11, 12, 13, 14]",0.5,0.0,,,,0.0,0,0
ruler_niah_multikey_3_16k:0362,ruler_niah_multikey_3_16k,L24,L0,"[1, 2, 3, 4, 5, 6, 7, 8, 9, 10, 11, 12, 13, 14]",0.5,0.0,,,,0.0,0,0
ruler_niah_multikey_3_16k:0362,ruler_niah_multikey_3_16k,L24,L6,"[1, 2, 3, 4, 5, 6, 7, 8, 9, 10, 11, 12, 13, 14]",0.5,0.0,,,,0.0,0,0
ruler_niah_multikey_3_16k:0362,ruler_niah_multikey_3_16k,L24,L12,"[1, 2, 3, 4, 5, 6, 7, 8, 9, 10, 11, 12, 13, 14]",0.5,0.0,,,,0.0,0,0
ruler_niah_multikey_3_16k:0362,ruler_niah_multikey_3_16k,L24,L18,"[1, 2, 3, 4, 5, 6, 7, 8, 9, 10, 11, 12, 13, 14]",0.5,0.0,,,,0.0,0,0
ruler_niah_multikey_3_16k:0362,ruler_niah_multikey_3_16k,L24,ALL,"[1, 2, 3, 4, 5, 6, 7, 8, 9, 10, 11, 12, 13, 14]",0.5,0.0,,,,0.0,0,0
ruler_niah_multikey_3_16k:0362,ruler_niah_multikey_3_16k,ALL,OFF,[9],0.6,1.0,0.6,0.6,0.0,0.0,1,1
ruler_niah_multikey_3_16k:0362,ruler_niah_multikey_3_16k,ALL,L0,[4],0.26666666666666666,1.0,0.26666666666666666,0.26666666666666666,0.0,0.0,1,1
ruler_niah_multikey_3_16k:0362,ruler_niah_multikey_3_16k,ALL,L6,"[1, 2, 3, 4, 5, 6, 7, 8, 9, 10, 11, 12, 13, 14]",0.5,0.0,,,,0.0,0,0
ruler_niah_multikey_3_16k:0362,ruler_niah_multikey_3_16k,ALL,L12,"[1, 2, 3, 4, 5, 6, 7, 8, 9, 10, 11, 12, 13, 14]",0.5,0.0,,,,0.0,0,0
ruler_niah_multikey_3_16k:0362,ruler_niah_multikey_3_16k,ALL,L18,[9],0.6,1.0,0.6,0.6,0.0,0.0,1,1
ruler_niah_multikey_3_16k:0362,ruler_niah_multikey_3_16k,ALL,L24,[9],0.6,1.0,0.6,0.6,0.0,0.0,1,1
ruler_niah_multikey_3_16k:0394,ruler_niah_multikey_3_16k,OFF,L0,"[1, 2, 3, 4, 5, 6, 7, 8, 9, 10, 11, 12, 13, 14]",0.5,0.0,,,,0.0,0,0
ruler_niah_multikey_3_16k:0394,ruler_niah_multikey_3_16k,OFF,L6,"[1, 2, 3, 4, 5, 6, 7, 8, 9, 10, 11, 12, 13, 14]",0.5,0.0,,,,0.0,0,0
ruler_niah_multikey_3_16k:0394,ruler_niah_multikey_3_16k,OFF,L12,"[1, 2, 3, 4, 5, 6, 7, 8, 9, 10, 11, 12, 13, 14]",0.5,0.0,,,,0.0,0,0
ruler_niah_multikey_3_16k:0394,ruler_niah_multikey_3_16k,OFF,L18,"[1, 2, 3, 4, 5, 6, 7, 8, 9, 10, 11, 12, 13, 14]",0.5,0.0,,,,0.0,0,0
ruler_niah_multikey_3_16k:0394,ruler_niah_multikey_3_16k,OFF,L24,"[1, 2, 3, 4, 5, 6, 7, 8, 9, 10, 11, 12, 13, 14]",0.5,0.0,,,,0.0,0,0
ruler_niah_multikey_3_16k:0394,ruler_niah_multikey_3_16k,OFF,ALL,"[1, 2, 3, 4, 5, 6, 7, 8, 9, 10, 11, 12, 13, 14]",0.5,0.0,,,,0.0,0,0
ruler_niah_multikey_3_16k:0394,ruler_niah_multikey_3_16k,L0,OFF,"[1, 2, 3, 4, 5, 6, 7, 8, 9, 10, 11, 12, 13, 14]",0.5,0.0,,,,0.0,0,0
ruler_niah_multikey_3_16k:0394,ruler_niah_multikey_3_16k,L0,L6,"[1, 2, 3, 4, 5, 6, 7, 8, 9, 10, 11, 12, 13, 14]",0.5,0.0,,,,0.0,0,0
ruler_niah_multikey_3_16k:0394,ruler_niah_multikey_3_16k,L0,L12,"[1, 2, 3, 4, 5, 6, 7, 8, 9, 10, 11, 12, 13, 14]",0.5,0.0,,,,0.0,0,0
ruler_niah_multikey_3_16k:0394,ruler_niah_multikey_3_16k,L0,L18,"[1, 2, 3, 4, 5, 6, 7, 8, 9, 10, 11, 12, 13, 14]",0.5,0.0,,,,0.0,0,0
ruler_niah_multikey_3_16k:0394,ruler_niah_multikey_3_16k,L0,L24,"[1, 2, 3, 4, 5, 6, 7, 8, 9, 10, 11, 12, 13, 14]",0.5,0.0,,,,0.0,0,0
ruler_niah_multikey_3_16k:0394,ruler_niah_multikey_3_16k,L0,ALL,"[1, 2, 3, 4, 5, 6, 7, 8, 9, 10, 11, 12, 13, 14]",0.5,0.0,,,,0.0,0,0
ruler_niah_multikey_3_16k:0394,ruler_niah_multikey_3_16k,L6,OFF,"[1, 2, 3, 4, 5, 6, 7, 8, 9, 10, 11, 12, 13, 14]",0.5,0.0,,,,0.0,0,0
ruler_niah_multikey_3_16k:0394,ruler_niah_multikey_3_16k,L6,L0,"[1, 2, 3, 4, 5, 6, 7, 8, 9, 10, 11, 12, 13, 14]",0.5,0.0,,,,0.0,0,0
ruler_niah_multikey_3_16k:0394,ruler_niah_multikey_3_16k,L6,L12,"[1, 2, 3, 4, 5, 6, 7, 8, 9, 10, 11, 12, 13, 14]",0.5,0.0,,,,0.0,0,0
ruler_niah_multikey_3_16k:0394,ruler_niah_multikey_3_16k,L6,L18,"[1, 2, 3, 4, 5, 6, 7, 8, 9, 10, 11, 12, 13, 14]",0.5,0.0,,,,0.0,0,0
ruler_niah_multikey_3_16k:0394,ruler_niah_multikey_3_16k,L6,L24,"[1, 2, 3, 4, 5, 6, 7, 8, 9, 10, 11, 12, 13, 14]",0.5,0.0,,,,0.0,0,0
ruler_niah_multikey_3_16k:0394,ruler_niah_multikey_3_16k,L6,ALL,"[1, 2, 3, 4, 5, 6, 7, 8, 9, 10, 11, 12, 13, 14]",0.5,0.0,,,,0.0,0,0
ruler_niah_multikey_3_16k:0394,ruler_niah_multikey_3_16k,L12,OFF,"[1, 2, 3, 4, 5, 6, 7, 8, 9, 10, 11, 12, 13, 14]",0.5,0.0,,,,0.0,0,0
ruler_niah_multikey_3_16k:0394,ruler_niah_multikey_3_16k,L12,L0,"[1, 2, 3, 4, 5, 6, 7, 8, 9, 10, 11, 12, 13, 14]",0.5,0.0,,,,0.0,0,0
ruler_niah_multikey_3_16k:0394,ruler_niah_multikey_3_16k,L12,L6,"[1, 2, 3, 4, 5, 6, 7, 8, 9, 10, 11, 12, 13, 14]",0.5,0.0,,,,0.0,0,0
ruler_niah_multikey_3_16k:0394,ruler_niah_multikey_3_16k,L12,L18,"[1, 2, 3, 4, 5, 6, 7, 8, 9, 10, 11, 12, 13, 14]",0.5,0.0,,,,0.0,0,0
ruler_niah_multikey_3_16k:0394,ruler_niah_multikey_3_16k,L12,L24,"[1, 2, 3, 4, 5, 6, 7, 8, 9, 10, 11, 12, 13, 14]",0.5,0.0,,,,0.0,0,0
ruler_niah_multikey_3_16k:0394,ruler_niah_multikey_3_16k,L12,ALL,"[1, 2, 3, 4, 5, 6, 7, 8, 9, 10, 11, 12, 13, 14]",0.5,0.0,,,,0.0,0,0
ruler_niah_multikey_3_16k:0394,ruler_niah_multikey_3_16k,L18,OFF,"[1, 2, 3, 4, 5, 6, 7, 8, 9, 10, 11, 12, 13, 14]",0.5,0.0,,,,0.0,0,0
ruler_niah_multikey_3_16k:0394,ruler_niah_multikey_3_16k,L18,L0,"[1, 2, 3, 4, 5, 6, 7, 8, 9, 10, 11, 12, 13, 14]",0.5,0.0,,,,0.0,0,0
ruler_niah_multikey_3_16k:0394,ruler_niah_multikey_3_16k,L18,L6,"[1, 2, 3, 4, 5, 6, 7, 8, 9, 10, 11, 12, 13, 14]",0.5,0.0,,,,0.0,0,0
ruler_niah_multikey_3_16k:0394,ruler_niah_multikey_3_16k,L18,L12,"[1, 2, 3, 4, 5, 6, 7, 8, 9, 10, 11, 12, 13, 14]",0.5,0.0,,,,0.0,0,0
ruler_niah_multikey_3_16k:0394,ruler_niah_multikey_3_16k,L18,L24,"[1, 2, 3, 4, 5, 6, 7, 8, 9, 10, 11, 12, 13, 14]",0.5,0.0,,,,0.0,0,0
ruler_niah_multikey_3_16k:0394,ruler_niah_multikey_3_16k,L18,ALL,"[1, 2, 3, 4, 5, 6, 7, 8, 9, 10, 11, 12, 13, 14]",0.5,0.0,,,,0.0,0,0
ruler_niah_multikey_3_16k:0394,ruler_niah_multikey_3_16k,L24,OFF,"[1, 2, 3, 4, 5, 6, 7, 8, 9, 10, 11, 12, 13, 14]",0.5,0.0,,,,0.0,0,0
ruler_niah_multikey_3_16k:0394,ruler_niah_multikey_3_16k,L24,L0,"[1, 2, 3, 4, 5, 6, 7, 8, 9, 10, 11, 12, 13, 14]",0.5,0.0,,,,0.0,0,0
ruler_niah_multikey_3_16k:0394,ruler_niah_multikey_3_16k,L24,L6,"[1, 2, 3, 4, 5, 6, 7, 8, 9, 10, 11, 12, 13, 14]",0.5,0.0,,,,0.0,0,0
ruler_niah_multikey_3_16k:0394,ruler_niah_multikey_3_16k,L24,L12,"[1, 2, 3, 4, 5, 6, 7, 8, 9, 10, 11, 12, 13, 14]",0.5,0.0,,,,0.0,0,0
ruler_niah_multikey_3_16k:0394,ruler_niah_multikey_3_16k,L24,L18,"[1, 2, 3, 4, 5, 6, 7, 8, 9, 10, 11, 12, 13, 14]",0.5,0.0,,,,0.0,0,0
ruler_niah_multikey_3_16k:0394,ruler_niah_multikey_3_16k,L24,ALL,"[1, 2, 3, 4, 5, 6, 7, 8, 9, 10, 11, 12, 13, 14]",0.5,0.0,,,,0.0,0,0
ruler_niah_multikey_3_16k:0394,ruler_niah_multikey_3_16k,ALL,OFF,"[1, 2, 3, 4, 5, 6, 7, 8, 9, 10, 11, 12, 13, 14]",0.5,0.0,,,,0.0,0,0
ruler_niah_multikey_3_16k:0394,ruler_niah_multikey_3_16k,ALL,L0,"[1, 2, 3, 4, 5, 6, 7, 8, 9, 10, 11, 12, 13, 14]",0.5,0.0,,,,0.0,0,0
ruler_niah_multikey_3_16k:0394,ruler_niah_multikey_3_16k,ALL,L6,"[1, 2, 3, 4, 5, 6, 7, 8, 9, 10, 11, 12, 13, 14]",0.5,0.0,,,,0.0,0,0
ruler_niah_multikey_3_16k:0394,ruler_niah_multikey_3_16k,ALL,L12,"[1, 2, 3, 4, 5, 6, 7, 8, 9, 10, 11, 12, 13, 14]",0.5,0.0,,,,0.0,0,0
ruler_niah_multikey_3_16k:0394,ruler_niah_multikey_3_16k,ALL,L18,[6],0.4,1.0,0.4,0.4,0.0,0.0,1,1
ruler_niah_multikey_3_16k:0394,ruler_niah_multikey_3_16k,ALL,L24,"[1, 2, 3, 4, 5, 6, 7, 8, 9, 10, 11, 12, 13, 14]",0.5,0.0,,,,0.0,0,0
ruler_niah_multikey_3_16k:0429,ruler_niah_multikey_3_16k,OFF,L0,"[1, 2, 3, 4, 5, 6, 7, 8, 9, 10, 11, 12, 13]",0.5,0.0,,,,0.0,0,0
ruler_niah_multikey_3_16k:0429,ruler_niah_multikey_3_16k,OFF,L6,"[1, 2, 3, 4, 5, 6, 7, 8, 9, 10, 11, 12, 13]",0.5,0.0,,,,0.0,0,0
ruler_niah_multikey_3_16k:0429,ruler_niah_multikey_3_16k,OFF,L12,"[1, 2, 3, 4, 5, 6, 7, 8, 9, 10, 11, 12, 13]",0.5,0.0,,,,0.0,0,0
ruler_niah_multikey_3_16k:0429,ruler_niah_multikey_3_16k,OFF,L18,"[1, 2, 3, 4, 5, 6, 7, 8, 9, 10, 11, 12, 13]",0.5,0.0,,,,0.0,0,0
ruler_niah_multikey_3_16k:0429,ruler_niah_multikey_3_16k,OFF,L24,"[1, 2, 3, 4, 5, 6, 7, 8, 9, 10, 11, 12, 13]",0.5,0.0,,,,0.0,0,0
ruler_niah_multikey_3_16k:0429,ruler_niah_multikey_3_16k,OFF,ALL,"[1, 2, 3, 4, 5, 6, 7, 8, 9, 10, 11, 12, 13]",0.5,0.0,,,,0.0,0,0
ruler_niah_multikey_3_16k:0429,ruler_niah_multikey_3_16k,L0,OFF,"[1, 2, 3, 4, 5, 6, 7, 8, 9, 10, 11, 12, 13]",0.5,0.0,,,,0.0,0,0
ruler_niah_multikey_3_16k:0429,ruler_niah_multikey_3_16k,L0,L6,"[1, 2, 3, 4, 5, 6, 7, 8, 9, 10, 11, 12, 13]",0.5,0.0,,,,0.0,0,0
ruler_niah_multikey_3_16k:0429,ruler_niah_multikey_3_16k,L0,L12,[1],0.07142857142857142,1.0,0.07142857142857142,0.07142857142857142,0.0,0.0,1,1
ruler_niah_multikey_3_16k:0429,ruler_niah_multikey_3_16k,L0,L18,[2],0.14285714285714285,1.0,0.14285714285714285,0.14285714285714285,0.0,0.0,1,1
ruler_niah_multikey_3_16k:0429,ruler_niah_multikey_3_16k,L0,L24,"[1, 2, 3, 4, 5, 6, 7, 8, 9, 10, 11, 12, 13]",0.5,0.0,,,,0.0,0,0
ruler_niah_multikey_3_16k:0429,ruler_niah_multikey_3_16k,L0,ALL,"[1, 2, 3, 4, 5, 6, 7, 8, 9, 10, 11, 12, 13]",0.5,0.0,,,,0.0,0,0
ruler_niah_multikey_3_16k:0429,ruler_niah_multikey_3_16k,L6,OFF,"[1, 2, 3, 4, 5, 6, 7, 8, 9, 10, 11, 12, 13]",0.5,0.0,,,,0.0,0,0
ruler_niah_multikey_3_16k:0429,ruler_niah_multikey_3_16k,L6,L0,"[1, 2, 3, 4, 5, 6, 7, 8, 9, 10, 11, 12, 13]",0.5,0.0,,,,0.0,0,0
ruler_niah_multikey_3_16k:0429,ruler_niah_multikey_3_16k,L6,L12,"[1, 2, 3, 4, 5, 6, 7, 8, 9, 10, 11, 12, 13]",0.5,0.0,,,,0.0,0,0
ruler_niah_multikey_3_16k:0429,ruler_niah_multikey_3_16k,L6,L18,"[1, 2, 3, 4, 5, 6, 7, 8, 9, 10, 11, 12, 13]",0.5,0.0,,,,0.0,0,0
ruler_niah_multikey_3_16k:0429,ruler_niah_multikey_3_16k,L6,L24,"[1, 2, 3, 4, 5, 6, 7, 8, 9, 10, 11, 12, 13]",0.5,0.0,,,,0.0,0,0
ruler_niah_multikey_3_16k:0429,ruler_niah_multikey_3_16k,L6,ALL,"[1, 2, 3, 4, 5, 6, 7, 8, 9, 10, 11, 12, 13]",0.5,0.0,,,,0.0,0,0
ruler_niah_multikey_3_16k:0429,ruler_niah_multikey_3_16k,L12,OFF,"[1, 2, 3, 4, 5, 6, 7, 8, 9, 10, 11, 12, 13]",0.5,0.0,,,,0.0,0,0
ruler_niah_multikey_3_16k:0429,ruler_niah_multikey_3_16k,L12,L0,"[1, 2, 3, 4, 5, 6, 7, 8, 9, 10, 11, 12, 13]",0.5,0.0,,,,0.0,0,0
ruler_niah_multikey_3_16k:0429,ruler_niah_multikey_3_16k,L12,L6,"[1, 2, 3, 4, 5, 6, 7, 8, 9, 10, 11, 12, 13]",0.5,0.0,,,,0.0,0,0
ruler_niah_multikey_3_16k:0429,ruler_niah_multikey_3_16k,L12,L18,"[1, 2, 3, 4, 5, 6, 7, 8, 9, 10, 11, 12, 13]",0.5,0.0,,,,0.0,0,0
ruler_niah_multikey_3_16k:0429,ruler_niah_multikey_3_16k,L12,L24,"[1, 2, 3, 4, 5, 6, 7, 8, 9, 10, 11, 12, 13]",0.5,0.0,,,,0.0,0,0
ruler_niah_multikey_3_16k:0429,ruler_niah_multikey_3_16k,L12,ALL,"[1, 2, 3, 4, 5, 6, 7, 8, 9, 10, 11, 12, 13]",0.5,0.0,,,,0.0,0,0
ruler_niah_multikey_3_16k:0429,ruler_niah_multikey_3_16k,L18,OFF,"[1, 2, 3, 4, 5, 6, 7, 8, 9, 10, 11, 12, 13]",0.5,0.0,,,,0.0,0,0
ruler_niah_multikey_3_16k:0429,ruler_niah_multikey_3_16k,L18,L0,"[1, 2, 3, 4, 5, 6, 7, 8, 9, 10, 11, 12, 13]",0.5,0.0,,,,0.0,0,0
ruler_niah_multikey_3_16k:0429,ruler_niah_multikey_3_16k,L18,L6,"[1, 2, 3, 4, 5, 6, 7, 8, 9, 10, 11, 12, 13]",0.5,0.0,,,,0.0,0,0
ruler_niah_multikey_3_16k:0429,ruler_niah_multikey_3_16k,L18,L12,"[1, 2, 3, 4, 5, 6, 7, 8, 9, 10, 11, 12, 13]",0.5,0.0,,,,0.0,0,0
ruler_niah_multikey_3_16k:0429,ruler_niah_multikey_3_16k,L18,L24,"[1, 2, 3, 4, 5, 6, 7, 8, 9, 10, 11, 12, 13]",0.5,0.0,,,,0.0,0,0
ruler_niah_multikey_3_16k:0429,ruler_niah_multikey_3_16k,L18,ALL,"[1, 2, 3, 4, 5, 6, 7, 8, 9, 10, 11, 12, 13]",0.5,0.0,,,,0.0,0,0
ruler_niah_multikey_3_16k:0429,ruler_niah_multikey_3_16k,L24,OFF,"[1, 2, 3, 4, 5, 6, 7, 8, 9, 10, 11, 12, 13]",0.5,0.0,,,,0.0,0,0
ruler_niah_multikey_3_16k:0429,ruler_niah_multikey_3_16k,L24,L0,"[1, 2, 3, 4, 5, 6, 7, 8, 9, 10, 11, 12, 13]",0.5,0.0,,,,0.0,0,0
ruler_niah_multikey_3_16k:0429,ruler_niah_multikey_3_16k,L24,L6,"[1, 2, 3, 4, 5, 6, 7, 8, 9, 10, 11, 12, 13]",0.5,0.0,,,,0.0,0,0
ruler_niah_multikey_3_16k:0429,ruler_niah_multikey_3_16k,L24,L12,"[1, 2, 3, 4, 5, 6, 7, 8, 9, 10, 11, 12, 13]",0.5,0.0,,,,0.0,0,0
ruler_niah_multikey_3_16k:0429,ruler_niah_multikey_3_16k,L24,L18,"[1, 2, 3, 4, 5, 6, 7, 8, 9, 10, 11, 12, 13]",0.5,0.0,,,,0.0,0,0
ruler_niah_multikey_3_16k:0429,ruler_niah_multikey_3_16k,L24,ALL,"[1, 2, 3, 4, 5, 6, 7, 8, 9, 10, 11, 12, 13]",0.5,0.0,,,,0.0,0,0
ruler_niah_multikey_3_16k:0429,ruler_niah_multikey_3_16k,ALL,OFF,"[2, 3]",0.17857142857142858,0.0,0.14285714285714285,0.21428571428571427,0.07142857142857142,0.07142857142857142,2,2
ruler_niah_multikey_3_16k:0429,ruler_niah_multikey_3_16k,ALL,L0,"[1, 2]",0.10714285714285714,0.0,0.07142857142857142,0.14285714285714285,0.07142857142857142,0.07142857142857142,2,2
ruler_niah_multikey_3_16k:0429,ruler_niah_multikey_3_16k,ALL,L6,"[1, 2, 3, 4, 5, 6, 7, 8, 9, 10, 11, 12, 13]",0.5,0.0,,,,0.0,0,0
ruler_niah_multikey_3_16k:0429,ruler_niah_multikey_3_16k,ALL,L12,"[1, 2, 3, 4, 5, 6, 7, 8, 9, 10, 11, 12, 13]",0.5,0.0,,,,0.0,0,0
ruler_niah_multikey_3_16k:0429,ruler_niah_multikey_3_16k,ALL,L18,[2],0.14285714285714285,1.0,0.14285714285714285,0.14285714285714285,0.0,0.0,1,1
ruler_niah_multikey_3_16k:0429,ruler_niah_multikey_3_16k,ALL,L24,[2],0.14285714285714285,1.0,0.14285714285714285,0.14285714285714285,0.0,0.0,1,1
ruler_niah_multikey_3_16k:0464,ruler_niah_multikey_3_16k,OFF,L0,"[1, 2, 3, 4, 5, 6, 7, 8, 9, 10, 11, 12, 13, 14]",0.5,0.0,,,,0.0,0,0
ruler_niah_multikey_3_16k:0464,ruler_niah_multikey_3_16k,OFF,L6,"[1, 2, 3, 4, 5, 6, 7, 8, 9, 10, 11, 12, 13, 14]",0.5,0.0,,,,0.0,0,0
ruler_niah_multikey_3_16k:0464,ruler_niah_multikey_3_16k,OFF,L12,"[1, 2, 3, 4, 5, 6, 7, 8, 9, 10, 11, 12, 13, 14]",0.5,0.0,,,,0.0,0,0
ruler_niah_multikey_3_16k:0464,ruler_niah_multikey_3_16k,OFF,L18,"[1, 2, 3, 4, 5, 6, 7, 8, 9, 10, 11, 12, 13, 14]",0.5,0.0,,,,0.0,0,0
ruler_niah_multikey_3_16k:0464,ruler_niah_multikey_3_16k,OFF,L24,"[1, 2, 3, 4, 5, 6, 7, 8, 9, 10, 11, 12, 13, 14]",0.5,0.0,,,,0.0,0,0
ruler_niah_multikey_3_16k:0464,ruler_niah_multikey_3_16k,OFF,ALL,"[1, 2, 3, 4, 5, 6, 7, 8, 9, 10, 11, 12, 13, 14]",0.5,0.0,,,,0.0,0,0
ruler_niah_multikey_3_16k:0464,ruler_niah_multikey_3_16k,L0,OFF,"[1, 2, 3, 4, 5, 6, 7, 8, 9, 10, 11, 12, 13, 14]",0.5,0.0,,,,0.0,0,0
ruler_niah_multikey_3_16k:0464,ruler_niah_multikey_3_16k,L0,L6,"[1, 2, 3, 4, 5, 6, 7, 8, 9, 10, 11, 12, 13, 14]",0.5,0.0,,,,0.0,0,0
ruler_niah_multikey_3_16k:0464,ruler_niah_multikey_3_16k,L0,L12,"[1, 2, 3, 4, 5, 6, 7, 8, 9, 10, 11, 12, 13, 14]",0.5,0.0,,,,0.0,0,0
ruler_niah_multikey_3_16k:0464,ruler_niah_multikey_3_16k,L0,L18,"[1, 2, 3, 4, 5, 6, 7, 8, 9, 10, 11, 12, 13, 14]",0.5,0.0,,,,0.0,0,0
ruler_niah_multikey_3_16k:0464,ruler_niah_multikey_3_16k,L0,L24,"[1, 2, 3, 4, 5, 6, 7, 8, 9, 10, 11, 12, 13, 14]",0.5,0.0,,,,0.0,0,0
ruler_niah_multikey_3_16k:0464,ruler_niah_multikey_3_16k,L0,ALL,"[1, 2, 3, 4, 5, 6, 7, 8, 9, 10, 11, 12, 13, 14]",0.5,0.0,,,,0.0,0,0
ruler_niah_multikey_3_16k:0464,ruler_niah_multikey_3_16k,L6,OFF,"[1, 2, 3, 4, 5, 6, 7, 8, 9, 10, 11, 12, 13, 14]",0.5,0.0,,,,0.0,0,0
ruler_niah_multikey_3_16k:0464,ruler_niah_multikey_3_16k,L6,L0,"[1, 2, 3, 4, 5, 6, 7, 8, 9, 10, 11, 12, 13, 14]",0.5,0.0,,,,0.0,0,0
ruler_niah_multikey_3_16k:0464,ruler_niah_multikey_3_16k,L6,L12,"[1, 2, 3, 4, 5, 6, 7, 8, 9, 10, 11, 12, 13, 14]",0.5,0.0,,,,0.0,0,0
ruler_niah_multikey_3_16k:0464,ruler_niah_multikey_3_16k,L6,L18,"[1, 2, 3, 4, 5, 6, 7, 8, 9, 10, 11, 12, 13, 14]",0.5,0.0,,,,0.0,0,0
ruler_niah_multikey_3_16k:0464,ruler_niah_multikey_3_16k,L6,L24,"[1, 2, 3, 4, 5, 6, 7, 8, 9, 10, 11, 12, 13, 14]",0.5,0.0,,,,0.0,0,0
ruler_niah_multikey_3_16k:0464,ruler_niah_multikey_3_16k,L6,ALL,"[1, 2, 3, 4, 5, 6, 7, 8, 9, 10, 11, 12, 13, 14]",0.5,0.0,,,,0.0,0,0
ruler_niah_multikey_3_16k:0464,ruler_niah_multikey_3_16k,L12,OFF,"[1, 2, 3, 4, 5, 6, 7, 8, 9, 10, 11, 12, 13, 14]",0.5,0.0,,,,0.0,0,0
ruler_niah_multikey_3_16k:0464,ruler_niah_multikey_3_16k,L12,L0,"[1, 2, 3, 4, 5, 6, 7, 8, 9, 10, 11, 12, 13, 14]",0.5,0.0,,,,0.0,0,0
ruler_niah_multikey_3_16k:0464,ruler_niah_multikey_3_16k,L12,L6,"[1, 2, 3, 4, 5, 6, 7, 8, 9, 10, 11, 12, 13, 14]",0.5,0.0,,,,0.0,0,0
ruler_niah_multikey_3_16k:0464,ruler_niah_multikey_3_16k,L12,L18,"[1, 2, 3, 4, 5, 6, 7, 8, 9, 10, 11, 12, 13, 14]",0.5,0.0,,,,0.0,0,0
ruler_niah_multikey_3_16k:0464,ruler_niah_multikey_3_16k,L12,L24,"[1, 2, 3, 4, 5, 6, 7, 8, 9, 10, 11, 12, 13, 14]",0.5,0.0,,,,0.0,0,0
ruler_niah_multikey_3_16k:0464,ruler_niah_multikey_3_16k,L12,ALL,"[1, 2, 3, 4, 5, 6, 7, 8, 9, 10, 11, 12, 13, 14]",0.5,0.0,,,,0.0,0,0
ruler_niah_multikey_3_16k:0464,ruler_niah_multikey_3_16k,L18,OFF,"[1, 2, 3, 4, 5, 6, 7, 8, 9, 10, 11, 12, 13, 14]",0.5,0.0,,,,0.0,0,0
ruler_niah_multikey_3_16k:0464,ruler_niah_multikey_3_16k,L18,L0,"[1, 2, 3, 4, 5, 6, 7, 8, 9, 10, 11, 12, 13, 14]",0.5,0.0,,,,0.0,0,0
ruler_niah_multikey_3_16k:0464,ruler_niah_multikey_3_16k,L18,L6,"[1, 2, 3, 4, 5, 6, 7, 8, 9, 10, 11, 12, 13, 14]",0.5,0.0,,,,0.0,0,0
ruler_niah_multikey_3_16k:0464,ruler_niah_multikey_3_16k,L18,L12,"[1, 2, 3, 4, 5, 6, 7, 8, 9, 10, 11, 12, 13, 14]",0.5,0.0,,,,0.0,0,0
ruler_niah_multikey_3_16k:0464,ruler_niah_multikey_3_16k,L18,L24,"[1, 2, 3, 4, 5, 6, 7, 8, 9, 10, 11, 12, 13, 14]",0.5,0.0,,,,0.0,0,0
ruler_niah_multikey_3_16k:0464,ruler_niah_multikey_3_16k,L18,ALL,"[1, 2, 3, 4, 5, 6, 7, 8, 9, 10, 11, 12, 13, 14]",0.5,0.0,,,,0.0,0,0
ruler_niah_multikey_3_16k:0464,ruler_niah_multikey_3_16k,L24,OFF,"[1, 2, 3, 4, 5, 6, 7, 8, 9, 10, 11, 12, 13, 14]",0.5,0.0,,,,0.0,0,0
ruler_niah_multikey_3_16k:0464,ruler_niah_multikey_3_16k,L24,L0,"[1, 2, 3, 4, 5, 6, 7, 8, 9, 10, 11, 12, 13, 14]",0.5,0.0,,,,0.0,0,0
ruler_niah_multikey_3_16k:0464,ruler_niah_multikey_3_16k,L24,L6,"[1, 2, 3, 4, 5, 6, 7, 8, 9, 10, 11, 12, 13, 14]",0.5,0.0,,,,0.0,0,0
ruler_niah_multikey_3_16k:0464,ruler_niah_multikey_3_16k,L24,L12,"[1, 2, 3, 4, 5, 6, 7, 8, 9, 10, 11, 12, 13, 14]",0.5,0.0,,,,0.0,0,0
ruler_niah_multikey_3_16k:0464,ruler_niah_multikey_3_16k,L24,L18,"[1, 2, 3, 4, 5, 6, 7, 8, 9, 10, 11, 12, 13, 14]",0.5,0.0,,,,0.0,0,0
ruler_niah_multikey_3_16k:0464,ruler_niah_multikey_3_16k,L24,ALL,"[1, 2, 3, 4, 5, 6, 7, 8, 9, 10, 11, 12, 13, 14]",0.5,0.0,,,,0.0,0,0
ruler_niah_multikey_3_16k:0464,ruler_niah_multikey_3_16k,ALL,OFF,"[1, 2, 3, 4, 5, 6, 7, 8, 9, 10, 11, 12, 13, 14]",0.5,0.0,,,,0.0,0,0
ruler_niah_multikey_3_16k:0464,ruler_niah_multikey_3_16k,ALL,L0,"[1, 2, 3, 4, 5, 6, 7, 8, 9, 10, 11, 12, 13, 14]",0.5,0.0,,,,0.0,0,0
ruler_niah_multikey_3_16k:0464,ruler_niah_multikey_3_16k,ALL,L6,"[1, 2, 3, 4, 5, 6, 7, 8, 9, 10, 11, 12, 13, 14]",0.5,0.0,,,,0.0,0,0
ruler_niah_multikey_3_16k:0464,ruler_niah_multikey_3_16k,ALL,L12,"[1, 2, 3, 4, 5, 6, 7, 8, 9, 10, 11, 12, 13, 14]",0.5,0.0,,,,0.0,0,0
ruler_niah_multikey_3_16k:0464,ruler_niah_multikey_3_16k,ALL,L18,"[1, 2, 3, 4, 5, 6, 7, 8, 9, 10, 11, 12, 13, 14]",0.5,0.0,,,,0.0,0,0
ruler_niah_multikey_3_16k:0464,ruler_niah_multikey_3_16k,ALL,L24,"[1, 2, 3, 4, 5, 6, 7, 8, 9, 10, 11, 12, 13, 14]",0.5,0.0,,,,0.0,0,0
ruler_niah_multiquery_16k:0001,ruler_niah_multiquery_16k,OFF,L0,"[1, 2, 3, 4, 5, 6, 7, 8, 9, 10, 11, 12, 13, 14]",0.5,0.0,,,,0.0,0,0
ruler_niah_multiquery_16k:0001,ruler_niah_multiquery_16k,OFF,L6,"[1, 2, 3, 4, 5, 6, 7, 8, 9, 10, 11, 12, 13, 14]",0.5,0.0,,,,0.0,0,0
ruler_niah_multiquery_16k:0001,ruler_niah_multiquery_16k,OFF,L12,"[1, 2, 3, 4, 5, 6, 7, 8, 9, 10, 11, 12, 13, 14]",0.5,0.0,,,,0.0,0,0
ruler_niah_multiquery_16k:0001,ruler_niah_multiquery_16k,OFF,L18,"[1, 2, 3, 4, 5, 6, 7, 8, 9, 10, 11, 12, 13, 14]",0.5,0.0,,,,0.0,0,0
ruler_niah_multiquery_16k:0001,ruler_niah_multiquery_16k,OFF,L24,"[1, 2, 3, 4, 5, 6, 7, 8, 9, 10, 11, 12, 13, 14]",0.5,0.0,,,,0.0,0,0
ruler_niah_multiquery_16k:0001,ruler_niah_multiquery_16k,OFF,ALL,[4],0.26666666666666666,0.25,0.26666666666666666,0.26666666666666666,0.0,0.0,1,1
ruler_niah_multiquery_16k:0001,ruler_niah_multiquery_16k,L0,OFF,"[1, 2, 3, 4, 5, 6, 7, 8, 9, 10, 11, 12, 13, 14]",0.5,0.0,,,,0.0,0,0
ruler_niah_multiquery_16k:0001,ruler_niah_multiquery_16k,L0,L6,"[1, 2, 3, 4, 5, 6, 7, 8, 9, 10, 11, 12, 13, 14]",0.5,0.0,,,,0.0,0,0
ruler_niah_multiquery_16k:0001,ruler_niah_multiquery_16k,L0,L12,"[1, 2, 3, 4, 5, 6, 7, 8, 9, 10, 11, 12, 13, 14]",0.5,0.0,,,,0.0,0,0
ruler_niah_multiquery_16k:0001,ruler_niah_multiquery_16k,L0,L18,"[1, 2, 3, 4, 5, 6, 7, 8, 9, 10, 11, 12, 13, 14]",0.5,0.0,,,,0.0,0,0
ruler_niah_multiquery_16k:0001,ruler_niah_multiquery_16k,L0,L24,"[1, 2, 3, 4, 5, 6, 7, 8, 9, 10, 11, 12, 13, 14]",0.5,0.0,,,,0.0,0,0
ruler_niah_multiquery_16k:0001,ruler_niah_multiquery_16k,L0,ALL,[7],0.4666666666666667,0.25,0.4666666666666667,0.4666666666666667,0.0,0.0,1,1
ruler_niah_multiquery_16k:0001,ruler_niah_multiquery_16k,L6,OFF,"[1, 2, 3, 4, 5, 6, 7, 8, 9, 10, 11, 12, 13, 14]",0.5,0.0,,,,0.0,0,0
ruler_niah_multiquery_16k:0001,ruler_niah_multiquery_16k,L6,L0,"[1, 2, 3, 4, 5, 6, 7, 8, 9, 10, 11, 12, 13, 14]",0.5,0.0,,,,0.0,0,0
ruler_niah_multiquery_16k:0001,ruler_niah_multiquery_16k,L6,L12,"[1, 2, 3, 4, 5, 6, 7, 8, 9, 10, 11, 12, 13, 14]",0.5,0.0,,,,0.0,0,0
ruler_niah_multiquery_16k:0001,ruler_niah_multiquery_16k,L6,L18,"[1, 2, 3, 4, 5, 6, 7, 8, 9, 10, 11, 12, 13, 14]",0.5,0.0,,,,0.0,0,0
ruler_niah_multiquery_16k:0001,ruler_niah_multiquery_16k,L6,L24,"[1, 2, 3, 4, 5, 6, 7, 8, 9, 10, 11, 12, 13, 14]",0.5,0.0,,,,0.0,0,0
ruler_niah_multiquery_16k:0001,ruler_niah_multiquery_16k,L6,ALL,"[1, 2, 3, 4, 5, 6, 7, 8, 9, 10, 11, 12, 13, 14]",0.5,0.0,,,,0.0,0,0
ruler_niah_multiquery_16k:0001,ruler_niah_multiquery_16k,L12,OFF,"[1, 2, 3, 4, 5, 6, 7, 8, 9, 10, 11, 12, 13, 14]",0.5,0.0,,,,0.0,0,0
ruler_niah_multiquery_16k:0001,ruler_niah_multiquery_16k,L12,L0,"[1, 2, 3, 4, 5, 6, 7, 8, 9, 10, 11, 12, 13, 14]",0.5,0.0,,,,0.0,0,0
ruler_niah_multiquery_16k:0001,ruler_niah_multiquery_16k,L12,L6,"[1, 2, 3, 4, 5, 6, 7, 8, 9, 10, 11, 12, 13, 14]",0.5,0.0,,,,0.0,0,0
ruler_niah_multiquery_16k:0001,ruler_niah_multiquery_16k,L12,L18,"[1, 2, 3, 4, 5, 6, 7, 8, 9, 10, 11, 12, 13, 14]",0.5,0.0,,,,0.0,0,0
ruler_niah_multiquery_16k:0001,ruler_niah_multiquery_16k,L12,L24,"[1, 2, 3, 4, 5, 6, 7, 8, 9, 10, 11, 12, 13, 14]",0.5,0.0,,,,0.0,0,0
ruler_niah_multiquery_16k:0001,ruler_niah_multiquery_16k,L12,ALL,"[1, 2, 3, 4, 5, 6, 7, 8, 9, 10, 11, 12, 13, 14]",0.5,0.0,,,,0.0,0,0
ruler_niah_multiquery_16k:0001,ruler_niah_multiquery_16k,L18,OFF,"[1, 2, 3, 4, 5, 6, 7, 8, 9, 10, 11, 12, 13, 14]",0.5,0.0,,,,0.0,0,0
ruler_niah_multiquery_16k:0001,ruler_niah_multiquery_16k,L18,L0,[2],0.13333333333333333,0.25,0.13333333333333333,0.13333333333333333,0.0,0.0,1,1
ruler_niah_multiquery_16k:0001,ruler_niah_multiquery_16k,L18,L6,"[1, 2, 3, 4, 5, 6, 7, 8, 9, 10, 11, 12, 13, 14]",0.5,0.0,,,,0.0,0,0
ruler_niah_multiquery_16k:0001,ruler_niah_multiquery_16k,L18,L12,"[1, 2, 3, 4, 5, 6, 7, 8, 9, 10, 11, 12, 13, 14]",0.5,0.0,,,,0.0,0,0
ruler_niah_multiquery_16k:0001,ruler_niah_multiquery_16k,L18,L24,"[1, 2, 3, 4, 5, 6, 7, 8, 9, 10, 11, 12, 13, 14]",0.5,0.0,,,,0.0,0,0
ruler_niah_multiquery_16k:0001,ruler_niah_multiquery_16k,L18,ALL,"[1, 2, 3, 4, 5, 6, 7, 8, 9, 10, 11, 12, 13, 14]",0.5,0.0,,,,0.0,0,0
ruler_niah_multiquery_16k:0001,ruler_niah_multiquery_16k,L24,OFF,"[1, 2, 3, 4, 5, 6, 7, 8, 9, 10, 11, 12, 13, 14]",0.5,0.0,,,,0.0,0,0
ruler_niah_multiquery_16k:0001,ruler_niah_multiquery_16k,L24,L0,"[1, 2, 3, 4, 5, 6, 7, 8, 9, 10, 11, 12, 13, 14]",0.5,0.0,,,,0.0,0,0
ruler_niah_multiquery_16k:0001,ruler_niah_multiquery_16k,L24,L6,"[1, 2, 3, 4, 5, 6, 7, 8, 9, 10, 11, 12, 13, 14]",0.5,0.0,,,,0.0,0,0
ruler_niah_multiquery_16k:0001,ruler_niah_multiquery_16k,L24,L12,"[1, 2, 3, 4, 5, 6, 7, 8, 9, 10, 11, 12, 13, 14]",0.5,0.0,,,,0.0,0,0
ruler_niah_multiquery_16k:0001,ruler_niah_multiquery_16k,L24,L18,"[1, 2, 3, 4, 5, 6, 7, 8, 9, 10, 11, 12, 13, 14]",0.5,0.0,,,,0.0,0,0
ruler_niah_multiquery_16k:0001,ruler_niah_multiquery_16k,L24,ALL,"[1, 2, 3, 4, 5, 6, 7, 8, 9, 10, 11, 12, 13, 14]",0.5,0.0,,,,0.0,0,0
ruler_niah_multiquery_16k:0001,ruler_niah_multiquery_16k,ALL,OFF,"[1, 2, 3, 4, 5, 6, 7, 8, 9, 10, 11, 12, 13, 14]",0.5,0.0,,,,0.0,0,0
ruler_niah_multiquery_16k:0001,ruler_niah_multiquery_16k,ALL,L0,"[1, 2, 3, 4, 5, 6, 7, 8, 9, 10, 11, 12, 13, 14]",0.5,0.0,,,,0.0,0,0
ruler_niah_multiquery_16k:0001,ruler_niah_multiquery_16k,ALL,L6,"[1, 2, 3, 4, 5, 6, 7, 8, 9, 10, 11, 12, 13, 14]",0.5,0.0,,,,0.0,0,0
ruler_niah_multiquery_16k:0001,ruler_niah_multiquery_16k,ALL,L12,"[1, 2, 3, 4, 5, 6, 7, 8, 9, 10, 11, 12, 13, 14]",0.5,0.0,,,,0.0,0,0
ruler_niah_multiquery_16k:0001,ruler_niah_multiquery_16k,ALL,L18,"[1, 2, 3, 4, 5, 6, 7, 8, 9, 10, 11, 12, 13, 14]",0.5,0.0,,,,0.0,0,0
ruler_niah_multiquery_16k:0001,ruler_niah_multiquery_16k,ALL,L24,"[1, 2, 3, 4, 5, 6, 7, 8, 9, 10, 11, 12, 13, 14]",0.5,0.0,,,,0.0,0,0
ruler_niah_multiquery_16k:0063,ruler_niah_multiquery_16k,OFF,L0,"[1, 2, 3, 4, 5, 6, 7, 8, 9, 10, 11, 12, 13, 14]",0.5,0.0,,,,0.0,0,0
ruler_niah_multiquery_16k:0063,ruler_niah_multiquery_16k,OFF,L6,"[1, 2, 3, 4, 5, 6, 7, 8, 9, 10, 11, 12, 13, 14]",0.5,0.0,,,,0.0,0,0
ruler_niah_multiquery_16k:0063,ruler_niah_multiquery_16k,OFF,L12,"[3, 9, 10, 11, 12]",0.6,0.0,0.2,0.8,0.6,0.2,5,5
ruler_niah_multiquery_16k:0063,ruler_niah_multiquery_16k,OFF,L18,"[4, 5, 6]",0.3333333333333333,0.0,0.26666666666666666,0.4,0.13333333333333333,0.13333333333333333,3,3
ruler_niah_multiquery_16k:0063,ruler_niah_multiquery_16k,OFF,L24,"[1, 2, 3, 4, 5, 6, 7, 8, 9, 10, 11, 12, 13, 14]",0.5,0.0,,,,0.0,0,0
ruler_niah_multiquery_16k:0063,ruler_niah_multiquery_16k,OFF,ALL,"[3, 8]",0.36666666666666664,0.0,0.2,0.5333333333333333,0.3333333333333333,0.0,2,2
ruler_niah_multiquery_16k:0063,ruler_niah_multiquery_16k,L0,OFF,"[5, 6, 7, 8]",0.43333333333333335,0.0,0.3333333333333333,0.5333333333333333,0.2,0.2,4,4
ruler_niah_multiquery_16k:0063,ruler_niah_multiquery_16k,L0,L6,"[7, 8]",0.5,0.0,0.4666666666666667,0.5333333333333333,0.06666666666666667,0.06666666666666667,2,2
ruler_niah_multiquery_16k:0063,ruler_niah_multiquery_16k,L0,L12,[3],0.2,0.25,0.2,0.2,0.0,0.0,1,1
ruler_niah_multiquery_16k:0063,ruler_niah_multiquery_16k,L0,L18,"[4, 7, 8]",0.4222222222222222,0.0,0.26666666666666666,0.5333333333333333,0.26666666666666666,0.06666666666666667,3,3
ruler_niah_multiquery_16k:0063,ruler_niah_multiquery_16k,L0,L24,"[5, 6, 8]",0.4222222222222222,0.0,0.3333333333333333,0.5333333333333333,0.2,0.06666666666666667,3,3
ruler_niah_multiquery_16k:0063,ruler_niah_multiquery_16k,L0,ALL,[7],0.4666666666666667,0.25,0.4666666666666667,0.4666666666666667,0.0,0.0,1,1
ruler_niah_multiquery_16k:0063,ruler_niah_multiquery_16k,L6,OFF,[7],0.4666666666666667,0.25,0.4666666666666667,0.4666666666666667,0.0,0.0,1,1
ruler_niah_multiquery_16k:0063,ruler_niah_multiquery_16k,L6,L0,"[1, 2, 3, 4, 5, 6, 7, 8, 9, 10, 11, 12, 13, 14]",0.5,0.0,,,,0.0,0,0
ruler_niah_multiquery_16k:0063,ruler_niah_multiquery_16k,L6,L12,"[3, 7]",0.3333333333333333,0.0,0.2,0.4666666666666667,0.26666666666666666,0.0,2,2
ruler_niah_multiquery_16k:0063,ruler_niah_multiquery_16k,L6,L18,"[2, 3, 8, 9]",0.36666666666666664,0.0,0.13333333333333333,0.6,0.4666666666666667,0.06666666666666667,4,4
ruler_niah_multiquery_16k:0063,ruler_niah_multiquery_16k,L6,L24,[7],0.4666666666666667,0.25,0.4666666666666667,0.4666666666666667,0.0,0.0,1,1
ruler_niah_multiquery_16k:0063,ruler_niah_multiquery_16k,L6,ALL,[11],0.7333333333333333,0.25,0.7333333333333333,0.7333333333333333,0.0,0.0,1,1
ruler_niah_multiquery_16k:0063,ruler_niah_multiquery_16k,L12,OFF,"[9, 10]",0.6333333333333333,0.0,0.6,0.6666666666666666,0.06666666666666667,0.06666666666666667,2,2
ruler_niah_multiquery_16k:0063,ruler_niah_multiquery_16k,L12,L0,"[1, 2, 3, 4, 5, 6, 7, 8, 9, 10, 11, 12, 13, 14]",0.5,0.0,,,,0.0,0,0
ruler_niah_multiquery_16k:0063,ruler_niah_multiquery_16k,L12,L6,"[9, 11, 12]",0.711111111111111,0.0,0.6,0.8,0.2,0.06666666666666667,3,3
ruler_niah_multiquery_16k:0063,ruler_niah_multiquery_16k,L12,L18,[3],0.2,0.25,0.2,0.2,0.0,0.0,1,1
ruler_niah_multiquery_16k:0063,ruler_niah_multiquery_16k,L12,L24,[3],0.2,0.25,0.2,0.2,0.0,0.0,1,1
ruler_niah_multiquery_16k:0063,ruler_niah_multiquery_16k,L12,ALL,"[1, 2, 3, 4, 5, 6, 7, 8, 9, 10, 11, 12, 13, 14]",0.5,0.0,,,,0.0,0,0
ruler_niah_multiquery_16k:0063,ruler_niah_multiquery_16k,L18,OFF,"[1, 2, 3, 4, 5, 6, 7, 8, 9, 10, 11, 12, 13, 14]",0.5,0.0,,,,0.0,0,0
ruler_niah_multiquery_16k:0063,ruler_niah_multiquery_16k,L18,L0,[2],0.13333333333333333,0.25,0.13333333333333333,0.13333333333333333,0.0,0.0,1,1
ruler_niah_multiquery_16k:0063,ruler_niah_multiquery_16k,L18,L6,"[1, 2, 3, 4, 5, 6, 7, 8, 9, 10, 11, 12, 13, 14]",0.5,0.0,,,,0.0,0,0
ruler_niah_multiquery_16k:0063,ruler_niah_multiquery_16k,L18,L12,"[1, 2, 3, 4, 5, 6, 7, 8, 9, 10, 11, 12, 13, 14]",0.5,0.0,,,,0.0,0,0
ruler_niah_multiquery_16k:0063,ruler_niah_multiquery_16k,L18,L24,"[1, 2, 3, 4, 5, 6, 7, 8, 9, 10, 11, 12, 13, 14]",0.5,0.0,,,,0.0,0,0
ruler_niah_multiquery_16k:0063,ruler_niah_multiquery_16k,L18,ALL,"[4, 8, 9]",0.4666666666666667,0.0,0.26666666666666666,0.6,0.3333333333333333,0.06666666666666667,3,3
ruler_niah_multiquery_16k:0063,ruler_niah_multiquery_16k,L24,OFF,"[1, 2, 3, 4, 5, 6, 7, 8, 9, 10, 11, 12, 13, 14]",0.5,0.0,,,,0.0,0,0
ruler_niah_multiquery_16k:0063,ruler_niah_multiquery_16k,L24,L0,"[1, 2, 3, 4, 5, 6, 7, 8, 9, 10, 11, 12, 13, 14]",0.5,0.0,,,,0.0,0,0
ruler_niah_multiquery_16k:0063,ruler_niah_multiquery_16k,L24,L6,"[11, 12]",0.7666666666666667,0.0,0.7333333333333333,0.8,0.06666666666666667,0.06666666666666667,2,2
ruler_niah_multiquery_16k:0063,ruler_niah_multiquery_16k,L24,L12,"[1, 4]",0.16666666666666666,0.0,0.06666666666666667,0.26666666666666666,0.2,0.0,2,2
ruler_niah_multiquery_16k:0063,ruler_niah_multiquery_16k,L24,L18,[6],0.4,0.25,0.4,0.4,0.0,0.0,1,1
ruler_niah_multiquery_16k:0063,ruler_niah_multiquery_16k,L24,ALL,"[3, 4]",0.23333333333333334,0.0,0.2,0.26666666666666666,0.06666666666666667,0.06666666666666667,2,2
ruler_niah_multiquery_16k:0063,ruler_niah_multiquery_16k,ALL,OFF,"[1, 3]",0.13333333333333333,0.0,0.06666666666666667,0.2,0.13333333333333333,0.0,2,2
ruler_niah_multiquery_16k:0063,ruler_niah_multiquery_16k,ALL,L0,[3],0.2,0.25,0.2,0.2,0.0,0.0,1,1
ruler_niah_multiquery_16k:0063,ruler_niah_multiquery_16k,ALL,L6,"[7, 10, 11]",0.6222222222222222,0.0,0.4666666666666667,0.7333333333333333,0.26666666666666666,0.06666666666666667,3,3
ruler_niah_multiquery_16k:0063,ruler_niah_multiquery_16k,ALL,L12,[4],0.26666666666666666,0.25,0.26666666666666666,0.26666666666666666,0.0,0.0,1,1
ruler_niah_multiquery_16k:0063,ruler_niah_multiquery_16k,ALL,L18,"[3, 9]",0.4,0.0,0.2,0.6,0.4,0.0,2,2
ruler_niah_multiquery_16k:0063,ruler_niah_multiquery_16k,ALL,L24,[3],0.2,0.25,0.2,0.2,0.0,0.0,1,1
ruler_niah_multiquery_16k:0068,ruler_niah_multiquery_16k,OFF,L0,"[1, 2, 3, 4, 5, 6, 7, 8, 9, 10, 11, 12, 13, 14]",0.5,0.0,,,,0.0,0,0
ruler_niah_multiquery_16k:0068,ruler_niah_multiquery_16k,OFF,L6,"[1, 2, 3, 4, 5, 6, 7, 8, 9, 10, 11, 12, 13, 14]",0.5,0.0,,,,0.0,0,0
ruler_niah_multiquery_16k:0068,ruler_niah_multiquery_16k,OFF,L12,"[1, 2, 3, 4, 5, 6, 7, 8, 9, 10, 11, 12, 13, 14]",0.5,0.0,,,,0.0,0,0
ruler_niah_multiquery_16k:0068,ruler_niah_multiquery_16k,OFF,L18,"[1, 2, 3, 4, 5, 6, 7, 8, 9, 10, 11, 12, 13, 14]",0.5,0.0,,,,0.0,0,0
ruler_niah_multiquery_16k:0068,ruler_niah_multiquery_16k,OFF,L24,"[1, 2, 3, 4, 5, 6, 7, 8, 9, 10, 11, 12, 13, 14]",0.5,0.0,,,,0.0,0,0
ruler_niah_multiquery_16k:0068,ruler_niah_multiquery_16k,OFF,ALL,"[1, 2, 3, 4, 5, 6, 7, 8, 9, 10, 11, 12, 13, 14]",0.5,0.0,,,,0.0,0,0
ruler_niah_multiquery_16k:0068,ruler_niah_multiquery_16k,L0,OFF,"[1, 2, 3, 4, 5, 6, 7, 8, 9, 10, 11, 12, 13, 14]",0.5,0.0,,,,0.0,0,0
ruler_niah_multiquery_16k:0068,ruler_niah_multiquery_16k,L0,L6,"[1, 2, 3, 4, 5, 6, 7, 8, 9, 10, 11, 12, 13, 14]",0.5,0.0,,,,0.0,0,0
ruler_niah_multiquery_16k:0068,ruler_niah_multiquery_16k,L0,L12,"[1, 2, 3, 4, 5, 6, 7, 8, 9, 10, 11, 12, 13, 14]",0.5,0.0,,,,0.0,0,0
ruler_niah_multiquery_16k:0068,ruler_niah_multiquery_16k,L0,L18,"[1, 2, 3, 4, 5, 6, 7, 8, 9, 10, 11, 12, 13, 14]",0.5,0.0,,,,0.0,0,0
ruler_niah_multiquery_16k:0068,ruler_niah_multiquery_16k,L0,L24,"[1, 2, 3, 4, 5, 6, 7, 8, 9, 10, 11, 12, 13, 14]",0.5,0.0,,,,0.0,0,0
ruler_niah_multiquery_16k:0068,ruler_niah_multiquery_16k,L0,ALL,"[1, 2, 3, 4, 5, 6, 7, 8, 9, 10, 11, 12, 13, 14]",0.5,0.0,,,,0.0,0,0
ruler_niah_multiquery_16k:0068,ruler_niah_multiquery_16k,L6,OFF,"[1, 2, 3, 4, 5, 6, 7, 8, 9, 10, 11, 12, 13, 14]",0.5,0.0,,,,0.0,0,0
ruler_niah_multiquery_16k:0068,ruler_niah_multiquery_16k,L6,L0,"[1, 2, 3, 4, 5, 6, 7, 8, 9, 10, 11, 12, 13, 14]",0.5,0.0,,,,0.0,0,0
ruler_niah_multiquery_16k:0068,ruler_niah_multiquery_16k,L6,L12,"[1, 2, 3, 4, 5, 6, 7, 8, 9, 10, 11, 12, 13, 14]",0.5,0.0,,,,0.0,0,0
ruler_niah_multiquery_16k:0068,ruler_niah_multiquery_16k,L6,L18,"[1, 2, 3, 4, 5, 6, 7, 8, 9, 10, 11, 12, 13, 14]",0.5,0.0,,,,0.0,0,0
ruler_niah_multiquery_16k:0068,ruler_niah_multiquery_16k,L6,L24,"[1, 2, 3, 4, 5, 6, 7, 8, 9, 10, 11, 12, 13, 14]",0.5,0.0,,,,0.0,0,0
ruler_niah_multiquery_16k:0068,ruler_niah_multiquery_16k,L6,ALL,"[1, 2, 3, 4, 5, 6, 7, 8, 9, 10, 11, 12, 13, 14]",0.5,0.0,,,,0.0,0,0
ruler_niah_multiquery_16k:0068,ruler_niah_multiquery_16k,L12,OFF,"[1, 2, 3, 4, 5, 6, 7, 8, 9, 10, 11, 12, 13, 14]",0.5,0.0,,,,0.0,0,0
ruler_niah_multiquery_16k:0068,ruler_niah_multiquery_16k,L12,L0,"[1, 2, 3, 4, 5, 6, 7, 8, 9, 10, 11, 12, 13, 14]",0.5,0.0,,,,0.0,0,0
ruler_niah_multiquery_16k:0068,ruler_niah_multiquery_16k,L12,L6,"[1, 2, 3, 4, 5, 6, 7, 8, 9, 10, 11, 12, 13, 14]",0.5,0.0,,,,0.0,0,0
ruler_niah_multiquery_16k:0068,ruler_niah_multiquery_16k,L12,L18,"[1, 2, 3, 4, 5, 6, 7, 8, 9, 10, 11, 12, 13, 14]",0.5,0.0,,,,0.0,0,0
ruler_niah_multiquery_16k:0068,ruler_niah_multiquery_16k,L12,L24,"[1, 2, 3, 4, 5, 6, 7, 8, 9, 10, 11, 12, 13, 14]",0.5,0.0,,,,0.0,0,0
ruler_niah_multiquery_16k:0068,ruler_niah_multiquery_16k,L12,ALL,"[1, 2, 3, 4, 5, 6, 7, 8, 9, 10, 11, 12, 13, 14]",0.5,0.0,,,,0.0,0,0
ruler_niah_multiquery_16k:0068,ruler_niah_multiquery_16k,L18,OFF,"[1, 2, 3, 4, 5, 6, 7, 8, 9, 10, 11, 12, 13, 14]",0.5,0.0,,,,0.0,0,0
ruler_niah_multiquery_16k:0068,ruler_niah_multiquery_16k,L18,L0,"[1, 2, 3, 4, 5, 6, 7, 8, 9, 10, 11, 12, 13, 14]",0.5,0.0,,,,0.0,0,0
ruler_niah_multiquery_16k:0068,ruler_niah_multiquery_16k,L18,L6,"[1, 2, 3, 4, 5, 6, 7, 8, 9, 10, 11, 12, 13, 14]",0.5,0.0,,,,0.0,0,0
ruler_niah_multiquery_16k:0068,ruler_niah_multiquery_16k,L18,L12,"[1, 2, 3, 4, 5, 6, 7, 8, 9, 10, 11, 12, 13, 14]",0.5,0.0,,,,0.0,0,0
ruler_niah_multiquery_16k:0068,ruler_niah_multiquery_16k,L18,L24,"[1, 2, 3, 4, 5, 6, 7, 8, 9, 10, 11, 12, 13, 14]",0.5,0.0,,,,0.0,0,0
ruler_niah_multiquery_16k:0068,ruler_niah_multiquery_16k,L18,ALL,"[1, 2, 3, 4, 5, 6, 7, 8, 9, 10, 11, 12, 13, 14]",0.5,0.0,,,,0.0,0,0
ruler_niah_multiquery_16k:0068,ruler_niah_multiquery_16k,L24,OFF,"[1, 2, 3, 4, 5, 6, 7, 8, 9, 10, 11, 12, 13, 14]",0.5,0.0,,,,0.0,0,0
ruler_niah_multiquery_16k:0068,ruler_niah_multiquery_16k,L24,L0,"[1, 2, 3, 4, 5, 6, 7, 8, 9, 10, 11, 12, 13, 14]",0.5,0.0,,,,0.0,0,0
ruler_niah_multiquery_16k:0068,ruler_niah_multiquery_16k,L24,L6,"[1, 2, 3, 4, 5, 6, 7, 8, 9, 10, 11, 12, 13, 14]",0.5,0.0,,,,0.0,0,0
ruler_niah_multiquery_16k:0068,ruler_niah_multiquery_16k,L24,L12,"[1, 2, 3, 4, 5, 6, 7, 8, 9, 10, 11, 12, 13, 14]",0.5,0.0,,,,0.0,0,0
ruler_niah_multiquery_16k:0068,ruler_niah_multiquery_16k,L24,L18,"[1, 2, 3, 4, 5, 6, 7, 8, 9, 10, 11, 12, 13, 14]",0.5,0.0,,,,0.0,0,0
ruler_niah_multiquery_16k:0068,ruler_niah_multiquery_16k,L24,ALL,"[1, 2, 3, 4, 5, 6, 7, 8, 9, 10, 11, 12, 13, 14]",0.5,0.0,,,,0.0,0,0
ruler_niah_multiquery_16k:0068,ruler_niah_multiquery_16k,ALL,OFF,"[1, 2, 3, 4, 5, 6, 7, 8, 9, 10, 11, 12, 13, 14]",0.5,0.0,,,,0.0,0,0
ruler_niah_multiquery_16k:0068,ruler_niah_multiquery_16k,ALL,L0,"[1, 2, 3, 4, 5, 6, 7, 8, 9, 10, 11, 12, 13, 14]",0.5,0.0,,,,0.0,0,0
ruler_niah_multiquery_16k:0068,ruler_niah_multiquery_16k,ALL,L6,"[1, 2, 3, 4, 5, 6, 7, 8, 9, 10, 11, 12, 13, 14]",0.5,0.0,,,,0.0,0,0
ruler_niah_multiquery_16k:0068,ruler_niah_multiquery_16k,ALL,L12,"[1, 2, 3, 4, 5, 6, 7, 8, 9, 10, 11, 12, 13, 14]",0.5,0.0,,,,0.0,0,0
ruler_niah_multiquery_16k:0068,ruler_niah_multiquery_16k,ALL,L18,"[1, 2, 3, 4, 5, 6, 7, 8, 9, 10, 11, 12, 13, 14]",0.5,0.0,,,,0.0,0,0
ruler_niah_multiquery_16k:0068,ruler_niah_multiquery_16k,ALL,L24,"[1, 2, 3, 4, 5, 6, 7, 8, 9, 10, 11, 12, 13, 14]",0.5,0.0,,,,0.0,0,0
ruler_niah_multiquery_16k:0082,ruler_niah_multiquery_16k,OFF,L0,"[1, 2, 3, 4, 5, 6, 7, 8, 9, 10, 11, 12, 13, 14]",0.5,0.0,,,,0.0,0,0
ruler_niah_multiquery_16k:0082,ruler_niah_multiquery_16k,OFF,L6,"[1, 2, 3, 4, 5, 6, 7, 8, 9, 10, 11, 12, 13, 14]",0.5,0.0,,,,0.0,0,0
ruler_niah_multiquery_16k:0082,ruler_niah_multiquery_16k,OFF,L12,"[10, 11, 12]",0.7333333333333333,0.0,0.6666666666666666,0.8,0.13333333333333333,0.13333333333333333,3,3
ruler_niah_multiquery_16k:0082,ruler_niah_multiquery_16k,OFF,L18,"[1, 2, 3, 4, 5, 6, 7, 8, 9, 10, 11, 12, 13, 14]",0.5,0.0,,,,0.0,0,0
ruler_niah_multiquery_16k:0082,ruler_niah_multiquery_16k,OFF,L24,"[1, 2, 3, 4, 5, 6, 7, 8, 9, 10, 11, 12, 13, 14]",0.5,0.0,,,,0.0,0,0
ruler_niah_multiquery_16k:0082,ruler_niah_multiquery_16k,OFF,ALL,[8],0.5333333333333333,0.25,0.5333333333333333,0.5333333333333333,0.0,0.0,1,1
ruler_niah_multiquery_16k:0082,ruler_niah_multiquery_16k,L0,OFF,"[1, 2, 3, 4, 5, 6, 7, 8, 9, 10, 11, 12, 13, 14]",0.5,0.0,,,,0.0,0,0
ruler_niah_multiquery_16k:0082,ruler_niah_multiquery_16k,L0,L6,"[1, 2, 3, 4, 5, 6, 7, 8, 9, 10, 11, 12, 13, 14]",0.5,0.0,,,,0.0,0,0
ruler_niah_multiquery_16k:0082,ruler_niah_multiquery_16k,L0,L12,"[1, 2, 3, 4, 5, 6, 7, 8, 9, 10, 11, 12, 13, 14]",0.5,0.0,,,,0.0,0,0
ruler_niah_multiquery_16k:0082,ruler_niah_multiquery_16k,L0,L18,"[1, 2, 3, 4, 5, 6, 7, 8, 9, 10, 11, 12, 13, 14]",0.5,0.0,,,,0.0,0,0
ruler_niah_multiquery_16k:0082,ruler_niah_multiquery_16k,L0,L24,"[1, 2, 3, 4, 5, 6, 7, 8, 9, 10, 11, 12, 13, 14]",0.5,0.0,,,,0.0,0,0
ruler_niah_multiquery_16k:0082,ruler_niah_multiquery_16k,L0,ALL,[9],0.6,0.25,0.6,0.6,0.0,0.0,1,1
ruler_niah_multiquery_16k:0082,ruler_niah_multiquery_16k,L6,OFF,"[1, 2, 3, 4, 5, 6, 7, 8, 9, 10, 11, 12, 13, 14]",0.5,0.0,,,,0.0,0,0
ruler_niah_multiquery_16k:0082,ruler_niah_multiquery_16k,L6,L0,[10],0.6666666666666666,0.25,0.6666666666666666,0.6666666666666666,0.0,0.0,1,1
ruler_niah_multiquery_16k:0082,ruler_niah_multiquery_16k,L6,L12,"[1, 2, 3, 4, 5, 6, 7, 8, 9, 10, 11, 12, 13, 14]",0.5,0.0,,,,0.0,0,0
ruler_niah_multiquery_16k:0082,ruler_niah_multiquery_16k,L6,L18,"[1, 2, 3, 4, 5, 6, 7, 8, 9, 10, 11, 12, 13, 14]",0.5,0.0,,,,0.0,0,0
ruler_niah_multiquery_16k:0082,ruler_niah_multiquery_16k,L6,L24,"[1, 2, 3, 4, 5, 6, 7, 8, 9, 10, 11, 12, 13, 14]",0.5,0.0,,,,0.0,0,0
ruler_niah_multiquery_16k:0082,ruler_niah_multiquery_16k,L6,ALL,[10],0.6666666666666666,0.25,0.6666666666666666,0.6666666666666666,0.0,0.0,1,1
ruler_niah_multiquery_16k:0082,ruler_niah_multiquery_16k,L12,OFF,"[13, 14]",0.9,0.0,0.8666666666666667,0.9333333333333333,0.06666666666666667,0.06666666666666667,2,2
ruler_niah_multiquery_16k:0082,ruler_niah_multiquery_16k,L12,L0,"[3, 7, 8, 9, 13, 14]",0.6,0.0,0.2,0.9333333333333333,0.7333333333333333,0.13333333333333333,6,6
ruler_niah_multiquery_16k:0082,ruler_niah_multiquery_16k,L12,L6,[14],0.9333333333333333,0.25,0.9333333333333333,0.9333333333333333,0.0,0.0,1,1
ruler_niah_multiquery_16k:0082,ruler_niah_multiquery_16k,L12,L18,"[1, 2, 3, 4, 5, 6, 7, 8, 9, 10, 11, 12, 13, 14]",0.5,0.0,,,,0.0,0,0
ruler_niah_multiquery_16k:0082,ruler_niah_multiquery_16k,L12,L24,"[13, 14]",0.9,0.0,0.8666666666666667,0.9333333333333333,0.06666666666666667,0.06666666666666667,2,2
ruler_niah_multiquery_16k:0082,ruler_niah_multiquery_16k,L12,ALL,[8],0.5333333333333333,0.25,0.5333333333333333,0.5333333333333333,0.0,0.0,1,1
ruler_niah_multiquery_16k:0082,ruler_niah_multiquery_16k,L18,OFF,"[1, 2, 3, 4, 5, 6, 7, 8, 9, 10, 11, 12, 13, 14]",0.5,0.0,,,,0.0,0,0
ruler_niah_multiquery_16k:0082,ruler_niah_multiquery_16k,L18,L0,[11],0.7333333333333333,0.25,0.7333333333333333,0.7333333333333333,0.0,0.0,1,1
ruler_niah_multiquery_16k:0082,ruler_niah_multiquery_16k,L18,L6,"[1, 2, 3, 4, 5, 6, 7, 8, 9, 10, 11, 12, 13, 14]",0.5,0.0,,,,0.0,0,0
ruler_niah_multiquery_16k:0082,ruler_niah_multiquery_16k,L18,L12,"[1, 2, 3, 4, 5, 6, 7, 8, 9, 10, 11, 12, 13, 14]",0.5,0.0,,,,0.0,0,0
ruler_niah_multiquery_16k:0082,ruler_niah_multiquery_16k,L18,L24,"[1, 2, 3, 4, 5, 6, 7, 8, 9, 10, 11, 12, 13, 14]",0.5,0.0,,,,0.0,0,0
ruler_niah_multiquery_16k:0082,ruler_niah_multiquery_16k,L18,ALL,"[10, 11]",0.7,0.0,0.6666666666666666,0.7333333333333333,0.06666666666666667,0.06666666666666667,2,2
ruler_niah_multiquery_16k:0082,ruler_niah_multiquery_16k,L24,OFF,"[1, 2, 3, 4, 5, 6, 7, 8, 9, 10, 11, 12, 13, 14]",0.5,0.0,,,,0.0,0,0
ruler_niah_multiquery_16k:0082,ruler_niah_multiquery_16k,L24,L0,"[1, 2, 3, 4, 5, 6, 7, 8, 9, 10, 11, 12, 13, 14]",0.5,0.0,,,,0.0,0,0
ruler_niah_multiquery_16k:0082,ruler_niah_multiquery_16k,L24,L6,[11],0.7333333333333333,0.25,0.7333333333333333,0.7333333333333333,0.0,0.0,1,1
ruler_niah_multiquery_16k:0082,ruler_niah_multiquery_16k,L24,L12,[6],0.4,0.25,0.4,0.4,0.0,0.0,1,1
ruler_niah_multiquery_16k:0082,ruler_niah_multiquery_16k,L24,L18,"[1, 2, 3, 4, 5, 6, 7, 8, 9, 10, 11, 12, 13, 14]",0.5,0.0,,,,0.0,0,0
ruler_niah_multiquery_16k:0082,ruler_niah_multiquery_16k,L24,ALL,"[1, 2, 3, 4, 5, 6, 7, 8, 9, 10, 11, 12, 13, 14]",0.5,0.0,,,,0.0,0,0
ruler_niah_multiquery_16k:0082,ruler_niah_multiquery_16k,ALL,OFF,"[1, 2, 3, 4, 5, 6, 7, 8, 9, 10, 11, 12, 13, 14]",0.5,0.0,,,,0.0,0,0
ruler_niah_multiquery_16k:0082,ruler_niah_multiquery_16k,ALL,L0,"[1, 2, 3, 4, 5, 6, 7, 8, 9, 10, 11, 12, 13, 14]",0.5,0.0,,,,0.0,0,0
ruler_niah_multiquery_16k:0082,ruler_niah_multiquery_16k,ALL,L6,"[1, 2, 3, 4, 5, 6, 7, 8, 9, 10, 11, 12, 13, 14]",0.5,0.0,,,,0.0,0,0
ruler_niah_multiquery_16k:0082,ruler_niah_multiquery_16k,ALL,L12,"[1, 2, 3, 4, 5, 6, 7, 8, 9, 10, 11, 12, 13, 14]",0.5,0.0,,,,0.0,0,0
ruler_niah_multiquery_16k:0082,ruler_niah_multiquery_16k,ALL,L18,"[1, 2, 3, 4, 5, 6, 7, 8, 9, 10, 11, 12, 13, 14]",0.5,0.0,,,,0.0,0,0
ruler_niah_multiquery_16k:0082,ruler_niah_multiquery_16k,ALL,L24,"[1, 2, 3, 4, 5, 6, 7, 8, 9, 10, 11, 12, 13, 14]",0.5,0.0,,,,0.0,0,0
ruler_niah_multiquery_16k:0100,ruler_niah_multiquery_16k,OFF,L0,"[1, 2, 3, 4, 5, 6, 7, 8, 9, 10, 11, 12, 13, 14]",0.5,0.0,,,,0.0,0,0
ruler_niah_multiquery_16k:0100,ruler_niah_multiquery_16k,OFF,L6,"[1, 2, 3, 4, 5, 6, 7, 8, 9, 10, 11, 12, 13, 14]",0.5,0.0,,,,0.0,0,0
ruler_niah_multiquery_16k:0100,ruler_niah_multiquery_16k,OFF,L12,"[1, 2, 3, 4, 5, 6, 7, 8, 9, 10, 11, 12, 13, 14]",0.5,0.0,,,,0.0,0,0
ruler_niah_multiquery_16k:0100,ruler_niah_multiquery_16k,OFF,L18,"[1, 5, 6]",0.26666666666666666,0.0,0.06666666666666667,0.4,0.3333333333333333,0.06666666666666667,3,3
ruler_niah_multiquery_16k:0100,ruler_niah_multiquery_16k,OFF,L24,[4],0.26666666666666666,0.25,0.26666666666666666,0.26666666666666666,0.0,0.0,1,1
ruler_niah_multiquery_16k:0100,ruler_niah_multiquery_16k,OFF,ALL,[2],0.13333333333333333,0.25,0.13333333333333333,0.13333333333333333,0.0,0.0,1,1
ruler_niah_multiquery_16k:0100,ruler_niah_multiquery_16k,L0,OFF,"[1, 2, 3, 4, 5, 6, 7, 8, 9, 10, 11, 12, 13, 14]",0.5,0.0,,,,0.0,0,0
ruler_niah_multiquery_16k:0100,ruler_niah_multiquery_16k,L0,L6,"[1, 2, 3, 4, 5, 6, 7, 8, 9, 10, 11, 12, 13, 14]",0.5,0.0,,,,0.0,0,0
ruler_niah_multiquery_16k:0100,ruler_niah_multiquery_16k,L0,L12,"[1, 2, 3, 4, 5, 6, 7, 8, 9, 10, 11, 12, 13, 14]",0.5,0.0,,,,0.0,0,0
ruler_niah_multiquery_16k:0100,ruler_niah_multiquery_16k,L0,L18,"[1, 2, 3, 4, 5, 6, 7, 8, 9, 10, 11, 12, 13, 14]",0.5,0.0,,,,0.0,0,0
ruler_niah_multiquery_16k:0100,ruler_niah_multiquery_16k,L0,L24,"[1, 2, 3, 4, 5, 6, 7, 8, 9, 10, 11, 12, 13, 14]",0.5,0.0,,,,0.0,0,0
ruler_niah_multiquery_16k:0100,ruler_niah_multiquery_16k,L0,ALL,[4],0.26666666666666666,0.25,0.26666666666666666,0.26666666666666666,0.0,0.0,1,1
ruler_niah_multiquery_16k:0100,ruler_niah_multiquery_16k,L6,OFF,"[1, 2, 3, 4, 5, 6, 7, 8, 9, 10, 11, 12, 13, 14]",0.5,0.0,,,,0.0,0,0
ruler_niah_multiquery_16k:0100,ruler_niah_multiquery_16k,L6,L0,[1],0.06666666666666667,0.25,0.06666666666666667,0.06666666666666667,0.0,0.0,1,1
ruler_niah_multiquery_16k:0100,ruler_niah_multiquery_16k,L6,L12,"[1, 2, 3, 4, 5, 6, 7, 8, 9, 10, 11, 12, 13, 14]",0.5,0.0,,,,0.0,0,0
ruler_niah_multiquery_16k:0100,ruler_niah_multiquery_16k,L6,L18,"[1, 2, 3, 4, 5, 6, 7, 8, 9, 10, 11, 12, 13, 14]",0.5,0.0,,,,0.0,0,0
ruler_niah_multiquery_16k:0100,ruler_niah_multiquery_16k,L6,L24,"[1, 2, 3, 4, 5, 6, 7, 8, 9, 10, 11, 12, 13, 14]",0.5,0.0,,,,0.0,0,0
ruler_niah_multiquery_16k:0100,ruler_niah_multiquery_16k,L6,ALL,[1],0.06666666666666667,0.25,0.06666666666666667,0.06666666666666667,0.0,0.0,1,1
ruler_niah_multiquery_16k:0100,ruler_niah_multiquery_16k,L12,OFF,"[1, 2, 3, 4, 5, 6, 7, 8, 9, 10, 11, 12, 13, 14]",0.5,0.0,,,,0.0,0,0
ruler_niah_multiquery_16k:0100,ruler_niah_multiquery_16k,L12,L0,"[1, 2, 3, 4, 5, 6, 7, 8, 9, 10, 11, 12, 13, 14]",0.5,0.0,,,,0.0,0,0
ruler_niah_multiquery_16k:0100,ruler_niah_multiquery_16k,L12,L6,"[1, 2, 3, 4, 5, 6, 7, 8, 9, 10, 11, 12, 13, 14]",0.5,0.0,,,,0.0,0,0
ruler_niah_multiquery_16k:0100,ruler_niah_multiquery_16k,L12,L18,"[1, 2, 3, 4, 5, 6, 7, 8, 9, 10, 11, 12, 13, 14]",0.5,0.0,,,,0.0,0,0
ruler_niah_multiquery_16k:0100,ruler_niah_multiquery_16k,L12,L24,"[1, 2, 3, 4, 5, 6, 7, 8, 9, 10, 11, 12, 13, 14]",0.5,0.0,,,,0.0,0,0
ruler_niah_multiquery_16k:0100,ruler_niah_multiquery_16k,L12,ALL,"[3, 4]",0.23333333333333334,0.0,0.2,0.26666666666666666,0.06666666666666667,0.06666666666666667,2,2
ruler_niah_multiquery_16k:0100,ruler_niah_multiquery_16k,L18,OFF,"[2, 4, 5, 6, 10, 11, 12]",0.4761904761904762,0.0,0.13333333333333333,0.8,0.6666666666666666,0.13333333333333333,7,7
ruler_niah_multiquery_16k:0100,ruler_niah_multiquery_16k,L18,L0,"[1, 2, 3, 4, 5, 6, 7, 8, 9, 10, 11, 12, 13, 14]",0.5,0.0,,,,0.0,0,0
ruler_niah_multiquery_16k:0100,ruler_niah_multiquery_16k,L18,L6,[12],0.8,0.25,0.8,0.8,0.0,0.0,1,1
ruler_niah_multiquery_16k:0100,ruler_niah_multiquery_16k,L18,L12,"[1, 2, 3, 4, 5, 6, 7, 8, 9, 10, 11, 12, 13, 14]",0.5,0.0,,,,0.0,0,0
ruler_niah_multiquery_16k:0100,ruler_niah_multiquery_16k,L18,L24,"[4, 10, 11]",0.5555555555555556,0.0,0.26666666666666666,0.7333333333333333,0.4666666666666667,0.06666666666666667,3,3
ruler_niah_multiquery_16k:0100,ruler_niah_multiquery_16k,L18,ALL,"[1, 2, 3, 4, 5, 6, 7, 8, 9, 10, 11, 12, 13, 14]",0.5,0.0,,,,0.0,0,0
ruler_niah_multiquery_16k:0100,ruler_niah_multiquery_16k,L24,OFF,"[1, 2, 3, 4, 5, 6, 7, 8, 9, 10, 11, 12, 13, 14]",0.5,0.0,,,,0.0,0,0
ruler_niah_multiquery_16k:0100,ruler_niah_multiquery_16k,L24,L0,"[1, 2, 3, 4, 5, 6, 7, 8, 9, 10, 11, 12, 13, 14]",0.5,0.0,,,,0.0,0,0
ruler_niah_multiquery_16k:0100,ruler_niah_multiquery_16k,L24,L6,"[1, 2, 3, 4, 5, 6, 7, 8, 9, 10, 11, 12, 13, 14]",0.5,0.0,,,,0.0,0,0
ruler_niah_multiquery_16k:0100,ruler_niah_multiquery_16k,L24,L12,[4],0.26666666666666666,0.25,0.26666666666666666,0.26666666666666666,0.0,0.0,1,1
ruler_niah_multiquery_16k:0100,ruler_niah_multiquery_16k,L24,L18,"[1, 3]",0.13333333333333333,0.0,0.06666666666666667,0.2,0.13333333333333333,0.0,2,2
ruler_niah_multiquery_16k:0100,ruler_niah_multiquery_16k,L24,ALL,[2],0.13333333333333333,0.25,0.13333333333333333,0.13333333333333333,0.0,0.0,1,1
ruler_niah_multiquery_16k:0100,ruler_niah_multiquery_16k,ALL,OFF,"[1, 2, 3, 4, 5, 6, 7, 8, 9, 10, 11, 12, 13, 14]",0.5,0.0,,,,0.0,0,0
ruler_niah_multiquery_16k:0100,ruler_niah_multiquery_16k,ALL,L0,[5],0.3333333333333333,0.25,0.3333333333333333,0.3333333333333333,0.0,0.0,1,1
ruler_niah_multiquery_16k:0100,ruler_niah_multiquery_16k,ALL,L6,"[10, 11]",0.7,0.0,0.6666666666666666,0.7333333333333333,0.06666666666666667,0.06666666666666667,2,2
ruler_niah_multiquery_16k:0100,ruler_niah_multiquery_16k,ALL,L12,"[1, 2, 3, 4, 5, 6, 7, 8, 9, 10, 11, 12, 13, 14]",0.5,0.0,,,,0.0,0,0
ruler_niah_multiquery_16k:0100,ruler_niah_multiquery_16k,ALL,L18,[11],0.7333333333333333,0.25,0.7333333333333333,0.7333333333333333,0.0,0.0,1,1
ruler_niah_multiquery_16k:0100,ruler_niah_multiquery_16k,ALL,L24,[11],0.7333333333333333,0.25,0.7333333333333333,0.7333333333333333,0.0,0.0,1,1
ruler_niah_multiquery_16k:0129,ruler_niah_multiquery_16k,OFF,L0,"[1, 2, 3, 4, 5, 6, 7, 8, 9, 10, 11, 12, 13, 14]",0.5,0.0,,,,0.0,0,0
ruler_niah_multiquery_16k:0129,ruler_niah_multiquery_16k,OFF,L6,"[1, 2, 3, 4, 5, 6, 7, 8, 9, 10, 11, 12, 13, 14]",0.5,0.0,,,,0.0,0,0
ruler_niah_multiquery_16k:0129,ruler_niah_multiquery_16k,OFF,L12,"[1, 2, 3, 4, 5, 6, 7, 8, 9, 10, 11, 12, 13, 14]",0.5,0.0,,,,0.0,0,0
ruler_niah_multiquery_16k:0129,ruler_niah_multiquery_16k,OFF,L18,"[1, 2, 3, 4, 5, 6, 7, 8, 9, 10, 11, 12, 13, 14]",0.5,0.0,,,,0.0,0,0
ruler_niah_multiquery_16k:0129,ruler_niah_multiquery_16k,OFF,L24,"[1, 2, 3, 4, 5, 6, 7, 8, 9, 10, 11, 12, 13, 14]",0.5,0.0,,,,0.0,0,0
ruler_niah_multiquery_16k:0129,ruler_niah_multiquery_16k,OFF,ALL,"[1, 2, 3, 4, 5, 6, 7, 8, 9, 10, 11, 12, 13, 14]",0.5,0.0,,,,0.0,0,0
ruler_niah_multiquery_16k:0129,ruler_niah_multiquery_16k,L0,OFF,"[1, 2, 3, 4, 5, 6, 7, 8, 9, 10, 11, 12, 13, 14]",0.5,0.0,,,,0.0,0,0
ruler_niah_multiquery_16k:0129,ruler_niah_multiquery_16k,L0,L6,"[1, 2, 3, 4, 5, 6, 7, 8, 9, 10, 11, 12, 13, 14]",0.5,0.0,,,,0.0,0,0
ruler_niah_multiquery_16k:0129,ruler_niah_multiquery_16k,L0,L12,"[1, 2, 3, 4, 5, 6, 7, 8, 9, 10, 11, 12, 13, 14]",0.5,0.0,,,,0.0,0,0
ruler_niah_multiquery_16k:0129,ruler_niah_multiquery_16k,L0,L18,"[9, 10]",0.6333333333333333,0.0,0.6,0.6666666666666666,0.06666666666666667,0.06666666666666667,2,2
ruler_niah_multiquery_16k:0129,ruler_niah_multiquery_16k,L0,L24,"[1, 2, 3, 4, 5, 6, 7, 8, 9, 10, 11, 12, 13, 14]",0.5,0.0,,,,0.0,0,0
ruler_niah_multiquery_16k:0129,ruler_niah_multiquery_16k,L0,ALL,"[1, 2, 3, 4, 5, 6, 7, 8, 9, 10, 11, 12, 13, 14]",0.5,0.0,,,,0.0,0,0
ruler_niah_multiquery_16k:0129,ruler_niah_multiquery_16k,L6,OFF,"[1, 2, 3, 4, 5, 6, 7, 8, 9, 10, 11, 12, 13, 14]",0.5,0.0,,,,0.0,0,0
ruler_niah_multiquery_16k:0129,ruler_niah_multiquery_16k,L6,L0,[1],0.06666666666666667,0.25,0.06666666666666667,0.06666666666666667,0.0,0.0,1,1
ruler_niah_multiquery_16k:0129,ruler_niah_multiquery_16k,L6,L12,"[1, 2, 3, 4, 5, 6, 7, 8, 9, 10, 11, 12, 13, 14]",0.5,0.0,,,,0.0,0,0
ruler_niah_multiquery_16k:0129,ruler_niah_multiquery_16k,L6,L18,"[1, 2, 3, 4, 5, 6, 7, 8, 9, 10, 11, 12, 13, 14]",0.5,0.0,,,,0.0,0,0
ruler_niah_multiquery_16k:0129,ruler_niah_multiquery_16k,L6,L24,"[1, 2, 3, 4, 5, 6, 7, 8, 9, 10, 11, 12, 13, 14]",0.5,0.0,,,,0.0,0,0
ruler_niah_multiquery_16k:0129,ruler_niah_multiquery_16k,L6,ALL,"[1, 2, 3, 4, 5, 6, 7, 8, 9, 10, 11, 12, 13, 14]",0.5,0.0,,,,0.0,0,0
ruler_niah_multiquery_16k:0129,ruler_niah_multiquery_16k,L12,OFF,"[1, 2, 3, 4, 5, 6, 7, 8, 9, 10, 11, 12, 13, 14]",0.5,0.0,,,,0.0,0,0
ruler_niah_multiquery_16k:0129,ruler_niah_multiquery_16k,L12,L0,"[1, 2, 3, 4, 5, 6, 7, 8, 9, 10, 11, 12, 13, 14]",0.5,0.0,,,,0.0,0,0
ruler_niah_multiquery_16k:0129,ruler_niah_multiquery_16k,L12,L6,"[1, 2, 3, 4, 5, 6, 7, 8, 9, 10, 11, 12, 13, 14]",0.5,0.0,,,,0.0,0,0
ruler_niah_multiquery_16k:0129,ruler_niah_multiquery_16k,L12,L18,"[1, 2, 3, 4, 5, 6, 7, 8, 9, 10, 11, 12, 13, 14]",0.5,0.0,,,,0.0,0,0
ruler_niah_multiquery_16k:0129,ruler_niah_multiquery_16k,L12,L24,"[1, 2, 3, 4, 5, 6, 7, 8, 9, 10, 11, 12, 13, 14]",0.5,0.0,,,,0.0,0,0
ruler_niah_multiquery_16k:0129,ruler_niah_multiquery_16k,L12,ALL,[11],0.7333333333333333,0.25,0.7333333333333333,0.7333333333333333,0.0,0.0,1,1
ruler_niah_multiquery_16k:0129,ruler_niah_multiquery_16k,L18,OFF,"[1, 2, 3, 4, 5, 6, 7, 8, 9, 10, 11, 12, 13, 14]",0.5,0.0,,,,0.0,0,0
ruler_niah_multiquery_16k:0129,ruler_niah_multiquery_16k,L18,L0,"[1, 2, 3, 4, 5, 6, 7, 8, 9, 10, 11, 12, 13, 14]",0.5,0.0,,,,0.0,0,0
ruler_niah_multiquery_16k:0129,ruler_niah_multiquery_16k,L18,L6,"[1, 2, 3, 4, 5, 6, 7, 8, 9, 10, 11, 12, 13, 14]",0.5,0.0,,,,0.0,0,0
ruler_niah_multiquery_16k:0129,ruler_niah_multiquery_16k,L18,L12,"[1, 2, 3, 4, 5, 6, 7, 8, 9, 10, 11, 12, 13, 14]",0.5,0.0,,,,0.0,0,0
ruler_niah_multiquery_16k:0129,ruler_niah_multiquery_16k,L18,L24,"[1, 2, 3, 4, 5, 6, 7, 8, 9, 10, 11, 12, 13, 14]",0.5,0.0,,,,0.0,0,0
ruler_niah_multiquery_16k:0129,ruler_niah_multiquery_16k,L18,ALL,"[1, 2, 3, 4, 5, 6, 7, 8, 9, 10, 11, 12, 13, 14]",0.5,0.0,,,,0.0,0,0
ruler_niah_multiquery_16k:0129,ruler_niah_multiquery_16k,L24,OFF,"[1, 2, 3, 4, 5, 6, 7, 8, 9, 10, 11, 12, 13, 14]",0.5,0.0,,,,0.0,0,0
ruler_niah_multiquery_16k:0129,ruler_niah_multiquery_16k,L24,L0,"[1, 2, 3, 4, 5, 6, 7, 8, 9, 10, 11, 12, 13, 14]",0.5,0.0,,,,0.0,0,0
ruler_niah_multiquery_16k:0129,ruler_niah_multiquery_16k,L24,L6,"[1, 2, 3, 4, 5, 6, 7, 8, 9, 10, 11, 12, 13, 14]",0.5,0.0,,,,0.0,0,0
ruler_niah_multiquery_16k:0129,ruler_niah_multiquery_16k,L24,L12,"[1, 2, 3, 4, 5, 6, 7, 8, 9, 10, 11, 12, 13, 14]",0.5,0.0,,,,0.0,0,0
ruler_niah_multiquery_16k:0129,ruler_niah_multiquery_16k,L24,L18,"[1, 2, 3, 4, 5, 6, 7, 8, 9, 10, 11, 12, 13, 14]",0.5,0.0,,,,0.0,0,0
ruler_niah_multiquery_16k:0129,ruler_niah_multiquery_16k,L24,ALL,"[1, 2, 3, 4, 5, 6, 7, 8, 9, 10, 11, 12, 13, 14]",0.5,0.0,,,,0.0,0,0
ruler_niah_multiquery_16k:0129,ruler_niah_multiquery_16k,ALL,OFF,"[1, 2, 3, 4, 5, 6, 7, 8, 9, 10, 11, 12, 13, 14]",0.5,0.0,,,,0.0,0,0
ruler_niah_multiquery_16k:0129,ruler_niah_multiquery_16k,ALL,L0,"[1, 2, 3, 4, 5, 6, 7, 8, 9, 10, 11, 12, 13, 14]",0.5,0.0,,,,0.0,0,0
ruler_niah_multiquery_16k:0129,ruler_niah_multiquery_16k,ALL,L6,"[1, 2, 3, 4, 5, 6, 7, 8, 9, 10, 11, 12, 13, 14]",0.5,0.0,,,,0.0,0,0
ruler_niah_multiquery_16k:0129,ruler_niah_multiquery_16k,ALL,L12,"[1, 2, 3, 4, 5, 6, 7, 8, 9, 10, 11, 12, 13, 14]",0.5,0.0,,,,0.0,0,0
ruler_niah_multiquery_16k:0129,ruler_niah_multiquery_16k,ALL,L18,"[1, 2, 3, 4, 5, 6, 7, 8, 9, 10, 11, 12, 13, 14]",0.5,0.0,,,,0.0,0,0
ruler_niah_multiquery_16k:0129,ruler_niah_multiquery_16k,ALL,L24,"[1, 2, 3, 4, 5, 6, 7, 8, 9, 10, 11, 12, 13, 14]",0.5,0.0,,,,0.0,0,0
ruler_niah_multiquery_16k:0131,ruler_niah_multiquery_16k,OFF,L0,"[1, 2, 3, 4, 5, 6, 7, 8, 9, 10, 11, 12, 13, 14]",0.5,0.0,,,,0.0,0,0
ruler_niah_multiquery_16k:0131,ruler_niah_multiquery_16k,OFF,L6,"[1, 2, 3, 4, 5, 6, 7, 8, 9, 10, 11, 12, 13, 14]",0.5,0.0,,,,0.0,0,0
ruler_niah_multiquery_16k:0131,ruler_niah_multiquery_16k,OFF,L12,"[1, 2, 3, 4, 5, 6, 7, 8, 9, 10, 11, 12, 13, 14]",0.5,0.0,,,,0.0,0,0
ruler_niah_multiquery_16k:0131,ruler_niah_multiquery_16k,OFF,L18,"[1, 2, 3, 4, 5, 6, 7, 8, 9, 10, 11, 12, 13, 14]",0.5,0.0,,,,0.0,0,0
ruler_niah_multiquery_16k:0131,ruler_niah_multiquery_16k,OFF,L24,"[1, 2, 3, 4, 5, 6, 7, 8, 9, 10, 11, 12, 13, 14]",0.5,0.0,,,,0.0,0,0
ruler_niah_multiquery_16k:0131,ruler_niah_multiquery_16k,OFF,ALL,"[1, 4]",0.16666666666666666,0.0,0.06666666666666667,0.26666666666666666,0.2,0.0,2,2
ruler_niah_multiquery_16k:0131,ruler_niah_multiquery_16k,L0,OFF,"[1, 2, 3, 4, 5, 6, 7, 8, 9, 10, 11, 12, 13, 14]",0.5,0.0,,,,0.0,0,0
ruler_niah_multiquery_16k:0131,ruler_niah_multiquery_16k,L0,L6,"[1, 2, 3, 4, 5, 6, 7, 8, 9, 10, 11, 12, 13, 14]",0.5,0.0,,,,0.0,0,0
ruler_niah_multiquery_16k:0131,ruler_niah_multiquery_16k,L0,L12,"[1, 2, 3, 4, 5, 6, 7, 8, 9, 10, 11, 12, 13, 14]",0.5,0.0,,,,0.0,0,0
ruler_niah_multiquery_16k:0131,ruler_niah_multiquery_16k,L0,L18,"[1, 2, 3, 4, 5, 6, 7, 8, 9, 10, 11, 12, 13, 14]",0.5,0.0,,,,0.0,0,0
ruler_niah_multiquery_16k:0131,ruler_niah_multiquery_16k,L0,L24,"[1, 2, 3, 4, 5, 6, 7, 8, 9, 10, 11, 12, 13, 14]",0.5,0.0,,,,0.0,0,0
ruler_niah_multiquery_16k:0131,ruler_niah_multiquery_16k,L0,ALL,"[1, 2, 3, 4, 5, 6, 7, 8, 9, 10, 11, 12, 13, 14]",0.5,0.0,,,,0.0,0,0
ruler_niah_multiquery_16k:0131,ruler_niah_multiquery_16k,L6,OFF,"[1, 2, 3, 4, 5, 6, 7, 8, 9, 10, 11, 12, 13, 14]",0.5,0.0,,,,0.0,0,0
ruler_niah_multiquery_16k:0131,ruler_niah_multiquery_16k,L6,L0,"[1, 2, 3, 4, 5, 6, 7, 8, 9, 10, 11, 12, 13, 14]",0.5,0.0,,,,0.0,0,0
ruler_niah_multiquery_16k:0131,ruler_niah_multiquery_16k,L6,L12,"[1, 2, 3, 4, 5, 6, 7, 8, 9, 10, 11, 12, 13, 14]",0.5,0.0,,,,0.0,0,0
ruler_niah_multiquery_16k:0131,ruler_niah_multiquery_16k,L6,L18,[5],0.3333333333333333,0.25,0.3333333333333333,0.3333333333333333,0.0,0.0,1,1
ruler_niah_multiquery_16k:0131,ruler_niah_multiquery_16k,L6,L24,"[1, 2, 3, 4, 5, 6, 7, 8, 9, 10, 11, 12, 13, 14]",0.5,0.0,,,,0.0,0,0
ruler_niah_multiquery_16k:0131,ruler_niah_multiquery_16k,L6,ALL,"[1, 3]",0.13333333333333333,0.0,0.06666666666666667,0.2,0.13333333333333333,0.0,2,2
ruler_niah_multiquery_16k:0131,ruler_niah_multiquery_16k,L12,OFF,"[1, 2, 3, 4, 5, 6, 7, 8, 9, 10, 11, 12, 13, 14]",0.5,0.0,,,,0.0,0,0
ruler_niah_multiquery_16k:0131,ruler_niah_multiquery_16k,L12,L0,"[1, 2, 3, 4, 5, 6, 7, 8, 9, 10, 11, 12, 13, 14]",0.5,0.0,,,,0.0,0,0
ruler_niah_multiquery_16k:0131,ruler_niah_multiquery_16k,L12,L6,"[1, 2, 3, 4, 5, 6, 7, 8, 9, 10, 11, 12, 13, 14]",0.5,0.0,,,,0.0,0,0
ruler_niah_multiquery_16k:0131,ruler_niah_multiquery_16k,L12,L18,"[1, 2, 3, 4, 5, 6, 7, 8, 9, 10, 11, 12, 13, 14]",0.5,0.0,,,,0.0,0,0
ruler_niah_multiquery_16k:0131,ruler_niah_multiquery_16k,L12,L24,"[1, 2, 3, 4, 5, 6, 7, 8, 9, 10, 11, 12, 13, 14]",0.5,0.0,,,,0.0,0,0
ruler_niah_multiquery_16k:0131,ruler_niah_multiquery_16k,L12,ALL,"[1, 2, 3, 4, 5, 6, 7, 8, 9, 10, 11, 12, 13, 14]",0.5,0.0,,,,0.0,0,0
ruler_niah_multiquery_16k:0131,ruler_niah_multiquery_16k,L18,OFF,"[1, 2, 3, 4, 5, 6, 7, 8, 9, 10, 11, 12, 13, 14]",0.5,0.0,,,,0.0,0,0
ruler_niah_multiquery_16k:0131,ruler_niah_multiquery_16k,L18,L0,[7],0.4666666666666667,0.25,0.4666666666666667,0.4666666666666667,0.0,0.0,1,1
ruler_niah_multiquery_16k:0131,ruler_niah_multiquery_16k,L18,L6,"[1, 2, 3, 4, 5, 6, 7, 8, 9, 10, 11, 12, 13, 14]",0.5,0.0,,,,0.0,0,0
ruler_niah_multiquery_16k:0131,ruler_niah_multiquery_16k,L18,L12,"[1, 2, 3, 4, 5, 6, 7, 8, 9, 10, 11, 12, 13, 14]",0.5,0.0,,,,0.0,0,0
ruler_niah_multiquery_16k:0131,ruler_niah_multiquery_16k,L18,L24,"[1, 2, 3, 4, 5, 6, 7, 8, 9, 10, 11, 12, 13, 14]",0.5,0.0,,,,0.0,0,0
ruler_niah_multiquery_16k:0131,ruler_niah_multiquery_16k,L18,ALL,[1],0.06666666666666667,0.25,0.06666666666666667,0.06666666666666667,0.0,0.0,1,1
ruler_niah_multiquery_16k:0131,ruler_niah_multiquery_16k,L24,OFF,"[1, 2, 3, 4, 5, 6, 7, 8, 9, 10, 11, 12, 13, 14]",0.5,0.0,,,,0.0,0,0
ruler_niah_multiquery_16k:0131,ruler_niah_multiquery_16k,L24,L0,[8],0.5333333333333333,0.25,0.5333333333333333,0.5333333333333333,0.0,0.0,1,1
ruler_niah_multiquery_16k:0131,ruler_niah_multiquery_16k,L24,L6,"[1, 2, 3, 4, 5, 6, 7, 8, 9, 10, 11, 12, 13, 14]",0.5,0.0,,,,0.0,0,0
ruler_niah_multiquery_16k:0131,ruler_niah_multiquery_16k,L24,L12,"[1, 2, 3, 4, 5, 6, 7, 8, 9, 10, 11, 12, 13, 14]",0.5,0.0,,,,0.0,0,0
ruler_niah_multiquery_16k:0131,ruler_niah_multiquery_16k,L24,L18,"[1, 2, 3, 4, 5, 6, 7, 8, 9, 10, 11, 12, 13, 14]",0.5,0.0,,,,0.0,0,0
ruler_niah_multiquery_16k:0131,ruler_niah_multiquery_16k,L24,ALL,"[1, 2, 3, 4, 5, 6, 7, 8, 9, 10, 11, 12, 13, 14]",0.5,0.0,,,,0.0,0,0
ruler_niah_multiquery_16k:0131,ruler_niah_multiquery_16k,ALL,OFF,"[1, 2, 3, 4, 5, 6, 7, 8, 9, 10, 11, 12, 13, 14]",0.5,0.0,,,,0.0,0,0
ruler_niah_multiquery_16k:0131,ruler_niah_multiquery_16k,ALL,L0,"[1, 2, 3, 4, 5, 6, 7, 8, 9, 10, 11, 12, 13, 14]",0.5,0.0,,,,0.0,0,0
ruler_niah_multiquery_16k:0131,ruler_niah_multiquery_16k,ALL,L6,"[1, 2, 3, 4, 5, 6, 7, 8, 9, 10, 11, 12, 13, 14]",0.5,0.0,,,,0.0,0,0
ruler_niah_multiquery_16k:0131,ruler_niah_multiquery_16k,ALL,L12,[7],0.4666666666666667,0.25,0.4666666666666667,0.4666666666666667,0.0,0.0,1,1
ruler_niah_multiquery_16k:0131,ruler_niah_multiquery_16k,ALL,L18,[2],0.13333333333333333,0.25,0.13333333333333333,0.13333333333333333,0.0,0.0,1,1
ruler_niah_multiquery_16k:0131,ruler_niah_multiquery_16k,ALL,L24,"[2, 5]",0.23333333333333334,0.0,0.13333333333333333,0.3333333333333333,0.2,0.0,2,2
ruler_niah_multiquery_16k:0147,ruler_niah_multiquery_16k,OFF,L0,"[1, 2, 3, 4, 5, 6, 7, 8, 9, 10, 11, 12, 13, 14]",0.5,0.0,,,,0.0,0,0
ruler_niah_multiquery_16k:0147,ruler_niah_multiquery_16k,OFF,L6,"[1, 2, 3, 4, 5, 6, 7, 8, 9, 10, 11, 12, 13, 14]",0.5,0.0,,,,0.0,0,0
ruler_niah_multiquery_16k:0147,ruler_niah_multiquery_16k,OFF,L12,"[1, 2, 3, 4, 5, 6, 7, 8, 9, 10, 11, 12, 13, 14]",0.5,0.0,,,,0.0,0,0
ruler_niah_multiquery_16k:0147,ruler_niah_multiquery_16k,OFF,L18,"[1, 2, 3, 4, 5, 6, 7, 8, 9, 10, 11, 12, 13, 14]",0.5,0.0,,,,0.0,0,0
ruler_niah_multiquery_16k:0147,ruler_niah_multiquery_16k,OFF,L24,"[1, 2, 3, 4, 5, 6, 7, 8, 9, 10, 11, 12, 13, 14]",0.5,0.0,,,,0.0,0,0
ruler_niah_multiquery_16k:0147,ruler_niah_multiquery_16k,OFF,ALL,[8],0.5333333333333333,0.25,0.5333333333333333,0.5333333333333333,0.0,0.0,1,1
ruler_niah_multiquery_16k:0147,ruler_niah_multiquery_16k,L0,OFF,"[1, 2, 3, 4, 5, 6, 7, 8, 9, 10, 11, 12, 13, 14]",0.5,0.0,,,,0.0,0,0
ruler_niah_multiquery_16k:0147,ruler_niah_multiquery_16k,L0,L6,"[1, 2, 3, 4, 5, 6, 7, 8, 9, 10, 11, 12, 13, 14]",0.5,0.0,,,,0.0,0,0
ruler_niah_multiquery_16k:0147,ruler_niah_multiquery_16k,L0,L12,"[1, 2, 3, 4, 5, 6, 7, 8, 9, 10, 11, 12, 13, 14]",0.5,0.0,,,,0.0,0,0
ruler_niah_multiquery_16k:0147,ruler_niah_multiquery_16k,L0,L18,"[1, 2, 3, 4, 5, 6, 7, 8, 9, 10, 11, 12, 13, 14]",0.5,0.0,,,,0.0,0,0
ruler_niah_multiquery_16k:0147,ruler_niah_multiquery_16k,L0,L24,"[1, 2, 3, 4, 5, 6, 7, 8, 9, 10, 11, 12, 13, 14]",0.5,0.0,,,,0.0,0,0
ruler_niah_multiquery_16k:0147,ruler_niah_multiquery_16k,L0,ALL,"[1, 2, 3, 4, 5, 6, 7, 8, 9, 10, 11, 12, 13, 14]",0.5,0.0,,,,0.0,0,0
ruler_niah_multiquery_16k:0147,ruler_niah_multiquery_16k,L6,OFF,"[1, 2, 3, 4, 5, 6, 7, 8, 9, 10, 11, 12, 13, 14]",0.5,0.0,,,,0.0,0,0
ruler_niah_multiquery_16k:0147,ruler_niah_multiquery_16k,L6,L0,"[1, 2, 3, 4, 5, 6, 7, 8, 9, 10, 11, 12, 13, 14]",0.5,0.0,,,,0.0,0,0
ruler_niah_multiquery_16k:0147,ruler_niah_multiquery_16k,L6,L12,"[4, 7]",0.36666666666666664,0.0,0.26666666666666666,0.4666666666666667,0.2,0.0,2,2
ruler_niah_multiquery_16k:0147,ruler_niah_multiquery_16k,L6,L18,"[1, 2, 3, 4, 5, 6, 7, 8, 9, 10, 11, 12, 13, 14]",0.5,0.0,,,,0.0,0,0
ruler_niah_multiquery_16k:0147,ruler_niah_multiquery_16k,L6,L24,"[1, 2, 3, 4, 5, 6, 7, 8, 9, 10, 11, 12, 13, 14]",0.5,0.0,,,,0.0,0,0
ruler_niah_multiquery_16k:0147,ruler_niah_multiquery_16k,L6,ALL,"[7, 8]",0.5,0.0,0.4666666666666667,0.5333333333333333,0.06666666666666667,0.06666666666666667,2,2
ruler_niah_multiquery_16k:0147,ruler_niah_multiquery_16k,L12,OFF,"[1, 2, 3, 4, 5, 6, 7, 8, 9, 10, 11, 12, 13, 14]",0.5,0.0,,,,0.0,0,0
ruler_niah_multiquery_16k:0147,ruler_niah_multiquery_16k,L12,L0,"[8, 9]",0.5666666666666667,0.0,0.5333333333333333,0.6,0.06666666666666667,0.06666666666666667,2,2
ruler_niah_multiquery_16k:0147,ruler_niah_multiquery_16k,L12,L6,"[4, 7]",0.36666666666666664,0.0,0.26666666666666666,0.4666666666666667,0.2,0.0,2,2
ruler_niah_multiquery_16k:0147,ruler_niah_multiquery_16k,L12,L18,"[1, 2, 3, 4, 5, 6, 7, 8, 9, 10, 11, 12, 13, 14]",0.5,0.0,,,,0.0,0,0
ruler_niah_multiquery_16k:0147,ruler_niah_multiquery_16k,L12,L24,[1],0.06666666666666667,0.25,0.06666666666666667,0.06666666666666667,0.0,0.0,1,1
ruler_niah_multiquery_16k:0147,ruler_niah_multiquery_16k,L12,ALL,"[1, 2, 3, 4, 5, 6, 7, 8, 9, 10, 11, 12, 13, 14]",0.5,0.0,,,,0.0,0,0
ruler_niah_multiquery_16k:0147,ruler_niah_multiquery_16k,L18,OFF,"[1, 2, 3, 4, 5, 6, 7, 8, 9, 10, 11, 12, 13, 14]",0.5,0.0,,,,0.0,0,0
ruler_niah_multiquery_16k:0147,ruler_niah_multiquery_16k,L18,L0,"[1, 2, 3, 4, 5, 6, 7, 8, 9, 10, 11, 12, 13, 14]",0.5,0.0,,,,0.0,0,0
ruler_niah_multiquery_16k:0147,ruler_niah_multiquery_16k,L18,L6,"[1, 2, 3, 4, 5, 6, 7, 8, 9, 10, 11, 12, 13, 14]",0.5,0.0,,,,0.0,0,0
ruler_niah_multiquery_16k:0147,ruler_niah_multiquery_16k,L18,L12,"[1, 2, 3, 4, 5, 6, 7, 8, 9, 10, 11, 12, 13, 14]",0.5,0.0,,,,0.0,0,0
ruler_niah_multiquery_16k:0147,ruler_niah_multiquery_16k,L18,L24,"[1, 2, 3, 4, 5, 6, 7, 8, 9, 10, 11, 12, 13, 14]",0.5,0.0,,,,0.0,0,0
ruler_niah_multiquery_16k:0147,ruler_niah_multiquery_16k,L18,ALL,"[1, 2, 3, 4, 5, 6, 7, 8, 9, 10, 11, 12, 13, 14]",0.5,0.0,,,,0.0,0,0
ruler_niah_multiquery_16k:0147,ruler_niah_multiquery_16k,L24,OFF,"[1, 2, 3, 4, 5, 6, 7, 8, 9, 10, 11, 12, 13, 14]",0.5,0.0,,,,0.0,0,0
ruler_niah_multiquery_16k:0147,ruler_niah_multiquery_16k,L24,L0,"[1, 2, 3, 4, 5, 6, 7, 8, 9, 10, 11, 12, 13, 14]",0.5,0.0,,,,0.0,0,0
ruler_niah_multiquery_16k:0147,ruler_niah_multiquery_16k,L24,L6,"[1, 2, 3, 4, 5, 6, 7, 8, 9, 10, 11, 12, 13, 14]",0.5,0.0,,,,0.0,0,0
ruler_niah_multiquery_16k:0147,ruler_niah_multiquery_16k,L24,L12,"[1, 2, 3, 4, 5, 6, 7, 8, 9, 10, 11, 12, 13, 14]",0.5,0.0,,,,0.0,0,0
ruler_niah_multiquery_16k:0147,ruler_niah_multiquery_16k,L24,L18,"[1, 2, 3, 4, 5, 6, 7, 8, 9, 10, 11, 12, 13, 14]",0.5,0.0,,,,0.0,0,0
ruler_niah_multiquery_16k:0147,ruler_niah_multiquery_16k,L24,ALL,"[1, 2, 3, 4, 5, 6, 7, 8, 9, 10, 11, 12, 13, 14]",0.5,0.0,,,,0.0,0,0
ruler_niah_multiquery_16k:0147,ruler_niah_multiquery_16k,ALL,OFF,"[1, 2, 3, 4, 5, 6, 7, 8, 9, 10, 11, 12, 13, 14]",0.5,0.0,,,,0.0,0,0
ruler_niah_multiquery_16k:0147,ruler_niah_multiquery_16k,ALL,L0,"[1, 2, 3, 4, 5, 6, 7, 8, 9, 10, 11, 12, 13, 14]",0.5,0.0,,,,0.0,0,0
ruler_niah_multiquery_16k:0147,ruler_niah_multiquery_16k,ALL,L6,"[1, 2, 3, 4, 5, 6, 7, 8, 9, 10, 11, 12, 13, 14]",0.5,0.0,,,,0.0,0,0
ruler_niah_multiquery_16k:0147,ruler_niah_multiquery_16k,ALL,L12,"[1, 2, 3, 4, 5, 6, 7, 8, 9, 10, 11, 12, 13, 14]",0.5,0.0,,,,0.0,0,0
ruler_niah_multiquery_16k:0147,ruler_niah_multiquery_16k,ALL,L18,"[1, 2, 3, 4, 5, 6, 7, 8, 9, 10, 11, 12, 13, 14]",0.5,0.0,,,,0.0,0,0
ruler_niah_multiquery_16k:0147,ruler_niah_multiquery_16k,ALL,L24,"[1, 2, 3, 4, 5, 6, 7, 8, 9, 10, 11, 12, 13, 14]",0.5,0.0,,,,0.0,0,0
ruler_niah_multiquery_16k:0201,ruler_niah_multiquery_16k,OFF,L0,"[2, 3, 4, 5, 7, 8]",0.3222222222222222,0.0,0.13333333333333333,0.5333333333333333,0.4,0.2,6,6
ruler_niah_multiquery_16k:0201,ruler_niah_multiquery_16k,OFF,L6,"[1, 2, 3, 4, 5, 6, 7, 8, 9, 10, 11, 12, 13, 14]",0.5,0.0,,,,0.0,0,0
ruler_niah_multiquery_16k:0201,ruler_niah_multiquery_16k,OFF,L12,[6],0.4,0.25,,,,0.0,0,0
ruler_niah_multiquery_16k:0201,ruler_niah_multiquery_16k,OFF,L18,"[1, 2, 3, 4, 5, 6, 7, 8, 9, 10, 11, 12, 13, 14]",0.5,0.0,,,,0.0,0,0
ruler_niah_multiquery_16k:0201,ruler_niah_multiquery_16k,OFF,L24,"[1, 2, 3, 4, 5, 6, 7, 8, 9, 10, 11, 12, 13, 14]",0.5,0.0,,,,0.0,0,0
ruler_niah_multiquery_16k:0201,ruler_niah_multiquery_16k,OFF,ALL,"[2, 6, 10]",0.4,0.0,0.13333333333333333,0.6666666666666666,0.5333333333333333,0.0,3,3
ruler_niah_multiquery_16k:0201,ruler_niah_multiquery_16k,L0,OFF,"[7, 8, 9, 10, 11, 12, 13, 14]",0.7,0.0,0.4666666666666667,0.9333333333333333,0.4666666666666667,0.4666666666666667,8,8
ruler_niah_multiquery_16k:0201,ruler_niah_multiquery_16k,L0,L6,"[7, 9, 10, 11, 12, 13, 14]",0.7238095238095238,0.0,0.4666666666666667,0.9333333333333333,0.4666666666666667,0.3333333333333333,7,7
ruler_niah_multiquery_16k:0201,ruler_niah_multiquery_16k,L0,L12,"[2, 5, 6, 7, 8, 10, 11, 12, 13, 14]",0.5866666666666667,0.0,0.13333333333333333,0.9333333333333333,0.8,0.26666666666666666,10,10
ruler_niah_multiquery_16k:0201,ruler_niah_multiquery_16k,L0,L18,"[1, 6, 7, 10, 11, 12, 13, 14]",0.6166666666666667,0.0,0.06666666666666667,0.9333333333333333,0.8666666666666667,0.26666666666666666,8,8
ruler_niah_multiquery_16k:0201,ruler_niah_multiquery_16k,L0,L24,"[7, 8, 10, 11, 12, 13, 14]",0.7142857142857142,0.0,0.4666666666666667,0.9333333333333333,0.4666666666666667,0.26666666666666666,7,7
ruler_niah_multiquery_16k:0201,ruler_niah_multiquery_16k,L0,ALL,"[4, 6, 8, 9, 12]",0.52,0.0,0.26666666666666666,0.8,0.5333333333333333,0.06666666666666667,5,5
ruler_niah_multiquery_16k:0201,ruler_niah_multiquery_16k,L6,OFF,"[2, 3, 9]",0.3111111111111111,0.0,,,,0.0,0,0
ruler_niah_multiquery_16k:0201,ruler_niah_multiquery_16k,L6,L0,[5],0.3333333333333333,0.25,0.3333333333333333,0.3333333333333333,0.0,0.0,1,1
ruler_niah_multiquery_16k:0201,ruler_niah_multiquery_16k,L6,L12,"[1, 2, 3, 4, 5, 6, 7, 8, 9, 10, 11, 12, 13, 14]",0.5,0.0,,,,0.0,0,0
ruler_niah_multiquery_16k:0201,ruler_niah_multiquery_16k,L6,L18,"[5, 6]",0.36666666666666664,0.0,0.3333333333333333,0.4,0.06666666666666667,0.06666666666666667,2,2
ruler_niah_multiquery_16k:0201,ruler_niah_multiquery_16k,L6,L24,[5],0.3333333333333333,0.25,0.3333333333333333,0.3333333333333333,0.0,0.0,1,1
ruler_niah_multiquery_16k:0201,ruler_niah_multiquery_16k,L6,ALL,[11],0.7333333333333333,0.25,0.7333333333333333,0.7333333333333333,0.0,0.0,1,1
ruler_niah_multiquery_16k:0201,ruler_niah_multiquery_16k,L12,OFF,"[1, 2, 3, 4, 5, 6, 7, 8, 9, 10, 11, 12, 13, 14]",0.5,0.0,,,,0.0,0,0
ruler_niah_multiquery_16k:0201,ruler_niah_multiquery_16k,L12,L0,"[2, 3, 9]",0.3111111111111111,0.0,0.13333333333333333,0.6,0.4666666666666667,0.06666666666666667,3,3
ruler_niah_multiquery_16k:0201,ruler_niah_multiquery_16k,L12,L6,[1],0.06666666666666667,0.25,,,,0.0,0,0
ruler_niah_multiquery_16k:0201,ruler_niah_multiquery_16k,L12,L18,[3],0.2,0.25,,,,0.0,0,0
ruler_niah_multiquery_16k:0201,ruler_niah_multiquery_16k,L12,L24,"[1, 2, 3, 4, 5, 6, 7, 8, 9, 10, 11, 12, 13, 14]",0.5,0.0,,,,0.0,0,0
ruler_niah_multiquery_16k:0201,ruler_niah_multiquery_16k,L12,ALL,"[2, 3, 5]",0.22222222222222224,0.0,0.13333333333333333,0.3333333333333333,0.2,0.06666666666666667,3,3
ruler_niah_multiquery_16k:0201,ruler_niah_multiquery_16k,L18,OFF,"[1, 2, 3, 4, 5, 6, 7, 8, 9, 10, 11, 12, 13, 14]",0.5,0.0,,,,0.0,0,0
ruler_niah_multiquery_16k:0201,ruler_niah_multiquery_16k,L18,L0,"[2, 3, 7, 8]",0.3333333333333333,0.0,0.13333333333333333,0.5333333333333333,0.4,0.06666666666666667,4,4
ruler_niah_multiquery_16k:0201,ruler_niah_multiquery_16k,L18,L6,"[1, 2, 3, 4, 5, 6, 7, 8, 9, 10, 11, 12, 13, 14]",0.5,0.0,,,,0.0,0,0
ruler_niah_multiquery_16k:0201,ruler_niah_multiquery_16k,L18,L12,[7],0.4666666666666667,0.25,,,,0.0,0,0
ruler_niah_multiquery_16k:0201,ruler_niah_multiquery_16k,L18,L24,"[1, 2, 3, 4, 5, 6, 7, 8, 9, 10, 11, 12, 13, 14]",0.5,0.0,,,,0.0,0,0
ruler_niah_multiquery_16k:0201,ruler_niah_multiquery_16k,L18,ALL,"[2, 3, 4, 5, 6, 11]",0.34444444444444444,0.0,0.13333333333333333,0.7333333333333333,0.6,0.26666666666666666,6,6
ruler_niah_multiquery_16k:0201,ruler_niah_multiquery_16k,L24,OFF,"[1, 2, 3, 4, 5, 6, 7, 8, 9, 10, 11, 12, 13, 14]",0.5,0.0,,,,0.0,0,0
ruler_niah_multiquery_16k:0201,ruler_niah_multiquery_16k,L24,L0,"[2, 3, 4, 7]",0.26666666666666666,0.0,0.13333333333333333,0.4666666666666667,0.3333333333333333,0.13333333333333333,4,4
ruler_niah_multiquery_16k:0201,ruler_niah_multiquery_16k,L24,L6,"[1, 2, 3, 4, 5, 6, 7, 8, 9, 10, 11, 12, 13, 14]",0.5,0.0,,,,0.0,0,0
ruler_niah_multiquery_16k:0201,ruler_niah_multiquery_16k,L24,L12,"[6, 8, 9]",0.5111111111111112,0.0,,,,0.0,0,0
ruler_niah_multiquery_16k:0201,ruler_niah_multiquery_16k,L24,L18,"[1, 2, 3, 4, 5, 6, 7, 8, 9, 10, 11, 12, 13, 14]",0.5,0.0,,,,0.0,0,0
ruler_niah_multiquery_16k:0201,ruler_niah_multiquery_16k,L24,ALL,"[2, 3, 6]",0.24444444444444444,0.0,0.13333333333333333,0.4,0.26666666666666666,0.06666666666666667,3,3
ruler_niah_multiquery_16k:0201,ruler_niah_multiquery_16k,ALL,OFF,[1],0.06666666666666667,0.25,0.06666666666666667,0.06666666666666667,0.0,0.0,1,1
ruler_niah_multiquery_16k:0201,ruler_niah_multiquery_16k,ALL,L0,"[1, 2, 3, 4, 5, 6, 7, 8, 9, 10, 11, 12, 13, 14]",0.5,0.0,,,,0.0,0,0
ruler_niah_multiquery_16k:0201,ruler_niah_multiquery_16k,ALL,L6,"[1, 2, 11, 12, 13, 14]",0.5888888888888889,0.0,,,,0.0,0,0
ruler_niah_multiquery_16k:0201,ruler_niah_multiquery_16k,ALL,L12,[14],0.9333333333333333,0.25,,,,0.0,0,0
ruler_niah_multiquery_16k:0201,ruler_niah_multiquery_16k,ALL,L18,[1],0.06666666666666667,0.25,0.06666666666666667,0.06666666666666667,0.0,0.0,1,1
ruler_niah_multiquery_16k:0201,ruler_niah_multiquery_16k,ALL,L24,"[3, 13, 14]",0.6666666666666666,0.0,,,,0.0,0,0
ruler_niah_multiquery_16k:0381,ruler_niah_multiquery_16k,OFF,L0,"[1, 2, 3, 4, 5, 6, 7, 8, 9, 10, 11, 12, 13, 14]",0.5,0.0,,,,0.0,0,0
ruler_niah_multiquery_16k:0381,ruler_niah_multiquery_16k,OFF,L6,"[1, 2, 3, 4, 5, 6, 7, 8, 9, 10, 11, 12, 13, 14]",0.5,0.0,,,,0.0,0,0
ruler_niah_multiquery_16k:0381,ruler_niah_multiquery_16k,OFF,L12,"[1, 2, 3, 4, 5, 6, 7, 8, 9, 10, 11, 12, 13, 14]",0.5,0.0,,,,0.0,0,0
ruler_niah_multiquery_16k:0381,ruler_niah_multiquery_16k,OFF,L18,"[1, 2, 3, 4, 5, 6, 7, 8, 9, 10, 11, 12, 13, 14]",0.5,0.0,,,,0.0,0,0
ruler_niah_multiquery_16k:0381,ruler_niah_multiquery_16k,OFF,L24,"[1, 2, 3, 4, 5, 6, 7, 8, 9, 10, 11, 12, 13, 14]",0.5,0.0,,,,0.0,0,0
ruler_niah_multiquery_16k:0381,ruler_niah_multiquery_16k,OFF,ALL,"[1, 2, 3, 4, 5, 6, 7, 8, 9, 10, 11, 12, 13, 14]",0.5,0.0,,,,0.0,0,0
ruler_niah_multiquery_16k:0381,ruler_niah_multiquery_16k,L0,OFF,"[1, 2, 3, 4, 5, 6, 7, 8, 9, 10, 11, 12, 13, 14]",0.5,0.0,,,,0.0,0,0
ruler_niah_multiquery_16k:0381,ruler_niah_multiquery_16k,L0,L6,"[1, 2, 3, 4, 5, 6, 7, 8, 9, 10, 11, 12, 13, 14]",0.5,0.0,,,,0.0,0,0
ruler_niah_multiquery_16k:0381,ruler_niah_multiquery_16k,L0,L12,"[1, 2, 3, 4, 5, 6, 7, 8, 9, 10, 11, 12, 13, 14]",0.5,0.0,,,,0.0,0,0
ruler_niah_multiquery_16k:0381,ruler_niah_multiquery_16k,L0,L18,[9],0.6,0.25,0.6,0.6,0.0,0.0,1,1
ruler_niah_multiquery_16k:0381,ruler_niah_multiquery_16k,L0,L24,"[1, 2, 3, 4, 5, 6, 7, 8, 9, 10, 11, 12, 13, 14]",0.5,0.0,,,,0.0,0,0
ruler_niah_multiquery_16k:0381,ruler_niah_multiquery_16k,L0,ALL,"[1, 2, 3, 4, 5, 6, 7, 8, 9, 10, 11, 12, 13, 14]",0.5,0.0,,,,0.0,0,0
ruler_niah_multiquery_16k:0381,ruler_niah_multiquery_16k,L6,OFF,"[1, 2, 3, 4, 5, 6, 7, 8, 9, 10, 11, 12, 13, 14]",0.5,0.0,,,,0.0,0,0
ruler_niah_multiquery_16k:0381,ruler_niah_multiquery_16k,L6,L0,"[1, 2, 3, 4, 5, 6, 7, 8, 9, 10, 11, 12, 13, 14]",0.5,0.0,,,,0.0,0,0
ruler_niah_multiquery_16k:0381,ruler_niah_multiquery_16k,L6,L12,"[1, 2, 3, 4, 5, 6, 7, 8, 9, 10, 11, 12, 13, 14]",0.5,0.0,,,,0.0,0,0
ruler_niah_multiquery_16k:0381,ruler_niah_multiquery_16k,L6,L18,"[1, 2, 3, 4, 5, 6, 7, 8, 9, 10, 11, 12, 13, 14]",0.5,0.0,,,,0.0,0,0
ruler_niah_multiquery_16k:0381,ruler_niah_multiquery_16k,L6,L24,"[1, 2, 3, 4, 5, 6, 7, 8, 9, 10, 11, 12, 13, 14]",0.5,0.0,,,,0.0,0,0
ruler_niah_multiquery_16k:0381,ruler_niah_multiquery_16k,L6,ALL,"[1, 2, 3, 4, 5, 6, 7, 8, 9, 10, 11, 12, 13, 14]",0.5,0.0,,,,0.0,0,0
ruler_niah_multiquery_16k:0381,ruler_niah_multiquery_16k,L12,OFF,"[1, 2, 3, 4, 5, 6, 7, 8, 9, 10, 11, 12, 13, 14]",0.5,0.0,,,,0.0,0,0
ruler_niah_multiquery_16k:0381,ruler_niah_multiquery_16k,L12,L0,[4],0.26666666666666666,0.25,0.26666666666666666,0.26666666666666666,0.0,0.0,1,1
ruler_niah_multiquery_16k:0381,ruler_niah_multiquery_16k,L12,L6,"[1, 2, 3, 4, 5, 6, 7, 8, 9, 10, 11, 12, 13, 14]",0.5,0.0,,,,0.0,0,0
ruler_niah_multiquery_16k:0381,ruler_niah_multiquery_16k,L12,L18,"[1, 2, 3, 4, 5, 6, 7, 8, 9, 10, 11, 12, 13, 14]",0.5,0.0,,,,0.0,0,0
ruler_niah_multiquery_16k:0381,ruler_niah_multiquery_16k,L12,L24,"[1, 2, 3, 4, 5, 6, 7, 8, 9, 10, 11, 12, 13, 14]",0.5,0.0,,,,0.0,0,0
ruler_niah_multiquery_16k:0381,ruler_niah_multiquery_16k,L12,ALL,[8],0.5333333333333333,0.25,0.5333333333333333,0.5333333333333333,0.0,0.0,1,1
ruler_niah_multiquery_16k:0381,ruler_niah_multiquery_16k,L18,OFF,[9],0.6,0.25,0.6,0.6,0.0,0.0,1,1
ruler_niah_multiquery_16k:0381,ruler_niah_multiquery_16k,L18,L0,"[1, 4]",0.16666666666666666,0.0,0.06666666666666667,0.26666666666666666,0.2,0.0,2,2
ruler_niah_multiquery_16k:0381,ruler_niah_multiquery_16k,L18,L6,"[1, 2, 3, 4, 5, 6, 7, 8, 9, 10, 11, 12, 13, 14]",0.5,0.0,,,,0.0,0,0
ruler_niah_multiquery_16k:0381,ruler_niah_multiquery_16k,L18,L12,"[1, 2, 3, 4, 5, 6, 7, 8, 9, 10, 11, 12, 13, 14]",0.5,0.0,,,,0.0,0,0
ruler_niah_multiquery_16k:0381,ruler_niah_multiquery_16k,L18,L24,"[1, 2, 3, 4, 5, 6, 7, 8, 9, 10, 11, 12, 13, 14]",0.5,0.0,,,,0.0,0,0
ruler_niah_multiquery_16k:0381,ruler_niah_multiquery_16k,L18,ALL,"[1, 2, 3, 4, 5, 6, 7, 8, 9, 10, 11, 12, 13, 14]",0.5,0.0,,,,0.0,0,0
ruler_niah_multiquery_16k:0381,ruler_niah_multiquery_16k,L24,OFF,"[1, 2, 3, 4, 5, 6, 7, 8, 9, 10, 11, 12, 13, 14]",0.5,0.0,,,,0.0,0,0
ruler_niah_multiquery_16k:0381,ruler_niah_multiquery_16k,L24,L0,"[1, 2, 3, 4, 5, 6, 7, 8, 9, 10, 11, 12, 13, 14]",0.5,0.0,,,,0.0,0,0
ruler_niah_multiquery_16k:0381,ruler_niah_multiquery_16k,L24,L6,"[1, 2, 3, 4, 5, 6, 7, 8, 9, 10, 11, 12, 13, 14]",0.5,0.0,,,,0.0,0,0
ruler_niah_multiquery_16k:0381,ruler_niah_multiquery_16k,L24,L12,[8],0.5333333333333333,0.25,0.5333333333333333,0.5333333333333333,0.0,0.0,1,1
ruler_niah_multiquery_16k:0381,ruler_niah_multiquery_16k,L24,L18,"[1, 2, 3, 4, 5, 6, 7, 8, 9, 10, 11, 12, 13, 14]",0.5,0.0,,,,0.0,0,0
ruler_niah_multiquery_16k:0381,ruler_niah_multiquery_16k,L24,ALL,"[1, 2, 3, 4, 5, 6, 7, 8, 9, 10, 11, 12, 13, 14]",0.5,0.0,,,,0.0,0,0
ruler_niah_multiquery_16k:0381,ruler_niah_multiquery_16k,ALL,OFF,"[1, 2, 3, 4, 5, 6, 7, 8, 9, 10, 11, 12, 13, 14]",0.5,0.0,,,,0.0,0,0
ruler_niah_multiquery_16k:0381,ruler_niah_multiquery_16k,ALL,L0,"[1, 2, 3, 4, 5, 6, 7, 8, 9, 10, 11, 12, 13, 14]",0.5,0.0,,,,0.0,0,0
ruler_niah_multiquery_16k:0381,ruler_niah_multiquery_16k,ALL,L6,"[1, 2, 3, 4, 5, 6, 7, 8, 9, 10, 11, 12, 13, 14]",0.5,0.0,,,,0.0,0,0
ruler_niah_multiquery_16k:0381,ruler_niah_multiquery_16k,ALL,L12,"[1, 2, 3, 4, 5, 6, 7, 8, 9, 10, 11, 12, 13, 14]",0.5,0.0,,,,0.0,0,0
ruler_niah_multiquery_16k:0381,ruler_niah_multiquery_16k,ALL,L18,"[1, 2, 3, 4, 5, 6, 7, 8, 9, 10, 11, 12, 13, 14]",0.5,0.0,,,,0.0,0,0
ruler_niah_multiquery_16k:0381,ruler_niah_multiquery_16k,ALL,L24,"[1, 2, 3, 4, 5, 6, 7, 8, 9, 10, 11, 12, 13, 14]",0.5,0.0,,,,0.0,0,0
ruler_niah_multiquery_16k:0404,ruler_niah_multiquery_16k,OFF,L0,"[8, 9, 10, 11, 12, 13]",0.7,0.0,0.5333333333333333,0.8666666666666667,0.3333333333333333,0.3333333333333333,6,6
ruler_niah_multiquery_16k:0404,ruler_niah_multiquery_16k,OFF,L6,"[1, 2, 3, 4, 5, 6, 7, 8, 9, 10, 11, 12, 13, 14]",0.5,0.0,,,,0.0,0,0
ruler_niah_multiquery_16k:0404,ruler_niah_multiquery_16k,OFF,L12,[3],0.2,0.25,0.2,0.2,0.0,0.0,1,1
ruler_niah_multiquery_16k:0404,ruler_niah_multiquery_16k,OFF,L18,"[3, 4, 6]",0.28888888888888886,0.0,0.2,0.4,0.2,0.06666666666666667,3,3
ruler_niah_multiquery_16k:0404,ruler_niah_multiquery_16k,OFF,L24,"[1, 2, 3, 4, 5, 6, 7, 8, 9, 10, 11, 12, 13, 14]",0.5,0.0,,,,0.0,0,0
ruler_niah_multiquery_16k:0404,ruler_niah_multiquery_16k,OFF,ALL,"[1, 2, 3, 4, 5, 6, 7, 8, 9, 10, 11, 12, 13, 14]",0.5,0.0,,,,0.0,0,0
ruler_niah_multiquery_16k:0404,ruler_niah_multiquery_16k,L0,OFF,"[1, 2, 3, 4, 5, 6, 7, 8, 9, 10, 11, 12, 13, 14]",0.5,0.0,,,,0.0,0,0
ruler_niah_multiquery_16k:0404,ruler_niah_multiquery_16k,L0,L6,"[3, 4]",0.23333333333333334,0.0,0.2,0.26666666666666666,0.06666666666666667,0.06666666666666667,2,2
ruler_niah_multiquery_16k:0404,ruler_niah_multiquery_16k,L0,L12,[4],0.26666666666666666,0.25,0.26666666666666666,0.26666666666666666,0.0,0.0,1,1
ruler_niah_multiquery_16k:0404,ruler_niah_multiquery_16k,L0,L18,"[1, 2, 3, 4, 5, 6, 7, 8, 9, 10, 11, 12, 13, 14]",0.5,0.0,,,,0.0,0,0
ruler_niah_multiquery_16k:0404,ruler_niah_multiquery_16k,L0,L24,"[1, 2, 3, 4, 5, 6, 7, 8, 9, 10, 11, 12, 13, 14]",0.5,0.0,,,,0.0,0,0
ruler_niah_multiquery_16k:0404,ruler_niah_multiquery_16k,L0,ALL,"[1, 2, 3, 4, 5, 6, 7, 8, 9, 10, 11, 12, 13, 14]",0.5,0.0,,,,0.0,0,0
ruler_niah_multiquery_16k:0404,ruler_niah_multiquery_16k,L6,OFF,"[1, 2, 3, 4, 5, 6, 7, 8, 9, 10, 11, 12, 13, 14]",0.5,0.0,,,,0.0,0,0
ruler_niah_multiquery_16k:0404,ruler_niah_multiquery_16k,L6,L0,"[9, 10, 11, 12, 13]",0.7333333333333333,0.0,0.6,0.8666666666666667,0.26666666666666666,0.26666666666666666,5,5
ruler_niah_multiquery_16k:0404,ruler_niah_multiquery_16k,L6,L12,[6],0.4,0.25,0.4,0.4,0.0,0.0,1,1
ruler_niah_multiquery_16k:0404,ruler_niah_multiquery_16k,L6,L18,[6],0.4,0.25,0.4,0.4,0.0,0.0,1,1
ruler_niah_multiquery_16k:0404,ruler_niah_multiquery_16k,L6,L24,"[5, 6]",0.36666666666666664,0.0,0.3333333333333333,0.4,0.06666666666666667,0.06666666666666667,2,2
ruler_niah_multiquery_16k:0404,ruler_niah_multiquery_16k,L6,ALL,"[8, 13]",0.7,0.0,0.5333333333333333,0.8666666666666667,0.3333333333333333,0.0,2,2
ruler_niah_multiquery_16k:0404,ruler_niah_multiquery_16k,L12,OFF,"[2, 3, 14]",0.4222222222222222,0.0,0.13333333333333333,0.9333333333333333,0.8,0.06666666666666667,3,3
ruler_niah_multiquery_16k:0404,ruler_niah_multiquery_16k,L12,L0,[14],0.9333333333333333,0.25,0.9333333333333333,0.9333333333333333,0.0,0.0,1,1
ruler_niah_multiquery_16k:0404,ruler_niah_multiquery_16k,L12,L6,"[8, 14]",0.7333333333333333,0.0,0.5333333333333333,0.9333333333333333,0.4,0.0,2,2
ruler_niah_multiquery_16k:0404,ruler_niah_multiquery_16k,L12,L18,[14],0.9333333333333333,0.25,0.9333333333333333,0.9333333333333333,0.0,0.0,1,1
ruler_niah_multiquery_16k:0404,ruler_niah_multiquery_16k,L12,L24,"[10, 14]",0.8,0.0,0.6666666666666666,0.9333333333333333,0.26666666666666666,0.0,2,2
ruler_niah_multiquery_16k:0404,ruler_niah_multiquery_16k,L12,ALL,"[1, 2, 3, 4, 5, 6, 7, 8, 9, 10, 11, 12, 13, 14]",0.5,0.0,,,,0.0,0,0
ruler_niah_multiquery_16k:0404,ruler_niah_multiquery_16k,L18,OFF,"[1, 2, 3, 4, 5, 6, 7, 8, 9, 10, 11, 12, 13, 14]",0.5,0.0,,,,0.0,0,0
ruler_niah_multiquery_16k:0404,ruler_niah_multiquery_16k,L18,L0,"[1, 2, 3, 4, 5, 6, 7, 8, 9, 10, 11, 12, 13, 14]",0.5,0.0,,,,0.0,0,0
ruler_niah_multiquery_16k:0404,ruler_niah_multiquery_16k,L18,L6,"[1, 2, 3, 4, 5, 6, 7, 8, 9, 10, 11, 12, 13, 14]",0.5,0.0,,,,0.0,0,0
ruler_niah_multiquery_16k:0404,ruler_niah_multiquery_16k,L18,L12,[4],0.26666666666666666,0.25,0.26666666666666666,0.26666666666666666,0.0,0.0,1,1
ruler_niah_multiquery_16k:0404,ruler_niah_multiquery_16k,L18,L24,[2],0.13333333333333333,0.25,0.13333333333333333,0.13333333333333333,0.0,0.0,1,1
ruler_niah_multiquery_16k:0404,ruler_niah_multiquery_16k,L18,ALL,"[1, 2, 3, 4, 5, 6, 7, 8, 9, 10, 11, 12, 13, 14]",0.5,0.0,,,,0.0,0,0
ruler_niah_multiquery_16k:0404,ruler_niah_multiquery_16k,L24,OFF,"[7, 10]",0.5666666666666667,0.0,0.4666666666666667,0.6666666666666666,0.2,0.0,2,2
ruler_niah_multiquery_16k:0404,ruler_niah_multiquery_16k,L24,L0,"[6, 8, 9, 10, 11, 12, 13]",0.6571428571428571,0.0,0.4,0.8666666666666667,0.4666666666666667,0.3333333333333333,7,7
ruler_niah_multiquery_16k:0404,ruler_niah_multiquery_16k,L24,L6,"[1, 10]",0.36666666666666664,0.0,0.06666666666666667,0.6666666666666666,0.6,0.0,2,2
ruler_niah_multiquery_16k:0404,ruler_niah_multiquery_16k,L24,L12,"[4, 5]",0.3,0.0,0.26666666666666666,0.3333333333333333,0.06666666666666667,0.06666666666666667,2,2
ruler_niah_multiquery_16k:0404,ruler_niah_multiquery_16k,L24,L18,"[4, 5, 9]",0.4,0.0,0.26666666666666666,0.6,0.3333333333333333,0.06666666666666667,3,3
ruler_niah_multiquery_16k:0404,ruler_niah_multiquery_16k,L24,ALL,"[3, 7]",0.3333333333333333,0.0,0.2,0.4666666666666667,0.26666666666666666,0.0,2,2
ruler_niah_multiquery_16k:0404,ruler_niah_multiquery_16k,ALL,OFF,"[3, 13]",0.5333333333333333,0.0,0.2,0.8666666666666667,0.6666666666666666,0.0,2,2
ruler_niah_multiquery_16k:0404,ruler_niah_multiquery_16k,ALL,L0,"[4, 13]",0.5666666666666667,0.0,0.26666666666666666,0.8666666666666667,0.6,0.0,2,2
ruler_niah_multiquery_16k:0404,ruler_niah_multiquery_16k,ALL,L6,[13],0.8666666666666667,0.25,0.8666666666666667,0.8666666666666667,0.0,0.0,1,1
ruler_niah_multiquery_16k:0404,ruler_niah_multiquery_16k,ALL,L12,"[1, 2, 3, 4, 5, 6, 7, 8, 9, 10, 11, 12, 13, 14]",0.5,0.0,,,,0.0,0,0
ruler_niah_multiquery_16k:0404,ruler_niah_multiquery_16k,ALL,L18,[13],0.8666666666666667,0.25,0.8666666666666667,0.8666666666666667,0.0,0.0,1,1
ruler_niah_multiquery_16k:0404,ruler_niah_multiquery_16k,ALL,L24,"[1, 2, 3, 4, 5, 6, 7, 8, 9, 10, 11, 12, 13, 14]",0.5,0.0,,,,0.0,0,0
ruler_niah_multiquery_16k:0454,ruler_niah_multiquery_16k,OFF,L0,"[1, 2, 3, 4, 5, 6, 7, 8, 9, 10, 11, 12, 13, 14]",0.5,0.0,,,,0.0,0,0
ruler_niah_multiquery_16k:0454,ruler_niah_multiquery_16k,OFF,L6,"[5, 6, 7, 8]",0.43333333333333335,0.0,0.3333333333333333,0.5333333333333333,0.2,0.2,4,4
ruler_niah_multiquery_16k:0454,ruler_niah_multiquery_16k,OFF,L12,"[1, 2, 3, 4, 5, 6, 7, 8, 9, 10, 11, 12, 13, 14]",0.5,0.0,,,,0.0,0,0
ruler_niah_multiquery_16k:0454,ruler_niah_multiquery_16k,OFF,L18,"[2, 5]",0.23333333333333334,0.0,0.13333333333333333,0.3333333333333333,0.2,0.0,2,2
ruler_niah_multiquery_16k:0454,ruler_niah_multiquery_16k,OFF,L24,"[1, 2, 3, 4, 5, 6, 7, 8, 9, 10, 11, 12, 13, 14]",0.5,0.0,,,,0.0,0,0
ruler_niah_multiquery_16k:0454,ruler_niah_multiquery_16k,OFF,ALL,"[1, 2, 3, 4, 5, 6, 7, 8, 9, 10, 11, 12, 13, 14]",0.5,0.0,,,,0.0,0,0
ruler_niah_multiquery_16k:0454,ruler_niah_multiquery_16k,L0,OFF,[1],0.06666666666666667,0.5,0.06666666666666667,0.06666666666666667,0.0,0.0,1,1
ruler_niah_multiquery_16k:0454,ruler_niah_multiquery_16k,L0,L6,"[1, 2, 3, 4, 5, 6, 7, 8, 9, 10, 11, 12, 13, 14]",0.5,0.0,,,,0.0,0,0
ruler_niah_multiquery_16k:0454,ruler_niah_multiquery_16k,L0,L12,[4],0.26666666666666666,0.5,0.26666666666666666,0.26666666666666666,0.0,0.0,1,1
ruler_niah_multiquery_16k:0454,ruler_niah_multiquery_16k,L0,L18,"[1, 2, 3, 4, 5, 6, 7, 8, 9, 10, 11, 12, 13, 14]",0.5,0.0,,,,0.0,0,0
ruler_niah_multiquery_16k:0454,ruler_niah_multiquery_16k,L0,L24,"[1, 2]",0.1,0.0,0.06666666666666667,0.13333333333333333,0.06666666666666667,0.06666666666666667,2,2
ruler_niah_multiquery_16k:0454,ruler_niah_multiquery_16k,L0,ALL,"[1, 2, 3, 4, 5, 6, 7, 8, 9, 10, 11, 12, 13, 14]",0.5,0.0,,,,0.0,0,0
ruler_niah_multiquery_16k:0454,ruler_niah_multiquery_16k,L6,OFF,"[1, 2, 3, 4, 5, 6, 7, 8, 9, 10, 11, 12, 13, 14]",0.5,0.0,,,,0.0,0,0
ruler_niah_multiquery_16k:0454,ruler_niah_multiquery_16k,L6,L0,"[5, 6]",0.36666666666666664,0.0,0.3333333333333333,0.4,0.06666666666666667,0.06666666666666667,2,2
ruler_niah_multiquery_16k:0454,ruler_niah_multiquery_16k,L6,L12,"[1, 2, 3, 4, 5, 6, 7, 8, 9, 10, 11, 12, 13, 14]",0.5,0.0,,,,0.0,0,0
ruler_niah_multiquery_16k:0454,ruler_niah_multiquery_16k,L6,L18,[2],0.13333333333333333,0.5,0.13333333333333333,0.13333333333333333,0.0,0.0,1,1
ruler_niah_multiquery_16k:0454,ruler_niah_multiquery_16k,L6,L24,"[1, 2, 3, 4, 5, 6, 7, 8, 9, 10, 11, 12, 13, 14]",0.5,0.0,,,,0.0,0,0
ruler_niah_multiquery_16k:0454,ruler_niah_multiquery_16k,L6,ALL,"[3, 8]",0.36666666666666664,0.0,0.2,0.5333333333333333,0.3333333333333333,0.0,2,2
ruler_niah_multiquery_16k:0454,ruler_niah_multiquery_16k,L12,OFF,"[1, 2, 3, 4, 5, 6, 7, 8, 9, 10, 11, 12, 13, 14]",0.5,0.0,,,,0.0,0,0
ruler_niah_multiquery_16k:0454,ruler_niah_multiquery_16k,L12,L0,"[1, 2, 3, 4, 5, 6, 7, 8, 9, 10, 11, 12, 13, 14]",0.5,0.0,,,,0.0,0,0
ruler_niah_multiquery_16k:0454,ruler_niah_multiquery_16k,L12,L6,"[1, 2, 3, 4, 5, 6, 7, 8, 9, 10, 11, 12, 13, 14]",0.5,0.0,,,,0.0,0,0
ruler_niah_multiquery_16k:0454,ruler_niah_multiquery_16k,L12,L18,"[1, 2, 3, 4, 5, 6, 7, 8, 9, 10, 11, 12, 13, 14]",0.5,0.0,,,,0.0,0,0
ruler_niah_multiquery_16k:0454,ruler_niah_multiquery_16k,L12,L24,"[1, 2, 3, 4, 5, 6, 7, 8, 9, 10, 11, 12, 13, 14]",0.5,0.0,,,,0.0,0,0
ruler_niah_multiquery_16k:0454,ruler_niah_multiquery_16k,L12,ALL,"[1, 2, 3, 4, 5, 6, 7, 8, 9, 10, 11, 12, 13, 14]",0.5,0.0,,,,0.0,0,0
ruler_niah_multiquery_16k:0454,ruler_niah_multiquery_16k,L18,OFF,"[1, 2, 3, 4, 5, 6, 7, 8, 9, 10, 11, 12, 13, 14]",0.5,0.0,,,,0.0,0,0
ruler_niah_multiquery_16k:0454,ruler_niah_multiquery_16k,L18,L0,[8],0.5333333333333333,0.5,0.5333333333333333,0.5333333333333333,0.0,0.0,1,1
ruler_niah_multiquery_16k:0454,ruler_niah_multiquery_16k,L18,L6,[5],0.3333333333333333,0.5,0.3333333333333333,0.3333333333333333,0.0,0.0,1,1
ruler_niah_multiquery_16k:0454,ruler_niah_multiquery_16k,L18,L12,[2],0.13333333333333333,0.5,0.13333333333333333,0.13333333333333333,0.0,0.0,1,1
ruler_niah_multiquery_16k:0454,ruler_niah_multiquery_16k,L18,L24,[8],0.5333333333333333,0.5,0.5333333333333333,0.5333333333333333,0.0,0.0,1,1
ruler_niah_multiquery_16k:0454,ruler_niah_multiquery_16k,L18,ALL,"[1, 2, 3, 4, 5, 6, 7, 8, 9, 10, 11, 12, 13, 14]",0.5,0.0,,,,0.0,0,0
ruler_niah_multiquery_16k:0454,ruler_niah_multiquery_16k,L24,OFF,"[1, 2, 3, 4, 5, 6, 7, 8, 9, 10, 11, 12, 13, 14]",0.5,0.0,,,,0.0,0,0
ruler_niah_multiquery_16k:0454,ruler_niah_multiquery_16k,L24,L0,"[1, 2, 3, 4, 5, 6, 7, 8, 9, 10, 11, 12, 13, 14]",0.5,0.0,,,,0.0,0,0
ruler_niah_multiquery_16k:0454,ruler_niah_multiquery_16k,L24,L6,"[5, 7]",0.4,0.0,0.3333333333333333,0.4666666666666667,0.13333333333333333,0.0,2,2
ruler_niah_multiquery_16k:0454,ruler_niah_multiquery_16k,L24,L12,"[1, 2, 3, 4, 5, 6, 7, 8, 9, 10, 11, 12, 13, 14]",0.5,0.0,,,,0.0,0,0
ruler_niah_multiquery_16k:0454,ruler_niah_multiquery_16k,L24,L18,"[1, 2, 3, 4, 5, 6, 7, 8, 9, 10, 11, 12, 13, 14]",0.5,0.0,,,,0.0,0,0
ruler_niah_multiquery_16k:0454,ruler_niah_multiquery_16k,L24,ALL,"[10, 11]",0.7,0.0,0.6666666666666666,0.7333333333333333,0.06666666666666667,0.06666666666666667,2,2
ruler_niah_multiquery_16k:0454,ruler_niah_multiquery_16k,ALL,OFF,"[1, 2, 3, 4, 5, 6, 7, 8, 9, 10, 11, 12, 13, 14]",0.5,0.0,,,,0.0,0,0
ruler_niah_multiquery_16k:0454,ruler_niah_multiquery_16k,ALL,L0,[2],0.13333333333333333,0.5,0.13333333333333333,0.13333333333333333,0.0,0.0,1,1
ruler_niah_multiquery_16k:0454,ruler_niah_multiquery_16k,ALL,L6,"[1, 2, 3, 4, 5, 6, 7, 8, 9, 10, 11, 12, 13, 14]",0.5,0.0,,,,0.0,0,0
ruler_niah_multiquery_16k:0454,ruler_niah_multiquery_16k,ALL,L12,"[5, 6]",0.36666666666666664,0.0,0.3333333333333333,0.4,0.06666666666666667,0.06666666666666667,2,2
ruler_niah_multiquery_16k:0454,ruler_niah_multiquery_16k,ALL,L18,[1],0.06666666666666667,0.5,0.06666666666666667,0.06666666666666667,0.0,0.0,1,1
ruler_niah_multiquery_16k:0454,ruler_niah_multiquery_16k,ALL,L24,"[1, 2, 3, 4, 5, 6, 7, 8, 9, 10, 11, 12, 13, 14]",0.5,0.0,,,,0.0,0,0
ruler_niah_multivalue_16k:0060,ruler_niah_multivalue_16k,OFF,L0,"[1, 2, 3, 4, 5, 6, 7, 8, 9, 10, 11, 12, 13, 14]",0.5,0.0,,,,0.0,0,0
ruler_niah_multivalue_16k:0060,ruler_niah_multivalue_16k,OFF,L6,"[1, 2, 3, 4, 5, 6, 7, 8, 9, 10, 11, 12, 13, 14]",0.5,0.0,,,,0.0,0,0
ruler_niah_multivalue_16k:0060,ruler_niah_multivalue_16k,OFF,L12,"[1, 2, 3, 4, 5, 6, 7, 8, 9, 10, 11, 12, 13, 14]",0.5,0.0,,,,0.0,0,0
ruler_niah_multivalue_16k:0060,ruler_niah_multivalue_16k,OFF,L18,"[1, 2, 3, 4, 5, 6, 7, 8, 9, 10, 11, 12, 13, 14]",0.5,0.0,,,,0.0,0,0
ruler_niah_multivalue_16k:0060,ruler_niah_multivalue_16k,OFF,L24,"[1, 2, 3, 4, 5, 6, 7, 8, 9, 10, 11, 12, 13, 14]",0.5,0.0,,,,0.0,0,0
ruler_niah_multivalue_16k:0060,ruler_niah_multivalue_16k,OFF,ALL,"[3, 9, 11]",0.5111111111111112,0.0,0.2,0.7333333333333333,0.5333333333333333,0.0,3,3
ruler_niah_multivalue_16k:0060,ruler_niah_multivalue_16k,L0,OFF,"[1, 2, 3, 4, 5, 6, 7, 8, 9, 10, 11, 12, 13, 14]",0.5,0.0,,,,0.0,0,0
ruler_niah_multivalue_16k:0060,ruler_niah_multivalue_16k,L0,L6,"[1, 2, 3, 4, 5, 6, 7, 8, 9, 10, 11, 12, 13, 14]",0.5,0.0,,,,0.0,0,0
ruler_niah_multivalue_16k:0060,ruler_niah_multivalue_16k,L0,L12,[7],0.4666666666666667,0.25,0.4666666666666667,0.4666666666666667,0.0,0.0,1,1
ruler_niah_multivalue_16k:0060,ruler_niah_multivalue_16k,L0,L18,"[6, 7]",0.43333333333333335,0.0,0.4,0.4666666666666667,0.06666666666666667,0.06666666666666667,2,2
ruler_niah_multivalue_16k:0060,ruler_niah_multivalue_16k,L0,L24,"[1, 2, 3, 4, 5, 6, 7, 8, 9, 10, 11, 12, 13, 14]",0.5,0.0,,,,0.0,0,0
ruler_niah_multivalue_16k:0060,ruler_niah_multivalue_16k,L0,ALL,"[1, 2, 3, 4, 5, 6, 7, 8, 9, 10, 11, 12, 13, 14]",0.5,0.0,,,,0.0,0,0
ruler_niah_multivalue_16k:0060,ruler_niah_multivalue_16k,L6,OFF,"[1, 2, 3, 4, 5, 6, 7, 8, 9, 10, 11, 12, 13, 14]",0.5,0.0,,,,0.0,0,0
ruler_niah_multivalue_16k:0060,ruler_niah_multivalue_16k,L6,L0,[4],0.26666666666666666,0.25,0.26666666666666666,0.26666666666666666,0.0,0.0,1,1
ruler_niah_multivalue_16k:0060,ruler_niah_multivalue_16k,L6,L12,[2],0.13333333333333333,0.25,0.13333333333333333,0.13333333333333333,0.0,0.0,1,1
ruler_niah_multivalue_16k:0060,ruler_niah_multivalue_16k,L6,L18,[1],0.06666666666666667,0.25,0.06666666666666667,0.06666666666666667,0.0,0.0,1,1
ruler_niah_multivalue_16k:0060,ruler_niah_multivalue_16k,L6,L24,"[1, 2, 3, 4, 5, 6, 7, 8, 9, 10, 11, 12, 13, 14]",0.5,0.0,,,,0.0,0,0
ruler_niah_multivalue_16k:0060,ruler_niah_multivalue_16k,L6,ALL,"[1, 2, 3, 4, 5, 6, 7, 8, 9, 10, 11, 12, 13, 14]",0.5,0.0,,,,0.0,0,0
ruler_niah_multivalue_16k:0060,ruler_niah_multivalue_16k,L12,OFF,[9],0.6,0.25,0.6,0.6,0.0,0.0,1,1
ruler_niah_multivalue_16k:0060,ruler_niah_multivalue_16k,L12,L0,"[1, 2, 3, 4, 5, 6, 7, 8, 9, 10, 11, 12, 13, 14]",0.5,0.0,,,,0.0,0,0
ruler_niah_multivalue_16k:0060,ruler_niah_multivalue_16k,L12,L6,"[1, 2, 3, 4, 5, 6, 7, 8, 9, 10, 11, 12, 13, 14]",0.5,0.0,,,,0.0,0,0
ruler_niah_multivalue_16k:0060,ruler_niah_multivalue_16k,L12,L18,"[1, 2, 3, 4, 5, 6, 7, 8, 9, 10, 11, 12, 13, 14]",0.5,0.0,,,,0.0,0,0
ruler_niah_multivalue_16k:0060,ruler_niah_multivalue_16k,L12,L24,"[1, 2, 3, 4, 5, 6, 7, 8, 9, 10, 11, 12, 13, 14]",0.5,0.0,,,,0.0,0,0
ruler_niah_multivalue_16k:0060,ruler_niah_multivalue_16k,L12,ALL,[6],0.4,0.25,0.4,0.4,0.0,0.0,1,1
ruler_niah_multivalue_16k:0060,ruler_niah_multivalue_16k,L18,OFF,"[1, 2, 3, 4, 5, 6, 7, 8, 9, 10, 11, 12, 13, 14]",0.5,0.0,,,,0.0,0,0
ruler_niah_multivalue_16k:0060,ruler_niah_multivalue_16k,L18,L0,"[1, 2, 3, 4, 5, 6, 7, 8, 9, 10, 11, 12, 13, 14]",0.5,0.0,,,,0.0,0,0
ruler_niah_multivalue_16k:0060,ruler_niah_multivalue_16k,L18,L6,"[1, 2, 3, 4, 5, 6, 7, 8, 9, 10, 11, 12, 13, 14]",0.5,0.0,,,,0.0,0,0
ruler_niah_multivalue_16k:0060,ruler_niah_multivalue_16k,L18,L12,"[1, 2, 3, 4, 5, 6, 7, 8, 9, 10, 11, 12, 13, 14]",0.5,0.0,,,,0.0,0,0
ruler_niah_multivalue_16k:0060,ruler_niah_multivalue_16k,L18,L24,"[1, 2, 3, 4, 5, 6, 7, 8, 9, 10, 11, 12, 13, 14]",0.5,0.0,,,,0.0,0,0
ruler_niah_multivalue_16k:0060,ruler_niah_multivalue_16k,L18,ALL,[1],0.06666666666666667,0.25,0.06666666666666667,0.06666666666666667,0.0,0.0,1,1
ruler_niah_multivalue_16k:0060,ruler_niah_multivalue_16k,L24,OFF,"[1, 2, 3, 4, 5, 6, 7, 8, 9, 10, 11, 12, 13, 14]",0.5,0.0,,,,0.0,0,0
ruler_niah_multivalue_16k:0060,ruler_niah_multivalue_16k,L24,L0,"[1, 2, 3, 4, 5, 6, 7, 8, 9, 10, 11, 12, 13, 14]",0.5,0.0,,,,0.0,0,0
ruler_niah_multivalue_16k:0060,ruler_niah_multivalue_16k,L24,L6,"[1, 2, 3, 4, 5, 6, 7, 8, 9, 10, 11, 12, 13, 14]",0.5,0.0,,,,0.0,0,0
ruler_niah_multivalue_16k:0060,ruler_niah_multivalue_16k,L24,L12,"[1, 2, 3, 4, 5, 6, 7, 8, 9, 10, 11, 12, 13, 14]",0.5,0.0,,,,0.0,0,0
ruler_niah_multivalue_16k:0060,ruler_niah_multivalue_16k,L24,L18,"[1, 2, 3, 4, 5, 6, 7, 8, 9, 10, 11, 12, 13, 14]",0.5,0.0,,,,0.0,0,0
ruler_niah_multivalue_16k:0060,ruler_niah_multivalue_16k,L24,ALL,"[4, 10]",0.4666666666666667,0.0,0.26666666666666666,0.6666666666666666,0.4,0.0,2,2
ruler_niah_multivalue_16k:0060,ruler_niah_multivalue_16k,ALL,OFF,"[2, 9]",0.36666666666666664,0.0,0.13333333333333333,0.6,0.4666666666666667,0.0,2,2
ruler_niah_multivalue_16k:0060,ruler_niah_multivalue_16k,ALL,L0,"[3, 5, 8]",0.3555555555555555,0.0,0.2,0.5333333333333333,0.3333333333333333,0.0,3,3
ruler_niah_multivalue_16k:0060,ruler_niah_multivalue_16k,ALL,L6,[9],0.6,0.25,0.6,0.6,0.0,0.0,1,1
ruler_niah_multivalue_16k:0060,ruler_niah_multivalue_16k,ALL,L12,[4],0.26666666666666666,0.25,0.26666666666666666,0.26666666666666666,0.0,0.0,1,1
ruler_niah_multivalue_16k:0060,ruler_niah_multivalue_16k,ALL,L18,[9],0.6,0.25,0.6,0.6,0.0,0.0,1,1
ruler_niah_multivalue_16k:0060,ruler_niah_multivalue_16k,ALL,L24,"[2, 9]",0.36666666666666664,0.0,0.13333333333333333,0.6,0.4666666666666667,0.0,2,2
ruler_niah_multivalue_16k:0144,ruler_niah_multivalue_16k,OFF,L0,"[1, 2, 3, 4, 5, 6, 7, 8, 9, 10, 11, 12, 13, 14]",0.5,0.0,,,,0.0,0,0
ruler_niah_multivalue_16k:0144,ruler_niah_multivalue_16k,OFF,L6,[6],0.4,0.25,0.4,0.4,0.0,0.0,1,1
ruler_niah_multivalue_16k:0144,ruler_niah_multivalue_16k,OFF,L12,[5],0.3333333333333333,0.25,0.3333333333333333,0.3333333333333333,0.0,0.0,1,1
ruler_niah_multivalue_16k:0144,ruler_niah_multivalue_16k,OFF,L18,"[1, 2, 3, 4, 5, 6, 7, 8, 9, 10, 11, 12, 13, 14]",0.5,0.0,,,,0.0,0,0
ruler_niah_multivalue_16k:0144,ruler_niah_multivalue_16k,OFF,L24,"[1, 2, 3, 4, 5, 6, 7, 8, 9, 10, 11, 12, 13, 14]",0.5,0.0,,,,0.0,0,0
ruler_niah_multivalue_16k:0144,ruler_niah_multivalue_16k,OFF,ALL,[4],0.26666666666666666,0.25,0.26666666666666666,0.26666666666666666,0.0,0.0,1,1
ruler_niah_multivalue_16k:0144,ruler_niah_multivalue_16k,L0,OFF,"[1, 2, 3, 4, 5, 6, 7, 8, 9, 10, 11, 12, 13, 14]",0.5,0.0,,,,0.0,0,0
ruler_niah_multivalue_16k:0144,ruler_niah_multivalue_16k,L0,L6,"[1, 2, 3, 4, 5, 6, 7, 8, 9, 10, 11, 12, 13, 14]",0.5,0.0,,,,0.0,0,0
ruler_niah_multivalue_16k:0144,ruler_niah_multivalue_16k,L0,L12,[6],0.4,0.25,0.4,0.4,0.0,0.0,1,1
ruler_niah_multivalue_16k:0144,ruler_niah_multivalue_16k,L0,L18,"[1, 2, 3, 4, 5, 6, 7, 8, 9, 10, 11, 12, 13, 14]",0.5,0.0,,,,0.0,0,0
ruler_niah_multivalue_16k:0144,ruler_niah_multivalue_16k,L0,L24,[12],0.8,0.25,0.8,0.8,0.0,0.0,1,1
ruler_niah_multivalue_16k:0144,ruler_niah_multivalue_16k,L0,ALL,"[1, 2, 3, 4, 5, 6, 7, 8, 9, 10, 11, 12, 13, 14]",0.5,0.0,,,,0.0,0,0
ruler_niah_multivalue_16k:0144,ruler_niah_multivalue_16k,L6,OFF,"[11, 12, 13]",0.8,0.0,0.7333333333333333,0.8666666666666667,0.13333333333333333,0.13333333333333333,3,3
ruler_niah_multivalue_16k:0144,ruler_niah_multivalue_16k,L6,L0,"[4, 11, 12, 13]",0.6666666666666666,0.0,0.26666666666666666,0.8666666666666667,0.6,0.13333333333333333,4,4
ruler_niah_multivalue_16k:0144,ruler_niah_multivalue_16k,L6,L12,[3],0.2,0.25,0.2,0.2,0.0,0.0,1,1
ruler_niah_multivalue_16k:0144,ruler_niah_multivalue_16k,L6,L18,"[2, 3, 11, 12, 13]",0.5466666666666666,0.0,0.13333333333333333,0.8666666666666667,0.7333333333333333,0.13333333333333333,5,5
ruler_niah_multivalue_16k:0144,ruler_niah_multivalue_16k,L6,L24,"[2, 12, 13]",0.6,0.0,0.13333333333333333,0.8666666666666667,0.7333333333333333,0.06666666666666667,3,3
ruler_niah_multivalue_16k:0144,ruler_niah_multivalue_16k,L6,ALL,"[1, 2, 3, 4, 5, 6, 7, 8, 9, 10, 11, 12, 13, 14]",0.5,0.0,,,,0.0,0,0
ruler_niah_multivalue_16k:0144,ruler_niah_multivalue_16k,L12,OFF,"[1, 2, 3, 4, 5, 6, 7, 8, 9, 10, 11, 12, 13, 14]",0.5,0.0,,,,0.0,0,0
ruler_niah_multivalue_16k:0144,ruler_niah_multivalue_16k,L12,L0,"[1, 2, 3, 4, 5, 6, 7, 8, 9, 10, 11, 12, 13, 14]",0.5,0.0,,,,0.0,0,0
ruler_niah_multivalue_16k:0144,ruler_niah_multivalue_16k,L12,L6,[6],0.4,0.25,0.4,0.4,0.0,0.0,1,1
ruler_niah_multivalue_16k:0144,ruler_niah_multivalue_16k,L12,L18,"[3, 4, 5]",0.26666666666666666,0.0,0.2,0.3333333333333333,0.13333333333333333,0.13333333333333333,3,3
ruler_niah_multivalue_16k:0144,ruler_niah_multivalue_16k,L12,L24,"[1, 2, 3, 4, 5, 6, 7, 8, 9, 10, 11, 12, 13, 14]",0.5,0.0,,,,0.0,0,0
ruler_niah_multivalue_16k:0144,ruler_niah_multivalue_16k,L12,ALL,"[8, 9, 11, 12]",0.6666666666666666,0.0,0.5333333333333333,0.8,0.26666666666666666,0.06666666666666667,4,4
ruler_niah_multivalue_16k:0144,ruler_niah_multivalue_16k,L18,OFF,"[1, 2, 3, 4, 5, 6, 7, 8, 9, 10, 11, 12, 13, 14]",0.5,0.0,,,,0.0,0,0
ruler_niah_multivalue_16k:0144,ruler_niah_multivalue_16k,L18,L0,"[1, 2, 3, 4, 5, 6, 7, 8, 9, 10, 11, 12, 13, 14]",0.5,0.0,,,,0.0,0,0
ruler_niah_multivalue_16k:0144,ruler_niah_multivalue_16k,L18,L6,[4],0.26666666666666666,0.25,0.26666666666666666,0.26666666666666666,0.0,0.0,1,1
ruler_niah_multivalue_16k:0144,ruler_niah_multivalue_16k,L18,L12,"[1, 2, 3, 4, 5, 6, 7, 8, 9, 10, 11, 12, 13, 14]",0.5,0.0,,,,0.0,0,0
ruler_niah_multivalue_16k:0144,ruler_niah_multivalue_16k,L18,L24,"[1, 2, 3, 4, 5, 6, 7, 8, 9, 10, 11, 12, 13, 14]",0.5,0.0,,,,0.0,0,0
ruler_niah_multivalue_16k:0144,ruler_niah_multivalue_16k,L18,ALL,"[2, 4, 9]",0.3333333333333333,0.0,0.13333333333333333,0.6,0.4666666666666667,0.0,3,3
ruler_niah_multivalue_16k:0144,ruler_niah_multivalue_16k,L24,OFF,"[1, 2, 3, 4, 5, 6, 7, 8, 9, 10, 11, 12, 13, 14]",0.5,0.0,,,,0.0,0,0
ruler_niah_multivalue_16k:0144,ruler_niah_multivalue_16k,L24,L0,"[1, 2, 3, 4, 5, 6, 7, 8, 9, 10, 11, 12, 13, 14]",0.5,0.0,,,,0.0,0,0
ruler_niah_multivalue_16k:0144,ruler_niah_multivalue_16k,L24,L6,"[6, 10, 11, 12]",0.65,0.0,0.4,0.8,0.4,0.13333333333333333,4,4
ruler_niah_multivalue_16k:0144,ruler_niah_multivalue_16k,L24,L12,[5],0.3333333333333333,0.25,0.3333333333333333,0.3333333333333333,0.0,0.0,1,1
ruler_niah_multivalue_16k:0144,ruler_niah_multivalue_16k,L24,L18,"[1, 2, 3, 4, 5, 6, 7, 8, 9, 10, 11, 12, 13, 14]",0.5,0.0,,,,0.0,0,0
ruler_niah_multivalue_16k:0144,ruler_niah_multivalue_16k,L24,ALL,[4],0.26666666666666666,0.25,0.26666666666666666,0.26666666666666666,0.0,0.0,1,1
ruler_niah_multivalue_16k:0144,ruler_niah_multivalue_16k,ALL,OFF,"[1, 2, 3, 4, 5, 6, 7, 8, 9, 10, 11, 12, 13, 14]",0.5,0.0,,,,0.0,0,0
ruler_niah_multivalue_16k:0144,ruler_niah_multivalue_16k,ALL,L0,"[1, 2, 3, 4, 5, 6, 7, 8, 9, 10, 11, 12, 13, 14]",0.5,0.0,,,,0.0,0,0
ruler_niah_multivalue_16k:0144,ruler_niah_multivalue_16k,ALL,L6,"[3, 5]",0.26666666666666666,0.0,0.2,0.3333333333333333,0.13333333333333333,0.0,2,2
ruler_niah_multivalue_16k:0144,ruler_niah_multivalue_16k,ALL,L12,[5],0.3333333333333333,0.25,0.3333333333333333,0.3333333333333333,0.0,0.0,1,1
ruler_niah_multivalue_16k:0144,ruler_niah_multivalue_16k,ALL,L18,"[1, 2, 3, 4, 5, 6, 7, 8, 9, 10, 11, 12, 13, 14]",0.5,0.0,,,,0.0,0,0
ruler_niah_multivalue_16k:0144,ruler_niah_multivalue_16k,ALL,L24,[3],0.2,0.25,0.2,0.2,0.0,0.0,1,1
ruler_niah_multivalue_16k:0192,ruler_niah_multivalue_16k,OFF,L0,"[1, 2, 3, 4, 5]",0.2,0.0,0.06666666666666667,0.3333333333333333,0.26666666666666666,0.26666666666666666,5,5
ruler_niah_multivalue_16k:0192,ruler_niah_multivalue_16k,OFF,L6,"[6, 10, 11, 12]",0.65,0.0,0.4,0.8,0.4,0.13333333333333333,4,4
ruler_niah_multivalue_16k:0192,ruler_niah_multivalue_16k,OFF,L12,"[1, 3, 8]",0.26666666666666666,0.0,0.06666666666666667,0.5333333333333333,0.4666666666666667,0.0,3,3
ruler_niah_multivalue_16k:0192,ruler_niah_multivalue_16k,OFF,L18,"[3, 4, 5]",0.26666666666666666,0.0,0.2,0.3333333333333333,0.13333333333333333,0.13333333333333333,3,3
ruler_niah_multivalue_16k:0192,ruler_niah_multivalue_16k,OFF,L24,"[1, 4, 7, 13]",0.4166666666666667,0.0,0.06666666666666667,0.8666666666666667,0.8,0.0,4,4
ruler_niah_multivalue_16k:0192,ruler_niah_multivalue_16k,OFF,ALL,"[3, 5, 6, 10, 11, 12, 13]",0.5714285714285714,0.0,0.2,0.8666666666666667,0.6666666666666666,0.2,7,7
ruler_niah_multivalue_16k:0192,ruler_niah_multivalue_16k,L0,OFF,"[5, 6, 7, 8, 9, 10, 11, 12, 13, 14]",0.6333333333333333,0.0,0.3333333333333333,0.9333333333333333,0.6,0.6,10,10
ruler_niah_multivalue_16k:0192,ruler_niah_multivalue_16k,L0,L6,"[1, 7, 8, 9, 10, 11, 12, 13, 14]",0.6296296296296297,0.0,0.06666666666666667,0.9333333333333333,0.8666666666666667,0.4666666666666667,9,9
ruler_niah_multivalue_16k:0192,ruler_niah_multivalue_16k,L0,L12,"[2, 4, 8, 9, 13, 14]",0.5555555555555556,0.0,0.13333333333333333,0.9333333333333333,0.8,0.06666666666666667,6,6
ruler_niah_multivalue_16k:0192,ruler_niah_multivalue_16k,L0,L18,"[2, 3, 8, 9, 10, 11, 12, 13, 14]",0.6074074074074074,0.0,0.13333333333333333,0.9333333333333333,0.8,0.4,9,9
ruler_niah_multivalue_16k:0192,ruler_niah_multivalue_16k,L0,L24,"[2, 3, 5, 7, 8, 9, 10, 11, 12, 13, 14]",0.5696969696969697,0.0,0.13333333333333333,0.9333333333333333,0.8,0.4666666666666667,11,11
ruler_niah_multivalue_16k:0192,ruler_niah_multivalue_16k,L0,ALL,"[3, 7, 8]",0.4,0.0,0.2,0.5333333333333333,0.3333333333333333,0.06666666666666667,3,3
ruler_niah_multivalue_16k:0192,ruler_niah_multivalue_16k,L6,OFF,"[1, 2, 3, 4]",0.16666666666666666,0.0,0.06666666666666667,0.26666666666666666,0.2,0.2,4,4
ruler_niah_multivalue_16k:0192,ruler_niah_multivalue_16k,L6,L0,"[1, 3, 5, 8, 9, 10]",0.4,0.0,0.06666666666666667,0.6666666666666666,0.6,0.13333333333333333,6,6
ruler_niah_multivalue_16k:0192,ruler_niah_multivalue_16k,L6,L12,"[2, 3, 5, 6, 7, 9, 10]",0.4,0.0,0.13333333333333333,0.6666666666666666,0.5333333333333333,0.13333333333333333,7,7
ruler_niah_multivalue_16k:0192,ruler_niah_multivalue_16k,L6,L18,"[1, 5, 7, 11, 12]",0.48000000000000004,0.0,0.06666666666666667,0.8,0.7333333333333333,0.06666666666666667,5,5
ruler_niah_multivalue_16k:0192,ruler_niah_multivalue_16k,L6,L24,"[2, 3, 4, 11, 12]",0.4266666666666667,0.0,0.13333333333333333,0.8,0.6666666666666666,0.13333333333333333,5,5
ruler_niah_multivalue_16k:0192,ruler_niah_multivalue_16k,L6,ALL,"[4, 5, 11, 13]",0.55,0.0,0.26666666666666666,0.8666666666666667,0.6,0.06666666666666667,4,4
ruler_niah_multivalue_16k:0192,ruler_niah_multivalue_16k,L12,OFF,"[2, 5, 6, 7, 8, 9, 11, 12, 13, 14]",0.58,0.0,0.13333333333333333,0.9333333333333333,0.8,0.26666666666666666,10,10
ruler_niah_multivalue_16k:0192,ruler_niah_multivalue_16k,L12,L0,"[2, 6, 11, 12, 13, 14]",0.6444444444444444,0.0,0.13333333333333333,0.9333333333333333,0.8,0.2,6,6
ruler_niah_multivalue_16k:0192,ruler_niah_multivalue_16k,L12,L6,"[1, 3, 6, 8, 9, 10, 13, 14]",0.5333333333333333,0.0,0.06666666666666667,0.9333333333333333,0.8666666666666667,0.13333333333333333,8,8
ruler_niah_multivalue_16k:0192,ruler_niah_multivalue_16k,L12,L18,"[1, 2, 5, 6, 9, 11, 12, 13, 14]",0.5407407407407407,0.0,0.06666666666666667,0.9333333333333333,0.8666666666666667,0.2,9,9
ruler_niah_multivalue_16k:0192,ruler_niah_multivalue_16k,L12,L24,"[1, 2, 5, 6, 7, 8, 9, 11, 12, 13, 14]",0.5333333333333333,0.0,0.06666666666666667,0.9333333333333333,0.8666666666666667,0.26666666666666666,11,11
ruler_niah_multivalue_16k:0192,ruler_niah_multivalue_16k,L12,ALL,"[2, 5, 6, 7, 10]",0.4,0.0,0.13333333333333333,0.6666666666666666,0.5333333333333333,0.13333333333333333,5,5
ruler_niah_multivalue_16k:0192,ruler_niah_multivalue_16k,L18,OFF,"[2, 3, 4, 5, 7]",0.28,0.0,0.13333333333333333,0.4666666666666667,0.3333333333333333,0.2,5,5
ruler_niah_multivalue_16k:0192,ruler_niah_multivalue_16k,L18,L0,"[1, 3, 5, 6, 7, 10]",0.3555555555555555,0.0,0.06666666666666667,0.6666666666666666,0.6,0.13333333333333333,6,6
ruler_niah_multivalue_16k:0192,ruler_niah_multivalue_16k,L18,L6,[2],0.13333333333333333,0.25,0.13333333333333333,0.13333333333333333,0.0,0.0,1,1
ruler_niah_multivalue_16k:0192,ruler_niah_multivalue_16k,L18,L12,"[3, 4, 5]",0.26666666666666666,0.0,0.2,0.3333333333333333,0.13333333333333333,0.13333333333333333,3,3
ruler_niah_multivalue_16k:0192,ruler_niah_multivalue_16k,L18,L24,"[1, 2, 6, 7, 8]",0.32,0.0,0.06666666666666667,0.5333333333333333,0.4666666666666667,0.13333333333333333,5,5
ruler_niah_multivalue_16k:0192,ruler_niah_multivalue_16k,L18,ALL,"[3, 4, 5]",0.26666666666666666,0.0,0.2,0.3333333333333333,0.13333333333333333,0.13333333333333333,3,3
ruler_niah_multivalue_16k:0192,ruler_niah_multivalue_16k,L24,OFF,"[1, 5, 7]",0.28888888888888886,0.0,0.06666666666666667,0.4666666666666667,0.4,0.0,3,3
ruler_niah_multivalue_16k:0192,ruler_niah_multivalue_16k,L24,L0,"[1, 2, 3, 4, 5, 6, 7]",0.26666666666666666,0.0,0.06666666666666667,0.4666666666666667,0.4,0.4,7,7
ruler_niah_multivalue_16k:0192,ruler_niah_multivalue_16k,L24,L6,"[5, 7, 8, 9, 10, 11, 12]",0.5904761904761905,0.0,0.3333333333333333,0.8,0.4666666666666667,0.3333333333333333,7,7
ruler_niah_multivalue_16k:0192,ruler_niah_multivalue_16k,L24,L12,"[2, 3, 4, 5, 8]",0.29333333333333333,0.0,0.13333333333333333,0.5333333333333333,0.4,0.2,5,5
ruler_niah_multivalue_16k:0192,ruler_niah_multivalue_16k,L24,L18,"[3, 4, 5]",0.26666666666666666,0.0,0.2,0.3333333333333333,0.13333333333333333,0.13333333333333333,3,3
ruler_niah_multivalue_16k:0192,ruler_niah_multivalue_16k,L24,ALL,"[3, 4, 5, 6, 8]",0.3466666666666667,0.0,0.2,0.5333333333333333,0.3333333333333333,0.2,5,5
ruler_niah_multivalue_16k:0192,ruler_niah_multivalue_16k,ALL,OFF,"[1, 7]",0.26666666666666666,0.0,0.06666666666666667,0.4666666666666667,0.4,0.0,2,2
ruler_niah_multivalue_16k:0192,ruler_niah_multivalue_16k,ALL,L0,"[5, 12]",0.5666666666666667,0.0,0.3333333333333333,0.8,0.4666666666666667,0.0,2,2
ruler_niah_multivalue_16k:0192,ruler_niah_multivalue_16k,ALL,L6,"[1, 3]",0.13333333333333333,0.0,0.06666666666666667,0.2,0.13333333333333333,0.0,2,2
ruler_niah_multivalue_16k:0192,ruler_niah_multivalue_16k,ALL,L12,"[1, 3, 4, 5, 6, 7, 8, 9, 10]",0.3925925925925926,0.0,0.06666666666666667,0.6666666666666666,0.6,0.4666666666666667,9,9
ruler_niah_multivalue_16k:0192,ruler_niah_multivalue_16k,ALL,L18,[5],0.3333333333333333,0.25,0.3333333333333333,0.3333333333333333,0.0,0.0,1,1
ruler_niah_multivalue_16k:0192,ruler_niah_multivalue_16k,ALL,L24,"[1, 6, 7]",0.3111111111111111,0.0,0.06666666666666667,0.4666666666666667,0.4,0.06666666666666667,3,3
ruler_niah_multivalue_16k:0245,ruler_niah_multivalue_16k,OFF,L0,"[1, 2, 3, 4, 5, 6, 7, 8, 9, 10, 11, 12, 13, 14]",0.5,0.0,,,,0.0,0,0
ruler_niah_multivalue_16k:0245,ruler_niah_multivalue_16k,OFF,L6,"[1, 2, 3, 4, 5, 6, 7, 8, 9, 10, 11, 12, 13, 14]",0.5,0.0,,,,0.0,0,0
ruler_niah_multivalue_16k:0245,ruler_niah_multivalue_16k,OFF,L12,"[1, 2, 3, 4, 5, 6, 7, 8, 9, 10, 11, 12, 13, 14]",0.5,0.0,,,,0.0,0,0
ruler_niah_multivalue_16k:0245,ruler_niah_multivalue_16k,OFF,L18,"[1, 2, 3, 4, 5, 6, 7, 8, 9, 10, 11, 12, 13, 14]",0.5,0.0,,,,0.0,0,0
ruler_niah_multivalue_16k:0245,ruler_niah_multivalue_16k,OFF,L24,"[1, 2, 3, 4, 5, 6, 7, 8, 9, 10, 11, 12, 13, 14]",0.5,0.0,,,,0.0,0,0
ruler_niah_multivalue_16k:0245,ruler_niah_multivalue_16k,OFF,ALL,"[1, 2, 3, 4, 5, 6, 7, 8, 9, 10, 11, 12, 13, 14]",0.5,0.0,,,,0.0,0,0
ruler_niah_multivalue_16k:0245,ruler_niah_multivalue_16k,L0,OFF,"[1, 2, 3, 4, 5, 6, 7, 8, 9, 10, 11, 12, 13, 14]",0.5,0.0,,,,0.0,0,0
ruler_niah_multivalue_16k:0245,ruler_niah_multivalue_16k,L0,L6,"[1, 2, 3, 4, 5, 6, 7, 8, 9, 10, 11, 12, 13, 14]",0.5,0.0,,,,0.0,0,0
ruler_niah_multivalue_16k:0245,ruler_niah_multivalue_16k,L0,L12,"[1, 2, 3, 4, 5, 6, 7, 8, 9, 10, 11, 12, 13, 14]",0.5,0.0,,,,0.0,0,0
ruler_niah_multivalue_16k:0245,ruler_niah_multivalue_16k,L0,L18,"[1, 2, 3, 4, 5, 6, 7, 8, 9, 10, 11, 12, 13, 14]",0.5,0.0,,,,0.0,0,0
ruler_niah_multivalue_16k:0245,ruler_niah_multivalue_16k,L0,L24,"[1, 2, 3, 4, 5, 6, 7, 8, 9, 10, 11, 12, 13, 14]",0.5,0.0,,,,0.0,0,0
ruler_niah_multivalue_16k:0245,ruler_niah_multivalue_16k,L0,ALL,"[1, 2, 3, 4, 5, 6, 7, 8, 9, 10, 11, 12, 13, 14]",0.5,0.0,,,,0.0,0,0
ruler_niah_multivalue_16k:0245,ruler_niah_multivalue_16k,L6,OFF,"[1, 2, 3, 4, 5, 6, 7, 8, 9, 10, 11, 12, 13, 14]",0.5,0.0,,,,0.0,0,0
ruler_niah_multivalue_16k:0245,ruler_niah_multivalue_16k,L6,L0,"[1, 2, 3, 4, 5, 6, 7, 8, 9, 10, 11, 12, 13, 14]",0.5,0.0,,,,0.0,0,0
ruler_niah_multivalue_16k:0245,ruler_niah_multivalue_16k,L6,L12,[1],0.06666666666666667,0.25,0.06666666666666667,0.06666666666666667,0.0,0.0,1,1
ruler_niah_multivalue_16k:0245,ruler_niah_multivalue_16k,L6,L18,"[1, 2, 3, 4, 5, 6, 7, 8, 9, 10, 11, 12, 13, 14]",0.5,0.0,,,,0.0,0,0
ruler_niah_multivalue_16k:0245,ruler_niah_multivalue_16k,L6,L24,"[1, 2, 3, 4, 5, 6, 7, 8, 9, 10, 11, 12, 13, 14]",0.5,0.0,,,,0.0,0,0
ruler_niah_multivalue_16k:0245,ruler_niah_multivalue_16k,L6,ALL,"[1, 2, 3, 4, 5, 6, 7, 8, 9, 10, 11, 12, 13, 14]",0.5,0.0,,,,0.0,0,0
ruler_niah_multivalue_16k:0245,ruler_niah_multivalue_16k,L12,OFF,"[1, 2, 3, 4, 5, 6, 7, 8, 9, 10, 11, 12, 13, 14]",0.5,0.0,,,,0.0,0,0
ruler_niah_multivalue_16k:0245,ruler_niah_multivalue_16k,L12,L0,"[1, 2, 3, 4, 5, 6, 7, 8, 9, 10, 11, 12, 13, 14]",0.5,0.0,,,,0.0,0,0
ruler_niah_multivalue_16k:0245,ruler_niah_multivalue_16k,L12,L6,[10],0.6666666666666666,0.25,0.6666666666666666,0.6666666666666666,0.0,0.0,1,1
ruler_niah_multivalue_16k:0245,ruler_niah_multivalue_16k,L12,L18,"[1, 2, 3, 4, 5, 6, 7, 8, 9, 10, 11, 12, 13, 14]",0.5,0.0,,,,0.0,0,0
ruler_niah_multivalue_16k:0245,ruler_niah_multivalue_16k,L12,L24,"[1, 2, 3, 4, 5, 6, 7, 8, 9, 10, 11, 12, 13, 14]",0.5,0.0,,,,0.0,0,0
ruler_niah_multivalue_16k:0245,ruler_niah_multivalue_16k,L12,ALL,"[1, 2, 3, 4, 5, 6, 7, 8, 9, 10, 11, 12, 13, 14]",0.5,0.0,,,,0.0,0,0
ruler_niah_multivalue_16k:0245,ruler_niah_multivalue_16k,L18,OFF,"[1, 2, 3, 4, 5, 6, 7, 8, 9, 10, 11, 12, 13, 14]",0.5,0.0,,,,0.0,0,0
ruler_niah_multivalue_16k:0245,ruler_niah_multivalue_16k,L18,L0,"[1, 2, 3, 4, 5, 6, 7, 8, 9, 10, 11, 12, 13, 14]",0.5,0.0,,,,0.0,0,0
ruler_niah_multivalue_16k:0245,ruler_niah_multivalue_16k,L18,L6,"[1, 2, 3, 4, 5, 6, 7, 8, 9, 10, 11, 12, 13, 14]",0.5,0.0,,,,0.0,0,0
ruler_niah_multivalue_16k:0245,ruler_niah_multivalue_16k,L18,L12,"[1, 2, 3, 4, 5, 6, 7, 8, 9, 10, 11, 12, 13, 14]",0.5,0.0,,,,0.0,0,0
ruler_niah_multivalue_16k:0245,ruler_niah_multivalue_16k,L18,L24,"[1, 2, 3, 4, 5, 6, 7, 8, 9, 10, 11, 12, 13, 14]",0.5,0.0,,,,0.0,0,0
ruler_niah_multivalue_16k:0245,ruler_niah_multivalue_16k,L18,ALL,"[1, 2, 3, 4, 5, 6, 7, 8, 9, 10, 11, 12, 13, 14]",0.5,0.0,,,,0.0,0,0
ruler_niah_multivalue_16k:0245,ruler_niah_multivalue_16k,L24,OFF,"[1, 2, 3, 4, 5, 6, 7, 8, 9, 10, 11, 12, 13, 14]",0.5,0.0,,,,0.0,0,0
ruler_niah_multivalue_16k:0245,ruler_niah_multivalue_16k,L24,L0,"[1, 2, 3, 4, 5, 6, 7, 8, 9, 10, 11, 12, 13, 14]",0.5,0.0,,,,0.0,0,0
ruler_niah_multivalue_16k:0245,ruler_niah_multivalue_16k,L24,L6,"[1, 2, 3, 4, 5, 6, 7, 8, 9, 10, 11, 12, 13, 14]",0.5,0.0,,,,0.0,0,0
ruler_niah_multivalue_16k:0245,ruler_niah_multivalue_16k,L24,L12,"[1, 2, 3, 4, 5, 6, 7, 8, 9, 10, 11, 12, 13, 14]",0.5,0.0,,,,0.0,0,0
ruler_niah_multivalue_16k:0245,ruler_niah_multivalue_16k,L24,L18,"[1, 2, 3, 4, 5, 6, 7, 8, 9, 10, 11, 12, 13, 14]",0.5,0.0,,,,0.0,0,0
ruler_niah_multivalue_16k:0245,ruler_niah_multivalue_16k,L24,ALL,"[1, 2, 3, 4, 5, 6, 7, 8, 9, 10, 11, 12, 13, 14]",0.5,0.0,,,,0.0,0,0
ruler_niah_multivalue_16k:0245,ruler_niah_multivalue_16k,ALL,OFF,"[1, 2, 3, 4, 5, 6, 7, 8, 9, 10, 11, 12, 13, 14]",0.5,0.0,,,,0.0,0,0
ruler_niah_multivalue_16k:0245,ruler_niah_multivalue_16k,ALL,L0,"[1, 2, 3, 4, 5, 6, 7, 8, 9, 10, 11, 12, 13, 14]",0.5,0.0,,,,0.0,0,0
ruler_niah_multivalue_16k:0245,ruler_niah_multivalue_16k,ALL,L6,"[1, 2, 3, 4, 5, 6, 7, 8, 9, 10, 11, 12, 13, 14]",0.5,0.0,,,,0.0,0,0
ruler_niah_multivalue_16k:0245,ruler_niah_multivalue_16k,ALL,L12,"[1, 2, 3, 4, 5, 6, 7, 8, 9, 10, 11, 12, 13, 14]",0.5,0.0,,,,0.0,0,0
ruler_niah_multivalue_16k:0245,ruler_niah_multivalue_16k,ALL,L18,"[1, 2, 3, 4, 5, 6, 7, 8, 9, 10, 11, 12, 13, 14]",0.5,0.0,,,,0.0,0,0
ruler_niah_multivalue_16k:0245,ruler_niah_multivalue_16k,ALL,L24,"[1, 2, 3, 4, 5, 6, 7, 8, 9, 10, 11, 12, 13, 14]",0.5,0.0,,,,0.0,0,0
ruler_niah_multivalue_16k:0266,ruler_niah_multivalue_16k,OFF,L0,"[1, 2, 3, 4, 5, 6, 7, 8, 9, 10, 11, 12, 13, 14]",0.5,0.0,,,,0.0,0,0
ruler_niah_multivalue_16k:0266,ruler_niah_multivalue_16k,OFF,L6,"[1, 2, 3, 4, 5, 6, 7, 8, 9, 10, 11, 12, 13, 14]",0.5,0.0,,,,0.0,0,0
ruler_niah_multivalue_16k:0266,ruler_niah_multivalue_16k,OFF,L12,"[1, 2, 3, 4, 5, 6, 7, 8, 9, 10, 11, 12, 13, 14]",0.5,0.0,,,,0.0,0,0
ruler_niah_multivalue_16k:0266,ruler_niah_multivalue_16k,OFF,L18,"[1, 2, 3, 4, 5, 6, 7, 8, 9, 10, 11, 12, 13, 14]",0.5,0.0,,,,0.0,0,0
ruler_niah_multivalue_16k:0266,ruler_niah_multivalue_16k,OFF,L24,"[1, 2, 3, 4, 5, 6, 7, 8, 9, 10, 11, 12, 13, 14]",0.5,0.0,,,,0.0,0,0
ruler_niah_multivalue_16k:0266,ruler_niah_multivalue_16k,OFF,ALL,"[1, 2, 3, 4, 5, 6, 7, 8, 9, 10, 11, 12, 13, 14]",0.5,0.0,,,,0.0,0,0
ruler_niah_multivalue_16k:0266,ruler_niah_multivalue_16k,L0,OFF,"[1, 2, 3, 4, 5, 6, 7, 8, 9, 10, 11, 12, 13, 14]",0.5,0.0,,,,0.0,0,0
ruler_niah_multivalue_16k:0266,ruler_niah_multivalue_16k,L0,L6,"[1, 2, 3, 4, 5, 6, 7, 8, 9, 10, 11, 12, 13, 14]",0.5,0.0,,,,0.0,0,0
ruler_niah_multivalue_16k:0266,ruler_niah_multivalue_16k,L0,L12,[9],0.6,0.25,0.6,0.6,0.0,0.0,1,1
ruler_niah_multivalue_16k:0266,ruler_niah_multivalue_16k,L0,L18,"[1, 2, 3, 4, 5, 6, 7, 8, 9, 10, 11, 12, 13, 14]",0.5,0.0,,,,0.0,0,0
ruler_niah_multivalue_16k:0266,ruler_niah_multivalue_16k,L0,L24,"[1, 2, 3, 4, 5, 6, 7, 8, 9, 10, 11, 12, 13, 14]",0.5,0.0,,,,0.0,0,0
ruler_niah_multivalue_16k:0266,ruler_niah_multivalue_16k,L0,ALL,"[1, 2, 3, 4, 5, 6, 7, 8, 9, 10, 11, 12, 13, 14]",0.5,0.0,,,,0.0,0,0
ruler_niah_multivalue_16k:0266,ruler_niah_multivalue_16k,L6,OFF,"[1, 2, 3, 4, 5, 6, 7, 8, 9, 10, 11, 12, 13, 14]",0.5,0.0,,,,0.0,0,0
ruler_niah_multivalue_16k:0266,ruler_niah_multivalue_16k,L6,L0,"[1, 2, 3, 4, 5, 6, 7, 8, 9, 10, 11, 12, 13, 14]",0.5,0.0,,,,0.0,0,0
ruler_niah_multivalue_16k:0266,ruler_niah_multivalue_16k,L6,L12,"[1, 2, 3, 4, 5, 6, 7, 8, 9, 10, 11, 12, 13, 14]",0.5,0.0,,,,0.0,0,0
ruler_niah_multivalue_16k:0266,ruler_niah_multivalue_16k,L6,L18,"[1, 2, 3, 4, 5, 6, 7, 8, 9, 10, 11, 12, 13, 14]",0.5,0.0,,,,0.0,0,0
ruler_niah_multivalue_16k:0266,ruler_niah_multivalue_16k,L6,L24,"[1, 2, 3, 4, 5, 6, 7, 8, 9, 10, 11, 12, 13, 14]",0.5,0.0,,,,0.0,0,0
ruler_niah_multivalue_16k:0266,ruler_niah_multivalue_16k,L6,ALL,"[1, 2, 3, 4, 5, 6, 7, 8, 9, 10, 11, 12, 13, 14]",0.5,0.0,,,,0.0,0,0
ruler_niah_multivalue_16k:0266,ruler_niah_multivalue_16k,L12,OFF,"[1, 2, 3, 4, 5, 6, 7, 8, 9, 10, 11, 12, 13, 14]",0.5,0.0,,,,0.0,0,0
ruler_niah_multivalue_16k:0266,ruler_niah_multivalue_16k,L12,L0,"[1, 2, 3, 4, 5, 6, 7, 8, 9, 10, 11, 12, 13, 14]",0.5,0.0,,,,0.0,0,0
ruler_niah_multivalue_16k:0266,ruler_niah_multivalue_16k,L12,L6,"[1, 2, 3, 4, 5, 6, 7, 8, 9, 10, 11, 12, 13, 14]",0.5,0.0,,,,0.0,0,0
ruler_niah_multivalue_16k:0266,ruler_niah_multivalue_16k,L12,L18,"[1, 2, 3, 4, 5, 6, 7, 8, 9, 10, 11, 12, 13, 14]",0.5,0.0,,,,0.0,0,0
ruler_niah_multivalue_16k:0266,ruler_niah_multivalue_16k,L12,L24,"[1, 2, 3, 4, 5, 6, 7, 8, 9, 10, 11, 12, 13, 14]",0.5,0.0,,,,0.0,0,0
ruler_niah_multivalue_16k:0266,ruler_niah_multivalue_16k,L12,ALL,"[1, 2, 3, 4, 5, 6, 7, 8, 9, 10, 11, 12, 13, 14]",0.5,0.0,,,,0.0,0,0
ruler_niah_multivalue_16k:0266,ruler_niah_multivalue_16k,L18,OFF,"[1, 2, 3, 4, 5, 6, 7, 8, 9, 10, 11, 12, 13, 14]",0.5,0.0,,,,0.0,0,0
ruler_niah_multivalue_16k:0266,ruler_niah_multivalue_16k,L18,L0,"[1, 2, 3, 4, 5, 6, 7, 8, 9, 10, 11, 12, 13, 14]",0.5,0.0,,,,0.0,0,0
ruler_niah_multivalue_16k:0266,ruler_niah_multivalue_16k,L18,L6,"[1, 2, 3, 4, 5, 6, 7, 8, 9, 10, 11, 12, 13, 14]",0.5,0.0,,,,0.0,0,0
ruler_niah_multivalue_16k:0266,ruler_niah_multivalue_16k,L18,L12,"[1, 2, 3, 4, 5, 6, 7, 8, 9, 10, 11, 12, 13, 14]",0.5,0.0,,,,0.0,0,0
ruler_niah_multivalue_16k:0266,ruler_niah_multivalue_16k,L18,L24,"[1, 2, 3, 4, 5, 6, 7, 8, 9, 10, 11, 12, 13, 14]",0.5,0.0,,,,0.0,0,0
ruler_niah_multivalue_16k:0266,ruler_niah_multivalue_16k,L18,ALL,"[1, 2, 3, 4, 5, 6, 7, 8, 9, 10, 11, 12, 13, 14]",0.5,0.0,,,,0.0,0,0
ruler_niah_multivalue_16k:0266,ruler_niah_multivalue_16k,L24,OFF,"[1, 2, 3, 4, 5, 6, 7, 8, 9, 10, 11, 12, 13, 14]",0.5,0.0,,,,0.0,0,0
ruler_niah_multivalue_16k:0266,ruler_niah_multivalue_16k,L24,L0,"[1, 2, 3, 4, 5, 6, 7, 8, 9, 10, 11, 12, 13, 14]",0.5,0.0,,,,0.0,0,0
ruler_niah_multivalue_16k:0266,ruler_niah_multivalue_16k,L24,L6,"[1, 2, 3, 4, 5, 6, 7, 8, 9, 10, 11, 12, 13, 14]",0.5,0.0,,,,0.0,0,0
ruler_niah_multivalue_16k:0266,ruler_niah_multivalue_16k,L24,L12,"[1, 2, 3, 4, 5, 6, 7, 8, 9, 10, 11, 12, 13, 14]",0.5,0.0,,,,0.0,0,0
ruler_niah_multivalue_16k:0266,ruler_niah_multivalue_16k,L24,L18,"[1, 2, 3, 4, 5, 6, 7, 8, 9, 10, 11, 12, 13, 14]",0.5,0.0,,,,0.0,0,0
ruler_niah_multivalue_16k:0266,ruler_niah_multivalue_16k,L24,ALL,"[1, 2, 3, 4, 5, 6, 7, 8, 9, 10, 11, 12, 13, 14]",0.5,0.0,,,,0.0,0,0
ruler_niah_multivalue_16k:0266,ruler_niah_multivalue_16k,ALL,OFF,[3],0.2,0.25,0.2,0.2,0.0,0.0,1,1
ruler_niah_multivalue_16k:0266,ruler_niah_multivalue_16k,ALL,L0,"[1, 2, 3, 4, 5, 6, 7, 8, 9, 10, 11, 12, 13, 14]",0.5,0.0,,,,0.0,0,0
ruler_niah_multivalue_16k:0266,ruler_niah_multivalue_16k,ALL,L6,"[1, 2, 3, 4, 5, 6, 7, 8, 9, 10, 11, 12, 13, 14]",0.5,0.0,,,,0.0,0,0
ruler_niah_multivalue_16k:0266,ruler_niah_multivalue_16k,ALL,L12,"[1, 2, 3, 4, 5, 6, 7, 8, 9, 10, 11, 12, 13, 14]",0.5,0.0,,,,0.0,0,0
ruler_niah_multivalue_16k:0266,ruler_niah_multivalue_16k,ALL,L18,"[1, 2, 3, 4, 5, 6, 7, 8, 9, 10, 11, 12, 13, 14]",0.5,0.0,,,,0.0,0,0
ruler_niah_multivalue_16k:0266,ruler_niah_multivalue_16k,ALL,L24,[3],0.2,0.25,0.2,0.2,0.0,0.0,1,1
ruler_niah_multivalue_16k:0288,ruler_niah_multivalue_16k,OFF,L0,"[10, 11]",0.7,0.0,0.6666666666666666,0.7333333333333333,0.06666666666666667,0.06666666666666667,2,2
ruler_niah_multivalue_16k:0288,ruler_niah_multivalue_16k,OFF,L6,"[3, 4, 6, 7]",0.3333333333333333,0.0,0.2,0.4666666666666667,0.26666666666666666,0.06666666666666667,4,4
ruler_niah_multivalue_16k:0288,ruler_niah_multivalue_16k,OFF,L12,"[1, 2, 3, 4, 5, 6, 7, 8, 9, 10, 11, 12, 13, 14]",0.5,0.0,,,,0.0,0,0
ruler_niah_multivalue_16k:0288,ruler_niah_multivalue_16k,OFF,L18,"[10, 12, 13, 14]",0.8166666666666667,0.0,0.6666666666666666,0.9333333333333333,0.26666666666666666,0.13333333333333333,4,4
ruler_niah_multivalue_16k:0288,ruler_niah_multivalue_16k,OFF,L24,[1],0.06666666666666667,0.25,0.06666666666666667,0.06666666666666667,0.0,0.0,1,1
ruler_niah_multivalue_16k:0288,ruler_niah_multivalue_16k,OFF,ALL,"[1, 2, 3, 4, 5, 6, 7, 8, 9, 10, 11, 12, 13, 14]",0.5,0.0,,,,0.0,0,0
ruler_niah_multivalue_16k:0288,ruler_niah_multivalue_16k,L0,OFF,[2],0.13333333333333333,0.25,0.13333333333333333,0.13333333333333333,0.0,0.0,1,1
ruler_niah_multivalue_16k:0288,ruler_niah_multivalue_16k,L0,L6,"[2, 6]",0.26666666666666666,0.0,0.13333333333333333,0.4,0.26666666666666666,0.0,2,2
ruler_niah_multivalue_16k:0288,ruler_niah_multivalue_16k,L0,L12,"[1, 2, 3, 4, 5, 6, 7, 8, 9, 10, 11, 12, 13, 14]",0.5,0.0,,,,0.0,0,0
ruler_niah_multivalue_16k:0288,ruler_niah_multivalue_16k,L0,L18,[4],0.26666666666666666,0.25,0.26666666666666666,0.26666666666666666,0.0,0.0,1,1
ruler_niah_multivalue_16k:0288,ruler_niah_multivalue_16k,L0,L24,"[1, 2, 4]",0.15555555555555556,0.0,0.06666666666666667,0.26666666666666666,0.2,0.06666666666666667,3,3
ruler_niah_multivalue_16k:0288,ruler_niah_multivalue_16k,L0,ALL,"[10, 11]",0.7,0.0,0.6666666666666666,0.7333333333333333,0.06666666666666667,0.06666666666666667,2,2
ruler_niah_multivalue_16k:0288,ruler_niah_multivalue_16k,L6,OFF,"[1, 2, 3, 4, 5, 6, 7, 8, 9, 10, 11, 12, 13, 14]",0.5,0.0,,,,0.0,0,0
ruler_niah_multivalue_16k:0288,ruler_niah_multivalue_16k,L6,L0,"[3, 4, 7]",0.3111111111111111,0.0,0.2,0.4666666666666667,0.26666666666666666,0.06666666666666667,3,3
ruler_niah_multivalue_16k:0288,ruler_niah_multivalue_16k,L6,L12,"[1, 2, 3, 4, 5, 6, 7, 8, 9, 10, 11, 12, 13, 14]",0.5,0.0,,,,0.0,0,0
ruler_niah_multivalue_16k:0288,ruler_niah_multivalue_16k,L6,L18,"[1, 2, 3, 4, 5, 6, 7, 8, 9, 10, 11, 12, 13, 14]",0.5,0.0,,,,0.0,0,0
ruler_niah_multivalue_16k:0288,ruler_niah_multivalue_16k,L6,L24,[1],0.06666666666666667,0.25,0.06666666666666667,0.06666666666666667,0.0,0.0,1,1
ruler_niah_multivalue_16k:0288,ruler_niah_multivalue_16k,L6,ALL,"[7, 10, 11]",0.6222222222222222,0.0,0.4666666666666667,0.7333333333333333,0.26666666666666666,0.06666666666666667,3,3
ruler_niah_multivalue_16k:0288,ruler_niah_multivalue_16k,L12,OFF,"[7, 9]",0.5333333333333333,0.0,0.4666666666666667,0.6,0.13333333333333333,0.0,2,2
ruler_niah_multivalue_16k:0288,ruler_niah_multivalue_16k,L12,L0,[10],0.6666666666666666,0.25,0.6666666666666666,0.6666666666666666,0.0,0.0,1,1
ruler_niah_multivalue_16k:0288,ruler_niah_multivalue_16k,L12,L6,[9],0.6,0.25,0.6,0.6,0.0,0.0,1,1
ruler_niah_multivalue_16k:0288,ruler_niah_multivalue_16k,L12,L18,"[1, 2, 3, 4, 5, 6, 7, 8, 9, 10, 11, 12, 13, 14]",0.5,0.0,,,,0.0,0,0
ruler_niah_multivalue_16k:0288,ruler_niah_multivalue_16k,L12,L24,[2],0.13333333333333333,0.25,0.13333333333333333,0.13333333333333333,0.0,0.0,1,1
ruler_niah_multivalue_16k:0288,ruler_niah_multivalue_16k,L12,ALL,"[10, 11]",0.7,0.0,0.6666666666666666,0.7333333333333333,0.06666666666666667,0.06666666666666667,2,2
ruler_niah_multivalue_16k:0288,ruler_niah_multivalue_16k,L18,OFF,"[1, 2, 3, 4, 5, 6, 7, 8, 9, 10, 11, 12, 13, 14]",0.5,0.0,,,,0.0,0,0
ruler_niah_multivalue_16k:0288,ruler_niah_multivalue_16k,L18,L0,"[2, 10]",0.4,0.0,0.13333333333333333,0.6666666666666666,0.5333333333333333,0.0,2,2
ruler_niah_multivalue_16k:0288,ruler_niah_multivalue_16k,L18,L6,[3],0.2,0.25,0.2,0.2,0.0,0.0,1,1
ruler_niah_multivalue_16k:0288,ruler_niah_multivalue_16k,L18,L12,"[1, 2, 3, 4, 5, 6, 7, 8, 9, 10, 11, 12, 13, 14]",0.5,0.0,,,,0.0,0,0
ruler_niah_multivalue_16k:0288,ruler_niah_multivalue_16k,L18,L24,"[2, 10, 11, 12]",0.5833333333333334,0.0,0.13333333333333333,0.8,0.6666666666666666,0.13333333333333333,4,4
ruler_niah_multivalue_16k:0288,ruler_niah_multivalue_16k,L18,ALL,"[3, 11]",0.4666666666666667,0.0,0.2,0.7333333333333333,0.5333333333333333,0.0,2,2
ruler_niah_multivalue_16k:0288,ruler_niah_multivalue_16k,L24,OFF,"[1, 2, 3, 4, 5, 6, 7, 8, 9, 10, 11, 12, 13, 14]",0.5,0.0,,,,0.0,0,0
ruler_niah_multivalue_16k:0288,ruler_niah_multivalue_16k,L24,L0,"[3, 10, 11]",0.5333333333333333,0.0,0.2,0.7333333333333333,0.5333333333333333,0.06666666666666667,3,3
ruler_niah_multivalue_16k:0288,ruler_niah_multivalue_16k,L24,L6,"[3, 4]",0.23333333333333334,0.0,0.2,0.26666666666666666,0.06666666666666667,0.06666666666666667,2,2
ruler_niah_multivalue_16k:0288,ruler_niah_multivalue_16k,L24,L12,"[1, 2, 3, 4, 5, 6, 7, 8, 9, 10, 11, 12, 13, 14]",0.5,0.0,,,,0.0,0,0
ruler_niah_multivalue_16k:0288,ruler_niah_multivalue_16k,L24,L18,"[1, 2, 3, 4, 5, 6, 7, 8, 9, 10, 11, 12, 13, 14]",0.5,0.0,,,,0.0,0,0
ruler_niah_multivalue_16k:0288,ruler_niah_multivalue_16k,L24,ALL,[11],0.7333333333333333,0.25,0.7333333333333333,0.7333333333333333,0.0,0.0,1,1
ruler_niah_multivalue_16k:0288,ruler_niah_multivalue_16k,ALL,OFF,[8],0.5333333333333333,0.25,0.5333333333333333,0.5333333333333333,0.0,0.0,1,1
ruler_niah_multivalue_16k:0288,ruler_niah_multivalue_16k,ALL,L0,[3],0.2,0.25,0.2,0.2,0.0,0.0,1,1
ruler_niah_multivalue_16k:0288,ruler_niah_multivalue_16k,ALL,L6,"[6, 7]",0.43333333333333335,0.0,0.4,0.4666666666666667,0.06666666666666667,0.06666666666666667,2,2
ruler_niah_multivalue_16k:0288,ruler_niah_multivalue_16k,ALL,L12,"[2, 3, 7, 8]",0.3333333333333333,0.0,0.13333333333333333,0.5333333333333333,0.4,0.06666666666666667,4,4
ruler_niah_multivalue_16k:0288,ruler_niah_multivalue_16k,ALL,L18,"[2, 6, 7, 8]",0.38333333333333336,0.0,0.13333333333333333,0.5333333333333333,0.4,0.13333333333333333,4,4
ruler_niah_multivalue_16k:0288,ruler_niah_multivalue_16k,ALL,L24,"[6, 8]",0.4666666666666667,0.0,0.4,0.5333333333333333,0.13333333333333333,0.0,2,2
ruler_niah_multivalue_16k:0496,ruler_niah_multivalue_16k,OFF,L0,"[1, 2, 3, 4, 5, 6, 7, 8, 9, 10, 11, 12, 13, 14]",0.5,0.0,,,,0.0,0,0
ruler_niah_multivalue_16k:0496,ruler_niah_multivalue_16k,OFF,L6,"[1, 2, 3, 4, 5, 6, 7, 8, 9, 10, 11, 12, 13, 14]",0.5,0.0,,,,0.0,0,0
ruler_niah_multivalue_16k:0496,ruler_niah_multivalue_16k,OFF,L12,"[1, 2, 3, 4, 5, 6, 7, 8, 9, 10, 11, 12, 13, 14]",0.5,0.0,,,,0.0,0,0
ruler_niah_multivalue_16k:0496,ruler_niah_multivalue_16k,OFF,L18,"[1, 2, 3, 4, 5, 6, 7, 8, 9, 10, 11, 12, 13, 14]",0.5,0.0,,,,0.0,0,0
ruler_niah_multivalue_16k:0496,ruler_niah_multivalue_16k,OFF,L24,"[1, 2, 3, 4, 5, 6, 7, 8, 9, 10, 11, 12, 13, 14]",0.5,0.0,,,,0.0,0,0
ruler_niah_multivalue_16k:0496,ruler_niah_multivalue_16k,OFF,ALL,[4],0.26666666666666666,0.25,0.26666666666666666,0.26666666666666666,0.0,0.0,1,1
ruler_niah_multivalue_16k:0496,ruler_niah_multivalue_16k,L0,OFF,"[1, 2, 3, 4, 5, 6, 7, 8, 9, 10, 11, 12, 13, 14]",0.5,0.0,,,,0.0,0,0
ruler_niah_multivalue_16k:0496,ruler_niah_multivalue_16k,L0,L6,"[1, 2, 3, 4, 5, 6, 7, 8, 9, 10, 11, 12, 13, 14]",0.5,0.0,,,,0.0,0,0
ruler_niah_multivalue_16k:0496,ruler_niah_multivalue_16k,L0,L12,[8],0.5333333333333333,0.25,0.5333333333333333,0.5333333333333333,0.0,0.0,1,1
ruler_niah_multivalue_16k:0496,ruler_niah_multivalue_16k,L0,L18,"[1, 2, 3, 4, 5, 6, 7, 8, 9, 10, 11, 12, 13, 14]",0.5,0.0,,,,0.0,0,0
ruler_niah_multivalue_16k:0496,ruler_niah_multivalue_16k,L0,L24,"[1, 2, 3, 4, 5, 6, 7, 8, 9, 10, 11, 12, 13, 14]",0.5,0.0,,,,0.0,0,0
ruler_niah_multivalue_16k:0496,ruler_niah_multivalue_16k,L0,ALL,"[1, 2, 3, 4, 5, 6, 7, 8, 9, 10, 11, 12, 13, 14]",0.5,0.0,,,,0.0,0,0
ruler_niah_multivalue_16k:0496,ruler_niah_multivalue_16k,L6,OFF,"[1, 2, 3, 4, 5, 6, 7, 8, 9, 10, 11, 12, 13, 14]",0.5,0.0,,,,0.0,0,0
ruler_niah_multivalue_16k:0496,ruler_niah_multivalue_16k,L6,L0,"[1, 2, 3, 4, 5, 6, 7, 8, 9, 10, 11, 12, 13, 14]",0.5,0.0,,,,0.0,0,0
ruler_niah_multivalue_16k:0496,ruler_niah_multivalue_16k,L6,L12,"[1, 2, 3, 4, 5, 6, 7, 8, 9, 10, 11, 12, 13, 14]",0.5,0.0,,,,0.0,0,0
ruler_niah_multivalue_16k:0496,ruler_niah_multivalue_16k,L6,L18,"[1, 2, 3, 4, 5, 6, 7, 8, 9, 10, 11, 12, 13, 14]",0.5,0.0,,,,0.0,0,0
ruler_niah_multivalue_16k:0496,ruler_niah_multivalue_16k,L6,L24,"[1, 2, 3, 4, 5, 6, 7, 8, 9, 10, 11, 12, 13, 14]",0.5,0.0,,,,0.0,0,0
ruler_niah_multivalue_16k:0496,ruler_niah_multivalue_16k,L6,ALL,"[4, 10]",0.4666666666666667,0.0,0.26666666666666666,0.6666666666666666,0.4,0.0,2,2
ruler_niah_multivalue_16k:0496,ruler_niah_multivalue_16k,L12,OFF,[12],0.8,0.25,0.8,0.8,0.0,0.0,1,1
ruler_niah_multivalue_16k:0496,ruler_niah_multivalue_16k,L12,L0,[12],0.8,0.25,0.8,0.8,0.0,0.0,1,1
ruler_niah_multivalue_16k:0496,ruler_niah_multivalue_16k,L12,L6,[7],0.4666666666666667,0.25,0.4666666666666667,0.4666666666666667,0.0,0.0,1,1
ruler_niah_multivalue_16k:0496,ruler_niah_multivalue_16k,L12,L18,[12],0.8,0.25,0.8,0.8,0.0,0.0,1,1
ruler_niah_multivalue_16k:0496,ruler_niah_multivalue_16k,L12,L24,"[1, 2, 3, 4, 5, 6, 7, 8, 9, 10, 11, 12, 13, 14]",0.5,0.0,,,,0.0,0,0
ruler_niah_multivalue_16k:0496,ruler_niah_multivalue_16k,L12,ALL,[8],0.5333333333333333,0.25,0.5333333333333333,0.5333333333333333,0.0,0.0,1,1
ruler_niah_multivalue_16k:0496,ruler_niah_multivalue_16k,L18,OFF,"[6, 7]",0.43333333333333335,0.0,0.4,0.4666666666666667,0.06666666666666667,0.06666666666666667,2,2
ruler_niah_multivalue_16k:0496,ruler_niah_multivalue_16k,L18,L0,"[1, 2, 3, 4, 5, 6, 7, 8, 9, 10, 11, 12, 13, 14]",0.5,0.0,,,,0.0,0,0
ruler_niah_multivalue_16k:0496,ruler_niah_multivalue_16k,L18,L6,"[1, 2, 3, 4, 5, 6, 7, 8, 9, 10, 11, 12, 13, 14]",0.5,0.0,,,,0.0,0,0
ruler_niah_multivalue_16k:0496,ruler_niah_multivalue_16k,L18,L12,[8],0.5333333333333333,0.25,0.5333333333333333,0.5333333333333333,0.0,0.0,1,1
ruler_niah_multivalue_16k:0496,ruler_niah_multivalue_16k,L18,L24,[6],0.4,0.25,0.4,0.4,0.0,0.0,1,1
ruler_niah_multivalue_16k:0496,ruler_niah_multivalue_16k,L18,ALL,"[1, 2, 3, 4, 5, 6, 7, 8, 9, 10, 11, 12, 13, 14]",0.5,0.0,,,,0.0,0,0
ruler_niah_multivalue_16k:0496,ruler_niah_multivalue_16k,L24,OFF,"[1, 2, 3, 4, 5, 6, 7, 8, 9, 10, 11, 12, 13, 14]",0.5,0.0,,,,0.0,0,0
ruler_niah_multivalue_16k:0496,ruler_niah_multivalue_16k,L24,L0,"[1, 2, 3, 4, 5, 6, 7, 8, 9, 10, 11, 12, 13, 14]",0.5,0.0,,,,0.0,0,0
ruler_niah_multivalue_16k:0496,ruler_niah_multivalue_16k,L24,L6,[6],0.4,0.25,0.4,0.4,0.0,0.0,1,1
ruler_niah_multivalue_16k:0496,ruler_niah_multivalue_16k,L24,L12,[10],0.6666666666666666,0.25,0.6666666666666666,0.6666666666666666,0.0,0.0,1,1
ruler_niah_multivalue_16k:0496,ruler_niah_multivalue_16k,L24,L18,"[1, 2, 3, 4, 5, 6, 7, 8, 9, 10, 11, 12, 13, 14]",0.5,0.0,,,,0.0,0,0
ruler_niah_multivalue_16k:0496,ruler_niah_multivalue_16k,L24,ALL,"[3, 4, 6]",0.28888888888888886,0.0,0.2,0.4,0.2,0.06666666666666667,3,3
ruler_niah_multivalue_16k:0496,ruler_niah_multivalue_16k,ALL,OFF,"[1, 2, 3, 4, 5, 6, 7, 8, 9, 10, 11, 12, 13, 14]",0.5,0.0,,,,0.0,0,0
ruler_niah_multivalue_16k:0496,ruler_niah_multivalue_16k,ALL,L0,"[1, 2, 3, 4, 5, 6, 7, 8, 9, 10, 11, 12, 13, 14]",0.5,0.0,,,,0.0,0,0
ruler_niah_multivalue_16k:0496,ruler_niah_multivalue_16k,ALL,L6,"[1, 2, 3, 4, 5, 6, 7, 8, 9, 10, 11, 12, 13, 14]",0.5,0.0,,,,0.0,0,0
ruler_niah_multivalue_16k:0496,ruler_niah_multivalue_16k,ALL,L12,[8],0.5333333333333333,0.25,0.5333333333333333,0.5333333333333333,0.0,0.0,1,1
ruler_niah_multivalue_16k:0496,ruler_niah_multivalue_16k,ALL,L18,"[1, 2, 3, 4, 5, 6, 7, 8, 9, 10, 11, 12, 13, 14]",0.5,0.0,,,,0.0,0,0
ruler_niah_multivalue_16k:0496,ruler_niah_multivalue_16k,ALL,L24,[11],0.7333333333333333,0.25,0.7333333333333333,0.7333333333333333,0.0,0.0,1,1
ruler_niah_multivalue_16k:0498,ruler_niah_multivalue_16k,OFF,L0,"[1, 2, 3, 4, 5, 6, 7, 8, 9, 10, 11, 12, 13, 14]",0.5,0.0,,,,0.0,0,0
ruler_niah_multivalue_16k:0498,ruler_niah_multivalue_16k,OFF,L6,"[1, 2, 3, 4, 5, 6, 7, 8, 9, 10, 11, 12, 13, 14]",0.5,0.0,,,,0.0,0,0
ruler_niah_multivalue_16k:0498,ruler_niah_multivalue_16k,OFF,L12,"[1, 2, 3, 4, 5, 6, 7, 8, 9, 10, 11, 12, 13, 14]",0.5,0.0,,,,0.0,0,0
ruler_niah_multivalue_16k:0498,ruler_niah_multivalue_16k,OFF,L18,"[1, 2, 3, 4, 5, 6, 7, 8, 9, 10, 11, 12, 13, 14]",0.5,0.0,,,,0.0,0,0
ruler_niah_multivalue_16k:0498,ruler_niah_multivalue_16k,OFF,L24,"[1, 2, 3, 4, 5, 6, 7, 8, 9, 10, 11, 12, 13, 14]",0.5,0.0,,,,0.0,0,0
ruler_niah_multivalue_16k:0498,ruler_niah_multivalue_16k,OFF,ALL,"[1, 2, 3, 4, 5, 6, 7, 8, 9, 10, 11, 12, 13, 14]",0.5,0.0,,,,0.0,0,0
ruler_niah_multivalue_16k:0498,ruler_niah_multivalue_16k,L0,OFF,"[1, 2, 3, 4, 5, 6, 7, 8, 9, 10, 11, 12, 13, 14]",0.5,0.0,,,,0.0,0,0
ruler_niah_multivalue_16k:0498,ruler_niah_multivalue_16k,L0,L6,"[1, 2, 3, 4, 5, 6, 7, 8, 9, 10, 11, 12, 13, 14]",0.5,0.0,,,,0.0,0,0
ruler_niah_multivalue_16k:0498,ruler_niah_multivalue_16k,L0,L12,[7],0.4666666666666667,0.5,0.4666666666666667,0.4666666666666667,0.0,0.0,1,1
ruler_niah_multivalue_16k:0498,ruler_niah_multivalue_16k,L0,L18,"[7, 8]",0.5,0.0,0.4666666666666667,0.5333333333333333,0.06666666666666667,0.06666666666666667,2,2
ruler_niah_multivalue_16k:0498,ruler_niah_multivalue_16k,L0,L24,"[1, 2, 3, 4, 5, 6, 7, 8, 9, 10, 11, 12, 13, 14]",0.5,0.0,,,,0.0,0,0
ruler_niah_multivalue_16k:0498,ruler_niah_multivalue_16k,L0,ALL,"[1, 2, 3, 4, 5, 6, 7, 8, 9, 10, 11, 12, 13, 14]",0.5,0.0,,,,0.0,0,0
ruler_niah_multivalue_16k:0498,ruler_niah_multivalue_16k,L6,OFF,"[1, 2, 3, 4, 5, 6, 7, 8, 9, 10, 11, 12, 13, 14]",0.5,0.0,,,,0.0,0,0
ruler_niah_multivalue_16k:0498,ruler_niah_multivalue_16k,L6,L0,"[1, 2, 3, 4, 5, 6, 7, 8, 9, 10, 11, 12, 13, 14]",0.5,0.0,,,,0.0,0,0
ruler_niah_multivalue_16k:0498,ruler_niah_multivalue_16k,L6,L12,"[1, 2, 3, 4, 5, 6, 7, 8, 9, 10, 11, 12, 13, 14]",0.5,0.0,,,,0.0,0,0
ruler_niah_multivalue_16k:0498,ruler_niah_multivalue_16k,L6,L18,"[1, 2, 3, 4, 5, 6, 7, 8, 9, 10, 11, 12, 13, 14]",0.5,0.0,,,,0.0,0,0
ruler_niah_multivalue_16k:0498,ruler_niah_multivalue_16k,L6,L24,"[1, 2, 3, 4, 5, 6, 7, 8, 9, 10, 11, 12, 13, 14]",0.5,0.0,,,,0.0,0,0
ruler_niah_multivalue_16k:0498,ruler_niah_multivalue_16k,L6,ALL,"[1, 2, 3, 4, 5, 6, 7, 8, 9, 10, 11, 12, 13, 14]",0.5,0.0,,,,0.0,0,0
ruler_niah_multivalue_16k:0498,ruler_niah_multivalue_16k,L12,OFF,"[1, 2, 3, 4, 5, 6, 7, 8, 9, 10, 11, 12, 13, 14]",0.5,0.0,,,,0.0,0,0
ruler_niah_multivalue_16k:0498,ruler_niah_multivalue_16k,L12,L0,"[1, 2, 3, 4, 5, 6, 7, 8, 9, 10, 11, 12, 13, 14]",0.5,0.0,,,,0.0,0,0
ruler_niah_multivalue_16k:0498,ruler_niah_multivalue_16k,L12,L6,"[1, 2, 3, 4, 5, 6, 7, 8, 9, 10, 11, 12, 13, 14]",0.5,0.0,,,,0.0,0,0
ruler_niah_multivalue_16k:0498,ruler_niah_multivalue_16k,L12,L18,"[1, 2, 3, 4, 5, 6, 7, 8, 9, 10, 11, 12, 13, 14]",0.5,0.0,,,,0.0,0,0
ruler_niah_multivalue_16k:0498,ruler_niah_multivalue_16k,L12,L24,"[1, 2, 3, 4, 5, 6, 7, 8, 9, 10, 11, 12, 13, 14]",0.5,0.0,,,,0.0,0,0
ruler_niah_multivalue_16k:0498,ruler_niah_multivalue_16k,L12,ALL,"[1, 2, 3, 4, 5, 6, 7, 8, 9, 10, 11, 12, 13, 14]",0.5,0.0,,,,0.0,0,0
ruler_niah_multivalue_16k:0498,ruler_niah_multivalue_16k,L18,OFF,"[1, 2, 3, 4, 5, 6, 7, 8, 9, 10, 11, 12, 13, 14]",0.5,0.0,,,,0.0,0,0
ruler_niah_multivalue_16k:0498,ruler_niah_multivalue_16k,L18,L0,"[2, 4]",0.2,0.0,0.13333333333333333,0.26666666666666666,0.13333333333333333,0.0,2,2
ruler_niah_multivalue_16k:0498,ruler_niah_multivalue_16k,L18,L6,"[1, 2, 3, 4, 5, 6, 7, 8, 9, 10, 11, 12, 13, 14]",0.5,0.0,,,,0.0,0,0
ruler_niah_multivalue_16k:0498,ruler_niah_multivalue_16k,L18,L12,"[1, 2, 3, 4, 5, 6, 7, 8, 9, 10, 11, 12, 13, 14]",0.5,0.0,,,,0.0,0,0
ruler_niah_multivalue_16k:0498,ruler_niah_multivalue_16k,L18,L24,"[1, 2, 3, 4, 5, 6, 7, 8, 9, 10, 11, 12, 13, 14]",0.5,0.0,,,,0.0,0,0
ruler_niah_multivalue_16k:0498,ruler_niah_multivalue_16k,L18,ALL,"[1, 2, 3, 4, 5, 6, 7, 8, 9, 10, 11, 12, 13, 14]",0.5,0.0,,,,0.0,0,0
ruler_niah_multivalue_16k:0498,ruler_niah_multivalue_16k,L24,OFF,"[1, 2, 3, 4, 5, 6, 7, 8, 9, 10, 11, 12, 13, 14]",0.5,0.0,,,,0.0,0,0
ruler_niah_multivalue_16k:0498,ruler_niah_multivalue_16k,L24,L0,"[1, 2, 3, 4, 5, 6, 7, 8, 9, 10, 11, 12, 13, 14]",0.5,0.0,,,,0.0,0,0
ruler_niah_multivalue_16k:0498,ruler_niah_multivalue_16k,L24,L6,"[1, 2, 3, 4, 5, 6, 7, 8, 9, 10, 11, 12, 13, 14]",0.5,0.0,,,,0.0,0,0
ruler_niah_multivalue_16k:0498,ruler_niah_multivalue_16k,L24,L12,"[1, 2, 3, 4, 5, 6, 7, 8, 9, 10, 11, 12, 13, 14]",0.5,0.0,,,,0.0,0,0
ruler_niah_multivalue_16k:0498,ruler_niah_multivalue_16k,L24,L18,"[1, 2, 3, 4, 5, 6, 7, 8, 9, 10, 11, 12, 13, 14]",0.5,0.0,,,,0.0,0,0
ruler_niah_multivalue_16k:0498,ruler_niah_multivalue_16k,L24,ALL,"[1, 2, 3, 4, 5, 6, 7, 8, 9, 10, 11, 12, 13, 14]",0.5,0.0,,,,0.0,0,0
ruler_niah_multivalue_16k:0498,ruler_niah_multivalue_16k,ALL,OFF,"[1, 2, 3, 4, 5, 6, 7, 8, 9, 10, 11, 12, 13, 14]",0.5,0.0,,,,0.0,0,0
ruler_niah_multivalue_16k:0498,ruler_niah_multivalue_16k,ALL,L0,"[1, 2, 3, 4, 5, 6, 7, 8, 9, 10, 11, 12, 13, 14]",0.5,0.0,,,,0.0,0,0
ruler_niah_multivalue_16k:0498,ruler_niah_multivalue_16k,ALL,L6,[3],0.2,0.5,0.2,0.2,0.0,0.0,1,1
ruler_niah_multivalue_16k:0498,ruler_niah_multivalue_16k,ALL,L12,[2],0.13333333333333333,0.5,0.13333333333333333,0.13333333333333333,0.0,0.0,1,1
ruler_niah_multivalue_16k:0498,ruler_niah_multivalue_16k,ALL,L18,"[1, 2, 3, 4, 5, 6, 7, 8, 9, 10, 11, 12, 13, 14]",0.5,0.0,,,,0.0,0,0
ruler_niah_multivalue_16k:0498,ruler_niah_multivalue_16k,ALL,L24,[2],0.13333333333333333,0.5,0.13333333333333333,0.13333333333333333,0.0,0.0,1,1
ruler_qa_hotpotqa_16k:0006,ruler_qa_hotpotqa_16k,OFF,L0,"[1, 2, 3, 4, 5, 6, 7, 8, 9, 10, 11, 12, 13]",0.5,0.0,,,,0.0,0,0
ruler_qa_hotpotqa_16k:0006,ruler_qa_hotpotqa_16k,OFF,L6,"[1, 2, 3, 4, 5, 6, 7, 8, 9, 10, 11, 12, 13]",0.5,0.0,,,,0.0,0,0
ruler_qa_hotpotqa_16k:0006,ruler_qa_hotpotqa_16k,OFF,L12,"[1, 2, 3, 4, 5, 6, 7, 8, 9, 10, 11, 12, 13]",0.5,0.0,,,,0.0,0,0
ruler_qa_hotpotqa_16k:0006,ruler_qa_hotpotqa_16k,OFF,L18,"[1, 2, 3, 4, 5, 6, 7, 8, 9, 10, 11, 12, 13]",0.5,0.0,,,,0.0,0,0
ruler_qa_hotpotqa_16k:0006,ruler_qa_hotpotqa_16k,OFF,L24,"[1, 2, 3, 4, 5, 6, 7, 8, 9, 10, 11, 12, 13]",0.5,0.0,,,,0.0,0,0
ruler_qa_hotpotqa_16k:0006,ruler_qa_hotpotqa_16k,OFF,ALL,"[1, 2, 3, 4, 5, 6, 7, 8, 9, 10, 11, 12, 13]",0.5,0.0,,,,0.0,0,0
ruler_qa_hotpotqa_16k:0006,ruler_qa_hotpotqa_16k,L0,OFF,"[1, 2, 3, 4, 5, 6, 7, 8, 9, 10, 11, 12, 13]",0.5,0.0,,,,0.0,0,0
ruler_qa_hotpotqa_16k:0006,ruler_qa_hotpotqa_16k,L0,L6,"[1, 2, 3, 4, 5, 6, 7, 8, 9, 10, 11, 12, 13]",0.5,0.0,,,,0.0,0,0
ruler_qa_hotpotqa_16k:0006,ruler_qa_hotpotqa_16k,L0,L12,"[1, 2, 3, 4, 5, 6, 7, 8, 9, 10, 11, 12, 13]",0.5,0.0,,,,0.0,0,0
ruler_qa_hotpotqa_16k:0006,ruler_qa_hotpotqa_16k,L0,L18,"[1, 2, 3, 4, 5, 6, 7, 8, 9, 10, 11, 12, 13]",0.5,0.0,,,,0.0,0,0
ruler_qa_hotpotqa_16k:0006,ruler_qa_hotpotqa_16k,L0,L24,"[1, 2, 3, 4, 5, 6, 7, 8, 9, 10, 11, 12, 13]",0.5,0.0,,,,0.0,0,0
ruler_qa_hotpotqa_16k:0006,ruler_qa_hotpotqa_16k,L0,ALL,"[1, 2, 3, 4, 5, 6, 7, 8, 9, 10, 11, 12, 13]",0.5,0.0,,,,0.0,0,0
ruler_qa_hotpotqa_16k:0006,ruler_qa_hotpotqa_16k,L6,OFF,"[1, 2, 3, 4, 5, 6, 7, 8, 9, 10, 11, 12, 13]",0.5,0.0,,,,0.0,0,0
ruler_qa_hotpotqa_16k:0006,ruler_qa_hotpotqa_16k,L6,L0,"[1, 2, 3, 4, 5, 6, 7, 8, 9, 10, 11, 12, 13]",0.5,0.0,,,,0.0,0,0
ruler_qa_hotpotqa_16k:0006,ruler_qa_hotpotqa_16k,L6,L12,"[1, 2, 3, 4, 5, 6, 7, 8, 9, 10, 11, 12, 13]",0.5,0.0,,,,0.0,0,0
ruler_qa_hotpotqa_16k:0006,ruler_qa_hotpotqa_16k,L6,L18,"[1, 2, 3, 4, 5, 6, 7, 8, 9, 10, 11, 12, 13]",0.5,0.0,,,,0.0,0,0
ruler_qa_hotpotqa_16k:0006,ruler_qa_hotpotqa_16k,L6,L24,"[1, 2, 3, 4, 5, 6, 7, 8, 9, 10, 11, 12, 13]",0.5,0.0,,,,0.0,0,0
ruler_qa_hotpotqa_16k:0006,ruler_qa_hotpotqa_16k,L6,ALL,"[1, 2, 3, 4, 5, 6, 7, 8, 9, 10, 11, 12, 13]",0.5,0.0,,,,0.0,0,0
ruler_qa_hotpotqa_16k:0006,ruler_qa_hotpotqa_16k,L12,OFF,"[1, 2, 3, 4, 5, 6, 7, 8, 9, 10, 11, 12, 13]",0.5,0.0,,,,0.0,0,0
ruler_qa_hotpotqa_16k:0006,ruler_qa_hotpotqa_16k,L12,L0,"[1, 2, 3, 4, 5, 6, 7, 8, 9, 10, 11, 12, 13]",0.5,0.0,,,,0.0,0,0
ruler_qa_hotpotqa_16k:0006,ruler_qa_hotpotqa_16k,L12,L6,"[1, 2, 3, 4, 5, 6, 7, 8, 9, 10, 11, 12, 13]",0.5,0.0,,,,0.0,0,0
ruler_qa_hotpotqa_16k:0006,ruler_qa_hotpotqa_16k,L12,L18,"[1, 2, 3, 4, 5, 6, 7, 8, 9, 10, 11, 12, 13]",0.5,0.0,,,,0.0,0,0
ruler_qa_hotpotqa_16k:0006,ruler_qa_hotpotqa_16k,L12,L24,"[1, 2, 3, 4, 5, 6, 7, 8, 9, 10, 11, 12, 13]",0.5,0.0,,,,0.0,0,0
ruler_qa_hotpotqa_16k:0006,ruler_qa_hotpotqa_16k,L12,ALL,"[1, 2, 3, 4, 5, 6, 7, 8, 9, 10, 11, 12, 13]",0.5,0.0,,,,0.0,0,0
ruler_qa_hotpotqa_16k:0006,ruler_qa_hotpotqa_16k,L18,OFF,"[1, 2, 3, 4, 5, 6, 7, 8, 9, 10, 11, 12, 13]",0.5,0.0,,,,0.0,0,0
ruler_qa_hotpotqa_16k:0006,ruler_qa_hotpotqa_16k,L18,L0,"[1, 2, 3, 4, 5, 6, 7, 8, 9, 10, 11, 12, 13]",0.5,0.0,,,,0.0,0,0
ruler_qa_hotpotqa_16k:0006,ruler_qa_hotpotqa_16k,L18,L6,"[1, 2, 3, 4, 5, 6, 7, 8, 9, 10, 11, 12, 13]",0.5,0.0,,,,0.0,0,0
ruler_qa_hotpotqa_16k:0006,ruler_qa_hotpotqa_16k,L18,L12,"[1, 2, 3, 4, 5, 6, 7, 8, 9, 10, 11, 12, 13]",0.5,0.0,,,,0.0,0,0
ruler_qa_hotpotqa_16k:0006,ruler_qa_hotpotqa_16k,L18,L24,"[1, 2, 3, 4, 5, 6, 7, 8, 9, 10, 11, 12, 13]",0.5,0.0,,,,0.0,0,0
ruler_qa_hotpotqa_16k:0006,ruler_qa_hotpotqa_16k,L18,ALL,"[1, 2, 3, 4, 5, 6, 7, 8, 9, 10, 11, 12, 13]",0.5,0.0,,,,0.0,0,0
ruler_qa_hotpotqa_16k:0006,ruler_qa_hotpotqa_16k,L24,OFF,"[1, 2, 3, 4, 5, 6, 7, 8, 9, 10, 11, 12, 13]",0.5,0.0,,,,0.0,0,0
ruler_qa_hotpotqa_16k:0006,ruler_qa_hotpotqa_16k,L24,L0,"[1, 2, 3, 4, 5, 6, 7, 8, 9, 10, 11, 12, 13]",0.5,0.0,,,,0.0,0,0
ruler_qa_hotpotqa_16k:0006,ruler_qa_hotpotqa_16k,L24,L6,"[1, 2, 3, 4, 5, 6, 7, 8, 9, 10, 11, 12, 13]",0.5,0.0,,,,0.0,0,0
ruler_qa_hotpotqa_16k:0006,ruler_qa_hotpotqa_16k,L24,L12,"[1, 2, 3, 4, 5, 6, 7, 8, 9, 10, 11, 12, 13]",0.5,0.0,,,,0.0,0,0
ruler_qa_hotpotqa_16k:0006,ruler_qa_hotpotqa_16k,L24,L18,"[1, 2, 3, 4, 5, 6, 7, 8, 9, 10, 11, 12, 13]",0.5,0.0,,,,0.0,0,0
ruler_qa_hotpotqa_16k:0006,ruler_qa_hotpotqa_16k,L24,ALL,"[1, 2, 3, 4, 5, 6, 7, 8, 9, 10, 11, 12, 13]",0.5,0.0,,,,0.0,0,0
ruler_qa_hotpotqa_16k:0006,ruler_qa_hotpotqa_16k,ALL,OFF,"[1, 2, 3, 4, 5, 6, 7, 8, 9, 10, 11, 12, 13]",0.5,0.0,,,,0.0,0,0
ruler_qa_hotpotqa_16k:0006,ruler_qa_hotpotqa_16k,ALL,L0,"[1, 2, 3, 4, 5, 6, 7, 8, 9, 10, 11, 12, 13]",0.5,0.0,,,,0.0,0,0
ruler_qa_hotpotqa_16k:0006,ruler_qa_hotpotqa_16k,ALL,L6,"[1, 2, 3, 4, 5, 6, 7, 8, 9, 10, 11, 12, 13]",0.5,0.0,,,,0.0,0,0
ruler_qa_hotpotqa_16k:0006,ruler_qa_hotpotqa_16k,ALL,L12,"[1, 2, 3, 4, 5, 6, 7, 8, 9, 10, 11, 12, 13]",0.5,0.0,,,,0.0,0,0
ruler_qa_hotpotqa_16k:0006,ruler_qa_hotpotqa_16k,ALL,L18,"[1, 2, 3, 4, 5, 6, 7, 8, 9, 10, 11, 12, 13]",0.5,0.0,,,,0.0,0,0
ruler_qa_hotpotqa_16k:0006,ruler_qa_hotpotqa_16k,ALL,L24,"[1, 2, 3, 4, 5, 6, 7, 8, 9, 10, 11, 12, 13]",0.5,0.0,,,,0.0,0,0
ruler_qa_hotpotqa_16k:0023,ruler_qa_hotpotqa_16k,OFF,L0,"[1, 2, 3, 4, 5, 6, 7, 8, 9, 10, 11, 12, 13]",0.5,0.0,,,,0.0,0,0
ruler_qa_hotpotqa_16k:0023,ruler_qa_hotpotqa_16k,OFF,L6,"[1, 2, 3, 4, 5, 6, 7, 8, 9, 10, 11, 12, 13]",0.5,0.0,,,,0.0,0,0
ruler_qa_hotpotqa_16k:0023,ruler_qa_hotpotqa_16k,OFF,L12,"[1, 2, 3, 4, 5, 6, 7, 8, 9, 10, 11, 12, 13]",0.5,0.0,,,,0.0,0,0
ruler_qa_hotpotqa_16k:0023,ruler_qa_hotpotqa_16k,OFF,L18,"[1, 2, 3, 4, 5, 6, 7, 8, 9, 10, 11, 12, 13]",0.5,0.0,,,,0.0,0,0
ruler_qa_hotpotqa_16k:0023,ruler_qa_hotpotqa_16k,OFF,L24,"[1, 2, 3, 4, 5, 6, 7, 8, 9, 10, 11, 12, 13]",0.5,0.0,,,,0.0,0,0
ruler_qa_hotpotqa_16k:0023,ruler_qa_hotpotqa_16k,OFF,ALL,"[1, 2, 3, 4, 5, 6, 7, 8, 9, 10, 11, 12, 13]",0.5,0.0,,,,0.0,0,0
ruler_qa_hotpotqa_16k:0023,ruler_qa_hotpotqa_16k,L0,OFF,"[1, 2, 3, 4, 5, 6, 7, 8, 9, 10, 11, 12, 13]",0.5,0.0,,,,0.0,0,0
ruler_qa_hotpotqa_16k:0023,ruler_qa_hotpotqa_16k,L0,L6,"[1, 2, 3, 4, 5, 6, 7, 8, 9, 10, 11, 12, 13]",0.5,0.0,,,,0.0,0,0
ruler_qa_hotpotqa_16k:0023,ruler_qa_hotpotqa_16k,L0,L12,"[1, 2, 3, 4, 5, 6, 7, 8, 9, 10, 11, 12, 13]",0.5,0.0,,,,0.0,0,0
ruler_qa_hotpotqa_16k:0023,ruler_qa_hotpotqa_16k,L0,L18,"[1, 2, 3, 4, 5, 6, 7, 8, 9, 10, 11, 12, 13]",0.5,0.0,,,,0.0,0,0
ruler_qa_hotpotqa_16k:0023,ruler_qa_hotpotqa_16k,L0,L24,"[1, 2, 3, 4, 5, 6, 7, 8, 9, 10, 11, 12, 13]",0.5,0.0,,,,0.0,0,0
ruler_qa_hotpotqa_16k:0023,ruler_qa_hotpotqa_16k,L0,ALL,"[1, 2, 3, 4, 5, 6, 7, 8, 9, 10, 11, 12, 13]",0.5,0.0,,,,0.0,0,0
ruler_qa_hotpotqa_16k:0023,ruler_qa_hotpotqa_16k,L6,OFF,"[1, 2, 3, 4, 5, 6, 7, 8, 9, 10, 11, 12, 13]",0.5,0.0,,,,0.0,0,0
ruler_qa_hotpotqa_16k:0023,ruler_qa_hotpotqa_16k,L6,L0,"[1, 2, 3, 4, 5, 6, 7, 8, 9, 10, 11, 12, 13]",0.5,0.0,,,,0.0,0,0
ruler_qa_hotpotqa_16k:0023,ruler_qa_hotpotqa_16k,L6,L12,"[1, 2, 3, 4, 5, 6, 7, 8, 9, 10, 11, 12, 13]",0.5,0.0,,,,0.0,0,0
ruler_qa_hotpotqa_16k:0023,ruler_qa_hotpotqa_16k,L6,L18,"[1, 2, 3, 4, 5, 6, 7, 8, 9, 10, 11, 12, 13]",0.5,0.0,,,,0.0,0,0
ruler_qa_hotpotqa_16k:0023,ruler_qa_hotpotqa_16k,L6,L24,"[1, 2, 3, 4, 5, 6, 7, 8, 9, 10, 11, 12, 13]",0.5,0.0,,,,0.0,0,0
ruler_qa_hotpotqa_16k:0023,ruler_qa_hotpotqa_16k,L6,ALL,"[1, 2, 3, 4, 5, 6, 7, 8, 9, 10, 11, 12, 13]",0.5,0.0,,,,0.0,0,0
ruler_qa_hotpotqa_16k:0023,ruler_qa_hotpotqa_16k,L12,OFF,"[1, 2, 3, 4, 5, 6, 7, 8, 9, 10, 11, 12, 13]",0.5,0.0,,,,0.0,0,0
ruler_qa_hotpotqa_16k:0023,ruler_qa_hotpotqa_16k,L12,L0,[4],0.2857142857142857,1.0,0.2857142857142857,0.2857142857142857,0.0,0.0,1,1
ruler_qa_hotpotqa_16k:0023,ruler_qa_hotpotqa_16k,L12,L6,"[1, 2, 3, 4, 5, 6, 7, 8, 9, 10, 11, 12, 13]",0.5,0.0,,,,0.0,0,0
ruler_qa_hotpotqa_16k:0023,ruler_qa_hotpotqa_16k,L12,L18,"[1, 2, 3, 4, 5, 6, 7, 8, 9, 10, 11, 12, 13]",0.5,0.0,,,,0.0,0,0
ruler_qa_hotpotqa_16k:0023,ruler_qa_hotpotqa_16k,L12,L24,"[1, 2, 3, 4, 5, 6, 7, 8, 9, 10, 11, 12, 13]",0.5,0.0,,,,0.0,0,0
ruler_qa_hotpotqa_16k:0023,ruler_qa_hotpotqa_16k,L12,ALL,"[1, 2, 3, 4, 5, 6, 7, 8, 9, 10, 11, 12, 13]",0.5,0.0,,,,0.0,0,0
ruler_qa_hotpotqa_16k:0023,ruler_qa_hotpotqa_16k,L18,OFF,"[1, 2, 3, 4, 5, 6, 7, 8, 9, 10, 11, 12, 13]",0.5,0.0,,,,0.0,0,0
ruler_qa_hotpotqa_16k:0023,ruler_qa_hotpotqa_16k,L18,L0,"[1, 2, 3, 4, 5, 6, 7, 8, 9, 10, 11, 12, 13]",0.5,0.0,,,,0.0,0,0
ruler_qa_hotpotqa_16k:0023,ruler_qa_hotpotqa_16k,L18,L6,"[1, 2, 3, 4, 5, 6, 7, 8, 9, 10, 11, 12, 13]",0.5,0.0,,,,0.0,0,0
ruler_qa_hotpotqa_16k:0023,ruler_qa_hotpotqa_16k,L18,L12,"[1, 2, 3, 4, 5, 6, 7, 8, 9, 10, 11, 12, 13]",0.5,0.0,,,,0.0,0,0
ruler_qa_hotpotqa_16k:0023,ruler_qa_hotpotqa_16k,L18,L24,"[1, 2, 3, 4, 5, 6, 7, 8, 9, 10, 11, 12, 13]",0.5,0.0,,,,0.0,0,0
ruler_qa_hotpotqa_16k:0023,ruler_qa_hotpotqa_16k,L18,ALL,"[1, 2, 3, 4, 5, 6, 7, 8, 9, 10, 11, 12, 13]",0.5,0.0,,,,0.0,0,0
ruler_qa_hotpotqa_16k:0023,ruler_qa_hotpotqa_16k,L24,OFF,"[1, 2, 3, 4, 5, 6, 7, 8, 9, 10, 11, 12, 13]",0.5,0.0,,,,0.0,0,0
ruler_qa_hotpotqa_16k:0023,ruler_qa_hotpotqa_16k,L24,L0,"[1, 2, 3, 4, 5, 6, 7, 8, 9, 10, 11, 12, 13]",0.5,0.0,,,,0.0,0,0
ruler_qa_hotpotqa_16k:0023,ruler_qa_hotpotqa_16k,L24,L6,"[1, 2, 3, 4, 5, 6, 7, 8, 9, 10, 11, 12, 13]",0.5,0.0,,,,0.0,0,0
ruler_qa_hotpotqa_16k:0023,ruler_qa_hotpotqa_16k,L24,L12,"[1, 2, 3, 4, 5, 6, 7, 8, 9, 10, 11, 12, 13]",0.5,0.0,,,,0.0,0,0
ruler_qa_hotpotqa_16k:0023,ruler_qa_hotpotqa_16k,L24,L18,"[1, 2, 3, 4, 5, 6, 7, 8, 9, 10, 11, 12, 13]",0.5,0.0,,,,0.0,0,0
ruler_qa_hotpotqa_16k:0023,ruler_qa_hotpotqa_16k,L24,ALL,"[1, 2, 3, 4, 5, 6, 7, 8, 9, 10, 11, 12, 13]",0.5,0.0,,,,0.0,0,0
ruler_qa_hotpotqa_16k:0023,ruler_qa_hotpotqa_16k,ALL,OFF,"[1, 2, 3, 4, 5, 6, 7, 8, 9, 10, 11, 12, 13]",0.5,0.0,,,,0.0,0,0
ruler_qa_hotpotqa_16k:0023,ruler_qa_hotpotqa_16k,ALL,L0,"[1, 2, 3, 4, 5, 6, 7, 8, 9, 10, 11, 12, 13]",0.5,0.0,,,,0.0,0,0
ruler_qa_hotpotqa_16k:0023,ruler_qa_hotpotqa_16k,ALL,L6,"[1, 2, 3, 4, 5, 6, 7, 8, 9, 10, 11, 12, 13]",0.5,0.0,,,,0.0,0,0
ruler_qa_hotpotqa_16k:0023,ruler_qa_hotpotqa_16k,ALL,L12,[5],0.35714285714285715,1.0,0.35714285714285715,0.35714285714285715,0.0,0.0,1,1
ruler_qa_hotpotqa_16k:0023,ruler_qa_hotpotqa_16k,ALL,L18,"[1, 2, 3, 4, 5, 6, 7, 8, 9, 10, 11, 12, 13]",0.5,0.0,,,,0.0,0,0
ruler_qa_hotpotqa_16k:0023,ruler_qa_hotpotqa_16k,ALL,L24,"[1, 2, 3, 4, 5, 6, 7, 8, 9, 10, 11, 12, 13]",0.5,0.0,,,,0.0,0,0
ruler_qa_hotpotqa_16k:0031,ruler_qa_hotpotqa_16k,OFF,L0,"[1, 2, 3, 4, 5, 6, 7, 8, 9, 10, 11, 12, 13]",0.5,0.0,,,,0.0,0,0
ruler_qa_hotpotqa_16k:0031,ruler_qa_hotpotqa_16k,OFF,L6,"[1, 2, 3, 4, 5, 6, 7, 8, 9, 10, 11, 12, 13]",0.5,0.0,,,,0.0,0,0
ruler_qa_hotpotqa_16k:0031,ruler_qa_hotpotqa_16k,OFF,L12,"[1, 2, 3, 4, 5, 6, 7, 8, 9, 10, 11, 12, 13]",0.5,0.0,,,,0.0,0,0
ruler_qa_hotpotqa_16k:0031,ruler_qa_hotpotqa_16k,OFF,L18,"[1, 2, 3, 4, 5, 6, 7, 8, 9, 10, 11, 12, 13]",0.5,0.0,,,,0.0,0,0
ruler_qa_hotpotqa_16k:0031,ruler_qa_hotpotqa_16k,OFF,L24,"[1, 2, 3, 4, 5, 6, 7, 8, 9, 10, 11, 12, 13]",0.5,0.0,,,,0.0,0,0
ruler_qa_hotpotqa_16k:0031,ruler_qa_hotpotqa_16k,OFF,ALL,"[1, 2, 3, 4, 5, 6, 7, 8, 9, 10, 11, 12, 13]",0.5,0.0,,,,0.0,0,0
ruler_qa_hotpotqa_16k:0031,ruler_qa_hotpotqa_16k,L0,OFF,"[1, 2, 3, 4, 5, 6, 7, 8, 9, 10, 11, 12, 13]",0.5,0.0,,,,0.0,0,0
ruler_qa_hotpotqa_16k:0031,ruler_qa_hotpotqa_16k,L0,L6,"[1, 2, 3, 4, 5, 6, 7, 8, 9, 10, 11, 12, 13]",0.5,0.0,,,,0.0,0,0
ruler_qa_hotpotqa_16k:0031,ruler_qa_hotpotqa_16k,L0,L12,"[1, 2, 3, 4, 5, 6, 7, 8, 9, 10, 11, 12, 13]",0.5,0.0,,,,0.0,0,0
ruler_qa_hotpotqa_16k:0031,ruler_qa_hotpotqa_16k,L0,L18,"[1, 2, 3, 4, 5, 6, 7, 8, 9, 10, 11, 12, 13]",0.5,0.0,,,,0.0,0,0
ruler_qa_hotpotqa_16k:0031,ruler_qa_hotpotqa_16k,L0,L24,[3],0.21428571428571427,1.0,0.21428571428571427,0.21428571428571427,0.0,0.0,1,1
ruler_qa_hotpotqa_16k:0031,ruler_qa_hotpotqa_16k,L0,ALL,"[1, 2, 3, 4, 5, 6, 7, 8, 9, 10, 11, 12, 13]",0.5,0.0,,,,0.0,0,0
ruler_qa_hotpotqa_16k:0031,ruler_qa_hotpotqa_16k,L6,OFF,"[1, 2, 3, 4, 5, 6, 7, 8, 9, 10, 11, 12, 13]",0.5,0.0,,,,0.0,0,0
ruler_qa_hotpotqa_16k:0031,ruler_qa_hotpotqa_16k,L6,L0,"[7, 8]",0.5357142857142857,0.0,0.5,0.5714285714285714,0.07142857142857142,0.07142857142857142,2,2
ruler_qa_hotpotqa_16k:0031,ruler_qa_hotpotqa_16k,L6,L12,[8],0.5714285714285714,1.0,0.5714285714285714,0.5714285714285714,0.0,0.0,1,1
ruler_qa_hotpotqa_16k:0031,ruler_qa_hotpotqa_16k,L6,L18,"[1, 2, 3, 4, 5, 6, 7, 8, 9, 10, 11, 12, 13]",0.5,0.0,,,,0.0,0,0
ruler_qa_hotpotqa_16k:0031,ruler_qa_hotpotqa_16k,L6,L24,"[1, 2, 3, 4, 5, 6, 7, 8, 9, 10, 11, 12, 13]",0.5,0.0,,,,0.0,0,0
ruler_qa_hotpotqa_16k:0031,ruler_qa_hotpotqa_16k,L6,ALL,"[1, 2, 3, 4, 5, 6, 7, 8, 9, 10, 11, 12, 13]",0.5,0.0,,,,0.0,0,0
ruler_qa_hotpotqa_16k:0031,ruler_qa_hotpotqa_16k,L12,OFF,"[1, 2, 3, 4, 5, 6, 7, 8, 9, 10, 11, 12, 13]",0.5,0.0,,,,0.0,0,0
ruler_qa_hotpotqa_16k:0031,ruler_qa_hotpotqa_16k,L12,L0,"[1, 2, 3, 4, 5, 6, 7, 8, 9, 10, 11, 12, 13]",0.5,0.0,,,,0.0,0,0
ruler_qa_hotpotqa_16k:0031,ruler_qa_hotpotqa_16k,L12,L6,"[1, 2, 3, 4, 5, 6, 7, 8, 9, 10, 11, 12, 13]",0.5,0.0,,,,0.0,0,0
ruler_qa_hotpotqa_16k:0031,ruler_qa_hotpotqa_16k,L12,L18,"[1, 2, 3, 4, 5, 6, 7, 8, 9, 10, 11, 12, 13]",0.5,0.0,,,,0.0,0,0
ruler_qa_hotpotqa_16k:0031,ruler_qa_hotpotqa_16k,L12,L24,"[1, 2, 3, 4, 5, 6, 7, 8, 9, 10, 11, 12, 13]",0.5,0.0,,,,0.0,0,0
ruler_qa_hotpotqa_16k:0031,ruler_qa_hotpotqa_16k,L12,ALL,"[6, 11]",0.6071428571428571,0.0,0.42857142857142855,0.7857142857142857,0.35714285714285715,0.0,2,2
ruler_qa_hotpotqa_16k:0031,ruler_qa_hotpotqa_16k,L18,OFF,"[1, 2, 3, 4, 5, 6, 7, 8, 9, 10, 11, 12, 13]",0.5,0.0,,,,0.0,0,0
ruler_qa_hotpotqa_16k:0031,ruler_qa_hotpotqa_16k,L18,L0,"[1, 2, 3, 4, 5, 6, 7, 8, 9, 10, 11, 12, 13]",0.5,0.0,,,,0.0,0,0
ruler_qa_hotpotqa_16k:0031,ruler_qa_hotpotqa_16k,L18,L6,"[1, 2, 3, 4, 5, 6, 7, 8, 9, 10, 11, 12, 13]",0.5,0.0,,,,0.0,0,0
ruler_qa_hotpotqa_16k:0031,ruler_qa_hotpotqa_16k,L18,L12,"[1, 2, 3, 4, 5, 6, 7, 8, 9, 10, 11, 12, 13]",0.5,0.0,,,,0.0,0,0
ruler_qa_hotpotqa_16k:0031,ruler_qa_hotpotqa_16k,L18,L24,"[1, 2, 3, 4, 5, 6, 7, 8, 9, 10, 11, 12, 13]",0.5,0.0,,,,0.0,0,0
ruler_qa_hotpotqa_16k:0031,ruler_qa_hotpotqa_16k,L18,ALL,"[1, 2, 3, 4, 5, 6, 7, 8, 9, 10, 11, 12, 13]",0.5,0.0,,,,0.0,0,0
ruler_qa_hotpotqa_16k:0031,ruler_qa_hotpotqa_16k,L24,OFF,"[1, 2, 3, 4, 5, 6, 7, 8, 9, 10, 11, 12, 13]",0.5,0.0,,,,0.0,0,0
ruler_qa_hotpotqa_16k:0031,ruler_qa_hotpotqa_16k,L24,L0,"[1, 2, 3, 4, 5, 6, 7, 8, 9, 10, 11, 12, 13]",0.5,0.0,,,,0.0,0,0
ruler_qa_hotpotqa_16k:0031,ruler_qa_hotpotqa_16k,L24,L6,"[1, 2, 3, 4, 5, 6, 7, 8, 9, 10, 11, 12, 13]",0.5,0.0,,,,0.0,0,0
ruler_qa_hotpotqa_16k:0031,ruler_qa_hotpotqa_16k,L24,L12,"[1, 2, 3, 4, 5, 6, 7, 8, 9, 10, 11, 12, 13]",0.5,0.0,,,,0.0,0,0
ruler_qa_hotpotqa_16k:0031,ruler_qa_hotpotqa_16k,L24,L18,"[1, 2, 3, 4, 5, 6, 7, 8, 9, 10, 11, 12, 13]",0.5,0.0,,,,0.0,0,0
ruler_qa_hotpotqa_16k:0031,ruler_qa_hotpotqa_16k,L24,ALL,"[1, 2, 3, 4, 5, 6, 7, 8, 9, 10, 11, 12, 13]",0.5,0.0,,,,0.0,0,0
ruler_qa_hotpotqa_16k:0031,ruler_qa_hotpotqa_16k,ALL,OFF,"[1, 2, 3, 4, 5, 6, 7, 8, 9, 10, 11, 12, 13]",0.5,0.0,,,,0.0,0,0
ruler_qa_hotpotqa_16k:0031,ruler_qa_hotpotqa_16k,ALL,L0,"[1, 2, 3, 4, 5, 6, 7, 8, 9, 10, 11, 12, 13]",0.5,0.0,,,,0.0,0,0
ruler_qa_hotpotqa_16k:0031,ruler_qa_hotpotqa_16k,ALL,L6,"[1, 2, 3, 4, 5, 6, 7, 8, 9, 10, 11, 12, 13]",0.5,0.0,,,,0.0,0,0
ruler_qa_hotpotqa_16k:0031,ruler_qa_hotpotqa_16k,ALL,L12,"[1, 2, 3, 4, 5, 6, 7, 8, 9, 10, 11, 12, 13]",0.5,0.0,,,,0.0,0,0
ruler_qa_hotpotqa_16k:0031,ruler_qa_hotpotqa_16k,ALL,L18,"[1, 2, 3, 4, 5, 6, 7, 8, 9, 10, 11, 12, 13]",0.5,0.0,,,,0.0,0,0
ruler_qa_hotpotqa_16k:0031,ruler_qa_hotpotqa_16k,ALL,L24,"[1, 2, 3, 4, 5, 6, 7, 8, 9, 10, 11, 12, 13]",0.5,0.0,,,,0.0,0,0
ruler_qa_hotpotqa_16k:0059,ruler_qa_hotpotqa_16k,OFF,L0,"[1, 2, 3, 4, 5, 6, 7, 8, 9, 10, 11, 12, 13]",0.5,0.0,,,,0.0,0,0
ruler_qa_hotpotqa_16k:0059,ruler_qa_hotpotqa_16k,OFF,L6,"[1, 2, 3, 4, 5, 6, 7, 8, 9, 10, 11, 12, 13]",0.5,0.0,,,,0.0,0,0
ruler_qa_hotpotqa_16k:0059,ruler_qa_hotpotqa_16k,OFF,L12,[2],0.14285714285714285,1.0,0.14285714285714285,0.14285714285714285,0.0,0.0,1,1
ruler_qa_hotpotqa_16k:0059,ruler_qa_hotpotqa_16k,OFF,L18,"[1, 2, 3, 4, 5, 6, 7, 8, 9, 10, 11, 12, 13]",0.5,0.0,,,,0.0,0,0
ruler_qa_hotpotqa_16k:0059,ruler_qa_hotpotqa_16k,OFF,L24,"[1, 2, 3, 4, 5, 6, 7, 8, 9, 10, 11, 12, 13]",0.5,0.0,,,,0.0,0,0
ruler_qa_hotpotqa_16k:0059,ruler_qa_hotpotqa_16k,OFF,ALL,[6],0.42857142857142855,1.0,0.42857142857142855,0.42857142857142855,0.0,0.0,1,1
ruler_qa_hotpotqa_16k:0059,ruler_qa_hotpotqa_16k,L0,OFF,"[1, 2, 3, 4, 5, 6, 7, 8, 9, 10, 11, 12, 13]",0.5,0.0,,,,0.0,0,0
ruler_qa_hotpotqa_16k:0059,ruler_qa_hotpotqa_16k,L0,L6,"[1, 2, 3, 4, 5, 6, 7, 8, 9, 10, 11, 12, 13]",0.5,0.0,,,,0.0,0,0
ruler_qa_hotpotqa_16k:0059,ruler_qa_hotpotqa_16k,L0,L12,"[1, 2, 3, 4, 5, 6, 7, 8, 9, 10, 11, 12, 13]",0.5,0.0,,,,0.0,0,0
ruler_qa_hotpotqa_16k:0059,ruler_qa_hotpotqa_16k,L0,L18,"[1, 2, 3, 4, 5, 6, 7, 8, 9, 10, 11, 12, 13]",0.5,0.0,,,,0.0,0,0
ruler_qa_hotpotqa_16k:0059,ruler_qa_hotpotqa_16k,L0,L24,"[1, 2, 3, 4, 5, 6, 7, 8, 9, 10, 11, 12, 13]",0.5,0.0,,,,0.0,0,0
ruler_qa_hotpotqa_16k:0059,ruler_qa_hotpotqa_16k,L0,ALL,"[1, 2, 3, 4, 5, 6, 7, 8, 9, 10, 11, 12, 13]",0.5,0.0,,,,0.0,0,0
ruler_qa_hotpotqa_16k:0059,ruler_qa_hotpotqa_16k,L6,OFF,"[1, 2, 3, 4, 5, 6, 7, 8, 9, 10, 11, 12, 13]",0.5,0.0,,,,0.0,0,0
ruler_qa_hotpotqa_16k:0059,ruler_qa_hotpotqa_16k,L6,L0,"[1, 2, 3, 4, 5, 6, 7, 8, 9, 10, 11, 12, 13]",0.5,0.0,,,,0.0,0,0
ruler_qa_hotpotqa_16k:0059,ruler_qa_hotpotqa_16k,L6,L12,"[1, 2, 3, 4, 5, 6, 7, 8, 9, 10, 11, 12, 13]",0.5,0.0,,,,0.0,0,0
ruler_qa_hotpotqa_16k:0059,ruler_qa_hotpotqa_16k,L6,L18,"[1, 2, 3, 4, 5, 6, 7, 8, 9, 10, 11, 12, 13]",0.5,0.0,,,,0.0,0,0
ruler_qa_hotpotqa_16k:0059,ruler_qa_hotpotqa_16k,L6,L24,"[1, 2, 3, 4, 5, 6, 7, 8, 9, 10, 11, 12, 13]",0.5,0.0,,,,0.0,0,0
ruler_qa_hotpotqa_16k:0059,ruler_qa_hotpotqa_16k,L6,ALL,"[1, 2, 3, 4, 5, 6, 7, 8, 9, 10, 11, 12, 13]",0.5,0.0,,,,0.0,0,0
ruler_qa_hotpotqa_16k:0059,ruler_qa_hotpotqa_16k,L12,OFF,"[1, 2, 3, 4, 5, 6, 7, 8, 9, 10, 11, 12, 13]",0.5,0.0,,,,0.0,0,0
ruler_qa_hotpotqa_16k:0059,ruler_qa_hotpotqa_16k,L12,L0,"[1, 2, 3, 4, 5, 6, 7, 8, 9, 10, 11, 12, 13]",0.5,0.0,,,,0.0,0,0
ruler_qa_hotpotqa_16k:0059,ruler_qa_hotpotqa_16k,L12,L6,"[1, 2, 3, 4, 5, 6, 7, 8, 9, 10, 11, 12, 13]",0.5,0.0,,,,0.0,0,0
ruler_qa_hotpotqa_16k:0059,ruler_qa_hotpotqa_16k,L12,L18,"[1, 2, 3, 4, 5, 6, 7, 8, 9, 10, 11, 12, 13]",0.5,0.0,,,,0.0,0,0
ruler_qa_hotpotqa_16k:0059,ruler_qa_hotpotqa_16k,L12,L24,"[1, 2, 3, 4, 5, 6, 7, 8, 9, 10, 11, 12, 13]",0.5,0.0,,,,0.0,0,0
ruler_qa_hotpotqa_16k:0059,ruler_qa_hotpotqa_16k,L12,ALL,[8],0.5714285714285714,1.0,0.5714285714285714,0.5714285714285714,0.0,0.0,1,1
ruler_qa_hotpotqa_16k:0059,ruler_qa_hotpotqa_16k,L18,OFF,"[1, 2, 3, 4, 5, 6, 7, 8, 9, 10, 11, 12, 13]",0.5,0.0,,,,0.0,0,0
ruler_qa_hotpotqa_16k:0059,ruler_qa_hotpotqa_16k,L18,L0,"[1, 2, 3, 4, 5, 6, 7, 8, 9, 10, 11, 12, 13]",0.5,0.0,,,,0.0,0,0
ruler_qa_hotpotqa_16k:0059,ruler_qa_hotpotqa_16k,L18,L6,"[1, 2, 3, 4, 5, 6, 7, 8, 9, 10, 11, 12, 13]",0.5,0.0,,,,0.0,0,0
ruler_qa_hotpotqa_16k:0059,ruler_qa_hotpotqa_16k,L18,L12,"[1, 2, 3, 4, 5, 6, 7, 8, 9, 10, 11, 12, 13]",0.5,0.0,,,,0.0,0,0
ruler_qa_hotpotqa_16k:0059,ruler_qa_hotpotqa_16k,L18,L24,[4],0.2857142857142857,1.0,0.2857142857142857,0.2857142857142857,0.0,0.0,1,1
ruler_qa_hotpotqa_16k:0059,ruler_qa_hotpotqa_16k,L18,ALL,"[1, 2, 3, 4, 5, 6, 7, 8, 9, 10, 11, 12, 13]",0.5,0.0,,,,0.0,0,0
ruler_qa_hotpotqa_16k:0059,ruler_qa_hotpotqa_16k,L24,OFF,"[7, 8, 9, 10]",0.6071428571428571,0.0,0.5,0.7142857142857143,0.21428571428571427,0.21428571428571427,4,4
ruler_qa_hotpotqa_16k:0059,ruler_qa_hotpotqa_16k,L24,L0,"[1, 2, 3, 4, 5, 6, 7, 8, 9, 10, 11, 12, 13]",0.5,0.0,,,,0.0,0,0
ruler_qa_hotpotqa_16k:0059,ruler_qa_hotpotqa_16k,L24,L6,"[1, 2, 3, 4, 5, 6, 7, 8, 9, 10, 11, 12, 13]",0.5,0.0,,,,0.0,0,0
ruler_qa_hotpotqa_16k:0059,ruler_qa_hotpotqa_16k,L24,L12,"[2, 6, 9]",0.40476190476190477,0.0,0.14285714285714285,0.6428571428571429,0.5,0.0,3,3
ruler_qa_hotpotqa_16k:0059,ruler_qa_hotpotqa_16k,L24,L18,"[1, 2, 3, 4, 5, 6, 7, 8, 9, 10, 11, 12, 13]",0.5,0.0,,,,0.0,0,0
ruler_qa_hotpotqa_16k:0059,ruler_qa_hotpotqa_16k,L24,ALL,[6],0.42857142857142855,1.0,0.42857142857142855,0.42857142857142855,0.0,0.0,1,1
ruler_qa_hotpotqa_16k:0059,ruler_qa_hotpotqa_16k,ALL,OFF,"[1, 2, 3, 4, 5, 6, 7, 8, 9, 10, 11, 12, 13]",0.5,0.0,,,,0.0,0,0
ruler_qa_hotpotqa_16k:0059,ruler_qa_hotpotqa_16k,ALL,L0,"[1, 2, 3, 4, 5, 6, 7, 8, 9, 10, 11, 12, 13]",0.5,0.0,,,,0.0,0,0
ruler_qa_hotpotqa_16k:0059,ruler_qa_hotpotqa_16k,ALL,L6,"[1, 2, 3, 4, 5, 6, 7, 8, 9, 10, 11, 12, 13]",0.5,0.0,,,,0.0,0,0
ruler_qa_hotpotqa_16k:0059,ruler_qa_hotpotqa_16k,ALL,L12,"[1, 2, 3, 4, 5, 6, 7, 8, 9, 10, 11, 12, 13]",0.5,0.0,,,,0.0,0,0
ruler_qa_hotpotqa_16k:0059,ruler_qa_hotpotqa_16k,ALL,L18,"[1, 2, 3, 4, 5, 6, 7, 8, 9, 10, 11, 12, 13]",0.5,0.0,,,,0.0,0,0
ruler_qa_hotpotqa_16k:0059,ruler_qa_hotpotqa_16k,ALL,L24,"[1, 2, 3, 4, 5, 6, 7, 8, 9, 10, 11, 12, 13]",0.5,0.0,,,,0.0,0,0
ruler_qa_hotpotqa_16k:0085,ruler_qa_hotpotqa_16k,OFF,L0,"[1, 2, 3, 4, 5, 6, 7, 8, 9, 10, 11, 12, 13]",0.5,0.0,,,,0.0,0,0
ruler_qa_hotpotqa_16k:0085,ruler_qa_hotpotqa_16k,OFF,L6,"[1, 2, 3, 4, 5, 6, 7, 8, 9, 10, 11, 12, 13]",0.5,0.0,,,,0.0,0,0
ruler_qa_hotpotqa_16k:0085,ruler_qa_hotpotqa_16k,OFF,L12,"[1, 2, 3, 4, 5, 6, 7, 8, 9, 10, 11, 12, 13]",0.5,0.0,,,,0.0,0,0
ruler_qa_hotpotqa_16k:0085,ruler_qa_hotpotqa_16k,OFF,L18,"[1, 2, 3, 4, 5, 6, 7, 8, 9, 10, 11, 12, 13]",0.5,0.0,,,,0.0,0,0
ruler_qa_hotpotqa_16k:0085,ruler_qa_hotpotqa_16k,OFF,L24,"[1, 2, 3, 4, 5, 6, 7, 8, 9, 10, 11, 12, 13]",0.5,0.0,,,,0.0,0,0
ruler_qa_hotpotqa_16k:0085,ruler_qa_hotpotqa_16k,OFF,ALL,"[2, 3]",0.17857142857142858,0.0,0.14285714285714285,0.21428571428571427,0.07142857142857142,0.07142857142857142,2,2
ruler_qa_hotpotqa_16k:0085,ruler_qa_hotpotqa_16k,L0,OFF,"[1, 2, 3, 4, 5, 6, 7, 8, 9, 10, 11, 12, 13]",0.5,0.0,,,,0.0,0,0
ruler_qa_hotpotqa_16k:0085,ruler_qa_hotpotqa_16k,L0,L6,[8],0.5714285714285714,1.0,0.5714285714285714,0.5714285714285714,0.0,0.0,1,1
ruler_qa_hotpotqa_16k:0085,ruler_qa_hotpotqa_16k,L0,L12,"[1, 2, 3, 4, 5, 6, 7, 8, 9, 10, 11, 12, 13]",0.5,0.0,,,,0.0,0,0
ruler_qa_hotpotqa_16k:0085,ruler_qa_hotpotqa_16k,L0,L18,"[1, 2, 3, 4, 5, 6, 7, 8, 9, 10, 11, 12, 13]",0.5,0.0,,,,0.0,0,0
ruler_qa_hotpotqa_16k:0085,ruler_qa_hotpotqa_16k,L0,L24,"[1, 2, 3, 4, 5, 6, 7, 8, 9, 10, 11, 12, 13]",0.5,0.0,,,,0.0,0,0
ruler_qa_hotpotqa_16k:0085,ruler_qa_hotpotqa_16k,L0,ALL,[7],0.5,1.0,0.5,0.5,0.0,0.0,1,1
ruler_qa_hotpotqa_16k:0085,ruler_qa_hotpotqa_16k,L6,OFF,"[1, 2, 3, 4, 5, 6, 7, 8, 9, 10, 11, 12, 13]",0.5,0.0,,,,0.0,0,0
ruler_qa_hotpotqa_16k:0085,ruler_qa_hotpotqa_16k,L6,L0,"[1, 2, 3, 4, 5, 6, 7, 8, 9, 10, 11, 12, 13]",0.5,0.0,,,,0.0,0,0
ruler_qa_hotpotqa_16k:0085,ruler_qa_hotpotqa_16k,L6,L12,"[1, 2, 3, 4, 5, 6, 7, 8, 9, 10, 11, 12, 13]",0.5,0.0,,,,0.0,0,0
ruler_qa_hotpotqa_16k:0085,ruler_qa_hotpotqa_16k,L6,L18,"[1, 2, 3, 4, 5, 6, 7, 8, 9, 10, 11, 12, 13]",0.5,0.0,,,,0.0,0,0
ruler_qa_hotpotqa_16k:0085,ruler_qa_hotpotqa_16k,L6,L24,"[1, 2, 3, 4, 5, 6, 7, 8, 9, 10, 11, 12, 13]",0.5,0.0,,,,0.0,0,0
ruler_qa_hotpotqa_16k:0085,ruler_qa_hotpotqa_16k,L6,ALL,"[2, 3]",0.17857142857142858,0.0,0.14285714285714285,0.21428571428571427,0.07142857142857142,0.07142857142857142,2,2
ruler_qa_hotpotqa_16k:0085,ruler_qa_hotpotqa_16k,L12,OFF,"[1, 2, 3, 4, 5, 6, 7, 8, 9, 10, 11, 12, 13]",0.5,0.0,,,,0.0,0,0
ruler_qa_hotpotqa_16k:0085,ruler_qa_hotpotqa_16k,L12,L0,[3],0.21428571428571427,1.0,0.21428571428571427,0.21428571428571427,0.0,0.0,1,1
ruler_qa_hotpotqa_16k:0085,ruler_qa_hotpotqa_16k,L12,L6,"[1, 2, 3, 4, 5, 6, 7, 8, 9, 10, 11, 12, 13]",0.5,0.0,,,,0.0,0,0
ruler_qa_hotpotqa_16k:0085,ruler_qa_hotpotqa_16k,L12,L18,"[1, 2, 3, 4, 5, 6, 7, 8, 9, 10, 11, 12, 13]",0.5,0.0,,,,0.0,0,0
ruler_qa_hotpotqa_16k:0085,ruler_qa_hotpotqa_16k,L12,L24,"[1, 2, 3, 4, 5, 6, 7, 8, 9, 10, 11, 12, 13]",0.5,0.0,,,,0.0,0,0
ruler_qa_hotpotqa_16k:0085,ruler_qa_hotpotqa_16k,L12,ALL,"[2, 3]",0.17857142857142858,0.0,0.14285714285714285,0.21428571428571427,0.07142857142857142,0.07142857142857142,2,2
ruler_qa_hotpotqa_16k:0085,ruler_qa_hotpotqa_16k,L18,OFF,"[1, 2, 3, 4, 5, 6, 7, 8, 9, 10, 11, 12, 13]",0.5,0.0,,,,0.0,0,0
ruler_qa_hotpotqa_16k:0085,ruler_qa_hotpotqa_16k,L18,L0,"[1, 2, 3, 4, 5, 6, 7, 8, 9, 10, 11, 12, 13]",0.5,0.0,,,,0.0,0,0
ruler_qa_hotpotqa_16k:0085,ruler_qa_hotpotqa_16k,L18,L6,"[1, 2, 3, 4, 5, 6, 7, 8, 9, 10, 11, 12, 13]",0.5,0.0,,,,0.0,0,0
ruler_qa_hotpotqa_16k:0085,ruler_qa_hotpotqa_16k,L18,L12,"[1, 2, 3, 4, 5, 6, 7, 8, 9, 10, 11, 12, 13]",0.5,0.0,,,,0.0,0,0
ruler_qa_hotpotqa_16k:0085,ruler_qa_hotpotqa_16k,L18,L24,"[1, 2, 3, 4, 5, 6, 7, 8, 9, 10, 11, 12, 13]",0.5,0.0,,,,0.0,0,0
ruler_qa_hotpotqa_16k:0085,ruler_qa_hotpotqa_16k,L18,ALL,"[2, 3]",0.17857142857142858,0.0,0.14285714285714285,0.21428571428571427,0.07142857142857142,0.07142857142857142,2,2
ruler_qa_hotpotqa_16k:0085,ruler_qa_hotpotqa_16k,L24,OFF,"[1, 2, 3, 4, 5, 6, 7, 8, 9, 10, 11, 12, 13]",0.5,0.0,,,,0.0,0,0
ruler_qa_hotpotqa_16k:0085,ruler_qa_hotpotqa_16k,L24,L0,"[1, 2, 3, 4, 5, 6, 7, 8, 9, 10, 11, 12, 13]",0.5,0.0,,,,0.0,0,0
ruler_qa_hotpotqa_16k:0085,ruler_qa_hotpotqa_16k,L24,L6,"[1, 2, 3, 4, 5, 6, 7, 8, 9, 10, 11, 12, 13]",0.5,0.0,,,,0.0,0,0
ruler_qa_hotpotqa_16k:0085,ruler_qa_hotpotqa_16k,L24,L12,"[1, 2, 3, 4, 5, 6, 7, 8, 9, 10, 11, 12, 13]",0.5,0.0,,,,0.0,0,0
ruler_qa_hotpotqa_16k:0085,ruler_qa_hotpotqa_16k,L24,L18,"[1, 2, 3, 4, 5, 6, 7, 8, 9, 10, 11, 12, 13]",0.5,0.0,,,,0.0,0,0
ruler_qa_hotpotqa_16k:0085,ruler_qa_hotpotqa_16k,L24,ALL,"[2, 3]",0.17857142857142858,0.0,0.14285714285714285,0.21428571428571427,0.07142857142857142,0.07142857142857142,2,2
ruler_qa_hotpotqa_16k:0085,ruler_qa_hotpotqa_16k,ALL,OFF,[2],0.14285714285714285,1.0,0.14285714285714285,0.14285714285714285,0.0,0.0,1,1
ruler_qa_hotpotqa_16k:0085,ruler_qa_hotpotqa_16k,ALL,L0,"[1, 2, 3, 4, 5, 6, 7, 8, 9, 10, 11, 12, 13]",0.5,0.0,,,,0.0,0,0
ruler_qa_hotpotqa_16k:0085,ruler_qa_hotpotqa_16k,ALL,L6,"[1, 2, 3, 4, 5, 6, 7, 8, 9, 10, 11, 12, 13]",0.5,0.0,,,,0.0,0,0
ruler_qa_hotpotqa_16k:0085,ruler_qa_hotpotqa_16k,ALL,L12,[2],0.14285714285714285,1.0,0.14285714285714285,0.14285714285714285,0.0,0.0,1,1
ruler_qa_hotpotqa_16k:0085,ruler_qa_hotpotqa_16k,ALL,L18,"[1, 2, 3, 4, 5, 6, 7, 8, 9, 10, 11, 12, 13]",0.5,0.0,,,,0.0,0,0
ruler_qa_hotpotqa_16k:0085,ruler_qa_hotpotqa_16k,ALL,L24,[2],0.14285714285714285,1.0,0.14285714285714285,0.14285714285714285,0.0,0.0,1,1
ruler_qa_hotpotqa_16k:0118,ruler_qa_hotpotqa_16k,OFF,L0,"[1, 2, 3, 4, 5, 6, 7, 8, 9, 10, 11, 12, 13]",0.5,0.0,,,,0.0,0,0
ruler_qa_hotpotqa_16k:0118,ruler_qa_hotpotqa_16k,OFF,L6,"[1, 2, 3, 4, 5, 6, 7, 8, 9, 10, 11, 12, 13]",0.5,0.0,,,,0.0,0,0
ruler_qa_hotpotqa_16k:0118,ruler_qa_hotpotqa_16k,OFF,L12,"[1, 2, 3, 4, 5, 6, 7, 8, 9, 10, 11, 12, 13]",0.5,0.0,,,,0.0,0,0
ruler_qa_hotpotqa_16k:0118,ruler_qa_hotpotqa_16k,OFF,L18,"[1, 2, 3, 4, 5, 6, 7, 8, 9, 10, 11, 12, 13]",0.5,0.0,,,,0.0,0,0
ruler_qa_hotpotqa_16k:0118,ruler_qa_hotpotqa_16k,OFF,L24,"[1, 2, 3, 4, 5, 6, 7, 8, 9, 10, 11, 12, 13]",0.5,0.0,,,,0.0,0,0
ruler_qa_hotpotqa_16k:0118,ruler_qa_hotpotqa_16k,OFF,ALL,"[1, 2, 3, 4, 5, 6, 7, 8, 9, 10, 11, 12, 13]",0.5,0.0,,,,0.0,0,0
ruler_qa_hotpotqa_16k:0118,ruler_qa_hotpotqa_16k,L0,OFF,"[1, 2, 3, 4, 5, 6, 7, 8, 9, 10, 11, 12, 13]",0.5,0.0,,,,0.0,0,0
ruler_qa_hotpotqa_16k:0118,ruler_qa_hotpotqa_16k,L0,L6,[9],0.6428571428571429,1.0,0.6428571428571429,0.6428571428571429,0.0,0.0,1,1
ruler_qa_hotpotqa_16k:0118,ruler_qa_hotpotqa_16k,L0,L12,"[1, 2, 3, 4, 5, 6, 7, 8, 9, 10, 11, 12, 13]",0.5,0.0,,,,0.0,0,0
ruler_qa_hotpotqa_16k:0118,ruler_qa_hotpotqa_16k,L0,L18,"[1, 2, 3, 4, 5, 6, 7, 8, 9, 10, 11, 12, 13]",0.5,0.0,,,,0.0,0,0
ruler_qa_hotpotqa_16k:0118,ruler_qa_hotpotqa_16k,L0,L24,"[1, 2, 3, 4, 5, 6, 7, 8, 9, 10, 11, 12, 13]",0.5,0.0,,,,0.0,0,0
ruler_qa_hotpotqa_16k:0118,ruler_qa_hotpotqa_16k,L0,ALL,"[3, 12]",0.5357142857142857,0.0,0.21428571428571427,0.8571428571428571,0.6428571428571429,0.0,2,2
ruler_qa_hotpotqa_16k:0118,ruler_qa_hotpotqa_16k,L6,OFF,"[4, 5, 6, 7]",0.39285714285714285,0.0,0.2857142857142857,0.5,0.21428571428571427,0.21428571428571427,4,4
ruler_qa_hotpotqa_16k:0118,ruler_qa_hotpotqa_16k,L6,L0,"[1, 2, 3, 4, 5, 6, 7, 8, 9, 10, 11, 12, 13]",0.5,0.0,,,,0.0,0,0
ruler_qa_hotpotqa_16k:0118,ruler_qa_hotpotqa_16k,L6,L12,[1],0.07142857142857142,1.0,0.07142857142857142,0.07142857142857142,0.0,0.0,1,1
ruler_qa_hotpotqa_16k:0118,ruler_qa_hotpotqa_16k,L6,L18,"[1, 2, 3, 4, 5, 6, 7, 8, 9, 10, 11, 12, 13]",0.5,0.0,,,,0.0,0,0
ruler_qa_hotpotqa_16k:0118,ruler_qa_hotpotqa_16k,L6,L24,"[4, 5, 7]",0.38095238095238093,0.0,0.2857142857142857,0.5,0.21428571428571427,0.07142857142857142,3,3
ruler_qa_hotpotqa_16k:0118,ruler_qa_hotpotqa_16k,L6,ALL,"[1, 2, 3, 4, 5, 6, 7, 8, 9, 10, 11, 12, 13]",0.5,0.0,,,,0.0,0,0
ruler_qa_hotpotqa_16k:0118,ruler_qa_hotpotqa_16k,L12,OFF,"[1, 2, 3, 4, 5, 6, 7, 8, 9, 10, 11, 12, 13]",0.5,0.0,,,,0.0,0,0
ruler_qa_hotpotqa_16k:0118,ruler_qa_hotpotqa_16k,L12,L0,"[1, 2, 3, 4, 5, 6, 7, 8, 9, 10, 11, 12, 13]",0.5,0.0,,,,0.0,0,0
ruler_qa_hotpotqa_16k:0118,ruler_qa_hotpotqa_16k,L12,L6,"[1, 2, 3, 4, 5, 6, 7, 8, 9, 10, 11, 12, 13]",0.5,0.0,,,,0.0,0,0
ruler_qa_hotpotqa_16k:0118,ruler_qa_hotpotqa_16k,L12,L18,"[1, 2, 3, 4, 5, 6, 7, 8, 9, 10, 11, 12, 13]",0.5,0.0,,,,0.0,0,0
ruler_qa_hotpotqa_16k:0118,ruler_qa_hotpotqa_16k,L12,L24,"[1, 2, 3, 4, 5, 6, 7, 8, 9, 10, 11, 12, 13]",0.5,0.0,,,,0.0,0,0
ruler_qa_hotpotqa_16k:0118,ruler_qa_hotpotqa_16k,L12,ALL,"[1, 2, 3, 4, 5, 6, 7, 8, 9, 10, 11, 12, 13]",0.5,0.0,,,,0.0,0,0
ruler_qa_hotpotqa_16k:0118,ruler_qa_hotpotqa_16k,L18,OFF,"[1, 2, 3, 4, 5, 6, 7, 8, 9, 10, 11, 12, 13]",0.5,0.0,,,,0.0,0,0
ruler_qa_hotpotqa_16k:0118,ruler_qa_hotpotqa_16k,L18,L0,"[1, 2, 3, 4, 5, 6, 7, 8, 9, 10, 11, 12, 13]",0.5,0.0,,,,0.0,0,0
ruler_qa_hotpotqa_16k:0118,ruler_qa_hotpotqa_16k,L18,L6,"[5, 7]",0.42857142857142855,0.0,0.35714285714285715,0.5,0.14285714285714285,0.0,2,2
ruler_qa_hotpotqa_16k:0118,ruler_qa_hotpotqa_16k,L18,L12,"[1, 2, 3, 4, 5, 6, 7, 8, 9, 10, 11, 12, 13]",0.5,0.0,,,,0.0,0,0
ruler_qa_hotpotqa_16k:0118,ruler_qa_hotpotqa_16k,L18,L24,"[1, 2, 3, 4, 5, 6, 7, 8, 9, 10, 11, 12, 13]",0.5,0.0,,,,0.0,0,0
ruler_qa_hotpotqa_16k:0118,ruler_qa_hotpotqa_16k,L18,ALL,"[1, 2, 3, 4, 5, 6, 7, 8, 9, 10, 11, 12, 13]",0.5,0.0,,,,0.0,0,0
ruler_qa_hotpotqa_16k:0118,ruler_qa_hotpotqa_16k,L24,OFF,"[1, 2, 3, 4, 5, 6, 7, 8, 9, 10, 11, 12, 13]",0.5,0.0,,,,0.0,0,0
ruler_qa_hotpotqa_16k:0118,ruler_qa_hotpotqa_16k,L24,L0,"[1, 2, 3, 4, 5, 6, 7, 8, 9, 10, 11, 12, 13]",0.5,0.0,,,,0.0,0,0
ruler_qa_hotpotqa_16k:0118,ruler_qa_hotpotqa_16k,L24,L6,"[1, 2, 3, 4, 5, 6, 7, 8, 9, 10, 11, 12, 13]",0.5,0.0,,,,0.0,0,0
ruler_qa_hotpotqa_16k:0118,ruler_qa_hotpotqa_16k,L24,L12,"[1, 2, 3, 4, 5, 6, 7, 8, 9, 10, 11, 12, 13]",0.5,0.0,,,,0.0,0,0
ruler_qa_hotpotqa_16k:0118,ruler_qa_hotpotqa_16k,L24,L18,"[1, 2, 3, 4, 5, 6, 7, 8, 9, 10, 11, 12, 13]",0.5,0.0,,,,0.0,0,0
ruler_qa_hotpotqa_16k:0118,ruler_qa_hotpotqa_16k,L24,ALL,"[1, 2, 3, 4, 5, 6, 7, 8, 9, 10, 11, 12, 13]",0.5,0.0,,,,0.0,0,0
ruler_qa_hotpotqa_16k:0118,ruler_qa_hotpotqa_16k,ALL,OFF,[12],0.8571428571428571,1.0,0.8571428571428571,0.8571428571428571,0.0,0.0,1,1
ruler_qa_hotpotqa_16k:0118,ruler_qa_hotpotqa_16k,ALL,L0,[3],0.21428571428571427,1.0,0.21428571428571427,0.21428571428571427,0.0,0.0,1,1
ruler_qa_hotpotqa_16k:0118,ruler_qa_hotpotqa_16k,ALL,L6,"[8, 12]",0.7142857142857143,0.0,0.5714285714285714,0.8571428571428571,0.2857142857142857,0.0,2,2
ruler_qa_hotpotqa_16k:0118,ruler_qa_hotpotqa_16k,ALL,L12,"[1, 2, 3, 4, 5, 6, 7, 8, 9, 10, 11, 12, 13]",0.5,0.0,,,,0.0,0,0
ruler_qa_hotpotqa_16k:0118,ruler_qa_hotpotqa_16k,ALL,L18,[12],0.8571428571428571,1.0,0.8571428571428571,0.8571428571428571,0.0,0.0,1,1
ruler_qa_hotpotqa_16k:0118,ruler_qa_hotpotqa_16k,ALL,L24,[12],0.8571428571428571,1.0,0.8571428571428571,0.8571428571428571,0.0,0.0,1,1
ruler_qa_hotpotqa_16k:0140,ruler_qa_hotpotqa_16k,OFF,L0,[11],0.8461538461538461,1.0,0.8461538461538461,0.8461538461538461,0.0,0.0,1,1
ruler_qa_hotpotqa_16k:0140,ruler_qa_hotpotqa_16k,OFF,L6,"[1, 2, 3, 4, 5, 6, 7, 8, 9, 10, 11, 12]",0.5,0.0,,,,0.0,0,0
ruler_qa_hotpotqa_16k:0140,ruler_qa_hotpotqa_16k,OFF,L12,[7],0.5384615384615384,1.0,0.5384615384615384,0.5384615384615384,0.0,0.0,1,1
ruler_qa_hotpotqa_16k:0140,ruler_qa_hotpotqa_16k,OFF,L18,"[1, 2, 3]",0.15384615384615385,0.0,0.07692307692307693,0.23076923076923078,0.15384615384615385,0.15384615384615385,3,3
ruler_qa_hotpotqa_16k:0140,ruler_qa_hotpotqa_16k,OFF,L24,"[1, 2, 3, 4, 5, 6, 7, 8, 9, 10, 11, 12]",0.5,0.0,,,,0.0,0,0
ruler_qa_hotpotqa_16k:0140,ruler_qa_hotpotqa_16k,OFF,ALL,[11],0.8461538461538461,1.0,0.8461538461538461,0.8461538461538461,0.0,0.0,1,1
ruler_qa_hotpotqa_16k:0140,ruler_qa_hotpotqa_16k,L0,OFF,[3],0.23076923076923078,1.0,0.23076923076923078,0.23076923076923078,0.0,0.0,1,1
ruler_qa_hotpotqa_16k:0140,ruler_qa_hotpotqa_16k,L0,L6,"[1, 2, 3, 4, 5, 6, 7, 8, 9, 10, 11, 12]",0.5,0.0,,,,0.0,0,0
ruler_qa_hotpotqa_16k:0140,ruler_qa_hotpotqa_16k,L0,L12,[3],0.23076923076923078,1.0,0.23076923076923078,0.23076923076923078,0.0,0.0,1,1
ruler_qa_hotpotqa_16k:0140,ruler_qa_hotpotqa_16k,L0,L18,"[1, 2, 3, 4, 5, 6, 7, 8, 9, 10, 11, 12]",0.5,0.0,,,,0.0,0,0
ruler_qa_hotpotqa_16k:0140,ruler_qa_hotpotqa_16k,L0,L24,[3],0.23076923076923078,1.0,0.23076923076923078,0.23076923076923078,0.0,0.0,1,1
ruler_qa_hotpotqa_16k:0140,ruler_qa_hotpotqa_16k,L0,ALL,"[1, 2, 3, 4, 5, 6, 7, 8, 9, 10, 11, 12]",0.5,0.0,,,,0.0,0,0
ruler_qa_hotpotqa_16k:0140,ruler_qa_hotpotqa_16k,L6,OFF,"[1, 2, 3, 4, 5, 6, 7, 8, 9, 10, 11, 12]",0.5,0.0,,,,0.0,0,0
ruler_qa_hotpotqa_16k:0140,ruler_qa_hotpotqa_16k,L6,L0,"[5, 6]",0.4230769230769231,0.0,0.38461538461538464,0.46153846153846156,0.07692307692307693,0.07692307692307693,2,2
ruler_qa_hotpotqa_16k:0140,ruler_qa_hotpotqa_16k,L6,L12,"[1, 2, 3, 4, 5, 6, 7, 8, 9, 10, 11, 12]",0.5,0.0,,,,0.0,0,0
ruler_qa_hotpotqa_16k:0140,ruler_qa_hotpotqa_16k,L6,L18,"[1, 2, 3, 4, 5, 6, 7, 8, 9, 10, 11, 12]",0.5,0.0,,,,0.0,0,0
ruler_qa_hotpotqa_16k:0140,ruler_qa_hotpotqa_16k,L6,L24,"[1, 2, 3, 4, 5, 6, 7, 8, 9, 10, 11, 12]",0.5,0.0,,,,0.0,0,0
ruler_qa_hotpotqa_16k:0140,ruler_qa_hotpotqa_16k,L6,ALL,"[1, 2, 3, 4, 5, 6, 7, 8, 9, 10, 11, 12]",0.5,0.0,,,,0.0,0,0
ruler_qa_hotpotqa_16k:0140,ruler_qa_hotpotqa_16k,L12,OFF,"[1, 2, 3, 4, 5, 6, 7, 8, 9, 10, 11, 12]",0.5,0.0,,,,0.0,0,0
ruler_qa_hotpotqa_16k:0140,ruler_qa_hotpotqa_16k,L12,L0,[11],0.8461538461538461,1.0,0.8461538461538461,0.8461538461538461,0.0,0.0,1,1
ruler_qa_hotpotqa_16k:0140,ruler_qa_hotpotqa_16k,L12,L6,"[3, 4, 5]",0.3076923076923077,0.0,0.23076923076923078,0.38461538461538464,0.15384615384615385,0.15384615384615385,3,3
ruler_qa_hotpotqa_16k:0140,ruler_qa_hotpotqa_16k,L12,L18,[1],0.07692307692307693,1.0,0.07692307692307693,0.07692307692307693,0.0,0.0,1,1
ruler_qa_hotpotqa_16k:0140,ruler_qa_hotpotqa_16k,L12,L24,[2],0.15384615384615385,1.0,0.15384615384615385,0.15384615384615385,0.0,0.0,1,1
ruler_qa_hotpotqa_16k:0140,ruler_qa_hotpotqa_16k,L12,ALL,"[3, 5, 11]",0.48717948717948717,0.0,0.23076923076923078,0.8461538461538461,0.6153846153846154,0.0,3,3
ruler_qa_hotpotqa_16k:0140,ruler_qa_hotpotqa_16k,L18,OFF,[5],0.38461538461538464,1.0,0.38461538461538464,0.38461538461538464,0.0,0.0,1,1
ruler_qa_hotpotqa_16k:0140,ruler_qa_hotpotqa_16k,L18,L0,[11],0.8461538461538461,1.0,0.8461538461538461,0.8461538461538461,0.0,0.0,1,1
ruler_qa_hotpotqa_16k:0140,ruler_qa_hotpotqa_16k,L18,L6,[3],0.23076923076923078,1.0,0.23076923076923078,0.23076923076923078,0.0,0.0,1,1
ruler_qa_hotpotqa_16k:0140,ruler_qa_hotpotqa_16k,L18,L12,"[1, 2, 3, 4, 5, 6, 7, 8, 9, 10, 11, 12]",0.5,0.0,,,,0.0,0,0
ruler_qa_hotpotqa_16k:0140,ruler_qa_hotpotqa_16k,L18,L24,[5],0.38461538461538464,1.0,0.38461538461538464,0.38461538461538464,0.0,0.0,1,1
ruler_qa_hotpotqa_16k:0140,ruler_qa_hotpotqa_16k,L18,ALL,"[5, 11]",0.6153846153846154,0.0,0.38461538461538464,0.8461538461538461,0.46153846153846156,0.0,2,2
ruler_qa_hotpotqa_16k:0140,ruler_qa_hotpotqa_16k,L24,OFF,"[1, 2, 3, 4, 5, 6, 7, 8, 9, 10, 11, 12]",0.5,0.0,,,,0.0,0,0
ruler_qa_hotpotqa_16k:0140,ruler_qa_hotpotqa_16k,L24,L0,[11],0.8461538461538461,1.0,0.8461538461538461,0.8461538461538461,0.0,0.0,1,1
ruler_qa_hotpotqa_16k:0140,ruler_qa_hotpotqa_16k,L24,L6,"[1, 2, 3, 4, 5, 6, 7, 8, 9, 10, 11, 12]",0.5,0.0,,,,0.0,0,0
ruler_qa_hotpotqa_16k:0140,ruler_qa_hotpotqa_16k,L24,L12,"[1, 2, 3, 4, 5, 6, 7, 8, 9, 10, 11, 12]",0.5,0.0,,,,0.0,0,0
ruler_qa_hotpotqa_16k:0140,ruler_qa_hotpotqa_16k,L24,L18,"[1, 2, 3, 4, 5]",0.23076923076923078,0.0,0.07692307692307693,0.38461538461538464,0.3076923076923077,0.3076923076923077,5,5
ruler_qa_hotpotqa_16k:0140,ruler_qa_hotpotqa_16k,L24,ALL,[11],0.8461538461538461,1.0,0.8461538461538461,0.8461538461538461,0.0,0.0,1,1
ruler_qa_hotpotqa_16k:0140,ruler_qa_hotpotqa_16k,ALL,OFF,[3],0.23076923076923078,1.0,0.23076923076923078,0.23076923076923078,0.0,0.0,1,1
ruler_qa_hotpotqa_16k:0140,ruler_qa_hotpotqa_16k,ALL,L0,"[1, 2, 3, 4, 5, 6, 7, 8, 9, 10, 11, 12]",0.5,0.0,,,,0.0,0,0
ruler_qa_hotpotqa_16k:0140,ruler_qa_hotpotqa_16k,ALL,L6,"[1, 2, 3, 4, 5, 6, 7, 8, 9, 10, 11, 12]",0.5,0.0,,,,0.0,0,0
ruler_qa_hotpotqa_16k:0140,ruler_qa_hotpotqa_16k,ALL,L12,[3],0.23076923076923078,1.0,0.23076923076923078,0.23076923076923078,0.0,0.0,1,1
ruler_qa_hotpotqa_16k:0140,ruler_qa_hotpotqa_16k,ALL,L18,"[1, 2, 3, 4, 5, 6, 7, 8, 9, 10, 11, 12]",0.5,0.0,,,,0.0,0,0
ruler_qa_hotpotqa_16k:0140,ruler_qa_hotpotqa_16k,ALL,L24,[3],0.23076923076923078,1.0,0.23076923076923078,0.23076923076923078,0.0,0.0,1,1
ruler_qa_hotpotqa_16k:0191,ruler_qa_hotpotqa_16k,OFF,L0,"[1, 2, 3, 4, 5, 6, 7, 8, 9, 10, 11, 12]",0.5,0.0,,,,0.0,0,0
ruler_qa_hotpotqa_16k:0191,ruler_qa_hotpotqa_16k,OFF,L6,"[1, 2, 3, 4, 5, 6, 7, 8, 9, 10, 11, 12]",0.5,0.0,,,,0.0,0,0
ruler_qa_hotpotqa_16k:0191,ruler_qa_hotpotqa_16k,OFF,L12,"[1, 2, 3, 4, 5, 6, 7, 8, 9, 10, 11, 12]",0.5,0.0,,,,0.0,0,0
ruler_qa_hotpotqa_16k:0191,ruler_qa_hotpotqa_16k,OFF,L18,"[1, 2, 3, 4, 5, 6, 7, 8, 9, 10, 11, 12]",0.5,0.0,,,,0.0,0,0
ruler_qa_hotpotqa_16k:0191,ruler_qa_hotpotqa_16k,OFF,L24,"[1, 2, 3, 4, 5, 6, 7, 8, 9, 10, 11, 12]",0.5,0.0,,,,0.0,0,0
ruler_qa_hotpotqa_16k:0191,ruler_qa_hotpotqa_16k,OFF,ALL,"[1, 2, 3, 4, 5, 6, 7, 8, 9, 10, 11, 12]",0.5,0.0,,,,0.0,0,0
ruler_qa_hotpotqa_16k:0191,ruler_qa_hotpotqa_16k,L0,OFF,"[1, 2, 3, 4, 5, 6, 7, 8, 9, 10, 11, 12]",0.5,0.0,,,,0.0,0,0
ruler_qa_hotpotqa_16k:0191,ruler_qa_hotpotqa_16k,L0,L6,"[1, 2, 3, 4, 5, 6, 7, 8, 9, 10, 11, 12]",0.5,0.0,,,,0.0,0,0
ruler_qa_hotpotqa_16k:0191,ruler_qa_hotpotqa_16k,L0,L12,"[1, 2, 3, 4, 5, 6, 7, 8, 9, 10, 11, 12]",0.5,0.0,,,,0.0,0,0
ruler_qa_hotpotqa_16k:0191,ruler_qa_hotpotqa_16k,L0,L18,"[1, 2, 3, 4, 5, 6, 7, 8, 9, 10, 11, 12]",0.5,0.0,,,,0.0,0,0
ruler_qa_hotpotqa_16k:0191,ruler_qa_hotpotqa_16k,L0,L24,"[1, 2, 3, 4, 5, 6, 7, 8, 9, 10, 11, 12]",0.5,0.0,,,,0.0,0,0
ruler_qa_hotpotqa_16k:0191,ruler_qa_hotpotqa_16k,L0,ALL,"[1, 2, 3, 4, 5, 6, 7, 8, 9, 10, 11, 12]",0.5,0.0,,,,0.0,0,0
ruler_qa_hotpotqa_16k:0191,ruler_qa_hotpotqa_16k,L6,OFF,"[1, 2, 3, 4, 5, 6, 7, 8, 9, 10, 11, 12]",0.5,0.0,,,,0.0,0,0
ruler_qa_hotpotqa_16k:0191,ruler_qa_hotpotqa_16k,L6,L0,"[1, 2, 3, 4, 5, 6, 7, 8, 9, 10, 11, 12]",0.5,0.0,,,,0.0,0,0
ruler_qa_hotpotqa_16k:0191,ruler_qa_hotpotqa_16k,L6,L12,"[1, 2, 3, 4, 5, 6, 7, 8, 9, 10, 11, 12]",0.5,0.0,,,,0.0,0,0
ruler_qa_hotpotqa_16k:0191,ruler_qa_hotpotqa_16k,L6,L18,"[1, 2, 3, 4, 5, 6, 7, 8, 9, 10, 11, 12]",0.5,0.0,,,,0.0,0,0
ruler_qa_hotpotqa_16k:0191,ruler_qa_hotpotqa_16k,L6,L24,"[1, 2, 3, 4, 5, 6, 7, 8, 9, 10, 11, 12]",0.5,0.0,,,,0.0,0,0
ruler_qa_hotpotqa_16k:0191,ruler_qa_hotpotqa_16k,L6,ALL,"[1, 2, 3, 4, 5, 6, 7, 8, 9, 10, 11, 12]",0.5,0.0,,,,0.0,0,0
ruler_qa_hotpotqa_16k:0191,ruler_qa_hotpotqa_16k,L12,OFF,"[1, 2, 3, 4, 5, 6, 7, 8, 9, 10, 11, 12]",0.5,0.0,,,,0.0,0,0
ruler_qa_hotpotqa_16k:0191,ruler_qa_hotpotqa_16k,L12,L0,"[1, 2, 3, 4, 5, 6, 7, 8, 9, 10, 11, 12]",0.5,0.0,,,,0.0,0,0
ruler_qa_hotpotqa_16k:0191,ruler_qa_hotpotqa_16k,L12,L6,"[1, 2, 3, 4, 5, 6, 7, 8, 9, 10, 11, 12]",0.5,0.0,,,,0.0,0,0
ruler_qa_hotpotqa_16k:0191,ruler_qa_hotpotqa_16k,L12,L18,"[1, 2, 3, 4, 5, 6, 7, 8, 9, 10, 11, 12]",0.5,0.0,,,,0.0,0,0
ruler_qa_hotpotqa_16k:0191,ruler_qa_hotpotqa_16k,L12,L24,"[1, 2, 3, 4, 5, 6, 7, 8, 9, 10, 11, 12]",0.5,0.0,,,,0.0,0,0
ruler_qa_hotpotqa_16k:0191,ruler_qa_hotpotqa_16k,L12,ALL,"[1, 2, 3, 4, 5, 6, 7, 8, 9, 10, 11, 12]",0.5,0.0,,,,0.0,0,0
ruler_qa_hotpotqa_16k:0191,ruler_qa_hotpotqa_16k,L18,OFF,"[1, 2, 3, 4, 5, 6, 7, 8, 9, 10, 11, 12]",0.5,0.0,,,,0.0,0,0
ruler_qa_hotpotqa_16k:0191,ruler_qa_hotpotqa_16k,L18,L0,"[1, 2, 3, 4, 5, 6, 7, 8, 9, 10, 11, 12]",0.5,0.0,,,,0.0,0,0
ruler_qa_hotpotqa_16k:0191,ruler_qa_hotpotqa_16k,L18,L6,"[1, 2, 3, 4, 5, 6, 7, 8, 9, 10, 11, 12]",0.5,0.0,,,,0.0,0,0
ruler_qa_hotpotqa_16k:0191,ruler_qa_hotpotqa_16k,L18,L12,"[1, 2, 3, 4, 5, 6, 7, 8, 9, 10, 11, 12]",0.5,0.0,,,,0.0,0,0
ruler_qa_hotpotqa_16k:0191,ruler_qa_hotpotqa_16k,L18,L24,"[1, 2, 3, 4, 5, 6, 7, 8, 9, 10, 11, 12]",0.5,0.0,,,,0.0,0,0
ruler_qa_hotpotqa_16k:0191,ruler_qa_hotpotqa_16k,L18,ALL,"[1, 2, 3, 4, 5, 6, 7, 8, 9, 10, 11, 12]",0.5,0.0,,,,0.0,0,0
ruler_qa_hotpotqa_16k:0191,ruler_qa_hotpotqa_16k,L24,OFF,"[1, 2, 3, 4, 5, 6, 7, 8, 9, 10, 11, 12]",0.5,0.0,,,,0.0,0,0
ruler_qa_hotpotqa_16k:0191,ruler_qa_hotpotqa_16k,L24,L0,"[1, 2, 3, 4, 5, 6, 7, 8, 9, 10, 11, 12]",0.5,0.0,,,,0.0,0,0
ruler_qa_hotpotqa_16k:0191,ruler_qa_hotpotqa_16k,L24,L6,"[1, 2, 3, 4, 5, 6, 7, 8, 9, 10, 11, 12]",0.5,0.0,,,,0.0,0,0
ruler_qa_hotpotqa_16k:0191,ruler_qa_hotpotqa_16k,L24,L12,"[1, 2, 3, 4, 5, 6, 7, 8, 9, 10, 11, 12]",0.5,0.0,,,,0.0,0,0
ruler_qa_hotpotqa_16k:0191,ruler_qa_hotpotqa_16k,L24,L18,"[1, 2, 3, 4, 5, 6, 7, 8, 9, 10, 11, 12]",0.5,0.0,,,,0.0,0,0
ruler_qa_hotpotqa_16k:0191,ruler_qa_hotpotqa_16k,L24,ALL,"[1, 2, 3, 4, 5, 6, 7, 8, 9, 10, 11, 12]",0.5,0.0,,,,0.0,0,0
ruler_qa_hotpotqa_16k:0191,ruler_qa_hotpotqa_16k,ALL,OFF,"[1, 2, 3, 4, 5, 6, 7, 8, 9, 10, 11, 12]",0.5,0.0,,,,0.0,0,0
ruler_qa_hotpotqa_16k:0191,ruler_qa_hotpotqa_16k,ALL,L0,"[1, 2, 3, 4, 5, 6, 7, 8, 9, 10, 11, 12]",0.5,0.0,,,,0.0,0,0
ruler_qa_hotpotqa_16k:0191,ruler_qa_hotpotqa_16k,ALL,L6,"[1, 2, 3, 4, 5, 6, 7, 8, 9, 10, 11, 12]",0.5,0.0,,,,0.0,0,0
ruler_qa_hotpotqa_16k:0191,ruler_qa_hotpotqa_16k,ALL,L12,"[1, 2, 3, 4, 5, 6, 7, 8, 9, 10, 11, 12]",0.5,0.0,,,,0.0,0,0
ruler_qa_hotpotqa_16k:0191,ruler_qa_hotpotqa_16k,ALL,L18,"[1, 2, 3, 4, 5, 6, 7, 8, 9, 10, 11, 12]",0.5,0.0,,,,0.0,0,0
ruler_qa_hotpotqa_16k:0191,ruler_qa_hotpotqa_16k,ALL,L24,"[1, 2, 3, 4, 5, 6, 7, 8, 9, 10, 11, 12]",0.5,0.0,,,,0.0,0,0
ruler_qa_hotpotqa_16k:0312,ruler_qa_hotpotqa_16k,OFF,L0,[1],0.07142857142857142,1.0,0.07142857142857142,0.07142857142857142,0.0,0.0,1,1
ruler_qa_hotpotqa_16k:0312,ruler_qa_hotpotqa_16k,OFF,L6,"[1, 2, 3, 4, 5, 6, 7, 8, 9, 10, 11, 12, 13]",0.5,0.0,,,,0.0,0,0
ruler_qa_hotpotqa_16k:0312,ruler_qa_hotpotqa_16k,OFF,L12,"[1, 2, 3, 4, 5, 6, 7, 8, 9, 10, 11, 12, 13]",0.5,0.0,,,,0.0,0,0
ruler_qa_hotpotqa_16k:0312,ruler_qa_hotpotqa_16k,OFF,L18,"[1, 2, 3, 4, 5, 6, 7, 8, 9, 10, 11, 12, 13]",0.5,0.0,,,,0.0,0,0
ruler_qa_hotpotqa_16k:0312,ruler_qa_hotpotqa_16k,OFF,L24,"[1, 2, 3, 4, 5, 6, 7, 8, 9, 10, 11, 12, 13]",0.5,0.0,,,,0.0,0,0
ruler_qa_hotpotqa_16k:0312,ruler_qa_hotpotqa_16k,OFF,ALL,"[1, 2, 3, 4, 5, 6, 7, 8, 9, 10, 11, 12, 13]",0.5,0.0,,,,0.0,0,0
ruler_qa_hotpotqa_16k:0312,ruler_qa_hotpotqa_16k,L0,OFF,"[1, 2, 3, 4, 5, 6, 7, 8, 9, 10, 11, 12, 13]",0.5,0.0,,,,0.0,0,0
ruler_qa_hotpotqa_16k:0312,ruler_qa_hotpotqa_16k,L0,L6,"[1, 2, 3, 4, 5, 6, 7, 8, 9, 10, 11, 12, 13]",0.5,0.0,,,,0.0,0,0
ruler_qa_hotpotqa_16k:0312,ruler_qa_hotpotqa_16k,L0,L12,"[1, 2, 3, 4, 5, 6, 7, 8, 9, 10, 11, 12, 13]",0.5,0.0,,,,0.0,0,0
ruler_qa_hotpotqa_16k:0312,ruler_qa_hotpotqa_16k,L0,L18,"[1, 2, 3, 4, 5, 6, 7, 8, 9, 10, 11, 12, 13]",0.5,0.0,,,,0.0,0,0
ruler_qa_hotpotqa_16k:0312,ruler_qa_hotpotqa_16k,L0,L24,"[1, 2, 3, 4, 5, 6, 7, 8, 9, 10, 11, 12, 13]",0.5,0.0,,,,0.0,0,0
ruler_qa_hotpotqa_16k:0312,ruler_qa_hotpotqa_16k,L0,ALL,"[1, 2, 3, 4, 5, 6, 7, 8, 9, 10, 11, 12, 13]",0.5,0.0,,,,0.0,0,0
ruler_qa_hotpotqa_16k:0312,ruler_qa_hotpotqa_16k,L6,OFF,"[1, 2, 3, 4, 5, 6, 7, 8, 9, 10, 11, 12, 13]",0.5,0.0,,,,0.0,0,0
ruler_qa_hotpotqa_16k:0312,ruler_qa_hotpotqa_16k,L6,L0,"[1, 2, 3, 4, 5, 6, 7, 8, 9, 10, 11, 12, 13]",0.5,0.0,,,,0.0,0,0
ruler_qa_hotpotqa_16k:0312,ruler_qa_hotpotqa_16k,L6,L12,"[1, 2, 3, 4, 5, 6, 7, 8, 9, 10, 11, 12, 13]",0.5,0.0,,,,0.0,0,0
ruler_qa_hotpotqa_16k:0312,ruler_qa_hotpotqa_16k,L6,L18,"[1, 2, 3, 4, 5, 6, 7, 8, 9, 10, 11, 12, 13]",0.5,0.0,,,,0.0,0,0
ruler_qa_hotpotqa_16k:0312,ruler_qa_hotpotqa_16k,L6,L24,"[1, 2, 3, 4, 5, 6, 7, 8, 9, 10, 11, 12, 13]",0.5,0.0,,,,0.0,0,0
ruler_qa_hotpotqa_16k:0312,ruler_qa_hotpotqa_16k,L6,ALL,"[1, 2, 3, 4, 5, 6, 7, 8, 9, 10, 11, 12, 13]",0.5,0.0,,,,0.0,0,0
ruler_qa_hotpotqa_16k:0312,ruler_qa_hotpotqa_16k,L12,OFF,"[1, 2, 3, 4, 5, 6, 7, 8, 9, 10, 11, 12, 13]",0.5,0.0,,,,0.0,0,0
ruler_qa_hotpotqa_16k:0312,ruler_qa_hotpotqa_16k,L12,L0,"[1, 2, 3, 4, 5, 6, 7, 8, 9, 10, 11, 12, 13]",0.5,0.0,,,,0.0,0,0
ruler_qa_hotpotqa_16k:0312,ruler_qa_hotpotqa_16k,L12,L6,"[1, 2, 3, 4, 5, 6, 7, 8, 9, 10, 11, 12, 13]",0.5,0.0,,,,0.0,0,0
ruler_qa_hotpotqa_16k:0312,ruler_qa_hotpotqa_16k,L12,L18,"[1, 2, 3, 4, 5, 6, 7, 8, 9, 10, 11, 12, 13]",0.5,0.0,,,,0.0,0,0
ruler_qa_hotpotqa_16k:0312,ruler_qa_hotpotqa_16k,L12,L24,"[1, 2, 3, 4, 5, 6, 7, 8, 9, 10, 11, 12, 13]",0.5,0.0,,,,0.0,0,0
ruler_qa_hotpotqa_16k:0312,ruler_qa_hotpotqa_16k,L12,ALL,"[1, 2, 3, 4, 5, 6, 7, 8, 9, 10, 11, 12, 13]",0.5,0.0,,,,0.0,0,0
ruler_qa_hotpotqa_16k:0312,ruler_qa_hotpotqa_16k,L18,OFF,"[1, 2, 3, 4, 5, 6, 7, 8, 9, 10, 11, 12, 13]",0.5,0.0,,,,0.0,0,0
ruler_qa_hotpotqa_16k:0312,ruler_qa_hotpotqa_16k,L18,L0,[1],0.07142857142857142,1.0,0.07142857142857142,0.07142857142857142,0.0,0.0,1,1
ruler_qa_hotpotqa_16k:0312,ruler_qa_hotpotqa_16k,L18,L6,"[1, 2, 3, 4, 5, 6, 7, 8, 9, 10, 11, 12, 13]",0.5,0.0,,,,0.0,0,0
ruler_qa_hotpotqa_16k:0312,ruler_qa_hotpotqa_16k,L18,L12,"[1, 2, 3, 4, 5, 6, 7, 8, 9, 10, 11, 12, 13]",0.5,0.0,,,,0.0,0,0
ruler_qa_hotpotqa_16k:0312,ruler_qa_hotpotqa_16k,L18,L24,"[1, 2, 3, 4, 5, 6, 7, 8, 9, 10, 11, 12, 13]",0.5,0.0,,,,0.0,0,0
ruler_qa_hotpotqa_16k:0312,ruler_qa_hotpotqa_16k,L18,ALL,"[1, 2, 3, 4, 5, 6, 7, 8, 9, 10, 11, 12, 13]",0.5,0.0,,,,0.0,0,0
ruler_qa_hotpotqa_16k:0312,ruler_qa_hotpotqa_16k,L24,OFF,"[1, 2, 3, 4, 5, 6, 7, 8, 9, 10, 11, 12, 13]",0.5,0.0,,,,0.0,0,0
ruler_qa_hotpotqa_16k:0312,ruler_qa_hotpotqa_16k,L24,L0,"[1, 2, 3, 4, 5, 6, 7, 8, 9, 10, 11, 12, 13]",0.5,0.0,,,,0.0,0,0
ruler_qa_hotpotqa_16k:0312,ruler_qa_hotpotqa_16k,L24,L6,"[1, 2, 3, 4, 5, 6, 7, 8, 9, 10, 11, 12, 13]",0.5,0.0,,,,0.0,0,0
ruler_qa_hotpotqa_16k:0312,ruler_qa_hotpotqa_16k,L24,L12,"[1, 2, 3, 4, 5, 6, 7, 8, 9, 10, 11, 12, 13]",0.5,0.0,,,,0.0,0,0
ruler_qa_hotpotqa_16k:0312,ruler_qa_hotpotqa_16k,L24,L18,"[1, 2, 3, 4, 5, 6, 7, 8, 9, 10, 11, 12, 13]",0.5,0.0,,,,0.0,0,0
ruler_qa_hotpotqa_16k:0312,ruler_qa_hotpotqa_16k,L24,ALL,"[1, 2, 3, 4, 5, 6, 7, 8, 9, 10, 11, 12, 13]",0.5,0.0,,,,0.0,0,0
ruler_qa_hotpotqa_16k:0312,ruler_qa_hotpotqa_16k,ALL,OFF,"[1, 2, 3, 4, 5, 6, 7, 8, 9, 10, 11, 12, 13]",0.5,0.0,,,,0.0,0,0
ruler_qa_hotpotqa_16k:0312,ruler_qa_hotpotqa_16k,ALL,L0,"[1, 2, 3, 4, 5, 6, 7, 8, 9, 10, 11, 12, 13]",0.5,0.0,,,,0.0,0,0
ruler_qa_hotpotqa_16k:0312,ruler_qa_hotpotqa_16k,ALL,L6,"[1, 2, 3, 4, 5, 6, 7, 8, 9, 10, 11, 12, 13]",0.5,0.0,,,,0.0,0,0
ruler_qa_hotpotqa_16k:0312,ruler_qa_hotpotqa_16k,ALL,L12,"[1, 2, 3, 4, 5, 6, 7, 8, 9, 10, 11, 12, 13]",0.5,0.0,,,,0.0,0,0
ruler_qa_hotpotqa_16k:0312,ruler_qa_hotpotqa_16k,ALL,L18,"[1, 2, 3, 4, 5, 6, 7, 8, 9, 10, 11, 12, 13]",0.5,0.0,,,,0.0,0,0
ruler_qa_hotpotqa_16k:0312,ruler_qa_hotpotqa_16k,ALL,L24,"[1, 2, 3, 4, 5, 6, 7, 8, 9, 10, 11, 12, 13]",0.5,0.0,,,,0.0,0,0
ruler_qa_hotpotqa_16k:0337,ruler_qa_hotpotqa_16k,OFF,L0,"[3, 4, 5, 6]",0.32142857142857145,0.0,0.21428571428571427,0.42857142857142855,0.21428571428571427,0.21428571428571427,4,4
ruler_qa_hotpotqa_16k:0337,ruler_qa_hotpotqa_16k,OFF,L6,"[1, 2, 3, 4, 5, 6, 7, 8, 9, 10, 11, 12, 13]",0.5,0.0,,,,0.0,0,0
ruler_qa_hotpotqa_16k:0337,ruler_qa_hotpotqa_16k,OFF,L12,[8],0.5714285714285714,1.0,0.5714285714285714,0.5714285714285714,0.0,0.0,1,1
ruler_qa_hotpotqa_16k:0337,ruler_qa_hotpotqa_16k,OFF,L18,"[1, 2, 3, 4, 5, 6, 7, 8, 9, 10, 11, 12, 13]",0.5,0.0,,,,0.0,0,0
ruler_qa_hotpotqa_16k:0337,ruler_qa_hotpotqa_16k,OFF,L24,"[1, 2, 3, 4, 5, 6, 7, 8, 9, 10, 11, 12, 13]",0.5,0.0,,,,0.0,0,0
ruler_qa_hotpotqa_16k:0337,ruler_qa_hotpotqa_16k,OFF,ALL,"[2, 4, 8, 11]",0.44642857142857145,0.0,0.14285714285714285,0.7857142857142857,0.6428571428571429,0.0,4,4
ruler_qa_hotpotqa_16k:0337,ruler_qa_hotpotqa_16k,L0,OFF,"[11, 12]",0.8214285714285714,0.0,0.7857142857142857,0.8571428571428571,0.07142857142857142,0.07142857142857142,2,2
ruler_qa_hotpotqa_16k:0337,ruler_qa_hotpotqa_16k,L0,L6,"[1, 2, 3, 4, 5, 6, 7, 8, 9, 10, 11, 12, 13]",0.5,0.0,,,,0.0,0,0
ruler_qa_hotpotqa_16k:0337,ruler_qa_hotpotqa_16k,L0,L12,"[11, 12]",0.8214285714285714,0.0,0.7857142857142857,0.8571428571428571,0.07142857142857142,0.07142857142857142,2,2
ruler_qa_hotpotqa_16k:0337,ruler_qa_hotpotqa_16k,L0,L18,"[11, 12]",0.8214285714285714,0.0,0.7857142857142857,0.8571428571428571,0.07142857142857142,0.07142857142857142,2,2
ruler_qa_hotpotqa_16k:0337,ruler_qa_hotpotqa_16k,L0,L24,"[11, 12]",0.8214285714285714,0.0,0.7857142857142857,0.8571428571428571,0.07142857142857142,0.07142857142857142,2,2
ruler_qa_hotpotqa_16k:0337,ruler_qa_hotpotqa_16k,L0,ALL,"[1, 2, 3, 4, 5, 6, 7, 8, 9, 10, 11, 12, 13]",0.5,0.0,,,,0.0,0,0
ruler_qa_hotpotqa_16k:0337,ruler_qa_hotpotqa_16k,L6,OFF,"[1, 2, 3]",0.14285714285714285,0.0,0.07142857142857142,0.21428571428571427,0.14285714285714285,0.14285714285714285,3,3
ruler_qa_hotpotqa_16k:0337,ruler_qa_hotpotqa_16k,L6,L0,"[1, 2, 3, 4, 5, 6, 7, 8, 9, 10, 11, 12, 13]",0.5,0.0,,,,0.0,0,0
ruler_qa_hotpotqa_16k:0337,ruler_qa_hotpotqa_16k,L6,L12,"[1, 2, 3, 4, 5, 6, 7, 8, 9, 10, 11, 12, 13]",0.5,0.0,,,,0.0,0,0
ruler_qa_hotpotqa_16k:0337,ruler_qa_hotpotqa_16k,L6,L18,[3],0.21428571428571427,1.0,0.21428571428571427,0.21428571428571427,0.0,0.0,1,1
ruler_qa_hotpotqa_16k:0337,ruler_qa_hotpotqa_16k,L6,L24,"[3, 6]",0.32142857142857145,0.0,0.21428571428571427,0.42857142857142855,0.21428571428571427,0.0,2,2
ruler_qa_hotpotqa_16k:0337,ruler_qa_hotpotqa_16k,L6,ALL,"[3, 4]",0.25,0.0,0.21428571428571427,0.2857142857142857,0.07142857142857142,0.07142857142857142,2,2
ruler_qa_hotpotqa_16k:0337,ruler_qa_hotpotqa_16k,L12,OFF,"[1, 2, 3, 4, 5, 6, 7, 8, 9, 10, 11, 12, 13]",0.5,0.0,,,,0.0,0,0
ruler_qa_hotpotqa_16k:0337,ruler_qa_hotpotqa_16k,L12,L0,"[1, 2, 3, 4, 5, 6, 7, 8, 9, 10, 11, 12, 13]",0.5,0.0,,,,0.0,0,0
ruler_qa_hotpotqa_16k:0337,ruler_qa_hotpotqa_16k,L12,L6,"[7, 8, 9]",0.5714285714285714,0.0,0.5,0.6428571428571429,0.14285714285714285,0.14285714285714285,3,3
ruler_qa_hotpotqa_16k:0337,ruler_qa_hotpotqa_16k,L12,L18,"[1, 2, 3, 4, 5, 6, 7, 8, 9, 10, 11, 12, 13]",0.5,0.0,,,,0.0,0,0
ruler_qa_hotpotqa_16k:0337,ruler_qa_hotpotqa_16k,L12,L24,"[1, 2, 3, 4, 5, 6, 7, 8, 9, 10, 11, 12, 13]",0.5,0.0,,,,0.0,0,0
ruler_qa_hotpotqa_16k:0337,ruler_qa_hotpotqa_16k,L12,ALL,"[2, 8, 11, 12]",0.5892857142857143,0.0,0.14285714285714285,0.8571428571428571,0.7142857142857143,0.07142857142857142,4,4
ruler_qa_hotpotqa_16k:0337,ruler_qa_hotpotqa_16k,L18,OFF,"[1, 2, 3, 4, 5, 6, 7, 8, 9, 10, 11, 12, 13]",0.5,0.0,,,,0.0,0,0
ruler_qa_hotpotqa_16k:0337,ruler_qa_hotpotqa_16k,L18,L0,"[2, 7]",0.32142857142857145,0.0,0.14285714285714285,0.5,0.35714285714285715,0.0,2,2
ruler_qa_hotpotqa_16k:0337,ruler_qa_hotpotqa_16k,L18,L6,"[2, 7, 8, 9]",0.4642857142857143,0.0,0.14285714285714285,0.6428571428571429,0.5,0.14285714285714285,4,4
ruler_qa_hotpotqa_16k:0337,ruler_qa_hotpotqa_16k,L18,L12,"[1, 2, 3, 4, 5, 6, 7, 8, 9, 10, 11, 12, 13]",0.5,0.0,,,,0.0,0,0
ruler_qa_hotpotqa_16k:0337,ruler_qa_hotpotqa_16k,L18,L24,"[1, 2, 3, 4, 5, 6, 7, 8, 9, 10, 11, 12, 13]",0.5,0.0,,,,0.0,0,0
ruler_qa_hotpotqa_16k:0337,ruler_qa_hotpotqa_16k,L18,ALL,[8],0.5714285714285714,1.0,0.5714285714285714,0.5714285714285714,0.0,0.0,1,1
ruler_qa_hotpotqa_16k:0337,ruler_qa_hotpotqa_16k,L24,OFF,"[1, 2, 3, 4, 5, 6, 7, 8, 9, 10, 11, 12, 13]",0.5,0.0,,,,0.0,0,0
ruler_qa_hotpotqa_16k:0337,ruler_qa_hotpotqa_16k,L24,L0,"[1, 2, 3, 4, 5, 6, 7, 8, 9, 10, 11, 12, 13]",0.5,0.0,,,,0.0,0,0
ruler_qa_hotpotqa_16k:0337,ruler_qa_hotpotqa_16k,L24,L6,[6],0.42857142857142855,1.0,0.42857142857142855,0.42857142857142855,0.0,0.0,1,1
ruler_qa_hotpotqa_16k:0337,ruler_qa_hotpotqa_16k,L24,L12,"[1, 2, 3, 4, 5, 6, 7, 8, 9, 10, 11, 12, 13]",0.5,0.0,,,,0.0,0,0
ruler_qa_hotpotqa_16k:0337,ruler_qa_hotpotqa_16k,L24,L18,"[1, 2, 3, 4, 5, 6, 7, 8, 9, 10, 11, 12, 13]",0.5,0.0,,,,0.0,0,0
ruler_qa_hotpotqa_16k:0337,ruler_qa_hotpotqa_16k,L24,ALL,"[2, 11]",0.4642857142857143,0.0,0.14285714285714285,0.7857142857142857,0.6428571428571429,0.0,2,2
ruler_qa_hotpotqa_16k:0337,ruler_qa_hotpotqa_16k,ALL,OFF,[4],0.2857142857142857,1.0,0.2857142857142857,0.2857142857142857,0.0,0.0,1,1
ruler_qa_hotpotqa_16k:0337,ruler_qa_hotpotqa_16k,ALL,L0,"[1, 2, 3, 4, 5, 6, 7, 8, 9, 10, 11, 12, 13]",0.5,0.0,,,,0.0,0,0
ruler_qa_hotpotqa_16k:0337,ruler_qa_hotpotqa_16k,ALL,L6,"[1, 2, 3, 4, 5, 6, 7, 8, 9, 10, 11, 12, 13]",0.5,0.0,,,,0.0,0,0
ruler_qa_hotpotqa_16k:0337,ruler_qa_hotpotqa_16k,ALL,L12,"[1, 2, 3, 4, 5, 6, 7, 8, 9, 10, 11, 12, 13]",0.5,0.0,,,,0.0,0,0
ruler_qa_hotpotqa_16k:0337,ruler_qa_hotpotqa_16k,ALL,L18,"[1, 2, 3, 4, 5, 6, 7, 8, 9, 10, 11, 12, 13]",0.5,0.0,,,,0.0,0,0
ruler_qa_hotpotqa_16k:0337,ruler_qa_hotpotqa_16k,ALL,L24,"[1, 2, 3, 4, 5, 6, 7, 8, 9, 10, 11, 12, 13]",0.5,0.0,,,,0.0,0,0
ruler_qa_hotpotqa_16k:0348,ruler_qa_hotpotqa_16k,OFF,L0,"[1, 2, 3, 4, 5, 6, 7, 8, 9, 10, 11, 12, 13]",0.5,0.0,,,,0.0,0,0
ruler_qa_hotpotqa_16k:0348,ruler_qa_hotpotqa_16k,OFF,L6,"[1, 2, 3, 4, 5, 6, 7, 8, 9, 10, 11, 12, 13]",0.5,0.0,,,,0.0,0,0
ruler_qa_hotpotqa_16k:0348,ruler_qa_hotpotqa_16k,OFF,L12,"[1, 2, 3, 4, 5, 6, 7, 8, 9, 10, 11, 12, 13]",0.5,0.0,,,,0.0,0,0
ruler_qa_hotpotqa_16k:0348,ruler_qa_hotpotqa_16k,OFF,L18,"[1, 2, 3, 4, 5, 6, 7, 8, 9, 10, 11, 12, 13]",0.5,0.0,,,,0.0,0,0
ruler_qa_hotpotqa_16k:0348,ruler_qa_hotpotqa_16k,OFF,L24,"[1, 2, 3, 4, 5, 6, 7, 8, 9, 10, 11, 12, 13]",0.5,0.0,,,,0.0,0,0
ruler_qa_hotpotqa_16k:0348,ruler_qa_hotpotqa_16k,OFF,ALL,"[1, 2, 3, 4, 5, 6, 7, 8, 9, 10, 11, 12, 13]",0.5,0.0,,,,0.0,0,0
ruler_qa_hotpotqa_16k:0348,ruler_qa_hotpotqa_16k,L0,OFF,[6],0.42857142857142855,1.0,0.42857142857142855,0.42857142857142855,0.0,0.0,1,1
ruler_qa_hotpotqa_16k:0348,ruler_qa_hotpotqa_16k,L0,L6,"[1, 6]",0.25,0.0,0.07142857142857142,0.42857142857142855,0.35714285714285715,0.0,2,2
ruler_qa_hotpotqa_16k:0348,ruler_qa_hotpotqa_16k,L0,L12,[1],0.07142857142857142,1.0,0.07142857142857142,0.07142857142857142,0.0,0.0,1,1
ruler_qa_hotpotqa_16k:0348,ruler_qa_hotpotqa_16k,L0,L18,[6],0.42857142857142855,1.0,0.42857142857142855,0.42857142857142855,0.0,0.0,1,1
ruler_qa_hotpotqa_16k:0348,ruler_qa_hotpotqa_16k,L0,L24,[6],0.42857142857142855,1.0,0.42857142857142855,0.42857142857142855,0.0,0.0,1,1
ruler_qa_hotpotqa_16k:0348,ruler_qa_hotpotqa_16k,L0,ALL,"[1, 2, 3, 4, 5, 6, 7, 8, 9, 10, 11, 12, 13]",0.5,0.0,,,,0.0,0,0
ruler_qa_hotpotqa_16k:0348,ruler_qa_hotpotqa_16k,L6,OFF,"[1, 2, 3, 4, 5, 6, 7, 8, 9, 10, 11, 12, 13]",0.5,0.0,,,,0.0,0,0
ruler_qa_hotpotqa_16k:0348,ruler_qa_hotpotqa_16k,L6,L0,[7],0.5,1.0,0.5,0.5,0.0,0.0,1,1
ruler_qa_hotpotqa_16k:0348,ruler_qa_hotpotqa_16k,L6,L12,"[1, 2, 3, 4, 5, 6, 7, 8, 9, 10, 11, 12, 13]",0.5,0.0,,,,0.0,0,0
ruler_qa_hotpotqa_16k:0348,ruler_qa_hotpotqa_16k,L6,L18,"[1, 2, 3, 4, 5, 6, 7, 8, 9, 10, 11, 12, 13]",0.5,0.0,,,,0.0,0,0
ruler_qa_hotpotqa_16k:0348,ruler_qa_hotpotqa_16k,L6,L24,"[1, 2, 3, 4, 5, 6, 7, 8, 9, 10, 11, 12, 13]",0.5,0.0,,,,0.0,0,0
ruler_qa_hotpotqa_16k:0348,ruler_qa_hotpotqa_16k,L6,ALL,[7],0.5,1.0,0.5,0.5,0.0,0.0,1,1
ruler_qa_hotpotqa_16k:0348,ruler_qa_hotpotqa_16k,L12,OFF,"[1, 2, 3, 4, 5, 6, 7, 8, 9, 10, 11, 12, 13]",0.5,0.0,,,,0.0,0,0
ruler_qa_hotpotqa_16k:0348,ruler_qa_hotpotqa_16k,L12,L0,"[1, 2, 3, 4, 5, 6, 7, 8, 9, 10, 11, 12, 13]",0.5,0.0,,,,0.0,0,0
ruler_qa_hotpotqa_16k:0348,ruler_qa_hotpotqa_16k,L12,L6,"[1, 2, 3, 4, 5, 6, 7, 8, 9, 10, 11, 12, 13]",0.5,0.0,,,,0.0,0,0
ruler_qa_hotpotqa_16k:0348,ruler_qa_hotpotqa_16k,L12,L18,"[1, 2, 3, 4, 5, 6, 7, 8, 9, 10, 11, 12, 13]",0.5,0.0,,,,0.0,0,0
ruler_qa_hotpotqa_16k:0348,ruler_qa_hotpotqa_16k,L12,L24,"[1, 2, 3, 4, 5, 6, 7, 8, 9, 10, 11, 12, 13]",0.5,0.0,,,,0.0,0,0
ruler_qa_hotpotqa_16k:0348,ruler_qa_hotpotqa_16k,L12,ALL,"[1, 2, 3, 4, 5, 6, 7, 8, 9, 10, 11, 12, 13]",0.5,0.0,,,,0.0,0,0
ruler_qa_hotpotqa_16k:0348,ruler_qa_hotpotqa_16k,L18,OFF,"[1, 2, 3, 4, 5, 6, 7, 8, 9, 10, 11, 12, 13]",0.5,0.0,,,,0.0,0,0
ruler_qa_hotpotqa_16k:0348,ruler_qa_hotpotqa_16k,L18,L0,"[1, 2, 3, 4, 5, 6, 7, 8, 9, 10, 11, 12, 13]",0.5,0.0,,,,0.0,0,0
ruler_qa_hotpotqa_16k:0348,ruler_qa_hotpotqa_16k,L18,L6,"[1, 2, 3, 4, 5, 6, 7, 8, 9, 10, 11, 12, 13]",0.5,0.0,,,,0.0,0,0
ruler_qa_hotpotqa_16k:0348,ruler_qa_hotpotqa_16k,L18,L12,"[1, 2, 3, 4, 5, 6, 7, 8, 9, 10, 11, 12, 13]",0.5,0.0,,,,0.0,0,0
ruler_qa_hotpotqa_16k:0348,ruler_qa_hotpotqa_16k,L18,L24,"[1, 2, 3, 4, 5, 6, 7, 8, 9, 10, 11, 12, 13]",0.5,0.0,,,,0.0,0,0
ruler_qa_hotpotqa_16k:0348,ruler_qa_hotpotqa_16k,L18,ALL,"[1, 2, 3, 4, 5, 6, 7, 8, 9, 10, 11, 12, 13]",0.5,0.0,,,,0.0,0,0
ruler_qa_hotpotqa_16k:0348,ruler_qa_hotpotqa_16k,L24,OFF,"[1, 2, 3, 4, 5, 6, 7, 8, 9, 10, 11, 12, 13]",0.5,0.0,,,,0.0,0,0
ruler_qa_hotpotqa_16k:0348,ruler_qa_hotpotqa_16k,L24,L0,"[1, 2, 3, 4, 5, 6, 7, 8, 9, 10, 11, 12, 13]",0.5,0.0,,,,0.0,0,0
ruler_qa_hotpotqa_16k:0348,ruler_qa_hotpotqa_16k,L24,L6,"[1, 2, 3, 4, 5, 6, 7, 8, 9, 10, 11, 12, 13]",0.5,0.0,,,,0.0,0,0
ruler_qa_hotpotqa_16k:0348,ruler_qa_hotpotqa_16k,L24,L12,"[1, 2, 3, 4, 5, 6, 7, 8, 9, 10, 11, 12, 13]",0.5,0.0,,,,0.0,0,0
ruler_qa_hotpotqa_16k:0348,ruler_qa_hotpotqa_16k,L24,L18,"[1, 2, 3, 4, 5, 6, 7, 8, 9, 10, 11, 12, 13]",0.5,0.0,,,,0.0,0,0
ruler_qa_hotpotqa_16k:0348,ruler_qa_hotpotqa_16k,L24,ALL,"[1, 2, 3, 4, 5, 6, 7, 8, 9, 10, 11, 12, 13]",0.5,0.0,,,,0.0,0,0
ruler_qa_hotpotqa_16k:0348,ruler_qa_hotpotqa_16k,ALL,OFF,"[1, 6]",0.25,0.0,0.07142857142857142,0.42857142857142855,0.35714285714285715,0.0,2,2
ruler_qa_hotpotqa_16k:0348,ruler_qa_hotpotqa_16k,ALL,L0,"[1, 2, 3, 4, 5, 6, 7, 8, 9, 10, 11, 12, 13]",0.5,0.0,,,,0.0,0,0
ruler_qa_hotpotqa_16k:0348,ruler_qa_hotpotqa_16k,ALL,L6,"[5, 8]",0.4642857142857143,0.0,0.35714285714285715,0.5714285714285714,0.21428571428571427,0.0,2,2
ruler_qa_hotpotqa_16k:0348,ruler_qa_hotpotqa_16k,ALL,L12,"[1, 6]",0.25,0.0,0.07142857142857142,0.42857142857142855,0.35714285714285715,0.0,2,2
ruler_qa_hotpotqa_16k:0348,ruler_qa_hotpotqa_16k,ALL,L18,"[1, 6]",0.25,0.0,0.07142857142857142,0.42857142857142855,0.35714285714285715,0.0,2,2
ruler_qa_hotpotqa_16k:0348,ruler_qa_hotpotqa_16k,ALL,L24,"[1, 6]",0.25,0.0,0.07142857142857142,0.42857142857142855,0.35714285714285715,0.0,2,2
ruler_qa_hotpotqa_16k:0364,ruler_qa_hotpotqa_16k,OFF,L0,"[1, 2, 3, 4, 5, 6, 7, 8, 9, 10, 11, 12, 13, 14]",0.5,0.0,,,,0.0,0,0
ruler_qa_hotpotqa_16k:0364,ruler_qa_hotpotqa_16k,OFF,L6,"[1, 2, 3, 4, 5, 6, 7, 8, 9, 10, 11, 12, 13, 14]",0.5,0.0,,,,0.0,0,0
ruler_qa_hotpotqa_16k:0364,ruler_qa_hotpotqa_16k,OFF,L12,"[1, 2, 3, 4, 5, 6, 7, 8, 9, 10, 11, 12, 13, 14]",0.5,0.0,,,,0.0,0,0
ruler_qa_hotpotqa_16k:0364,ruler_qa_hotpotqa_16k,OFF,L18,"[1, 2, 3, 4, 5, 6, 7, 8, 9, 10, 11, 12, 13, 14]",0.5,0.0,,,,0.0,0,0
ruler_qa_hotpotqa_16k:0364,ruler_qa_hotpotqa_16k,OFF,L24,"[1, 2, 3, 4, 5, 6, 7, 8, 9, 10, 11, 12, 13, 14]",0.5,0.0,,,,0.0,0,0
ruler_qa_hotpotqa_16k:0364,ruler_qa_hotpotqa_16k,OFF,ALL,"[1, 2, 3, 4, 5, 6, 7, 8, 9, 10, 11, 12, 13, 14]",0.5,0.0,,,,0.0,0,0
ruler_qa_hotpotqa_16k:0364,ruler_qa_hotpotqa_16k,L0,OFF,"[1, 2, 3, 4, 5, 6, 7, 8, 9, 10, 11, 12, 13, 14]",0.5,0.0,,,,0.0,0,0
ruler_qa_hotpotqa_16k:0364,ruler_qa_hotpotqa_16k,L0,L6,"[1, 2, 3, 4, 5, 6, 7, 8, 9, 10, 11, 12, 13, 14]",0.5,0.0,,,,0.0,0,0
ruler_qa_hotpotqa_16k:0364,ruler_qa_hotpotqa_16k,L0,L12,"[1, 2, 3, 4, 5, 6, 7, 8, 9, 10, 11, 12, 13, 14]",0.5,0.0,,,,0.0,0,0
ruler_qa_hotpotqa_16k:0364,ruler_qa_hotpotqa_16k,L0,L18,"[11, 12, 13]",0.8,0.0,0.7333333333333333,0.8666666666666667,0.13333333333333333,0.13333333333333333,3,3
ruler_qa_hotpotqa_16k:0364,ruler_qa_hotpotqa_16k,L0,L24,"[1, 2, 3, 4, 5, 6, 7, 8, 9, 10, 11, 12, 13, 14]",0.5,0.0,,,,0.0,0,0
ruler_qa_hotpotqa_16k:0364,ruler_qa_hotpotqa_16k,L0,ALL,"[1, 2, 3, 4, 5, 6, 7, 8, 9, 10, 11, 12, 13, 14]",0.5,0.0,,,,0.0,0,0
ruler_qa_hotpotqa_16k:0364,ruler_qa_hotpotqa_16k,L6,OFF,"[1, 2, 3, 4, 5, 6, 7, 8, 9, 10, 11, 12, 13, 14]",0.5,0.0,,,,0.0,0,0
ruler_qa_hotpotqa_16k:0364,ruler_qa_hotpotqa_16k,L6,L0,"[1, 2, 3, 4, 5, 6, 7, 8, 9, 10, 11, 12, 13, 14]",0.5,0.0,,,,0.0,0,0
ruler_qa_hotpotqa_16k:0364,ruler_qa_hotpotqa_16k,L6,L12,"[1, 2, 3, 4, 5, 6, 7, 8, 9, 10, 11, 12, 13, 14]",0.5,0.0,,,,0.0,0,0
ruler_qa_hotpotqa_16k:0364,ruler_qa_hotpotqa_16k,L6,L18,[2],0.13333333333333333,1.0,0.13333333333333333,0.13333333333333333,0.0,0.0,1,1
ruler_qa_hotpotqa_16k:0364,ruler_qa_hotpotqa_16k,L6,L24,"[1, 2, 3, 4, 5, 6, 7, 8, 9, 10, 11, 12, 13, 14]",0.5,0.0,,,,0.0,0,0
ruler_qa_hotpotqa_16k:0364,ruler_qa_hotpotqa_16k,L6,ALL,"[1, 2, 3, 4, 5, 6, 7, 8, 9, 10, 11, 12, 13, 14]",0.5,0.0,,,,0.0,0,0
ruler_qa_hotpotqa_16k:0364,ruler_qa_hotpotqa_16k,L12,OFF,"[1, 2, 3, 4, 5, 6, 7, 8, 9, 10, 11, 12, 13, 14]",0.5,0.0,,,,0.0,0,0
ruler_qa_hotpotqa_16k:0364,ruler_qa_hotpotqa_16k,L12,L0,"[1, 2, 3, 4, 5, 6, 7, 8, 9, 10, 11, 12, 13, 14]",0.5,0.0,,,,0.0,0,0
ruler_qa_hotpotqa_16k:0364,ruler_qa_hotpotqa_16k,L12,L6,"[1, 2, 3, 4, 5, 6, 7, 8, 9, 10, 11, 12, 13, 14]",0.5,0.0,,,,0.0,0,0
ruler_qa_hotpotqa_16k:0364,ruler_qa_hotpotqa_16k,L12,L18,"[1, 2, 3, 4, 5, 6, 7, 8, 9, 10, 11, 12, 13, 14]",0.5,0.0,,,,0.0,0,0
ruler_qa_hotpotqa_16k:0364,ruler_qa_hotpotqa_16k,L12,L24,"[1, 2, 3, 4, 5, 6, 7, 8, 9, 10, 11, 12, 13, 14]",0.5,0.0,,,,0.0,0,0
ruler_qa_hotpotqa_16k:0364,ruler_qa_hotpotqa_16k,L12,ALL,"[1, 2, 3, 4, 5, 6, 7, 8, 9, 10, 11, 12, 13, 14]",0.5,0.0,,,,0.0,0,0
ruler_qa_hotpotqa_16k:0364,ruler_qa_hotpotqa_16k,L18,OFF,"[1, 2, 3, 4, 5, 6, 7, 8, 9, 10, 11, 12, 13, 14]",0.5,0.0,,,,0.0,0,0
ruler_qa_hotpotqa_16k:0364,ruler_qa_hotpotqa_16k,L18,L0,"[1, 2, 3, 4, 5, 6, 7, 8, 9, 10, 11, 12, 13, 14]",0.5,0.0,,,,0.0,0,0
ruler_qa_hotpotqa_16k:0364,ruler_qa_hotpotqa_16k,L18,L6,"[1, 2, 3, 4, 5, 6, 7, 8, 9, 10, 11, 12, 13, 14]",0.5,0.0,,,,0.0,0,0
ruler_qa_hotpotqa_16k:0364,ruler_qa_hotpotqa_16k,L18,L12,"[1, 2, 3, 4, 5, 6, 7, 8, 9, 10, 11, 12, 13, 14]",0.5,0.0,,,,0.0,0,0
ruler_qa_hotpotqa_16k:0364,ruler_qa_hotpotqa_16k,L18,L24,"[1, 2, 3, 4, 5, 6, 7, 8, 9, 10, 11, 12, 13, 14]",0.5,0.0,,,,0.0,0,0
ruler_qa_hotpotqa_16k:0364,ruler_qa_hotpotqa_16k,L18,ALL,"[1, 2, 3, 4, 5, 6, 7, 8, 9, 10, 11, 12, 13, 14]",0.5,0.0,,,,0.0,0,0
ruler_qa_hotpotqa_16k:0364,ruler_qa_hotpotqa_16k,L24,OFF,"[1, 2, 3, 4, 5, 6, 7, 8, 9, 10, 11, 12, 13, 14]",0.5,0.0,,,,0.0,0,0
ruler_qa_hotpotqa_16k:0364,ruler_qa_hotpotqa_16k,L24,L0,"[1, 2, 3, 4, 5, 6, 7, 8, 9, 10, 11, 12, 13, 14]",0.5,0.0,,,,0.0,0,0
ruler_qa_hotpotqa_16k:0364,ruler_qa_hotpotqa_16k,L24,L6,"[1, 2, 3, 4, 5, 6, 7, 8, 9, 10, 11, 12, 13, 14]",0.5,0.0,,,,0.0,0,0
ruler_qa_hotpotqa_16k:0364,ruler_qa_hotpotqa_16k,L24,L12,"[1, 2, 3, 4, 5, 6, 7, 8, 9, 10, 11, 12, 13, 14]",0.5,0.0,,,,0.0,0,0
ruler_qa_hotpotqa_16k:0364,ruler_qa_hotpotqa_16k,L24,L18,"[1, 2, 3, 4, 5, 6, 7, 8, 9, 10, 11, 12, 13, 14]",0.5,0.0,,,,0.0,0,0
ruler_qa_hotpotqa_16k:0364,ruler_qa_hotpotqa_16k,L24,ALL,"[1, 2, 3, 4, 5, 6, 7, 8, 9, 10, 11, 12, 13, 14]",0.5,0.0,,,,0.0,0,0
ruler_qa_hotpotqa_16k:0364,ruler_qa_hotpotqa_16k,ALL,OFF,"[1, 2, 3, 4, 5, 6, 7, 8, 9, 10, 11, 12, 13, 14]",0.5,0.0,,,,0.0,0,0
ruler_qa_hotpotqa_16k:0364,ruler_qa_hotpotqa_16k,ALL,L0,"[1, 2, 3, 4, 5, 6, 7, 8, 9, 10, 11, 12, 13, 14]",0.5,0.0,,,,0.0,0,0
ruler_qa_hotpotqa_16k:0364,ruler_qa_hotpotqa_16k,ALL,L6,"[1, 2, 3, 4, 5, 6, 7, 8, 9, 10, 11, 12, 13, 14]",0.5,0.0,,,,0.0,0,0
ruler_qa_hotpotqa_16k:0364,ruler_qa_hotpotqa_16k,ALL,L12,"[1, 2, 3, 4, 5, 6, 7, 8, 9, 10, 11, 12, 13, 14]",0.5,0.0,,,,0.0,0,0
ruler_qa_hotpotqa_16k:0364,ruler_qa_hotpotqa_16k,ALL,L18,"[1, 2, 3, 4, 5, 6, 7, 8, 9, 10, 11, 12, 13, 14]",0.5,0.0,,,,0.0,0,0
ruler_qa_hotpotqa_16k:0364,ruler_qa_hotpotqa_16k,ALL,L24,"[1, 2, 3, 4, 5, 6, 7, 8, 9, 10, 11, 12, 13, 14]",0.5,0.0,,,,0.0,0,0
ruler_qa_hotpotqa_16k:0454,ruler_qa_hotpotqa_16k,OFF,L0,"[1, 2, 3, 4, 5, 6, 7, 8, 9, 10, 11, 12, 13, 14]",0.5,0.0,,,,0.0,0,0
ruler_qa_hotpotqa_16k:0454,ruler_qa_hotpotqa_16k,OFF,L6,"[1, 2, 3, 4, 5, 6, 7, 8, 9, 10, 11, 12, 13, 14]",0.5,0.0,,,,0.0,0,0
ruler_qa_hotpotqa_16k:0454,ruler_qa_hotpotqa_16k,OFF,L12,"[1, 2, 3, 4, 5, 6, 7, 8, 9, 10, 11, 12, 13, 14]",0.5,0.0,,,,0.0,0,0
ruler_qa_hotpotqa_16k:0454,ruler_qa_hotpotqa_16k,OFF,L18,"[1, 2, 3, 4, 5, 6, 7, 8, 9, 10, 11, 12, 13, 14]",0.5,0.0,,,,0.0,0,0
ruler_qa_hotpotqa_16k:0454,ruler_qa_hotpotqa_16k,OFF,L24,"[1, 2, 3, 4, 5, 6, 7, 8, 9, 10, 11, 12, 13, 14]",0.5,0.0,,,,0.0,0,0
ruler_qa_hotpotqa_16k:0454,ruler_qa_hotpotqa_16k,OFF,ALL,"[1, 2, 3, 4, 5, 6, 7, 8, 9, 10, 11, 12, 13, 14]",0.5,0.0,,,,0.0,0,0
ruler_qa_hotpotqa_16k:0454,ruler_qa_hotpotqa_16k,L0,OFF,"[1, 2, 3, 4, 5, 6, 7, 8, 9, 10, 11, 12, 13, 14]",0.5,0.0,,,,0.0,0,0
ruler_qa_hotpotqa_16k:0454,ruler_qa_hotpotqa_16k,L0,L6,"[1, 2, 3, 4, 5, 6, 7, 8, 9, 10, 11, 12, 13, 14]",0.5,0.0,,,,0.0,0,0
ruler_qa_hotpotqa_16k:0454,ruler_qa_hotpotqa_16k,L0,L12,"[1, 2, 3, 4, 5, 6, 7, 8, 9, 10, 11, 12, 13, 14]",0.5,0.0,,,,0.0,0,0
ruler_qa_hotpotqa_16k:0454,ruler_qa_hotpotqa_16k,L0,L18,"[1, 2, 3, 4, 5, 6, 7, 8, 9, 10, 11, 12, 13, 14]",0.5,0.0,,,,0.0,0,0
ruler_qa_hotpotqa_16k:0454,ruler_qa_hotpotqa_16k,L0,L24,[11],0.7333333333333333,1.0,0.7333333333333333,0.7333333333333333,0.0,0.0,1,1
ruler_qa_hotpotqa_16k:0454,ruler_qa_hotpotqa_16k,L0,ALL,"[1, 2, 3, 4, 5, 6, 7, 8, 9, 10, 11, 12, 13, 14]",0.5,0.0,,,,0.0,0,0
ruler_qa_hotpotqa_16k:0454,ruler_qa_hotpotqa_16k,L6,OFF,"[1, 2, 3, 4, 5, 6, 7, 8, 9, 10, 11, 12, 13, 14]",0.5,0.0,,,,0.0,0,0
ruler_qa_hotpotqa_16k:0454,ruler_qa_hotpotqa_16k,L6,L0,"[1, 2, 3, 4, 5, 6, 7, 8, 9, 10, 11, 12, 13, 14]",0.5,0.0,,,,0.0,0,0
ruler_qa_hotpotqa_16k:0454,ruler_qa_hotpotqa_16k,L6,L12,[5],0.3333333333333333,1.0,0.3333333333333333,0.3333333333333333,0.0,0.0,1,1
ruler_qa_hotpotqa_16k:0454,ruler_qa_hotpotqa_16k,L6,L18,"[1, 2, 3, 4, 5, 6, 7, 8, 9, 10, 11, 12, 13, 14]",0.5,0.0,,,,0.0,0,0
ruler_qa_hotpotqa_16k:0454,ruler_qa_hotpotqa_16k,L6,L24,"[1, 2, 3, 4, 5, 6, 7, 8, 9, 10, 11, 12, 13, 14]",0.5,0.0,,,,0.0,0,0
ruler_qa_hotpotqa_16k:0454,ruler_qa_hotpotqa_16k,L6,ALL,"[1, 2, 3, 4, 5, 6, 7, 8, 9, 10, 11, 12, 13, 14]",0.5,0.0,,,,0.0,0,0
ruler_qa_hotpotqa_16k:0454,ruler_qa_hotpotqa_16k,L12,OFF,"[1, 2, 3, 4, 5, 6, 7, 8, 9, 10, 11, 12, 13, 14]",0.5,0.0,,,,0.0,0,0
ruler_qa_hotpotqa_16k:0454,ruler_qa_hotpotqa_16k,L12,L0,"[1, 2, 3, 4, 5, 6, 7, 8, 9, 10, 11, 12, 13, 14]",0.5,0.0,,,,0.0,0,0
ruler_qa_hotpotqa_16k:0454,ruler_qa_hotpotqa_16k,L12,L6,"[1, 2, 3, 4, 5, 6, 7, 8, 9, 10, 11, 12, 13, 14]",0.5,0.0,,,,0.0,0,0
ruler_qa_hotpotqa_16k:0454,ruler_qa_hotpotqa_16k,L12,L18,"[1, 2, 3, 4, 5, 6, 7, 8, 9, 10, 11, 12, 13, 14]",0.5,0.0,,,,0.0,0,0
ruler_qa_hotpotqa_16k:0454,ruler_qa_hotpotqa_16k,L12,L24,"[1, 2, 3, 4, 5, 6, 7, 8, 9, 10, 11, 12, 13, 14]",0.5,0.0,,,,0.0,0,0
ruler_qa_hotpotqa_16k:0454,ruler_qa_hotpotqa_16k,L12,ALL,"[1, 2, 3, 4, 5, 6, 7, 8, 9, 10, 11, 12, 13, 14]",0.5,0.0,,,,0.0,0,0
ruler_qa_hotpotqa_16k:0454,ruler_qa_hotpotqa_16k,L18,OFF,[5],0.3333333333333333,1.0,0.3333333333333333,0.3333333333333333,0.0,0.0,1,1
ruler_qa_hotpotqa_16k:0454,ruler_qa_hotpotqa_16k,L18,L0,"[1, 2, 3, 4, 5, 6, 7, 8, 9, 10, 11, 12, 13, 14]",0.5,0.0,,,,0.0,0,0
ruler_qa_hotpotqa_16k:0454,ruler_qa_hotpotqa_16k,L18,L6,"[1, 2, 3, 4, 5, 6, 7, 8, 9, 10, 11, 12, 13, 14]",0.5,0.0,,,,0.0,0,0
ruler_qa_hotpotqa_16k:0454,ruler_qa_hotpotqa_16k,L18,L12,"[1, 2, 3, 4, 5, 6, 7, 8, 9, 10, 11, 12, 13, 14]",0.5,0.0,,,,0.0,0,0
ruler_qa_hotpotqa_16k:0454,ruler_qa_hotpotqa_16k,L18,L24,"[5, 6]",0.36666666666666664,0.0,0.3333333333333333,0.4,0.06666666666666667,0.06666666666666667,2,2
ruler_qa_hotpotqa_16k:0454,ruler_qa_hotpotqa_16k,L18,ALL,"[1, 2, 3, 4, 5, 6, 7, 8, 9, 10, 11, 12, 13, 14]",0.5,0.0,,,,0.0,0,0
ruler_qa_hotpotqa_16k:0454,ruler_qa_hotpotqa_16k,L24,OFF,"[1, 2, 3, 4, 5, 6, 7, 8, 9, 10, 11, 12, 13, 14]",0.5,0.0,,,,0.0,0,0
ruler_qa_hotpotqa_16k:0454,ruler_qa_hotpotqa_16k,L24,L0,"[1, 2, 3, 4, 5, 6, 7, 8, 9, 10, 11, 12, 13, 14]",0.5,0.0,,,,0.0,0,0
ruler_qa_hotpotqa_16k:0454,ruler_qa_hotpotqa_16k,L24,L6,"[1, 2, 3, 4, 5, 6, 7, 8, 9, 10, 11, 12, 13, 14]",0.5,0.0,,,,0.0,0,0
ruler_qa_hotpotqa_16k:0454,ruler_qa_hotpotqa_16k,L24,L12,"[1, 2, 3, 4, 5, 6, 7, 8, 9, 10, 11, 12, 13, 14]",0.5,0.0,,,,0.0,0,0
ruler_qa_hotpotqa_16k:0454,ruler_qa_hotpotqa_16k,L24,L18,"[4, 5, 11]",0.4444444444444445,0.0,0.26666666666666666,0.7333333333333333,0.4666666666666667,0.06666666666666667,3,3
ruler_qa_hotpotqa_16k:0454,ruler_qa_hotpotqa_16k,L24,ALL,[2],0.13333333333333333,1.0,0.13333333333333333,0.13333333333333333,0.0,0.0,1,1
ruler_qa_hotpotqa_16k:0454,ruler_qa_hotpotqa_16k,ALL,OFF,"[1, 2, 3, 4, 5, 6, 7, 8, 9, 10, 11, 12, 13, 14]",0.5,0.0,,,,0.0,0,0
ruler_qa_hotpotqa_16k:0454,ruler_qa_hotpotqa_16k,ALL,L0,"[1, 2, 3, 4, 5, 6, 7, 8, 9, 10, 11, 12, 13, 14]",0.5,0.0,,,,0.0,0,0
ruler_qa_hotpotqa_16k:0454,ruler_qa_hotpotqa_16k,ALL,L6,"[1, 2, 3, 4, 5, 6, 7, 8, 9, 10, 11, 12, 13, 14]",0.5,0.0,,,,0.0,0,0
ruler_qa_hotpotqa_16k:0454,ruler_qa_hotpotqa_16k,ALL,L12,[3],0.2,1.0,0.2,0.2,0.0,0.0,1,1
ruler_qa_hotpotqa_16k:0454,ruler_qa_hotpotqa_16k,ALL,L18,"[1, 2, 3, 4, 5, 6, 7, 8, 9, 10, 11, 12, 13, 14]",0.5,0.0,,,,0.0,0,0
ruler_qa_hotpotqa_16k:0454,ruler_qa_hotpotqa_16k,ALL,L24,"[1, 2, 3, 4, 5, 6, 7, 8, 9, 10, 11, 12, 13, 14]",0.5,0.0,,,,0.0,0,0
ruler_qa_hotpotqa_16k:0493,ruler_qa_hotpotqa_16k,OFF,L0,"[1, 2, 3, 4, 5, 6, 7, 8, 9, 10, 11, 12, 13, 14]",0.5,0.0,,,,0.0,0,0
ruler_qa_hotpotqa_16k:0493,ruler_qa_hotpotqa_16k,OFF,L6,"[1, 2, 3, 4, 5, 6, 7, 8, 9, 10, 11, 12, 13, 14]",0.5,0.0,,,,0.0,0,0
ruler_qa_hotpotqa_16k:0493,ruler_qa_hotpotqa_16k,OFF,L12,[4],0.26666666666666666,1.0,0.26666666666666666,0.26666666666666666,0.0,0.0,1,1
ruler_qa_hotpotqa_16k:0493,ruler_qa_hotpotqa_16k,OFF,L18,"[1, 2, 3, 4, 5, 6, 7, 8, 9, 10, 11, 12, 13, 14]",0.5,0.0,,,,0.0,0,0
ruler_qa_hotpotqa_16k:0493,ruler_qa_hotpotqa_16k,OFF,L24,"[1, 2, 3, 4, 5, 6, 7, 8, 9, 10, 11, 12, 13, 14]",0.5,0.0,,,,0.0,0,0
ruler_qa_hotpotqa_16k:0493,ruler_qa_hotpotqa_16k,OFF,ALL,[1],0.06666666666666667,1.0,0.06666666666666667,0.06666666666666667,0.0,0.0,1,1
ruler_qa_hotpotqa_16k:0493,ruler_qa_hotpotqa_16k,L0,OFF,"[1, 2, 3, 4, 5, 6, 7, 8, 9, 10, 11, 12, 13, 14]",0.5,0.0,,,,0.0,0,0
ruler_qa_hotpotqa_16k:0493,ruler_qa_hotpotqa_16k,L0,L6,"[1, 2, 3, 4, 5, 6, 7, 8, 9, 10, 11, 12, 13, 14]",0.5,0.0,,,,0.0,0,0
ruler_qa_hotpotqa_16k:0493,ruler_qa_hotpotqa_16k,L0,L12,"[1, 2, 3, 4, 5, 6, 7, 8, 9, 10, 11, 12, 13, 14]",0.5,0.0,,,,0.0,0,0
ruler_qa_hotpotqa_16k:0493,ruler_qa_hotpotqa_16k,L0,L18,"[1, 2, 3, 4, 5, 6, 7, 8, 9, 10, 11, 12, 13, 14]",0.5,0.0,,,,0.0,0,0
ruler_qa_hotpotqa_16k:0493,ruler_qa_hotpotqa_16k,L0,L24,"[1, 2, 3, 4, 5, 6, 7, 8, 9, 10, 11, 12, 13, 14]",0.5,0.0,,,,0.0,0,0
ruler_qa_hotpotqa_16k:0493,ruler_qa_hotpotqa_16k,L0,ALL,"[1, 2, 3, 4, 5, 6, 7, 8, 9, 10, 11, 12, 13, 14]",0.5,0.0,,,,0.0,0,0
ruler_qa_hotpotqa_16k:0493,ruler_qa_hotpotqa_16k,L6,OFF,"[1, 2, 3, 4, 5, 6, 7, 8, 9, 10, 11, 12, 13, 14]",0.5,0.0,,,,0.0,0,0
ruler_qa_hotpotqa_16k:0493,ruler_qa_hotpotqa_16k,L6,L0,"[1, 2, 3, 4, 5, 6, 7, 8, 9, 10, 11, 12, 13, 14]",0.5,0.0,,,,0.0,0,0
ruler_qa_hotpotqa_16k:0493,ruler_qa_hotpotqa_16k,L6,L12,"[1, 2, 3, 4, 5, 6, 7, 8, 9, 10, 11, 12, 13, 14]",0.5,0.0,,,,0.0,0,0
ruler_qa_hotpotqa_16k:0493,ruler_qa_hotpotqa_16k,L6,L18,"[1, 2, 3, 4, 5, 6, 7, 8, 9, 10, 11, 12, 13, 14]",0.5,0.0,,,,0.0,0,0
ruler_qa_hotpotqa_16k:0493,ruler_qa_hotpotqa_16k,L6,L24,"[1, 2, 3, 4, 5, 6, 7, 8, 9, 10, 11, 12, 13, 14]",0.5,0.0,,,,0.0,0,0
ruler_qa_hotpotqa_16k:0493,ruler_qa_hotpotqa_16k,L6,ALL,"[1, 2, 3, 4, 5, 6, 7, 8, 9, 10, 11, 12, 13, 14]",0.5,0.0,,,,0.0,0,0
ruler_qa_hotpotqa_16k:0493,ruler_qa_hotpotqa_16k,L12,OFF,"[1, 2, 3, 4, 5, 6, 7, 8, 9, 10, 11, 12, 13, 14]",0.5,0.0,,,,0.0,0,0
ruler_qa_hotpotqa_16k:0493,ruler_qa_hotpotqa_16k,L12,L0,"[1, 2, 3, 4, 5, 6, 7, 8, 9, 10, 11, 12, 13, 14]",0.5,0.0,,,,0.0,0,0
ruler_qa_hotpotqa_16k:0493,ruler_qa_hotpotqa_16k,L12,L6,"[4, 5]",0.3,0.0,0.26666666666666666,0.3333333333333333,0.06666666666666667,0.06666666666666667,2,2
ruler_qa_hotpotqa_16k:0493,ruler_qa_hotpotqa_16k,L12,L18,"[1, 2, 3, 4, 5, 6, 7, 8, 9, 10, 11, 12, 13, 14]",0.5,0.0,,,,0.0,0,0
ruler_qa_hotpotqa_16k:0493,ruler_qa_hotpotqa_16k,L12,L24,"[1, 2, 3, 4, 5, 6, 7, 8, 9, 10, 11, 12, 13, 14]",0.5,0.0,,,,0.0,0,0
ruler_qa_hotpotqa_16k:0493,ruler_qa_hotpotqa_16k,L12,ALL,"[1, 2, 3, 4, 5, 6, 7, 8, 9, 10, 11, 12, 13, 14]",0.5,0.0,,,,0.0,0,0
ruler_qa_hotpotqa_16k:0493,ruler_qa_hotpotqa_16k,L18,OFF,"[1, 2, 3, 4, 5, 6, 7, 8, 9, 10, 11, 12, 13, 14]",0.5,0.0,,,,0.0,0,0
ruler_qa_hotpotqa_16k:0493,ruler_qa_hotpotqa_16k,L18,L0,"[1, 2, 3, 4, 5, 6, 7, 8, 9, 10, 11, 12, 13, 14]",0.5,0.0,,,,0.0,0,0
ruler_qa_hotpotqa_16k:0493,ruler_qa_hotpotqa_16k,L18,L6,"[1, 2, 3, 4, 5, 6, 7, 8, 9, 10, 11, 12, 13, 14]",0.5,0.0,,,,0.0,0,0
ruler_qa_hotpotqa_16k:0493,ruler_qa_hotpotqa_16k,L18,L12,"[1, 2, 3, 4, 5, 6, 7, 8, 9, 10, 11, 12, 13, 14]",0.5,0.0,,,,0.0,0,0
ruler_qa_hotpotqa_16k:0493,ruler_qa_hotpotqa_16k,L18,L24,"[1, 2, 3, 4, 5, 6, 7, 8, 9, 10, 11, 12, 13, 14]",0.5,0.0,,,,0.0,0,0
ruler_qa_hotpotqa_16k:0493,ruler_qa_hotpotqa_16k,L18,ALL,"[1, 2, 3, 4, 5, 6, 7, 8, 9, 10, 11, 12, 13, 14]",0.5,0.0,,,,0.0,0,0
ruler_qa_hotpotqa_16k:0493,ruler_qa_hotpotqa_16k,L24,OFF,"[1, 2, 3, 4, 5, 6, 7, 8, 9, 10, 11, 12, 13, 14]",0.5,0.0,,,,0.0,0,0
ruler_qa_hotpotqa_16k:0493,ruler_qa_hotpotqa_16k,L24,L0,"[1, 2, 3, 4, 5, 6, 7, 8, 9, 10, 11, 12, 13, 14]",0.5,0.0,,,,0.0,0,0
ruler_qa_hotpotqa_16k:0493,ruler_qa_hotpotqa_16k,L24,L6,"[1, 2, 3, 4, 5, 6, 7, 8, 9, 10, 11, 12, 13, 14]",0.5,0.0,,,,0.0,0,0
ruler_qa_hotpotqa_16k:0493,ruler_qa_hotpotqa_16k,L24,L12,"[1, 2, 3, 4, 5, 6, 7, 8, 9, 10, 11, 12, 13, 14]",0.5,0.0,,,,0.0,0,0
ruler_qa_hotpotqa_16k:0493,ruler_qa_hotpotqa_16k,L24,L18,"[1, 2, 3, 4, 5, 6, 7, 8, 9, 10, 11, 12, 13, 14]",0.5,0.0,,,,0.0,0,0
ruler_qa_hotpotqa_16k:0493,ruler_qa_hotpotqa_16k,L24,ALL,[1],0.06666666666666667,1.0,0.06666666666666667,0.06666666666666667,0.0,0.0,1,1
ruler_qa_hotpotqa_16k:0493,ruler_qa_hotpotqa_16k,ALL,OFF,[4],0.26666666666666666,1.0,0.26666666666666666,0.26666666666666666,0.0,0.0,1,1
ruler_qa_hotpotqa_16k:0493,ruler_qa_hotpotqa_16k,ALL,L0,"[1, 2, 3, 4, 5, 6, 7, 8, 9, 10, 11, 12, 13, 14]",0.5,0.0,,,,0.0,0,0
ruler_qa_hotpotqa_16k:0493,ruler_qa_hotpotqa_16k,ALL,L6,"[1, 2, 3, 4, 5, 6, 7, 8, 9, 10, 11, 12, 13, 14]",0.5,0.0,,,,0.0,0,0
ruler_qa_hotpotqa_16k:0493,ruler_qa_hotpotqa_16k,ALL,L12,"[1, 2, 3, 4, 5, 6, 7, 8, 9, 10, 11, 12, 13, 14]",0.5,0.0,,,,0.0,0,0
ruler_qa_hotpotqa_16k:0493,ruler_qa_hotpotqa_16k,ALL,L18,"[1, 2, 3, 4, 5, 6, 7, 8, 9, 10, 11, 12, 13, 14]",0.5,0.0,,,,0.0,0,0
ruler_qa_hotpotqa_16k:0493,ruler_qa_hotpotqa_16k,ALL,L24,[4],0.26666666666666666,1.0,0.26666666666666666,0.26666666666666666,0.0,0.0,1,1
ruler_qa_squad_16k:0033,ruler_qa_squad_16k,OFF,L0,"[1, 2, 3, 4, 5, 6, 7, 8, 9, 10, 11, 12, 13]",0.5,0.0,,,,0.0,0,0
ruler_qa_squad_16k:0033,ruler_qa_squad_16k,OFF,L6,"[1, 2, 3, 4, 5, 6, 7, 8, 9, 10, 11, 12, 13]",0.5,0.0,,,,0.0,0,0
ruler_qa_squad_16k:0033,ruler_qa_squad_16k,OFF,L12,"[1, 2, 3, 4, 5, 6, 7, 8, 9, 10, 11, 12, 13]",0.5,0.0,,,,0.0,0,0
ruler_qa_squad_16k:0033,ruler_qa_squad_16k,OFF,L18,"[1, 2, 3, 4, 5, 6, 7, 8, 9, 10, 11, 12, 13]",0.5,0.0,,,,0.0,0,0
ruler_qa_squad_16k:0033,ruler_qa_squad_16k,OFF,L24,"[1, 2, 3, 4, 5, 6, 7, 8, 9, 10, 11, 12, 13]",0.5,0.0,,,,0.0,0,0
ruler_qa_squad_16k:0033,ruler_qa_squad_16k,OFF,ALL,"[1, 2, 3, 4, 5, 6, 7, 8, 9, 10, 11, 12, 13]",0.5,0.0,,,,0.0,0,0
ruler_qa_squad_16k:0033,ruler_qa_squad_16k,L0,OFF,"[1, 2, 3, 4, 5, 6, 7, 8, 9, 10, 11, 12, 13]",0.5,0.0,,,,0.0,0,0
ruler_qa_squad_16k:0033,ruler_qa_squad_16k,L0,L6,"[1, 2, 3, 4, 5, 6, 7, 8, 9, 10, 11, 12, 13]",0.5,0.0,,,,0.0,0,0
ruler_qa_squad_16k:0033,ruler_qa_squad_16k,L0,L12,"[1, 2, 3, 4, 5, 6, 7, 8, 9, 10, 11, 12, 13]",0.5,0.0,,,,0.0,0,0
ruler_qa_squad_16k:0033,ruler_qa_squad_16k,L0,L18,"[1, 2, 3, 4, 5, 6, 7, 8, 9, 10, 11, 12, 13]",0.5,0.0,,,,0.0,0,0
ruler_qa_squad_16k:0033,ruler_qa_squad_16k,L0,L24,"[1, 2, 3, 4, 5, 6, 7, 8, 9, 10, 11, 12, 13]",0.5,0.0,,,,0.0,0,0
ruler_qa_squad_16k:0033,ruler_qa_squad_16k,L0,ALL,"[1, 2, 3, 4, 5, 6, 7, 8, 9, 10, 11, 12, 13]",0.5,0.0,,,,0.0,0,0
ruler_qa_squad_16k:0033,ruler_qa_squad_16k,L6,OFF,"[1, 2, 3, 4, 5, 6, 7, 8, 9, 10, 11, 12, 13]",0.5,0.0,,,,0.0,0,0
ruler_qa_squad_16k:0033,ruler_qa_squad_16k,L6,L0,"[1, 2, 3, 4, 5, 6, 7, 8, 9, 10, 11, 12, 13]",0.5,0.0,,,,0.0,0,0
ruler_qa_squad_16k:0033,ruler_qa_squad_16k,L6,L12,"[1, 2, 3, 4, 5, 6, 7, 8, 9, 10, 11, 12, 13]",0.5,0.0,,,,0.0,0,0
ruler_qa_squad_16k:0033,ruler_qa_squad_16k,L6,L18,"[1, 2, 3, 4, 5, 6, 7, 8, 9, 10, 11, 12, 13]",0.5,0.0,,,,0.0,0,0
ruler_qa_squad_16k:0033,ruler_qa_squad_16k,L6,L24,"[1, 2, 3, 4, 5, 6, 7, 8, 9, 10, 11, 12, 13]",0.5,0.0,,,,0.0,0,0
ruler_qa_squad_16k:0033,ruler_qa_squad_16k,L6,ALL,"[1, 2, 3, 4, 5, 6, 7, 8, 9, 10, 11, 12, 13]",0.5,0.0,,,,0.0,0,0
ruler_qa_squad_16k:0033,ruler_qa_squad_16k,L12,OFF,"[1, 2, 3, 4, 5, 6, 7, 8, 9, 10, 11, 12, 13]",0.5,0.0,,,,0.0,0,0
ruler_qa_squad_16k:0033,ruler_qa_squad_16k,L12,L0,"[1, 2, 3, 4, 5, 6, 7, 8, 9, 10, 11, 12, 13]",0.5,0.0,,,,0.0,0,0
ruler_qa_squad_16k:0033,ruler_qa_squad_16k,L12,L6,"[1, 2, 3, 4, 5, 6, 7, 8, 9, 10, 11, 12, 13]",0.5,0.0,,,,0.0,0,0
ruler_qa_squad_16k:0033,ruler_qa_squad_16k,L12,L18,[5],0.35714285714285715,1.0,0.35714285714285715,0.35714285714285715,0.0,0.0,1,1
ruler_qa_squad_16k:0033,ruler_qa_squad_16k,L12,L24,"[1, 2, 3, 4, 5, 6, 7, 8, 9, 10, 11, 12, 13]",0.5,0.0,,,,0.0,0,0
ruler_qa_squad_16k:0033,ruler_qa_squad_16k,L12,ALL,"[1, 2, 3, 4, 5, 6, 7, 8, 9, 10, 11, 12, 13]",0.5,0.0,,,,0.0,0,0
ruler_qa_squad_16k:0033,ruler_qa_squad_16k,L18,OFF,"[1, 2, 3, 4, 5, 6, 7, 8, 9, 10, 11, 12, 13]",0.5,0.0,,,,0.0,0,0
ruler_qa_squad_16k:0033,ruler_qa_squad_16k,L18,L0,"[1, 2, 3, 4, 5, 6, 7, 8, 9, 10, 11, 12, 13]",0.5,0.0,,,,0.0,0,0
ruler_qa_squad_16k:0033,ruler_qa_squad_16k,L18,L6,"[1, 2, 3, 4, 5, 6, 7, 8, 9, 10, 11, 12, 13]",0.5,0.0,,,,0.0,0,0
ruler_qa_squad_16k:0033,ruler_qa_squad_16k,L18,L12,"[2, 3]",0.17857142857142858,0.0,0.14285714285714285,0.21428571428571427,0.07142857142857142,0.07142857142857142,2,2
ruler_qa_squad_16k:0033,ruler_qa_squad_16k,L18,L24,"[1, 2, 3, 4, 5, 6, 7, 8, 9, 10, 11, 12, 13]",0.5,0.0,,,,0.0,0,0
ruler_qa_squad_16k:0033,ruler_qa_squad_16k,L18,ALL,"[1, 2, 3, 4, 5, 6, 7, 8, 9, 10, 11, 12, 13]",0.5,0.0,,,,0.0,0,0
ruler_qa_squad_16k:0033,ruler_qa_squad_16k,L24,OFF,"[1, 2, 3, 4, 5, 6, 7, 8, 9, 10, 11, 12, 13]",0.5,0.0,,,,0.0,0,0
ruler_qa_squad_16k:0033,ruler_qa_squad_16k,L24,L0,"[1, 2, 3, 4, 5, 6, 7, 8, 9, 10, 11, 12, 13]",0.5,0.0,,,,0.0,0,0
ruler_qa_squad_16k:0033,ruler_qa_squad_16k,L24,L6,"[1, 2, 3, 4, 5, 6, 7, 8, 9, 10, 11, 12, 13]",0.5,0.0,,,,0.0,0,0
ruler_qa_squad_16k:0033,ruler_qa_squad_16k,L24,L12,"[1, 2, 3, 4, 5, 6, 7, 8, 9, 10, 11, 12, 13]",0.5,0.0,,,,0.0,0,0
ruler_qa_squad_16k:0033,ruler_qa_squad_16k,L24,L18,"[1, 2, 3, 4, 5, 6, 7, 8, 9, 10, 11, 12, 13]",0.5,0.0,,,,0.0,0,0
ruler_qa_squad_16k:0033,ruler_qa_squad_16k,L24,ALL,"[1, 2, 3, 4, 5, 6, 7, 8, 9, 10, 11, 12, 13]",0.5,0.0,,,,0.0,0,0
ruler_qa_squad_16k:0033,ruler_qa_squad_16k,ALL,OFF,"[1, 2, 3, 4, 5, 6, 7, 8, 9, 10, 11, 12, 13]",0.5,0.0,,,,0.0,0,0
ruler_qa_squad_16k:0033,ruler_qa_squad_16k,ALL,L0,"[1, 2, 3, 4, 5, 6, 7, 8, 9, 10, 11, 12, 13]",0.5,0.0,,,,0.0,0,0
ruler_qa_squad_16k:0033,ruler_qa_squad_16k,ALL,L6,"[1, 2, 3, 4, 5, 6, 7, 8, 9, 10, 11, 12, 13]",0.5,0.0,,,,0.0,0,0
ruler_qa_squad_16k:0033,ruler_qa_squad_16k,ALL,L12,"[1, 2, 3, 4, 5, 6, 7, 8, 9, 10, 11, 12, 13]",0.5,0.0,,,,0.0,0,0
ruler_qa_squad_16k:0033,ruler_qa_squad_16k,ALL,L18,"[1, 2, 3, 4, 5, 6, 7, 8, 9, 10, 11, 12, 13]",0.5,0.0,,,,0.0,0,0
ruler_qa_squad_16k:0033,ruler_qa_squad_16k,ALL,L24,"[1, 2, 3, 4, 5, 6, 7, 8, 9, 10, 11, 12, 13]",0.5,0.0,,,,0.0,0,0
ruler_qa_squad_16k:0056,ruler_qa_squad_16k,OFF,L0,"[1, 2, 3, 4, 5, 6, 7, 8, 9, 10, 11, 12]",0.5,0.0,,,,0.0,0,0
ruler_qa_squad_16k:0056,ruler_qa_squad_16k,OFF,L6,"[1, 2, 3, 4, 5, 6, 7, 8, 9, 10, 11, 12]",0.5,0.0,,,,0.0,0,0
ruler_qa_squad_16k:0056,ruler_qa_squad_16k,OFF,L12,"[1, 2, 3, 4, 5, 6, 7, 8, 9, 10, 11, 12]",0.5,0.0,,,,0.0,0,0
ruler_qa_squad_16k:0056,ruler_qa_squad_16k,OFF,L18,"[1, 2, 3, 4, 5, 6, 7, 8, 9, 10, 11, 12]",0.5,0.0,,,,0.0,0,0
ruler_qa_squad_16k:0056,ruler_qa_squad_16k,OFF,L24,"[1, 2, 3, 4, 5, 6, 7, 8, 9, 10, 11, 12]",0.5,0.0,,,,0.0,0,0
ruler_qa_squad_16k:0056,ruler_qa_squad_16k,OFF,ALL,"[1, 2, 3, 4, 5, 6, 7, 8, 9, 10, 11, 12]",0.5,0.0,,,,0.0,0,0
ruler_qa_squad_16k:0056,ruler_qa_squad_16k,L0,OFF,"[1, 2, 3, 4, 5, 6, 7, 8, 9, 10, 11, 12]",0.5,0.0,,,,0.0,0,0
ruler_qa_squad_16k:0056,ruler_qa_squad_16k,L0,L6,"[1, 2, 3, 4, 5, 6, 7, 8, 9, 10, 11, 12]",0.5,0.0,,,,0.0,0,0
ruler_qa_squad_16k:0056,ruler_qa_squad_16k,L0,L12,"[1, 2, 3, 4, 5, 6, 7, 8, 9, 10, 11, 12]",0.5,0.0,,,,0.0,0,0
ruler_qa_squad_16k:0056,ruler_qa_squad_16k,L0,L18,"[1, 2, 3, 4, 5, 6, 7, 8, 9, 10, 11, 12]",0.5,0.0,,,,0.0,0,0
ruler_qa_squad_16k:0056,ruler_qa_squad_16k,L0,L24,"[1, 2, 3, 4, 5, 6, 7, 8, 9, 10, 11, 12]",0.5,0.0,,,,0.0,0,0
ruler_qa_squad_16k:0056,ruler_qa_squad_16k,L0,ALL,"[1, 2, 3, 4, 5, 6, 7, 8, 9, 10, 11, 12]",0.5,0.0,,,,0.0,0,0
ruler_qa_squad_16k:0056,ruler_qa_squad_16k,L6,OFF,"[1, 2, 3, 4, 5, 6, 7, 8, 9, 10, 11, 12]",0.5,0.0,,,,0.0,0,0
ruler_qa_squad_16k:0056,ruler_qa_squad_16k,L6,L0,"[1, 2, 3, 4, 5, 6, 7, 8, 9, 10, 11, 12]",0.5,0.0,,,,0.0,0,0
ruler_qa_squad_16k:0056,ruler_qa_squad_16k,L6,L12,"[1, 2, 3, 4, 5, 6, 7, 8, 9, 10, 11, 12]",0.5,0.0,,,,0.0,0,0
ruler_qa_squad_16k:0056,ruler_qa_squad_16k,L6,L18,"[1, 2, 3, 4, 5, 6, 7, 8, 9, 10, 11, 12]",0.5,0.0,,,,0.0,0,0
ruler_qa_squad_16k:0056,ruler_qa_squad_16k,L6,L24,"[1, 2, 3, 4, 5, 6, 7, 8, 9, 10, 11, 12]",0.5,0.0,,,,0.0,0,0
ruler_qa_squad_16k:0056,ruler_qa_squad_16k,L6,ALL,"[1, 2, 3, 4, 5, 6, 7, 8, 9, 10, 11, 12]",0.5,0.0,,,,0.0,0,0
ruler_qa_squad_16k:0056,ruler_qa_squad_16k,L12,OFF,"[1, 2, 3, 4, 5, 6, 7, 8, 9, 10, 11, 12]",0.5,0.0,,,,0.0,0,0
ruler_qa_squad_16k:0056,ruler_qa_squad_16k,L12,L0,"[1, 2, 3, 4, 5, 6, 7, 8, 9, 10, 11, 12]",0.5,0.0,,,,0.0,0,0
ruler_qa_squad_16k:0056,ruler_qa_squad_16k,L12,L6,"[1, 2, 3, 4, 5, 6, 7, 8, 9, 10, 11, 12]",0.5,0.0,,,,0.0,0,0
ruler_qa_squad_16k:0056,ruler_qa_squad_16k,L12,L18,"[1, 2, 3, 4, 5, 6, 7, 8, 9, 10, 11, 12]",0.5,0.0,,,,0.0,0,0
ruler_qa_squad_16k:0056,ruler_qa_squad_16k,L12,L24,"[1, 2, 3, 4, 5, 6, 7, 8, 9, 10, 11, 12]",0.5,0.0,,,,0.0,0,0
ruler_qa_squad_16k:0056,ruler_qa_squad_16k,L12,ALL,"[1, 2, 3, 4, 5, 6, 7, 8, 9, 10, 11, 12]",0.5,0.0,,,,0.0,0,0
ruler_qa_squad_16k:0056,ruler_qa_squad_16k,L18,OFF,"[1, 2, 3, 4, 5, 6, 7, 8, 9, 10, 11, 12]",0.5,0.0,,,,0.0,0,0
ruler_qa_squad_16k:0056,ruler_qa_squad_16k,L18,L0,"[1, 2, 3, 4, 5, 6, 7, 8, 9, 10, 11, 12]",0.5,0.0,,,,0.0,0,0
ruler_qa_squad_16k:0056,ruler_qa_squad_16k,L18,L6,"[1, 2, 3, 4, 5, 6, 7, 8, 9, 10, 11, 12]",0.5,0.0,,,,0.0,0,0
ruler_qa_squad_16k:0056,ruler_qa_squad_16k,L18,L12,"[1, 2, 3, 4, 5, 6, 7, 8, 9, 10, 11, 12]",0.5,0.0,,,,0.0,0,0
ruler_qa_squad_16k:0056,ruler_qa_squad_16k,L18,L24,"[1, 2, 3, 4, 5, 6, 7, 8, 9, 10, 11, 12]",0.5,0.0,,,,0.0,0,0
ruler_qa_squad_16k:0056,ruler_qa_squad_16k,L18,ALL,"[1, 2, 3, 4, 5, 6, 7, 8, 9, 10, 11, 12]",0.5,0.0,,,,0.0,0,0
ruler_qa_squad_16k:0056,ruler_qa_squad_16k,L24,OFF,"[1, 2, 3, 4, 5, 6, 7, 8, 9, 10, 11, 12]",0.5,0.0,,,,0.0,0,0
ruler_qa_squad_16k:0056,ruler_qa_squad_16k,L24,L0,"[1, 2, 3, 4, 5, 6, 7, 8, 9, 10, 11, 12]",0.5,0.0,,,,0.0,0,0
ruler_qa_squad_16k:0056,ruler_qa_squad_16k,L24,L6,"[1, 2, 3, 4, 5, 6, 7, 8, 9, 10, 11, 12]",0.5,0.0,,,,0.0,0,0
ruler_qa_squad_16k:0056,ruler_qa_squad_16k,L24,L12,"[1, 2, 3, 4, 5, 6, 7, 8, 9, 10, 11, 12]",0.5,0.0,,,,0.0,0,0
ruler_qa_squad_16k:0056,ruler_qa_squad_16k,L24,L18,"[1, 2, 3, 4, 5, 6, 7, 8, 9, 10, 11, 12]",0.5,0.0,,,,0.0,0,0
ruler_qa_squad_16k:0056,ruler_qa_squad_16k,L24,ALL,"[1, 2, 3, 4, 5, 6, 7, 8, 9, 10, 11, 12]",0.5,0.0,,,,0.0,0,0
ruler_qa_squad_16k:0056,ruler_qa_squad_16k,ALL,OFF,"[1, 2, 3, 4, 5, 6, 7, 8, 9, 10, 11, 12]",0.5,0.0,,,,0.0,0,0
ruler_qa_squad_16k:0056,ruler_qa_squad_16k,ALL,L0,"[1, 2, 3, 4, 5, 6, 7, 8, 9, 10, 11, 12]",0.5,0.0,,,,0.0,0,0
ruler_qa_squad_16k:0056,ruler_qa_squad_16k,ALL,L6,"[1, 2, 3, 4, 5, 6, 7, 8, 9, 10, 11, 12]",0.5,0.0,,,,0.0,0,0
ruler_qa_squad_16k:0056,ruler_qa_squad_16k,ALL,L12,"[1, 2, 3, 4, 5, 6, 7, 8, 9, 10, 11, 12]",0.5,0.0,,,,0.0,0,0
ruler_qa_squad_16k:0056,ruler_qa_squad_16k,ALL,L18,"[1, 2, 3, 4, 5, 6, 7, 8, 9, 10, 11, 12]",0.5,0.0,,,,0.0,0,0
ruler_qa_squad_16k:0056,ruler_qa_squad_16k,ALL,L24,"[1, 2, 3, 4, 5, 6, 7, 8, 9, 10, 11, 12]",0.5,0.0,,,,0.0,0,0
ruler_qa_squad_16k:0085,ruler_qa_squad_16k,OFF,L0,[9],0.6,1.0,0.6,0.6,0.0,0.0,1,1
ruler_qa_squad_16k:0085,ruler_qa_squad_16k,OFF,L6,[3],0.2,1.0,0.2,0.2,0.0,0.0,1,1
ruler_qa_squad_16k:0085,ruler_qa_squad_16k,OFF,L12,[3],0.2,1.0,0.2,0.2,0.0,0.0,1,1
ruler_qa_squad_16k:0085,ruler_qa_squad_16k,OFF,L18,"[1, 2, 3, 4, 5, 6, 7, 8, 9, 10, 11, 12, 13, 14]",0.5,0.0,,,,0.0,0,0
ruler_qa_squad_16k:0085,ruler_qa_squad_16k,OFF,L24,"[1, 2, 3, 4, 5, 6, 7, 8, 9, 10, 11, 12, 13, 14]",0.5,0.0,,,,0.0,0,0
ruler_qa_squad_16k:0085,ruler_qa_squad_16k,OFF,ALL,[6],0.4,1.0,0.4,0.4,0.0,0.0,1,1
ruler_qa_squad_16k:0085,ruler_qa_squad_16k,L0,OFF,"[3, 5]",0.26666666666666666,0.0,0.2,0.3333333333333333,0.13333333333333333,0.0,2,2
ruler_qa_squad_16k:0085,ruler_qa_squad_16k,L0,L6,"[3, 7, 8]",0.4,0.0,0.2,0.5333333333333333,0.3333333333333333,0.06666666666666667,3,3
ruler_qa_squad_16k:0085,ruler_qa_squad_16k,L0,L12,"[3, 13]",0.5333333333333333,0.0,0.2,0.8666666666666667,0.6666666666666666,0.0,2,2
ruler_qa_squad_16k:0085,ruler_qa_squad_16k,L0,L18,"[1, 2, 3, 4, 5, 6, 7, 8, 9, 10, 11, 12, 13, 14]",0.5,0.0,,,,0.0,0,0
ruler_qa_squad_16k:0085,ruler_qa_squad_16k,L0,L24,"[3, 5]",0.26666666666666666,0.0,0.2,0.3333333333333333,0.13333333333333333,0.0,2,2
ruler_qa_squad_16k:0085,ruler_qa_squad_16k,L0,ALL,"[3, 5]",0.26666666666666666,0.0,0.2,0.3333333333333333,0.13333333333333333,0.0,2,2
ruler_qa_squad_16k:0085,ruler_qa_squad_16k,L6,OFF,[11],0.7333333333333333,1.0,0.7333333333333333,0.7333333333333333,0.0,0.0,1,1
ruler_qa_squad_16k:0085,ruler_qa_squad_16k,L6,L0,[9],0.6,1.0,0.6,0.6,0.0,0.0,1,1
ruler_qa_squad_16k:0085,ruler_qa_squad_16k,L6,L12,[11],0.7333333333333333,1.0,0.7333333333333333,0.7333333333333333,0.0,0.0,1,1
ruler_qa_squad_16k:0085,ruler_qa_squad_16k,L6,L18,"[5, 6, 11]",0.4888888888888889,0.0,0.3333333333333333,0.7333333333333333,0.4,0.06666666666666667,3,3
ruler_qa_squad_16k:0085,ruler_qa_squad_16k,L6,L24,"[5, 6, 11]",0.4888888888888889,0.0,0.3333333333333333,0.7333333333333333,0.4,0.06666666666666667,3,3
ruler_qa_squad_16k:0085,ruler_qa_squad_16k,L6,ALL,"[1, 2, 3, 4, 5, 6, 7, 8, 9, 10, 11, 12, 13, 14]",0.5,0.0,,,,0.0,0,0
ruler_qa_squad_16k:0085,ruler_qa_squad_16k,L12,OFF,"[1, 2, 3, 4, 5, 6, 7, 8, 9, 10, 11, 12, 13, 14]",0.5,0.0,,,,0.0,0,0
ruler_qa_squad_16k:0085,ruler_qa_squad_16k,L12,L0,"[1, 2, 3, 4, 5, 6, 7, 8, 9, 10, 11, 12, 13, 14]",0.5,0.0,,,,0.0,0,0
ruler_qa_squad_16k:0085,ruler_qa_squad_16k,L12,L6,[6],0.4,1.0,0.4,0.4,0.0,0.0,1,1
ruler_qa_squad_16k:0085,ruler_qa_squad_16k,L12,L18,"[1, 2, 3, 4, 5, 6, 7, 8, 9, 10, 11, 12, 13, 14]",0.5,0.0,,,,0.0,0,0
ruler_qa_squad_16k:0085,ruler_qa_squad_16k,L12,L24,"[1, 2, 3, 4, 5, 6, 7, 8, 9, 10, 11, 12, 13, 14]",0.5,0.0,,,,0.0,0,0
ruler_qa_squad_16k:0085,ruler_qa_squad_16k,L12,ALL,"[1, 2, 3, 4, 5, 6, 7, 8, 9, 10, 11, 12, 13, 14]",0.5,0.0,,,,0.0,0,0
ruler_qa_squad_16k:0085,ruler_qa_squad_16k,L18,OFF,"[1, 2, 3, 4, 5, 6, 7, 8, 9, 10, 11, 12, 13, 14]",0.5,0.0,,,,0.0,0,0
ruler_qa_squad_16k:0085,ruler_qa_squad_16k,L18,L0,"[1, 2, 3, 4, 5, 6, 7, 8, 9, 10, 11, 12, 13, 14]",0.5,0.0,,,,0.0,0,0
ruler_qa_squad_16k:0085,ruler_qa_squad_16k,L18,L6,[3],0.2,1.0,0.2,0.2,0.0,0.0,1,1
ruler_qa_squad_16k:0085,ruler_qa_squad_16k,L18,L12,"[1, 2, 3, 4, 5, 6, 7, 8, 9, 10, 11, 12, 13, 14]",0.5,0.0,,,,0.0,0,0
ruler_qa_squad_16k:0085,ruler_qa_squad_16k,L18,L24,"[1, 2, 3, 4, 5, 6, 7, 8, 9, 10, 11, 12, 13, 14]",0.5,0.0,,,,0.0,0,0
ruler_qa_squad_16k:0085,ruler_qa_squad_16k,L18,ALL,[6],0.4,1.0,0.4,0.4,0.0,0.0,1,1
ruler_qa_squad_16k:0085,ruler_qa_squad_16k,L24,OFF,"[1, 2, 3, 4, 5, 6, 7, 8, 9, 10, 11, 12, 13, 14]",0.5,0.0,,,,0.0,0,0
ruler_qa_squad_16k:0085,ruler_qa_squad_16k,L24,L0,[9],0.6,1.0,0.6,0.6,0.0,0.0,1,1
ruler_qa_squad_16k:0085,ruler_qa_squad_16k,L24,L6,[3],0.2,1.0,0.2,0.2,0.0,0.0,1,1
ruler_qa_squad_16k:0085,ruler_qa_squad_16k,L24,L12,"[1, 2, 3, 4, 5, 6, 7, 8, 9, 10, 11, 12, 13, 14]",0.5,0.0,,,,0.0,0,0
ruler_qa_squad_16k:0085,ruler_qa_squad_16k,L24,L18,"[1, 2, 3, 4, 5, 6, 7, 8, 9, 10, 11, 12, 13, 14]",0.5,0.0,,,,0.0,0,0
ruler_qa_squad_16k:0085,ruler_qa_squad_16k,L24,ALL,[6],0.4,1.0,0.4,0.4,0.0,0.0,1,1
ruler_qa_squad_16k:0085,ruler_qa_squad_16k,ALL,OFF,"[1, 5]",0.2,0.0,0.06666666666666667,0.3333333333333333,0.26666666666666666,0.0,2,2
ruler_qa_squad_16k:0085,ruler_qa_squad_16k,ALL,L0,"[1, 4, 5, 10]",0.3333333333333333,0.0,0.06666666666666667,0.6666666666666666,0.6,0.06666666666666667,4,4
ruler_qa_squad_16k:0085,ruler_qa_squad_16k,ALL,L6,"[3, 8]",0.36666666666666664,0.0,0.2,0.5333333333333333,0.3333333333333333,0.0,2,2
ruler_qa_squad_16k:0085,ruler_qa_squad_16k,ALL,L12,[8],0.5333333333333333,1.0,0.5333333333333333,0.5333333333333333,0.0,0.0,1,1
ruler_qa_squad_16k:0085,ruler_qa_squad_16k,ALL,L18,[5],0.3333333333333333,1.0,0.3333333333333333,0.3333333333333333,0.0,0.0,1,1
ruler_qa_squad_16k:0085,ruler_qa_squad_16k,ALL,L24,"[1, 3, 5, 13]",0.36666666666666664,0.0,0.06666666666666667,0.8666666666666667,0.8,0.0,4,4
ruler_qa_squad_16k:0141,ruler_qa_squad_16k,OFF,L0,"[1, 2, 3, 4, 5, 6, 7, 8, 9, 10, 11]",0.5,0.0,,,,0.0,0,0
ruler_qa_squad_16k:0141,ruler_qa_squad_16k,OFF,L6,"[1, 2]",0.125,0.0,0.08333333333333333,0.16666666666666666,0.08333333333333333,0.08333333333333333,2,2
ruler_qa_squad_16k:0141,ruler_qa_squad_16k,OFF,L12,"[1, 2, 3, 4, 5, 6, 7, 8, 9, 10, 11]",0.5,0.0,,,,0.0,0,0
ruler_qa_squad_16k:0141,ruler_qa_squad_16k,OFF,L18,"[1, 2, 3, 4, 5, 6, 7, 8, 9, 10, 11]",0.5,0.0,,,,0.0,0,0
ruler_qa_squad_16k:0141,ruler_qa_squad_16k,OFF,L24,"[1, 2, 3, 4, 5, 6, 7, 8, 9, 10, 11]",0.5,0.0,,,,0.0,0,0
ruler_qa_squad_16k:0141,ruler_qa_squad_16k,OFF,ALL,"[1, 2, 3, 4, 5, 6, 7, 8, 9, 10, 11]",0.5,0.0,,,,0.0,0,0
ruler_qa_squad_16k:0141,ruler_qa_squad_16k,L0,OFF,"[1, 2, 3, 4, 5, 6, 7, 8, 9, 10, 11]",0.5,0.0,,,,0.0,0,0
ruler_qa_squad_16k:0141,ruler_qa_squad_16k,L0,L6,"[1, 2, 3, 4, 5, 6, 7, 8, 9, 10, 11]",0.5,0.0,,,,0.0,0,0
ruler_qa_squad_16k:0141,ruler_qa_squad_16k,L0,L12,"[1, 2, 3, 4, 5, 6, 7, 8, 9, 10, 11]",0.5,0.0,,,,0.0,0,0
ruler_qa_squad_16k:0141,ruler_qa_squad_16k,L0,L18,"[1, 2, 3, 4, 5, 6, 7, 8, 9, 10, 11]",0.5,0.0,,,,0.0,0,0
ruler_qa_squad_16k:0141,ruler_qa_squad_16k,L0,L24,"[1, 2, 3, 4, 5, 6, 7, 8, 9, 10, 11]",0.5,0.0,,,,0.0,0,0
ruler_qa_squad_16k:0141,ruler_qa_squad_16k,L0,ALL,"[1, 2, 3, 4, 5, 6, 7, 8, 9, 10, 11]",0.5,0.0,,,,0.0,0,0
ruler_qa_squad_16k:0141,ruler_qa_squad_16k,L6,OFF,"[1, 2, 3, 4, 5, 6, 7, 8, 9, 10, 11]",0.5,0.0,,,,0.0,0,0
ruler_qa_squad_16k:0141,ruler_qa_squad_16k,L6,L0,[4],0.3333333333333333,1.0,0.3333333333333333,0.3333333333333333,0.0,0.0,1,1
ruler_qa_squad_16k:0141,ruler_qa_squad_16k,L6,L12,"[1, 2, 3, 4, 5, 6, 7, 8, 9, 10, 11]",0.5,0.0,,,,0.0,0,0
ruler_qa_squad_16k:0141,ruler_qa_squad_16k,L6,L18,"[1, 2, 3, 4, 5, 6, 7, 8, 9, 10, 11]",0.5,0.0,,,,0.0,0,0
ruler_qa_squad_16k:0141,ruler_qa_squad_16k,L6,L24,"[1, 2, 3, 4, 5, 6, 7, 8, 9, 10, 11]",0.5,0.0,,,,0.0,0,0
ruler_qa_squad_16k:0141,ruler_qa_squad_16k,L6,ALL,"[6, 9]",0.625,0.0,0.5,0.75,0.25,0.0,2,2
ruler_qa_squad_16k:0141,ruler_qa_squad_16k,L12,OFF,"[1, 2, 3, 4, 5, 6, 7, 8, 9, 10, 11]",0.5,0.0,,,,0.0,0,0
ruler_qa_squad_16k:0141,ruler_qa_squad_16k,L12,L0,"[1, 2, 3, 4, 5, 6, 7, 8, 9, 10, 11]",0.5,0.0,,,,0.0,0,0
ruler_qa_squad_16k:0141,ruler_qa_squad_16k,L12,L6,"[1, 2, 3, 4, 5, 6, 7, 8, 9, 10, 11]",0.5,0.0,,,,0.0,0,0
ruler_qa_squad_16k:0141,ruler_qa_squad_16k,L12,L18,"[1, 2, 3, 4, 5, 6, 7, 8, 9, 10, 11]",0.5,0.0,,,,0.0,0,0
ruler_qa_squad_16k:0141,ruler_qa_squad_16k,L12,L24,"[1, 2, 3, 4, 5, 6, 7, 8, 9, 10, 11]",0.5,0.0,,,,0.0,0,0
ruler_qa_squad_16k:0141,ruler_qa_squad_16k,L12,ALL,"[1, 2, 3, 4, 5, 6, 7, 8, 9, 10, 11]",0.5,0.0,,,,0.0,0,0
ruler_qa_squad_16k:0141,ruler_qa_squad_16k,L18,OFF,"[1, 2, 3, 4, 5, 6, 7, 8, 9, 10, 11]",0.5,0.0,,,,0.0,0,0
ruler_qa_squad_16k:0141,ruler_qa_squad_16k,L18,L0,"[1, 2, 3, 4, 5, 6, 7, 8, 9, 10, 11]",0.5,0.0,,,,0.0,0,0
ruler_qa_squad_16k:0141,ruler_qa_squad_16k,L18,L6,"[1, 2]",0.125,0.0,0.08333333333333333,0.16666666666666666,0.08333333333333333,0.08333333333333333,2,2
ruler_qa_squad_16k:0141,ruler_qa_squad_16k,L18,L12,"[1, 2, 3, 4, 5, 6, 7, 8, 9, 10, 11]",0.5,0.0,,,,0.0,0,0
ruler_qa_squad_16k:0141,ruler_qa_squad_16k,L18,L24,"[1, 2, 3, 4, 5, 6, 7, 8, 9, 10, 11]",0.5,0.0,,,,0.0,0,0
ruler_qa_squad_16k:0141,ruler_qa_squad_16k,L18,ALL,"[1, 2, 3, 4, 5, 6, 7, 8, 9, 10, 11]",0.5,0.0,,,,0.0,0,0
ruler_qa_squad_16k:0141,ruler_qa_squad_16k,L24,OFF,"[1, 2, 3, 4, 5, 6, 7, 8, 9, 10, 11]",0.5,0.0,,,,0.0,0,0
ruler_qa_squad_16k:0141,ruler_qa_squad_16k,L24,L0,"[1, 2, 3, 4, 5, 6, 7, 8, 9, 10, 11]",0.5,0.0,,,,0.0,0,0
ruler_qa_squad_16k:0141,ruler_qa_squad_16k,L24,L6,[2],0.16666666666666666,1.0,0.16666666666666666,0.16666666666666666,0.0,0.0,1,1
ruler_qa_squad_16k:0141,ruler_qa_squad_16k,L24,L12,"[1, 2, 3, 4, 5, 6, 7, 8, 9, 10, 11]",0.5,0.0,,,,0.0,0,0
ruler_qa_squad_16k:0141,ruler_qa_squad_16k,L24,L18,"[1, 2, 3, 4, 5, 6, 7, 8, 9, 10, 11]",0.5,0.0,,,,0.0,0,0
ruler_qa_squad_16k:0141,ruler_qa_squad_16k,L24,ALL,"[1, 2, 3, 4, 5, 6, 7, 8, 9, 10, 11]",0.5,0.0,,,,0.0,0,0
ruler_qa_squad_16k:0141,ruler_qa_squad_16k,ALL,OFF,"[1, 2, 3, 4, 5, 6, 7, 8, 9, 10, 11]",0.5,0.0,,,,0.0,0,0
ruler_qa_squad_16k:0141,ruler_qa_squad_16k,ALL,L0,"[1, 2, 3, 4, 5, 6, 7, 8, 9, 10, 11]",0.5,0.0,,,,0.0,0,0
ruler_qa_squad_16k:0141,ruler_qa_squad_16k,ALL,L6,"[1, 2, 3, 4, 5, 6, 7, 8, 9, 10, 11]",0.5,0.0,,,,0.0,0,0
ruler_qa_squad_16k:0141,ruler_qa_squad_16k,ALL,L12,"[1, 2, 3, 4, 5, 6, 7, 8, 9, 10, 11]",0.5,0.0,,,,0.0,0,0
ruler_qa_squad_16k:0141,ruler_qa_squad_16k,ALL,L18,"[1, 2, 3, 4, 5, 6, 7, 8, 9, 10, 11]",0.5,0.0,,,,0.0,0,0
ruler_qa_squad_16k:0141,ruler_qa_squad_16k,ALL,L24,"[1, 2, 3, 4, 5, 6, 7, 8, 9, 10, 11]",0.5,0.0,,,,0.0,0,0
ruler_qa_squad_16k:0161,ruler_qa_squad_16k,OFF,L0,"[1, 2, 3, 4, 5, 6, 7, 8, 9, 10, 11]",0.5,0.0,,,,0.0,0,0
ruler_qa_squad_16k:0161,ruler_qa_squad_16k,OFF,L6,"[1, 2, 3, 4, 5, 6, 7, 8, 9, 10, 11]",0.5,0.0,,,,0.0,0,0
ruler_qa_squad_16k:0161,ruler_qa_squad_16k,OFF,L12,"[1, 2, 3, 4, 5, 6, 7, 8, 9, 10, 11]",0.5,0.0,,,,0.0,0,0
ruler_qa_squad_16k:0161,ruler_qa_squad_16k,OFF,L18,"[1, 2, 3, 4, 5, 6, 7, 8, 9, 10, 11]",0.5,0.0,,,,0.0,0,0
ruler_qa_squad_16k:0161,ruler_qa_squad_16k,OFF,L24,"[1, 2, 3, 4, 5, 6, 7, 8, 9, 10, 11]",0.5,0.0,,,,0.0,0,0
ruler_qa_squad_16k:0161,ruler_qa_squad_16k,OFF,ALL,"[1, 2, 3, 4, 5, 6, 7, 8, 9, 10, 11]",0.5,0.0,,,,0.0,0,0
ruler_qa_squad_16k:0161,ruler_qa_squad_16k,L0,OFF,"[1, 2, 3, 4, 5, 6, 7, 8, 9, 10, 11]",0.5,0.0,,,,0.0,0,0
ruler_qa_squad_16k:0161,ruler_qa_squad_16k,L0,L6,"[1, 2, 3, 4, 5, 6, 7, 8, 9, 10, 11]",0.5,0.0,,,,0.0,0,0
ruler_qa_squad_16k:0161,ruler_qa_squad_16k,L0,L12,"[1, 2, 3, 4, 5, 6, 7, 8, 9, 10, 11]",0.5,0.0,,,,0.0,0,0
ruler_qa_squad_16k:0161,ruler_qa_squad_16k,L0,L18,"[1, 2, 3, 4, 5, 6, 7, 8, 9, 10, 11]",0.5,0.0,,,,0.0,0,0
ruler_qa_squad_16k:0161,ruler_qa_squad_16k,L0,L24,"[1, 2, 3, 4, 5, 6, 7, 8, 9, 10, 11]",0.5,0.0,,,,0.0,0,0
ruler_qa_squad_16k:0161,ruler_qa_squad_16k,L0,ALL,"[1, 2, 3, 4, 5, 6, 7, 8, 9, 10, 11]",0.5,0.0,,,,0.0,0,0
ruler_qa_squad_16k:0161,ruler_qa_squad_16k,L6,OFF,"[1, 2, 3, 4, 5, 6, 7, 8, 9, 10, 11]",0.5,0.0,,,,0.0,0,0
ruler_qa_squad_16k:0161,ruler_qa_squad_16k,L6,L0,[5],0.4166666666666667,1.0,0.4166666666666667,0.4166666666666667,0.0,0.0,1,1
ruler_qa_squad_16k:0161,ruler_qa_squad_16k,L6,L12,"[1, 2, 3, 4, 5, 6, 7, 8, 9, 10, 11]",0.5,0.0,,,,0.0,0,0
ruler_qa_squad_16k:0161,ruler_qa_squad_16k,L6,L18,"[1, 2, 3, 4, 5, 6, 7, 8, 9, 10, 11]",0.5,0.0,,,,0.0,0,0
ruler_qa_squad_16k:0161,ruler_qa_squad_16k,L6,L24,"[1, 2, 3, 4, 5, 6, 7, 8, 9, 10, 11]",0.5,0.0,,,,0.0,0,0
ruler_qa_squad_16k:0161,ruler_qa_squad_16k,L6,ALL,"[1, 2, 3, 4, 5, 6, 7, 8, 9, 10, 11]",0.5,0.0,,,,0.0,0,0
ruler_qa_squad_16k:0161,ruler_qa_squad_16k,L12,OFF,"[1, 2, 3, 4, 5, 6, 7, 8, 9, 10, 11]",0.5,0.0,,,,0.0,0,0
ruler_qa_squad_16k:0161,ruler_qa_squad_16k,L12,L0,"[1, 2, 3, 4, 5, 6, 7, 8, 9, 10, 11]",0.5,0.0,,,,0.0,0,0
ruler_qa_squad_16k:0161,ruler_qa_squad_16k,L12,L6,"[1, 2, 3, 4, 5, 6, 7, 8, 9, 10, 11]",0.5,0.0,,,,0.0,0,0
ruler_qa_squad_16k:0161,ruler_qa_squad_16k,L12,L18,"[1, 2, 3, 4, 5, 6, 7, 8, 9, 10, 11]",0.5,0.0,,,,0.0,0,0
ruler_qa_squad_16k:0161,ruler_qa_squad_16k,L12,L24,"[1, 2, 3, 4, 5, 6, 7, 8, 9, 10, 11]",0.5,0.0,,,,0.0,0,0
ruler_qa_squad_16k:0161,ruler_qa_squad_16k,L12,ALL,"[1, 2, 3, 4, 5, 6, 7, 8, 9, 10, 11]",0.5,0.0,,,,0.0,0,0
ruler_qa_squad_16k:0161,ruler_qa_squad_16k,L18,OFF,"[1, 2, 3, 4, 5, 6, 7, 8, 9, 10, 11]",0.5,0.0,,,,0.0,0,0
ruler_qa_squad_16k:0161,ruler_qa_squad_16k,L18,L0,"[1, 2, 3, 4, 5, 6, 7, 8, 9, 10, 11]",0.5,0.0,,,,0.0,0,0
ruler_qa_squad_16k:0161,ruler_qa_squad_16k,L18,L6,"[1, 2, 3, 4, 5, 6, 7, 8, 9, 10, 11]",0.5,0.0,,,,0.0,0,0
ruler_qa_squad_16k:0161,ruler_qa_squad_16k,L18,L12,"[1, 2, 3, 4, 5, 6, 7, 8, 9, 10, 11]",0.5,0.0,,,,0.0,0,0
ruler_qa_squad_16k:0161,ruler_qa_squad_16k,L18,L24,"[1, 2, 3, 4, 5, 6, 7, 8, 9, 10, 11]",0.5,0.0,,,,0.0,0,0
ruler_qa_squad_16k:0161,ruler_qa_squad_16k,L18,ALL,"[1, 2, 3, 4, 5, 6, 7, 8, 9, 10, 11]",0.5,0.0,,,,0.0,0,0
ruler_qa_squad_16k:0161,ruler_qa_squad_16k,L24,OFF,"[1, 2, 3, 4, 5, 6, 7, 8, 9, 10, 11]",0.5,0.0,,,,0.0,0,0
ruler_qa_squad_16k:0161,ruler_qa_squad_16k,L24,L0,"[1, 2, 3, 4, 5, 6, 7, 8, 9, 10, 11]",0.5,0.0,,,,0.0,0,0
ruler_qa_squad_16k:0161,ruler_qa_squad_16k,L24,L6,"[1, 2, 3, 4, 5, 6, 7, 8, 9, 10, 11]",0.5,0.0,,,,0.0,0,0
ruler_qa_squad_16k:0161,ruler_qa_squad_16k,L24,L12,"[1, 2, 3, 4, 5, 6, 7, 8, 9, 10, 11]",0.5,0.0,,,,0.0,0,0
ruler_qa_squad_16k:0161,ruler_qa_squad_16k,L24,L18,"[1, 2, 3, 4, 5, 6, 7, 8, 9, 10, 11]",0.5,0.0,,,,0.0,0,0
ruler_qa_squad_16k:0161,ruler_qa_squad_16k,L24,ALL,"[1, 2, 3, 4, 5, 6, 7, 8, 9, 10, 11]",0.5,0.0,,,,0.0,0,0
ruler_qa_squad_16k:0161,ruler_qa_squad_16k,ALL,OFF,"[1, 2, 3, 4, 5, 6, 7, 8, 9, 10, 11]",0.5,0.0,,,,0.0,0,0
ruler_qa_squad_16k:0161,ruler_qa_squad_16k,ALL,L0,"[1, 2, 3, 4, 5, 6, 7, 8, 9, 10, 11]",0.5,0.0,,,,0.0,0,0
ruler_qa_squad_16k:0161,ruler_qa_squad_16k,ALL,L6,"[1, 2, 3, 4, 5, 6, 7, 8, 9, 10, 11]",0.5,0.0,,,,0.0,0,0
ruler_qa_squad_16k:0161,ruler_qa_squad_16k,ALL,L12,"[1, 2, 3, 4, 5, 6, 7, 8, 9, 10, 11]",0.5,0.0,,,,0.0,0,0
ruler_qa_squad_16k:0161,ruler_qa_squad_16k,ALL,L18,"[1, 2, 3, 4, 5, 6, 7, 8, 9, 10, 11]",0.5,0.0,,,,0.0,0,0
ruler_qa_squad_16k:0161,ruler_qa_squad_16k,ALL,L24,"[1, 2, 3, 4, 5, 6, 7, 8, 9, 10, 11]",0.5,0.0,,,,0.0,0,0
ruler_qa_squad_16k:0172,ruler_qa_squad_16k,OFF,L0,"[1, 2, 3, 4, 5, 6, 7, 8, 9, 10, 11]",0.5,0.0,,,,0.0,0,0
ruler_qa_squad_16k:0172,ruler_qa_squad_16k,OFF,L6,"[1, 2, 3, 4, 5, 6, 7, 8, 9, 10, 11]",0.5,0.0,,,,0.0,0,0
ruler_qa_squad_16k:0172,ruler_qa_squad_16k,OFF,L12,"[1, 2, 3, 4, 5, 6, 7, 8, 9, 10, 11]",0.5,0.0,,,,0.0,0,0
ruler_qa_squad_16k:0172,ruler_qa_squad_16k,OFF,L18,"[1, 2, 3, 4, 5, 6, 7, 8, 9, 10, 11]",0.5,0.0,,,,0.0,0,0
ruler_qa_squad_16k:0172,ruler_qa_squad_16k,OFF,L24,"[1, 2, 3, 4, 5, 6, 7, 8, 9, 10, 11]",0.5,0.0,,,,0.0,0,0
ruler_qa_squad_16k:0172,ruler_qa_squad_16k,OFF,ALL,"[1, 2, 3, 4, 5, 6, 7, 8, 9, 10, 11]",0.5,0.0,,,,0.0,0,0
ruler_qa_squad_16k:0172,ruler_qa_squad_16k,L0,OFF,"[1, 2, 3, 4, 5, 6, 7, 8, 9, 10, 11]",0.5,0.0,,,,0.0,0,0
ruler_qa_squad_16k:0172,ruler_qa_squad_16k,L0,L6,"[1, 2, 3, 4, 5, 6, 7, 8, 9, 10, 11]",0.5,0.0,,,,0.0,0,0
ruler_qa_squad_16k:0172,ruler_qa_squad_16k,L0,L12,"[1, 2, 3, 4, 5, 6, 7, 8, 9, 10, 11]",0.5,0.0,,,,0.0,0,0
ruler_qa_squad_16k:0172,ruler_qa_squad_16k,L0,L18,"[1, 2, 3, 4, 5, 6, 7, 8, 9, 10, 11]",0.5,0.0,,,,0.0,0,0
ruler_qa_squad_16k:0172,ruler_qa_squad_16k,L0,L24,"[1, 2, 3, 4, 5, 6, 7, 8, 9, 10, 11]",0.5,0.0,,,,0.0,0,0
ruler_qa_squad_16k:0172,ruler_qa_squad_16k,L0,ALL,"[1, 2, 3, 4, 5, 6, 7, 8, 9, 10, 11]",0.5,0.0,,,,0.0,0,0
ruler_qa_squad_16k:0172,ruler_qa_squad_16k,L6,OFF,"[1, 2, 3, 4, 5, 6, 7, 8, 9, 10, 11]",0.5,0.0,,,,0.0,0,0
ruler_qa_squad_16k:0172,ruler_qa_squad_16k,L6,L0,"[8, 11]",0.7916666666666666,0.0,0.6666666666666666,0.9166666666666666,0.25,0.0,2,2
ruler_qa_squad_16k:0172,ruler_qa_squad_16k,L6,L12,"[1, 2, 3, 4, 5, 6, 7, 8, 9, 10, 11]",0.5,0.0,,,,0.0,0,0
ruler_qa_squad_16k:0172,ruler_qa_squad_16k,L6,L18,"[1, 2, 3, 4, 5, 6, 7, 8, 9, 10, 11]",0.5,0.0,,,,0.0,0,0
ruler_qa_squad_16k:0172,ruler_qa_squad_16k,L6,L24,"[1, 2, 3, 4, 5, 6, 7, 8, 9, 10, 11]",0.5,0.0,,,,0.0,0,0
ruler_qa_squad_16k:0172,ruler_qa_squad_16k,L6,ALL,"[8, 9, 10, 11]",0.7916666666666666,0.0,0.6666666666666666,0.9166666666666666,0.25,0.25,4,4
ruler_qa_squad_16k:0172,ruler_qa_squad_16k,L12,OFF,"[1, 2, 3, 4, 5, 6, 7, 8, 9, 10, 11]",0.5,0.0,,,,0.0,0,0
ruler_qa_squad_16k:0172,ruler_qa_squad_16k,L12,L0,"[1, 2, 3, 4, 5, 6, 7, 8, 9, 10, 11]",0.5,0.0,,,,0.0,0,0
ruler_qa_squad_16k:0172,ruler_qa_squad_16k,L12,L6,"[1, 2, 3, 4, 5, 6, 7, 8, 9, 10, 11]",0.5,0.0,,,,0.0,0,0
ruler_qa_squad_16k:0172,ruler_qa_squad_16k,L12,L18,"[1, 2, 3, 4, 5, 6, 7, 8, 9, 10, 11]",0.5,0.0,,,,0.0,0,0
ruler_qa_squad_16k:0172,ruler_qa_squad_16k,L12,L24,"[1, 2, 3, 4, 5, 6, 7, 8, 9, 10, 11]",0.5,0.0,,,,0.0,0,0
ruler_qa_squad_16k:0172,ruler_qa_squad_16k,L12,ALL,"[1, 2, 3, 4, 5, 6, 7, 8, 9, 10, 11]",0.5,0.0,,,,0.0,0,0
ruler_qa_squad_16k:0172,ruler_qa_squad_16k,L18,OFF,"[1, 2, 3, 4, 5, 6, 7, 8, 9, 10, 11]",0.5,0.0,,,,0.0,0,0
ruler_qa_squad_16k:0172,ruler_qa_squad_16k,L18,L0,"[1, 2, 3, 4, 5, 6, 7, 8, 9, 10, 11]",0.5,0.0,,,,0.0,0,0
ruler_qa_squad_16k:0172,ruler_qa_squad_16k,L18,L6,"[1, 2, 3, 4, 5, 6, 7, 8, 9, 10, 11]",0.5,0.0,,,,0.0,0,0
ruler_qa_squad_16k:0172,ruler_qa_squad_16k,L18,L12,"[1, 2, 3, 4, 5, 6, 7, 8, 9, 10, 11]",0.5,0.0,,,,0.0,0,0
ruler_qa_squad_16k:0172,ruler_qa_squad_16k,L18,L24,"[1, 2, 3, 4, 5, 6, 7, 8, 9, 10, 11]",0.5,0.0,,,,0.0,0,0
ruler_qa_squad_16k:0172,ruler_qa_squad_16k,L18,ALL,"[1, 2, 3, 4, 5, 6, 7, 8, 9, 10, 11]",0.5,0.0,,,,0.0,0,0
ruler_qa_squad_16k:0172,ruler_qa_squad_16k,L24,OFF,"[1, 2, 3, 4, 5, 6, 7, 8, 9, 10, 11]",0.5,0.0,,,,0.0,0,0
ruler_qa_squad_16k:0172,ruler_qa_squad_16k,L24,L0,"[1, 2, 3, 4, 5, 6, 7, 8, 9, 10, 11]",0.5,0.0,,,,0.0,0,0
ruler_qa_squad_16k:0172,ruler_qa_squad_16k,L24,L6,"[1, 2, 3, 4, 5, 6, 7, 8, 9, 10, 11]",0.5,0.0,,,,0.0,0,0
ruler_qa_squad_16k:0172,ruler_qa_squad_16k,L24,L12,"[1, 2, 3, 4, 5, 6, 7, 8, 9, 10, 11]",0.5,0.0,,,,0.0,0,0
ruler_qa_squad_16k:0172,ruler_qa_squad_16k,L24,L18,"[1, 2, 3, 4, 5, 6, 7, 8, 9, 10, 11]",0.5,0.0,,,,0.0,0,0
ruler_qa_squad_16k:0172,ruler_qa_squad_16k,L24,ALL,"[1, 2, 3, 4, 5, 6, 7, 8, 9, 10, 11]",0.5,0.0,,,,0.0,0,0
ruler_qa_squad_16k:0172,ruler_qa_squad_16k,ALL,OFF,"[1, 2, 3, 4, 5, 6, 7, 8, 9, 10, 11]",0.5,0.0,,,,0.0,0,0
ruler_qa_squad_16k:0172,ruler_qa_squad_16k,ALL,L0,"[1, 2, 3, 4, 5, 6, 7, 8, 9, 10, 11]",0.5,0.0,,,,0.0,0,0
ruler_qa_squad_16k:0172,ruler_qa_squad_16k,ALL,L6,[1],0.08333333333333333,1.0,0.08333333333333333,0.08333333333333333,0.0,0.0,1,1
ruler_qa_squad_16k:0172,ruler_qa_squad_16k,ALL,L12,"[1, 2, 3, 4, 5, 6, 7, 8, 9, 10, 11]",0.5,0.0,,,,0.0,0,0
ruler_qa_squad_16k:0172,ruler_qa_squad_16k,ALL,L18,"[1, 2, 3, 4, 5, 6, 7, 8, 9, 10, 11]",0.5,0.0,,,,0.0,0,0
ruler_qa_squad_16k:0172,ruler_qa_squad_16k,ALL,L24,"[1, 2, 3, 4, 5, 6, 7, 8, 9, 10, 11]",0.5,0.0,,,,0.0,0,0
ruler_qa_squad_16k:0184,ruler_qa_squad_16k,OFF,L0,"[1, 2, 3, 4, 5, 6, 7, 8, 9, 10, 11]",0.5,0.0,,,,0.0,0,0
ruler_qa_squad_16k:0184,ruler_qa_squad_16k,OFF,L6,"[1, 2, 3, 4, 5, 6, 7, 8, 9, 10, 11]",0.5,0.0,,,,0.0,0,0
ruler_qa_squad_16k:0184,ruler_qa_squad_16k,OFF,L12,"[1, 2, 3, 4, 5, 6, 7, 8, 9, 10, 11]",0.5,0.0,,,,0.0,0,0
ruler_qa_squad_16k:0184,ruler_qa_squad_16k,OFF,L18,"[1, 2, 3, 4, 5, 6, 7, 8, 9, 10, 11]",0.5,0.0,,,,0.0,0,0
ruler_qa_squad_16k:0184,ruler_qa_squad_16k,OFF,L24,"[1, 2, 3, 4, 5, 6, 7, 8, 9, 10, 11]",0.5,0.0,,,,0.0,0,0
ruler_qa_squad_16k:0184,ruler_qa_squad_16k,OFF,ALL,"[1, 2, 3, 4, 5, 6, 7, 8, 9, 10, 11]",0.5,0.0,,,,0.0,0,0
ruler_qa_squad_16k:0184,ruler_qa_squad_16k,L0,OFF,[3],0.25,1.0,0.25,0.25,0.0,0.0,1,1
ruler_qa_squad_16k:0184,ruler_qa_squad_16k,L0,L6,"[1, 2, 3, 4, 5, 6, 7, 8, 9, 10, 11]",0.5,0.0,,,,0.0,0,0
ruler_qa_squad_16k:0184,ruler_qa_squad_16k,L0,L12,"[1, 2, 3, 4, 5, 6, 7, 8, 9, 10, 11]",0.5,0.0,,,,0.0,0,0
ruler_qa_squad_16k:0184,ruler_qa_squad_16k,L0,L18,"[3, 4]",0.2916666666666667,0.0,0.25,0.3333333333333333,0.08333333333333333,0.08333333333333333,2,2
ruler_qa_squad_16k:0184,ruler_qa_squad_16k,L0,L24,"[1, 2, 3, 4, 5, 6, 7, 8, 9, 10, 11]",0.5,0.0,,,,0.0,0,0
ruler_qa_squad_16k:0184,ruler_qa_squad_16k,L0,ALL,"[1, 2, 3, 4, 5, 6, 7, 8, 9, 10, 11]",0.5,0.0,,,,0.0,0,0
ruler_qa_squad_16k:0184,ruler_qa_squad_16k,L6,OFF,"[1, 2, 3, 4, 5, 6, 7, 8, 9, 10, 11]",0.5,0.0,,,,0.0,0,0
ruler_qa_squad_16k:0184,ruler_qa_squad_16k,L6,L0,"[1, 2, 3, 4, 5, 6, 7, 8, 9, 10, 11]",0.5,0.0,,,,0.0,0,0
ruler_qa_squad_16k:0184,ruler_qa_squad_16k,L6,L12,"[1, 2, 3, 4, 5, 6, 7, 8, 9, 10, 11]",0.5,0.0,,,,0.0,0,0
ruler_qa_squad_16k:0184,ruler_qa_squad_16k,L6,L18,"[1, 2, 3, 4, 5, 6, 7, 8, 9, 10, 11]",0.5,0.0,,,,0.0,0,0
ruler_qa_squad_16k:0184,ruler_qa_squad_16k,L6,L24,"[1, 2, 3, 4, 5, 6, 7, 8, 9, 10, 11]",0.5,0.0,,,,0.0,0,0
ruler_qa_squad_16k:0184,ruler_qa_squad_16k,L6,ALL,"[3, 8]",0.4583333333333333,0.0,0.25,0.6666666666666666,0.4166666666666667,0.0,2,2
ruler_qa_squad_16k:0184,ruler_qa_squad_16k,L12,OFF,"[1, 2, 3, 4, 5, 6, 7, 8, 9, 10, 11]",0.5,0.0,,,,0.0,0,0
ruler_qa_squad_16k:0184,ruler_qa_squad_16k,L12,L0,[3],0.25,1.0,0.25,0.25,0.0,0.0,1,1
ruler_qa_squad_16k:0184,ruler_qa_squad_16k,L12,L6,"[1, 2, 3, 4, 5, 6, 7, 8, 9, 10, 11]",0.5,0.0,,,,0.0,0,0
ruler_qa_squad_16k:0184,ruler_qa_squad_16k,L12,L18,"[1, 2, 3, 4, 5, 6, 7, 8, 9, 10, 11]",0.5,0.0,,,,0.0,0,0
ruler_qa_squad_16k:0184,ruler_qa_squad_16k,L12,L24,"[1, 2, 3, 4, 5, 6, 7, 8, 9, 10, 11]",0.5,0.0,,,,0.0,0,0
ruler_qa_squad_16k:0184,ruler_qa_squad_16k,L12,ALL,"[1, 2, 3, 4, 5, 6, 7, 8, 9, 10, 11]",0.5,0.0,,,,0.0,0,0
ruler_qa_squad_16k:0184,ruler_qa_squad_16k,L18,OFF,"[1, 2, 3, 4, 5, 6, 7, 8, 9, 10, 11]",0.5,0.0,,,,0.0,0,0
ruler_qa_squad_16k:0184,ruler_qa_squad_16k,L18,L0,"[1, 2, 3, 4, 5, 6, 7, 8, 9, 10, 11]",0.5,0.0,,,,0.0,0,0
ruler_qa_squad_16k:0184,ruler_qa_squad_16k,L18,L6,"[1, 2, 3, 4, 5, 6, 7, 8, 9, 10, 11]",0.5,0.0,,,,0.0,0,0
ruler_qa_squad_16k:0184,ruler_qa_squad_16k,L18,L12,"[1, 2, 3, 4, 5, 6, 7, 8, 9, 10, 11]",0.5,0.0,,,,0.0,0,0
ruler_qa_squad_16k:0184,ruler_qa_squad_16k,L18,L24,"[1, 2, 3, 4, 5, 6, 7, 8, 9, 10, 11]",0.5,0.0,,,,0.0,0,0
ruler_qa_squad_16k:0184,ruler_qa_squad_16k,L18,ALL,"[1, 2, 3, 4, 5, 6, 7, 8, 9, 10, 11]",0.5,0.0,,,,0.0,0,0
ruler_qa_squad_16k:0184,ruler_qa_squad_16k,L24,OFF,"[1, 2, 3, 4, 5, 6, 7, 8, 9, 10, 11]",0.5,0.0,,,,0.0,0,0
ruler_qa_squad_16k:0184,ruler_qa_squad_16k,L24,L0,"[1, 2, 3, 4, 5, 6, 7, 8, 9, 10, 11]",0.5,0.0,,,,0.0,0,0
ruler_qa_squad_16k:0184,ruler_qa_squad_16k,L24,L6,"[1, 2, 3, 4, 5, 6, 7, 8, 9, 10, 11]",0.5,0.0,,,,0.0,0,0
ruler_qa_squad_16k:0184,ruler_qa_squad_16k,L24,L12,"[1, 2, 3, 4, 5, 6, 7, 8, 9, 10, 11]",0.5,0.0,,,,0.0,0,0
ruler_qa_squad_16k:0184,ruler_qa_squad_16k,L24,L18,"[1, 2, 3, 4, 5, 6, 7, 8, 9, 10, 11]",0.5,0.0,,,,0.0,0,0
ruler_qa_squad_16k:0184,ruler_qa_squad_16k,L24,ALL,"[1, 2, 3, 4, 5, 6, 7, 8, 9, 10, 11]",0.5,0.0,,,,0.0,0,0
ruler_qa_squad_16k:0184,ruler_qa_squad_16k,ALL,OFF,"[3, 4, 7]",0.3888888888888889,0.0,0.25,0.5833333333333334,0.3333333333333333,0.08333333333333333,3,3
ruler_qa_squad_16k:0184,ruler_qa_squad_16k,ALL,L0,[2],0.16666666666666666,1.0,0.16666666666666666,0.16666666666666666,0.0,0.0,1,1
ruler_qa_squad_16k:0184,ruler_qa_squad_16k,ALL,L6,"[4, 5, 6]",0.4166666666666667,0.0,0.3333333333333333,0.5,0.16666666666666666,0.16666666666666666,3,3
ruler_qa_squad_16k:0184,ruler_qa_squad_16k,ALL,L12,"[3, 4, 7]",0.3888888888888889,0.0,0.25,0.5833333333333334,0.3333333333333333,0.08333333333333333,3,3
ruler_qa_squad_16k:0184,ruler_qa_squad_16k,ALL,L18,"[4, 7]",0.4583333333333333,0.0,0.3333333333333333,0.5833333333333334,0.25,0.0,2,2
ruler_qa_squad_16k:0184,ruler_qa_squad_16k,ALL,L24,"[3, 4, 7, 8]",0.4583333333333333,0.0,0.25,0.6666666666666666,0.4166666666666667,0.08333333333333333,4,4
ruler_qa_squad_16k:0305,ruler_qa_squad_16k,OFF,L0,"[1, 2, 3, 4, 5, 6, 7, 8, 9, 10, 11]",0.5,0.0,,,,0.0,0,0
ruler_qa_squad_16k:0305,ruler_qa_squad_16k,OFF,L6,"[1, 2, 3, 4, 5, 6, 7, 8, 9, 10, 11]",0.5,0.0,,,,0.0,0,0
ruler_qa_squad_16k:0305,ruler_qa_squad_16k,OFF,L12,"[1, 2, 3, 4, 5, 6, 7, 8, 9, 10, 11]",0.5,0.0,,,,0.0,0,0
ruler_qa_squad_16k:0305,ruler_qa_squad_16k,OFF,L18,"[1, 2, 3, 4, 5, 6, 7, 8, 9, 10, 11]",0.5,0.0,,,,0.0,0,0
ruler_qa_squad_16k:0305,ruler_qa_squad_16k,OFF,L24,"[1, 2, 3, 4, 5, 6, 7, 8, 9, 10, 11]",0.5,0.0,,,,0.0,0,0
ruler_qa_squad_16k:0305,ruler_qa_squad_16k,OFF,ALL,[6],0.5,1.0,0.5,0.5,0.0,0.0,1,1
ruler_qa_squad_16k:0305,ruler_qa_squad_16k,L0,OFF,"[1, 2, 3, 4, 5, 6, 7, 8, 9, 10, 11]",0.5,0.0,,,,0.0,0,0
ruler_qa_squad_16k:0305,ruler_qa_squad_16k,L0,L6,"[1, 2, 3, 4, 5, 6, 7, 8, 9, 10, 11]",0.5,0.0,,,,0.0,0,0
ruler_qa_squad_16k:0305,ruler_qa_squad_16k,L0,L12,"[1, 2, 3, 4, 5, 6, 7, 8, 9, 10, 11]",0.5,0.0,,,,0.0,0,0
ruler_qa_squad_16k:0305,ruler_qa_squad_16k,L0,L18,"[1, 2, 3, 4, 5, 6, 7, 8, 9, 10, 11]",0.5,0.0,,,,0.0,0,0
ruler_qa_squad_16k:0305,ruler_qa_squad_16k,L0,L24,"[1, 2, 3, 4, 5, 6, 7, 8, 9, 10, 11]",0.5,0.0,,,,0.0,0,0
ruler_qa_squad_16k:0305,ruler_qa_squad_16k,L0,ALL,"[1, 2, 3, 4, 5, 6, 7, 8, 9, 10, 11]",0.5,0.0,,,,0.0,0,0
ruler_qa_squad_16k:0305,ruler_qa_squad_16k,L6,OFF,"[1, 2, 3, 4, 5, 6, 7, 8, 9, 10, 11]",0.5,0.0,,,,0.0,0,0
ruler_qa_squad_16k:0305,ruler_qa_squad_16k,L6,L0,"[1, 2, 3, 4, 5, 6, 7, 8, 9, 10, 11]",0.5,0.0,,,,0.0,0,0
ruler_qa_squad_16k:0305,ruler_qa_squad_16k,L6,L12,"[1, 2, 3, 4, 5, 6, 7, 8, 9, 10, 11]",0.5,0.0,,,,0.0,0,0
ruler_qa_squad_16k:0305,ruler_qa_squad_16k,L6,L18,"[1, 2, 3, 4, 5, 6, 7, 8, 9, 10, 11]",0.5,0.0,,,,0.0,0,0
ruler_qa_squad_16k:0305,ruler_qa_squad_16k,L6,L24,"[1, 2, 3, 4, 5, 6, 7, 8, 9, 10, 11]",0.5,0.0,,,,0.0,0,0
ruler_qa_squad_16k:0305,ruler_qa_squad_16k,L6,ALL,"[1, 2, 3, 4, 5, 6, 7, 8, 9, 10, 11]",0.5,0.0,,,,0.0,0,0
ruler_qa_squad_16k:0305,ruler_qa_squad_16k,L12,OFF,"[1, 2, 3, 4, 5, 6, 7, 8, 9, 10, 11]",0.5,0.0,,,,0.0,0,0
ruler_qa_squad_16k:0305,ruler_qa_squad_16k,L12,L0,"[1, 2, 3, 4, 5, 6, 7, 8, 9, 10, 11]",0.5,0.0,,,,0.0,0,0
ruler_qa_squad_16k:0305,ruler_qa_squad_16k,L12,L6,"[1, 2, 3, 4, 5, 6, 7, 8, 9, 10, 11]",0.5,0.0,,,,0.0,0,0
ruler_qa_squad_16k:0305,ruler_qa_squad_16k,L12,L18,"[1, 2, 3, 4, 5, 6, 7, 8, 9, 10, 11]",0.5,0.0,,,,0.0,0,0
ruler_qa_squad_16k:0305,ruler_qa_squad_16k,L12,L24,"[1, 2, 3, 4, 5, 6, 7, 8, 9, 10, 11]",0.5,0.0,,,,0.0,0,0
ruler_qa_squad_16k:0305,ruler_qa_squad_16k,L12,ALL,"[1, 2, 3, 4, 5, 6, 7, 8, 9, 10, 11]",0.5,0.0,,,,0.0,0,0
ruler_qa_squad_16k:0305,ruler_qa_squad_16k,L18,OFF,"[1, 2, 3, 4, 5, 6, 7, 8, 9, 10, 11]",0.5,0.0,,,,0.0,0,0
ruler_qa_squad_16k:0305,ruler_qa_squad_16k,L18,L0,"[1, 2, 3, 4, 5, 6, 7, 8, 9, 10, 11]",0.5,0.0,,,,0.0,0,0
ruler_qa_squad_16k:0305,ruler_qa_squad_16k,L18,L6,"[1, 2, 3, 4, 5, 6, 7, 8, 9, 10, 11]",0.5,0.0,,,,0.0,0,0
ruler_qa_squad_16k:0305,ruler_qa_squad_16k,L18,L12,"[1, 2, 3, 4, 5, 6, 7, 8, 9, 10, 11]",0.5,0.0,,,,0.0,0,0
ruler_qa_squad_16k:0305,ruler_qa_squad_16k,L18,L24,"[1, 2, 3, 4, 5, 6, 7, 8, 9, 10, 11]",0.5,0.0,,,,0.0,0,0
ruler_qa_squad_16k:0305,ruler_qa_squad_16k,L18,ALL,"[1, 2, 3, 4, 5, 6, 7, 8, 9, 10, 11]",0.5,0.0,,,,0.0,0,0
ruler_qa_squad_16k:0305,ruler_qa_squad_16k,L24,OFF,"[1, 2, 3, 4, 5, 6, 7, 8, 9, 10, 11]",0.5,0.0,,,,0.0,0,0
ruler_qa_squad_16k:0305,ruler_qa_squad_16k,L24,L0,"[1, 2, 3, 4, 5, 6, 7, 8, 9, 10, 11]",0.5,0.0,,,,0.0,0,0
ruler_qa_squad_16k:0305,ruler_qa_squad_16k,L24,L6,"[1, 2, 3, 4, 5, 6, 7, 8, 9, 10, 11]",0.5,0.0,,,,0.0,0,0
ruler_qa_squad_16k:0305,ruler_qa_squad_16k,L24,L12,"[1, 2, 3, 4, 5, 6, 7, 8, 9, 10, 11]",0.5,0.0,,,,0.0,0,0
ruler_qa_squad_16k:0305,ruler_qa_squad_16k,L24,L18,"[1, 2, 3, 4, 5, 6, 7, 8, 9, 10, 11]",0.5,0.0,,,,0.0,0,0
ruler_qa_squad_16k:0305,ruler_qa_squad_16k,L24,ALL,[6],0.5,1.0,0.5,0.5,0.0,0.0,1,1
ruler_qa_squad_16k:0305,ruler_qa_squad_16k,ALL,OFF,"[1, 2, 3, 4, 5, 6, 7, 8, 9, 10, 11]",0.5,0.0,,,,0.0,0,0
ruler_qa_squad_16k:0305,ruler_qa_squad_16k,ALL,L0,"[1, 2, 3, 4, 5, 6, 7, 8, 9, 10, 11]",0.5,0.0,,,,0.0,0,0
ruler_qa_squad_16k:0305,ruler_qa_squad_16k,ALL,L6,"[1, 2, 3, 4, 5, 6, 7, 8, 9, 10, 11]",0.5,0.0,,,,0.0,0,0
ruler_qa_squad_16k:0305,ruler_qa_squad_16k,ALL,L12,"[1, 2, 3, 4, 5, 6, 7, 8, 9, 10, 11]",0.5,0.0,,,,0.0,0,0
ruler_qa_squad_16k:0305,ruler_qa_squad_16k,ALL,L18,"[1, 2, 3, 4, 5, 6, 7, 8, 9, 10, 11]",0.5,0.0,,,,0.0,0,0
ruler_qa_squad_16k:0305,ruler_qa_squad_16k,ALL,L24,"[1, 2, 3, 4, 5, 6, 7, 8, 9, 10, 11]",0.5,0.0,,,,0.0,0,0
ruler_qa_squad_16k:0363,ruler_qa_squad_16k,OFF,L0,"[1, 2, 3, 4, 5, 6, 7, 8, 9, 10, 11, 12]",0.5,0.0,,,,0.0,0,0
ruler_qa_squad_16k:0363,ruler_qa_squad_16k,OFF,L6,"[1, 2, 3, 4, 5, 6, 7, 8, 9, 10, 11, 12]",0.5,0.0,,,,0.0,0,0
ruler_qa_squad_16k:0363,ruler_qa_squad_16k,OFF,L12,"[1, 2, 3, 4, 5, 6, 7, 8, 9, 10, 11, 12]",0.5,0.0,,,,0.0,0,0
ruler_qa_squad_16k:0363,ruler_qa_squad_16k,OFF,L18,"[1, 2, 3, 4, 5, 6, 7, 8, 9, 10, 11, 12]",0.5,0.0,,,,0.0,0,0
ruler_qa_squad_16k:0363,ruler_qa_squad_16k,OFF,L24,"[1, 2, 3, 4, 5, 6, 7, 8, 9, 10, 11, 12]",0.5,0.0,,,,0.0,0,0
ruler_qa_squad_16k:0363,ruler_qa_squad_16k,OFF,ALL,"[1, 2, 3, 4, 5, 6, 7, 8, 9, 10, 11, 12]",0.5,0.0,,,,0.0,0,0
ruler_qa_squad_16k:0363,ruler_qa_squad_16k,L0,OFF,"[1, 2, 3, 4, 5, 6, 7, 8, 9, 10, 11, 12]",0.5,0.0,,,,0.0,0,0
ruler_qa_squad_16k:0363,ruler_qa_squad_16k,L0,L6,"[1, 2, 3, 4, 5, 6, 7, 8, 9, 10, 11, 12]",0.5,0.0,,,,0.0,0,0
ruler_qa_squad_16k:0363,ruler_qa_squad_16k,L0,L12,"[1, 2, 3, 4, 5, 6, 7, 8, 9, 10, 11, 12]",0.5,0.0,,,,0.0,0,0
ruler_qa_squad_16k:0363,ruler_qa_squad_16k,L0,L18,"[1, 2, 3, 4, 5, 6, 7, 8, 9, 10, 11, 12]",0.5,0.0,,,,0.0,0,0
ruler_qa_squad_16k:0363,ruler_qa_squad_16k,L0,L24,"[1, 2, 3, 4, 5, 6, 7, 8, 9, 10, 11, 12]",0.5,0.0,,,,0.0,0,0
ruler_qa_squad_16k:0363,ruler_qa_squad_16k,L0,ALL,"[1, 2, 3, 4, 5, 6, 7, 8, 9, 10, 11, 12]",0.5,0.0,,,,0.0,0,0
ruler_qa_squad_16k:0363,ruler_qa_squad_16k,L6,OFF,"[1, 2, 3, 4, 5, 6, 7, 8, 9, 10, 11, 12]",0.5,0.0,,,,0.0,0,0
ruler_qa_squad_16k:0363,ruler_qa_squad_16k,L6,L0,"[1, 2, 3, 4, 5, 6, 7, 8, 9, 10, 11, 12]",0.5,0.0,,,,0.0,0,0
ruler_qa_squad_16k:0363,ruler_qa_squad_16k,L6,L12,"[1, 2, 3, 4, 5, 6, 7, 8, 9, 10, 11, 12]",0.5,0.0,,,,0.0,0,0
ruler_qa_squad_16k:0363,ruler_qa_squad_16k,L6,L18,"[1, 2, 3, 4, 5, 6, 7, 8, 9, 10, 11, 12]",0.5,0.0,,,,0.0,0,0
ruler_qa_squad_16k:0363,ruler_qa_squad_16k,L6,L24,"[1, 2, 3, 4, 5, 6, 7, 8, 9, 10, 11, 12]",0.5,0.0,,,,0.0,0,0
ruler_qa_squad_16k:0363,ruler_qa_squad_16k,L6,ALL,"[1, 2, 3, 4, 5, 6, 7, 8, 9, 10, 11, 12]",0.5,0.0,,,,0.0,0,0
ruler_qa_squad_16k:0363,ruler_qa_squad_16k,L12,OFF,"[1, 2, 3, 4, 5, 6, 7, 8, 9, 10, 11, 12]",0.5,0.0,,,,0.0,0,0
ruler_qa_squad_16k:0363,ruler_qa_squad_16k,L12,L0,"[1, 2, 3, 4, 5, 6, 7, 8, 9, 10, 11, 12]",0.5,0.0,,,,0.0,0,0
ruler_qa_squad_16k:0363,ruler_qa_squad_16k,L12,L6,"[1, 2, 3, 4, 5, 6, 7, 8, 9, 10, 11, 12]",0.5,0.0,,,,0.0,0,0
ruler_qa_squad_16k:0363,ruler_qa_squad_16k,L12,L18,"[1, 2, 3, 4, 5, 6, 7, 8, 9, 10, 11, 12]",0.5,0.0,,,,0.0,0,0
ruler_qa_squad_16k:0363,ruler_qa_squad_16k,L12,L24,"[1, 2, 3, 4, 5, 6, 7, 8, 9, 10, 11, 12]",0.5,0.0,,,,0.0,0,0
ruler_qa_squad_16k:0363,ruler_qa_squad_16k,L12,ALL,"[1, 2, 3, 4, 5, 6, 7, 8, 9, 10, 11, 12]",0.5,0.0,,,,0.0,0,0
ruler_qa_squad_16k:0363,ruler_qa_squad_16k,L18,OFF,"[1, 2, 3, 4, 5, 6, 7, 8, 9, 10, 11, 12]",0.5,0.0,,,,0.0,0,0
ruler_qa_squad_16k:0363,ruler_qa_squad_16k,L18,L0,"[1, 2, 3, 4, 5, 6, 7, 8, 9, 10, 11, 12]",0.5,0.0,,,,0.0,0,0
ruler_qa_squad_16k:0363,ruler_qa_squad_16k,L18,L6,"[1, 2, 3, 4, 5, 6, 7, 8, 9, 10, 11, 12]",0.5,0.0,,,,0.0,0,0
ruler_qa_squad_16k:0363,ruler_qa_squad_16k,L18,L12,"[1, 2, 3, 4, 5, 6, 7, 8, 9, 10, 11, 12]",0.5,0.0,,,,0.0,0,0
ruler_qa_squad_16k:0363,ruler_qa_squad_16k,L18,L24,"[1, 2, 3, 4, 5, 6, 7, 8, 9, 10, 11, 12]",0.5,0.0,,,,0.0,0,0
ruler_qa_squad_16k:0363,ruler_qa_squad_16k,L18,ALL,"[1, 2, 3, 4, 5, 6, 7, 8, 9, 10, 11, 12]",0.5,0.0,,,,0.0,0,0
ruler_qa_squad_16k:0363,ruler_qa_squad_16k,L24,OFF,"[1, 2, 3, 4, 5, 6, 7, 8, 9, 10, 11, 12]",0.5,0.0,,,,0.0,0,0
ruler_qa_squad_16k:0363,ruler_qa_squad_16k,L24,L0,"[1, 2, 3, 4, 5, 6, 7, 8, 9, 10, 11, 12]",0.5,0.0,,,,0.0,0,0
ruler_qa_squad_16k:0363,ruler_qa_squad_16k,L24,L6,"[1, 2, 3, 4, 5, 6, 7, 8, 9, 10, 11, 12]",0.5,0.0,,,,0.0,0,0
ruler_qa_squad_16k:0363,ruler_qa_squad_16k,L24,L12,"[1, 2, 3, 4, 5, 6, 7, 8, 9, 10, 11, 12]",0.5,0.0,,,,0.0,0,0
ruler_qa_squad_16k:0363,ruler_qa_squad_16k,L24,L18,"[1, 2, 3, 4, 5, 6, 7, 8, 9, 10, 11, 12]",0.5,0.0,,,,0.0,0,0
ruler_qa_squad_16k:0363,ruler_qa_squad_16k,L24,ALL,"[1, 2, 3, 4, 5, 6, 7, 8, 9, 10, 11, 12]",0.5,0.0,,,,0.0,0,0
ruler_qa_squad_16k:0363,ruler_qa_squad_16k,ALL,OFF,"[1, 2, 3, 4, 5, 6, 7, 8, 9, 10, 11, 12]",0.5,0.0,,,,0.0,0,0
ruler_qa_squad_16k:0363,ruler_qa_squad_16k,ALL,L0,"[1, 2, 3, 4, 5, 6, 7, 8, 9, 10, 11, 12]",0.5,0.0,,,,0.0,0,0
ruler_qa_squad_16k:0363,ruler_qa_squad_16k,ALL,L6,"[1, 2, 3, 4, 5, 6, 7, 8, 9, 10, 11, 12]",0.5,0.0,,,,0.0,0,0
ruler_qa_squad_16k:0363,ruler_qa_squad_16k,ALL,L12,"[1, 2, 3, 4, 5, 6, 7, 8, 9, 10, 11, 12]",0.5,0.0,,,,0.0,0,0
ruler_qa_squad_16k:0363,ruler_qa_squad_16k,ALL,L18,"[1, 2, 3, 4, 5, 6, 7, 8, 9, 10, 11, 12]",0.5,0.0,,,,0.0,0,0
ruler_qa_squad_16k:0363,ruler_qa_squad_16k,ALL,L24,"[1, 2, 3, 4, 5, 6, 7, 8, 9, 10, 11, 12]",0.5,0.0,,,,0.0,0,0
ruler_qa_squad_16k:0424,ruler_qa_squad_16k,OFF,L0,"[1, 2, 3, 4, 5, 6, 7, 8, 9, 10, 11, 12]",0.5,0.0,,,,0.0,0,0
ruler_qa_squad_16k:0424,ruler_qa_squad_16k,OFF,L6,"[1, 2, 3, 4, 5, 6, 7, 8, 9, 10, 11, 12]",0.5,0.0,,,,0.0,0,0
ruler_qa_squad_16k:0424,ruler_qa_squad_16k,OFF,L12,"[1, 2, 3, 4, 5, 6, 7, 8, 9, 10, 11, 12]",0.5,0.0,,,,0.0,0,0
ruler_qa_squad_16k:0424,ruler_qa_squad_16k,OFF,L18,"[1, 2, 3, 4, 5, 6, 7, 8, 9, 10, 11, 12]",0.5,0.0,,,,0.0,0,0
ruler_qa_squad_16k:0424,ruler_qa_squad_16k,OFF,L24,"[1, 2, 3, 4, 5, 6, 7, 8, 9, 10, 11, 12]",0.5,0.0,,,,0.0,0,0
ruler_qa_squad_16k:0424,ruler_qa_squad_16k,OFF,ALL,[5],0.38461538461538464,1.0,0.38461538461538464,0.38461538461538464,0.0,0.0,1,1
ruler_qa_squad_16k:0424,ruler_qa_squad_16k,L0,OFF,"[1, 2, 3, 4, 5, 6, 7, 8, 9, 10, 11, 12]",0.5,0.0,,,,0.0,0,0
ruler_qa_squad_16k:0424,ruler_qa_squad_16k,L0,L6,"[1, 2, 3, 4, 5, 6, 7, 8, 9, 10, 11, 12]",0.5,0.0,,,,0.0,0,0
ruler_qa_squad_16k:0424,ruler_qa_squad_16k,L0,L12,"[1, 2, 3, 4, 5, 6, 7, 8, 9, 10, 11, 12]",0.5,0.0,,,,0.0,0,0
ruler_qa_squad_16k:0424,ruler_qa_squad_16k,L0,L18,"[1, 2, 3, 4, 5, 6, 7, 8, 9, 10, 11, 12]",0.5,0.0,,,,0.0,0,0
ruler_qa_squad_16k:0424,ruler_qa_squad_16k,L0,L24,"[1, 2, 3, 4, 5, 6, 7, 8, 9, 10, 11, 12]",0.5,0.0,,,,0.0,0,0
ruler_qa_squad_16k:0424,ruler_qa_squad_16k,L0,ALL,"[1, 2, 3, 4, 5, 6, 7, 8, 9, 10, 11, 12]",0.5,0.0,,,,0.0,0,0
ruler_qa_squad_16k:0424,ruler_qa_squad_16k,L6,OFF,"[1, 2, 3, 4, 5, 6, 7, 8, 9, 10, 11, 12]",0.5,0.0,,,,0.0,0,0
ruler_qa_squad_16k:0424,ruler_qa_squad_16k,L6,L0,"[1, 2, 3, 4, 5, 6, 7, 8, 9, 10, 11, 12]",0.5,0.0,,,,0.0,0,0
ruler_qa_squad_16k:0424,ruler_qa_squad_16k,L6,L12,"[1, 2, 3, 4, 5, 6, 7, 8, 9, 10, 11, 12]",0.5,0.0,,,,0.0,0,0
ruler_qa_squad_16k:0424,ruler_qa_squad_16k,L6,L18,"[1, 2, 3, 4, 5, 6, 7, 8, 9, 10, 11, 12]",0.5,0.0,,,,0.0,0,0
ruler_qa_squad_16k:0424,ruler_qa_squad_16k,L6,L24,"[1, 2, 3, 4, 5, 6, 7, 8, 9, 10, 11, 12]",0.5,0.0,,,,0.0,0,0
ruler_qa_squad_16k:0424,ruler_qa_squad_16k,L6,ALL,"[1, 2, 3, 4, 5, 6, 7, 8, 9, 10, 11, 12]",0.5,0.0,,,,0.0,0,0
ruler_qa_squad_16k:0424,ruler_qa_squad_16k,L12,OFF,"[1, 2, 3, 4, 5, 6, 7, 8, 9, 10, 11, 12]",0.5,0.0,,,,0.0,0,0
ruler_qa_squad_16k:0424,ruler_qa_squad_16k,L12,L0,"[1, 2, 3, 4, 5, 6, 7, 8, 9, 10, 11, 12]",0.5,0.0,,,,0.0,0,0
ruler_qa_squad_16k:0424,ruler_qa_squad_16k,L12,L6,"[1, 2, 3, 4, 5, 6, 7, 8, 9, 10, 11, 12]",0.5,0.0,,,,0.0,0,0
ruler_qa_squad_16k:0424,ruler_qa_squad_16k,L12,L18,"[1, 2, 3, 4, 5, 6, 7, 8, 9, 10, 11, 12]",0.5,0.0,,,,0.0,0,0
ruler_qa_squad_16k:0424,ruler_qa_squad_16k,L12,L24,"[1, 2, 3, 4, 5, 6, 7, 8, 9, 10, 11, 12]",0.5,0.0,,,,0.0,0,0
ruler_qa_squad_16k:0424,ruler_qa_squad_16k,L12,ALL,"[1, 2, 3, 4, 5, 6, 7, 8, 9, 10, 11, 12]",0.5,0.0,,,,0.0,0,0
ruler_qa_squad_16k:0424,ruler_qa_squad_16k,L18,OFF,"[1, 2, 3, 4, 5, 6, 7, 8, 9, 10, 11, 12]",0.5,0.0,,,,0.0,0,0
ruler_qa_squad_16k:0424,ruler_qa_squad_16k,L18,L0,"[1, 2, 3, 4, 5, 6, 7, 8, 9, 10, 11, 12]",0.5,0.0,,,,0.0,0,0
ruler_qa_squad_16k:0424,ruler_qa_squad_16k,L18,L6,"[1, 2, 3, 4, 5, 6, 7, 8, 9, 10, 11, 12]",0.5,0.0,,,,0.0,0,0
ruler_qa_squad_16k:0424,ruler_qa_squad_16k,L18,L12,"[1, 2, 3, 4, 5, 6, 7, 8, 9, 10, 11, 12]",0.5,0.0,,,,0.0,0,0
ruler_qa_squad_16k:0424,ruler_qa_squad_16k,L18,L24,"[1, 2, 3, 4, 5, 6, 7, 8, 9, 10, 11, 12]",0.5,0.0,,,,0.0,0,0
ruler_qa_squad_16k:0424,ruler_qa_squad_16k,L18,ALL,"[1, 2, 3, 4, 5, 6, 7, 8, 9, 10, 11, 12]",0.5,0.0,,,,0.0,0,0
ruler_qa_squad_16k:0424,ruler_qa_squad_16k,L24,OFF,"[1, 2, 3, 4, 5, 6, 7, 8, 9, 10, 11, 12]",0.5,0.0,,,,0.0,0,0
ruler_qa_squad_16k:0424,ruler_qa_squad_16k,L24,L0,"[1, 2, 3, 4, 5, 6, 7, 8, 9, 10, 11, 12]",0.5,0.0,,,,0.0,0,0
ruler_qa_squad_16k:0424,ruler_qa_squad_16k,L24,L6,"[1, 2, 3, 4, 5, 6, 7, 8, 9, 10, 11, 12]",0.5,0.0,,,,0.0,0,0
ruler_qa_squad_16k:0424,ruler_qa_squad_16k,L24,L12,"[1, 2, 3, 4, 5, 6, 7, 8, 9, 10, 11, 12]",0.5,0.0,,,,0.0,0,0
ruler_qa_squad_16k:0424,ruler_qa_squad_16k,L24,L18,"[1, 2, 3, 4, 5, 6, 7, 8, 9, 10, 11, 12]",0.5,0.0,,,,0.0,0,0
ruler_qa_squad_16k:0424,ruler_qa_squad_16k,L24,ALL,"[1, 2, 3, 4, 5, 6, 7, 8, 9, 10, 11, 12]",0.5,0.0,,,,0.0,0,0
ruler_qa_squad_16k:0424,ruler_qa_squad_16k,ALL,OFF,"[3, 4]",0.2692307692307692,0.0,0.23076923076923078,0.3076923076923077,0.07692307692307693,0.07692307692307693,2,2
ruler_qa_squad_16k:0424,ruler_qa_squad_16k,ALL,L0,"[1, 2, 3, 4, 5, 6, 7, 8, 9, 10, 11, 12]",0.5,0.0,,,,0.0,0,0
ruler_qa_squad_16k:0424,ruler_qa_squad_16k,ALL,L6,"[1, 2, 3, 4, 5, 6, 7, 8, 9, 10, 11, 12]",0.5,0.0,,,,0.0,0,0
ruler_qa_squad_16k:0424,ruler_qa_squad_16k,ALL,L12,"[3, 4]",0.2692307692307692,0.0,0.23076923076923078,0.3076923076923077,0.07692307692307693,0.07692307692307693,2,2
ruler_qa_squad_16k:0424,ruler_qa_squad_16k,ALL,L18,"[3, 4]",0.2692307692307692,0.0,0.23076923076923078,0.3076923076923077,0.07692307692307693,0.07692307692307693,2,2
ruler_qa_squad_16k:0424,ruler_qa_squad_16k,ALL,L24,"[3, 4]",0.2692307692307692,0.0,0.23076923076923078,0.3076923076923077,0.07692307692307693,0.07692307692307693,2,2
ruler_qa_squad_16k:0429,ruler_qa_squad_16k,OFF,L0,"[1, 2, 3, 4, 5, 6, 7, 8, 9, 10, 11, 12]",0.5,0.0,,,,0.0,0,0
ruler_qa_squad_16k:0429,ruler_qa_squad_16k,OFF,L6,"[2, 3, 4, 7, 8]",0.3692307692307692,0.0,0.15384615384615385,0.6153846153846154,0.46153846153846156,0.15384615384615385,5,5
ruler_qa_squad_16k:0429,ruler_qa_squad_16k,OFF,L12,[6],0.46153846153846156,1.0,0.46153846153846156,0.46153846153846156,0.0,0.0,1,1
ruler_qa_squad_16k:0429,ruler_qa_squad_16k,OFF,L18,[6],0.46153846153846156,1.0,0.46153846153846156,0.46153846153846156,0.0,0.0,1,1
ruler_qa_squad_16k:0429,ruler_qa_squad_16k,OFF,L24,"[1, 2, 3, 4, 5, 6, 7, 8, 9, 10, 11, 12]",0.5,0.0,,,,0.0,0,0
ruler_qa_squad_16k:0429,ruler_qa_squad_16k,OFF,ALL,"[6, 8, 9]",0.5897435897435898,0.0,0.46153846153846156,0.6923076923076923,0.23076923076923078,0.07692307692307693,3,3
ruler_qa_squad_16k:0429,ruler_qa_squad_16k,L0,OFF,"[2, 5]",0.2692307692307692,0.0,0.15384615384615385,0.38461538461538464,0.23076923076923078,0.0,2,2
ruler_qa_squad_16k:0429,ruler_qa_squad_16k,L0,L6,[1],0.07692307692307693,1.0,0.07692307692307693,0.07692307692307693,0.0,0.0,1,1
ruler_qa_squad_16k:0429,ruler_qa_squad_16k,L0,L12,"[6, 7]",0.5,0.0,0.46153846153846156,0.5384615384615384,0.07692307692307693,0.07692307692307693,2,2
ruler_qa_squad_16k:0429,ruler_qa_squad_16k,L0,L18,"[1, 9]",0.38461538461538464,0.0,0.07692307692307693,0.6923076923076923,0.6153846153846154,0.0,2,2
ruler_qa_squad_16k:0429,ruler_qa_squad_16k,L0,L24,[5],0.38461538461538464,1.0,0.38461538461538464,0.38461538461538464,0.0,0.0,1,1
ruler_qa_squad_16k:0429,ruler_qa_squad_16k,L0,ALL,"[1, 2, 3, 4, 5, 6, 7, 8, 9, 10, 11, 12]",0.5,0.0,,,,0.0,0,0
ruler_qa_squad_16k:0429,ruler_qa_squad_16k,L6,OFF,"[3, 4, 5, 6]",0.34615384615384615,0.0,0.23076923076923078,0.46153846153846156,0.23076923076923078,0.23076923076923078,4,4
ruler_qa_squad_16k:0429,ruler_qa_squad_16k,L6,L0,[10],0.7692307692307693,1.0,0.7692307692307693,0.7692307692307693,0.0,0.0,1,1
ruler_qa_squad_16k:0429,ruler_qa_squad_16k,L6,L12,"[1, 2, 3, 4, 5, 6, 7, 8, 9, 10, 11, 12]",0.5,0.0,,,,0.0,0,0
ruler_qa_squad_16k:0429,ruler_qa_squad_16k,L6,L18,[6],0.46153846153846156,1.0,0.46153846153846156,0.46153846153846156,0.0,0.0,1,1
ruler_qa_squad_16k:0429,ruler_qa_squad_16k,L6,L24,[3],0.23076923076923078,1.0,0.23076923076923078,0.23076923076923078,0.0,0.0,1,1
ruler_qa_squad_16k:0429,ruler_qa_squad_16k,L6,ALL,"[1, 2, 3, 4, 5, 6, 7, 8, 9, 10, 11, 12]",0.5,0.0,,,,0.0,0,0
ruler_qa_squad_16k:0429,ruler_qa_squad_16k,L12,OFF,"[1, 2, 3, 4, 5, 6, 7, 8, 9, 10, 11, 12]",0.5,0.0,,,,0.0,0,0
ruler_qa_squad_16k:0429,ruler_qa_squad_16k,L12,L0,"[3, 4]",0.2692307692307692,0.0,0.23076923076923078,0.3076923076923077,0.07692307692307693,0.07692307692307693,2,2
ruler_qa_squad_16k:0429,ruler_qa_squad_16k,L12,L6,"[3, 4]",0.2692307692307692,0.0,0.23076923076923078,0.3076923076923077,0.07692307692307693,0.07692307692307693,2,2
ruler_qa_squad_16k:0429,ruler_qa_squad_16k,L12,L18,"[1, 2, 3, 4, 5, 6, 7, 8, 9, 10, 11, 12]",0.5,0.0,,,,0.0,0,0
ruler_qa_squad_16k:0429,ruler_qa_squad_16k,L12,L24,[3],0.23076923076923078,1.0,0.23076923076923078,0.23076923076923078,0.0,0.0,1,1
ruler_qa_squad_16k:0429,ruler_qa_squad_16k,L12,ALL,"[9, 10]",0.7307692307692307,0.0,0.6923076923076923,0.7692307692307693,0.07692307692307693,0.07692307692307693,2,2
ruler_qa_squad_16k:0429,ruler_qa_squad_16k,L18,OFF,"[1, 2, 3, 4, 5, 6, 7, 8, 9, 10, 11, 12]",0.5,0.0,,,,0.0,0,0
ruler_qa_squad_16k:0429,ruler_qa_squad_16k,L18,L0,"[9, 10]",0.7307692307692307,0.0,0.6923076923076923,0.7692307692307693,0.07692307692307693,0.07692307692307693,2,2
ruler_qa_squad_16k:0429,ruler_qa_squad_16k,L18,L6,"[2, 7, 8]",0.4358974358974359,0.0,0.15384615384615385,0.6153846153846154,0.46153846153846156,0.07692307692307693,3,3
ruler_qa_squad_16k:0429,ruler_qa_squad_16k,L18,L12,[1],0.07692307692307693,1.0,0.07692307692307693,0.07692307692307693,0.0,0.0,1,1
ruler_qa_squad_16k:0429,ruler_qa_squad_16k,L18,L24,"[7, 9]",0.6153846153846154,0.0,0.5384615384615384,0.6923076923076923,0.15384615384615385,0.0,2,2
ruler_qa_squad_16k:0429,ruler_qa_squad_16k,L18,ALL,"[6, 10]",0.6153846153846154,0.0,0.46153846153846156,0.7692307692307693,0.3076923076923077,0.0,2,2
ruler_qa_squad_16k:0429,ruler_qa_squad_16k,L24,OFF,"[1, 2, 3, 4, 5, 6, 7, 8, 9, 10, 11, 12]",0.5,0.0,,,,0.0,0,0
ruler_qa_squad_16k:0429,ruler_qa_squad_16k,L24,L0,[9],0.6923076923076923,1.0,0.6923076923076923,0.6923076923076923,0.0,0.0,1,1
ruler_qa_squad_16k:0429,ruler_qa_squad_16k,L24,L6,"[4, 7, 8]",0.48717948717948717,0.0,0.3076923076923077,0.6153846153846154,0.3076923076923077,0.07692307692307693,3,3
ruler_qa_squad_16k:0429,ruler_qa_squad_16k,L24,L12,[1],0.07692307692307693,1.0,0.07692307692307693,0.07692307692307693,0.0,0.0,1,1
ruler_qa_squad_16k:0429,ruler_qa_squad_16k,L24,L18,[6],0.46153846153846156,1.0,0.46153846153846156,0.46153846153846156,0.0,0.0,1,1
ruler_qa_squad_16k:0429,ruler_qa_squad_16k,L24,ALL,"[6, 8, 9, 10]",0.6346153846153846,0.0,0.46153846153846156,0.7692307692307693,0.3076923076923077,0.15384615384615385,4,4
ruler_qa_squad_16k:0429,ruler_qa_squad_16k,ALL,OFF,"[1, 6, 7, 9, 10]",0.5076923076923077,0.0,0.07692307692307693,0.7692307692307693,0.6923076923076923,0.07692307692307693,5,5
ruler_qa_squad_16k:0429,ruler_qa_squad_16k,ALL,L0,"[3, 7]",0.38461538461538464,0.0,0.23076923076923078,0.5384615384615384,0.3076923076923077,0.0,2,2
ruler_qa_squad_16k:0429,ruler_qa_squad_16k,ALL,L6,"[7, 9, 10]",0.6666666666666666,0.0,0.5384615384615384,0.7692307692307693,0.23076923076923078,0.07692307692307693,3,3
ruler_qa_squad_16k:0429,ruler_qa_squad_16k,ALL,L12,"[1, 7, 9, 10]",0.5192307692307693,0.0,0.07692307692307693,0.7692307692307693,0.6923076923076923,0.07692307692307693,4,4
ruler_qa_squad_16k:0429,ruler_qa_squad_16k,ALL,L18,"[1, 3, 7, 9, 10]",0.46153846153846156,0.0,0.07692307692307693,0.7692307692307693,0.6923076923076923,0.07692307692307693,5,5
ruler_qa_squad_16k:0429,ruler_qa_squad_16k,ALL,L24,"[1, 6, 7, 9]",0.4423076923076923,0.0,0.07692307692307693,0.6923076923076923,0.6153846153846154,0.07692307692307693,4,4
ruler_qa_squad_16k:0432,ruler_qa_squad_16k,OFF,L0,"[1, 2, 3, 4, 5, 6, 7, 8, 9, 10, 11, 12]",0.5,0.0,,,,0.0,0,0
ruler_qa_squad_16k:0432,ruler_qa_squad_16k,OFF,L6,[6],0.46153846153846156,1.0,0.46153846153846156,0.46153846153846156,0.0,0.0,1,1
ruler_qa_squad_16k:0432,ruler_qa_squad_16k,OFF,L12,"[1, 2, 3, 4, 5, 6, 7, 8, 9, 10, 11, 12]",0.5,0.0,,,,0.0,0,0
ruler_qa_squad_16k:0432,ruler_qa_squad_16k,OFF,L18,"[1, 2, 3, 4, 5, 6, 7, 8, 9, 10, 11, 12]",0.5,0.0,,,,0.0,0,0
ruler_qa_squad_16k:0432,ruler_qa_squad_16k,OFF,L24,"[1, 2, 3, 4, 5, 6, 7, 8, 9, 10, 11, 12]",0.5,0.0,,,,0.0,0,0
ruler_qa_squad_16k:0432,ruler_qa_squad_16k,OFF,ALL,"[1, 2, 3, 4, 5, 6, 7, 8, 9, 10, 11, 12]",0.5,0.0,,,,0.0,0,0
ruler_qa_squad_16k:0432,ruler_qa_squad_16k,L0,OFF,"[1, 2, 3, 4, 5, 6, 7, 8, 9, 10, 11, 12]",0.5,0.0,,,,0.0,0,0
ruler_qa_squad_16k:0432,ruler_qa_squad_16k,L0,L6,[3],0.23076923076923078,1.0,0.23076923076923078,0.23076923076923078,0.0,0.0,1,1
ruler_qa_squad_16k:0432,ruler_qa_squad_16k,L0,L12,[3],0.23076923076923078,1.0,0.23076923076923078,0.23076923076923078,0.0,0.0,1,1
ruler_qa_squad_16k:0432,ruler_qa_squad_16k,L0,L18,"[1, 2, 3, 4, 5, 6, 7, 8, 9, 10, 11, 12]",0.5,0.0,,,,0.0,0,0
ruler_qa_squad_16k:0432,ruler_qa_squad_16k,L0,L24,"[1, 2, 3, 4, 5, 6, 7, 8, 9, 10, 11, 12]",0.5,0.0,,,,0.0,0,0
ruler_qa_squad_16k:0432,ruler_qa_squad_16k,L0,ALL,"[3, 6]",0.34615384615384615,0.0,0.23076923076923078,0.46153846153846156,0.23076923076923078,0.0,2,2
ruler_qa_squad_16k:0432,ruler_qa_squad_16k,L6,OFF,"[1, 2, 3, 4, 5, 6, 7, 8, 9, 10, 11, 12]",0.5,0.0,,,,0.0,0,0
ruler_qa_squad_16k:0432,ruler_qa_squad_16k,L6,L0,"[1, 2, 3, 4, 5, 6, 7, 8, 9, 10, 11, 12]",0.5,0.0,,,,0.0,0,0
ruler_qa_squad_16k:0432,ruler_qa_squad_16k,L6,L12,[6],0.46153846153846156,1.0,0.46153846153846156,0.46153846153846156,0.0,0.0,1,1
ruler_qa_squad_16k:0432,ruler_qa_squad_16k,L6,L18,"[8, 9, 10, 11]",0.7307692307692307,0.0,0.6153846153846154,0.8461538461538461,0.23076923076923078,0.23076923076923078,4,4
ruler_qa_squad_16k:0432,ruler_qa_squad_16k,L6,L24,[7],0.5384615384615384,1.0,0.5384615384615384,0.5384615384615384,0.0,0.0,1,1
ruler_qa_squad_16k:0432,ruler_qa_squad_16k,L6,ALL,"[1, 2, 3, 4, 5, 6, 7, 8, 9, 10, 11, 12]",0.5,0.0,,,,0.0,0,0
ruler_qa_squad_16k:0432,ruler_qa_squad_16k,L12,OFF,[4],0.3076923076923077,1.0,0.3076923076923077,0.3076923076923077,0.0,0.0,1,1
ruler_qa_squad_16k:0432,ruler_qa_squad_16k,L12,L0,"[1, 2, 3, 4, 5, 6, 7, 8, 9, 10, 11, 12]",0.5,0.0,,,,0.0,0,0
ruler_qa_squad_16k:0432,ruler_qa_squad_16k,L12,L6,[2],0.15384615384615385,1.0,0.15384615384615385,0.15384615384615385,0.0,0.0,1,1
ruler_qa_squad_16k:0432,ruler_qa_squad_16k,L12,L18,[2],0.15384615384615385,1.0,0.15384615384615385,0.15384615384615385,0.0,0.0,1,1
ruler_qa_squad_16k:0432,ruler_qa_squad_16k,L12,L24,"[1, 2, 3, 4, 5, 6, 7, 8, 9, 10, 11, 12]",0.5,0.0,,,,0.0,0,0
ruler_qa_squad_16k:0432,ruler_qa_squad_16k,L12,ALL,"[1, 2, 3, 4, 5, 6, 7, 8, 9, 10, 11, 12]",0.5,0.0,,,,0.0,0,0
ruler_qa_squad_16k:0432,ruler_qa_squad_16k,L18,OFF,"[1, 2, 3, 4, 5, 6, 7, 8, 9, 10, 11, 12]",0.5,0.0,,,,0.0,0,0
ruler_qa_squad_16k:0432,ruler_qa_squad_16k,L18,L0,"[1, 2, 3, 4, 5, 6, 7, 8, 9, 10, 11, 12]",0.5,0.0,,,,0.0,0,0
ruler_qa_squad_16k:0432,ruler_qa_squad_16k,L18,L6,"[1, 2, 3, 4, 5, 6, 7, 8, 9, 10, 11, 12]",0.5,0.0,,,,0.0,0,0
ruler_qa_squad_16k:0432,ruler_qa_squad_16k,L18,L12,"[2, 3]",0.19230769230769232,0.0,0.15384615384615385,0.23076923076923078,0.07692307692307693,0.07692307692307693,2,2
ruler_qa_squad_16k:0432,ruler_qa_squad_16k,L18,L24,"[1, 2, 3, 4, 5, 6, 7, 8, 9, 10, 11, 12]",0.5,0.0,,,,0.0,0,0
ruler_qa_squad_16k:0432,ruler_qa_squad_16k,L18,ALL,[10],0.7692307692307693,1.0,0.7692307692307693,0.7692307692307693,0.0,0.0,1,1
ruler_qa_squad_16k:0432,ruler_qa_squad_16k,L24,OFF,"[1, 2, 3, 4, 5, 6, 7, 8, 9, 10, 11, 12]",0.5,0.0,,,,0.0,0,0
ruler_qa_squad_16k:0432,ruler_qa_squad_16k,L24,L0,[3],0.23076923076923078,1.0,0.23076923076923078,0.23076923076923078,0.0,0.0,1,1
ruler_qa_squad_16k:0432,ruler_qa_squad_16k,L24,L6,[6],0.46153846153846156,1.0,0.46153846153846156,0.46153846153846156,0.0,0.0,1,1
ruler_qa_squad_16k:0432,ruler_qa_squad_16k,L24,L12,"[1, 2, 3, 4, 5, 6, 7, 8, 9, 10, 11, 12]",0.5,0.0,,,,0.0,0,0
ruler_qa_squad_16k:0432,ruler_qa_squad_16k,L24,L18,"[1, 2, 3, 4, 5, 6, 7, 8, 9, 10, 11, 12]",0.5,0.0,,,,0.0,0,0
ruler_qa_squad_16k:0432,ruler_qa_squad_16k,L24,ALL,"[1, 2, 3, 4, 5, 6, 7, 8, 9, 10, 11, 12]",0.5,0.0,,,,0.0,0,0
ruler_qa_squad_16k:0432,ruler_qa_squad_16k,ALL,OFF,"[1, 2, 3, 4, 5, 6, 7, 8, 9, 10, 11, 12]",0.5,0.0,,,,0.0,0,0
ruler_qa_squad_16k:0432,ruler_qa_squad_16k,ALL,L0,"[1, 2, 3, 4, 5, 6, 7, 8, 9, 10, 11, 12]",0.5,0.0,,,,0.0,0,0
ruler_qa_squad_16k:0432,ruler_qa_squad_16k,ALL,L6,"[1, 2, 3, 4, 5, 6, 7, 8, 9, 10, 11, 12]",0.5,0.0,,,,0.0,0,0
ruler_qa_squad_16k:0432,ruler_qa_squad_16k,ALL,L12,[1],0.07692307692307693,1.0,0.07692307692307693,0.07692307692307693,0.0,0.0,1,1
ruler_qa_squad_16k:0432,ruler_qa_squad_16k,ALL,L18,"[1, 2, 3, 4, 5, 6, 7, 8, 9, 10, 11, 12]",0.5,0.0,,,,0.0,0,0
ruler_qa_squad_16k:0432,ruler_qa_squad_16k,ALL,L24,"[1, 2, 3, 4, 5, 6, 7, 8, 9, 10, 11, 12]",0.5,0.0,,,,0.0,0,0
ruler_qa_squad_16k:0444,ruler_qa_squad_16k,OFF,L0,"[1, 2, 3, 4, 5, 6, 7, 8, 9, 10, 11]",0.5,0.0,,,,0.0,0,0
ruler_qa_squad_16k:0444,ruler_qa_squad_16k,OFF,L6,"[1, 2, 3, 4, 5, 6, 7, 8, 9, 10, 11]",0.5,0.0,,,,0.0,0,0
ruler_qa_squad_16k:0444,ruler_qa_squad_16k,OFF,L12,"[1, 2, 3, 4, 5, 6, 7, 8, 9, 10, 11]",0.5,0.0,,,,0.0,0,0
ruler_qa_squad_16k:0444,ruler_qa_squad_16k,OFF,L18,"[1, 2, 3, 4, 5, 6, 7, 8, 9, 10, 11]",0.5,0.0,,,,0.0,0,0
ruler_qa_squad_16k:0444,ruler_qa_squad_16k,OFF,L24,"[1, 2, 3, 4, 5, 6, 7, 8, 9, 10, 11]",0.5,0.0,,,,0.0,0,0
ruler_qa_squad_16k:0444,ruler_qa_squad_16k,OFF,ALL,[3],0.25,1.0,0.25,0.25,0.0,0.0,1,1
ruler_qa_squad_16k:0444,ruler_qa_squad_16k,L0,OFF,"[1, 2, 3, 4, 5, 6, 7, 8, 9, 10, 11]",0.5,0.0,,,,0.0,0,0
ruler_qa_squad_16k:0444,ruler_qa_squad_16k,L0,L6,[6],0.5,1.0,0.5,0.5,0.0,0.0,1,1
ruler_qa_squad_16k:0444,ruler_qa_squad_16k,L0,L12,"[1, 2, 3, 4, 5, 6, 7, 8, 9, 10, 11]",0.5,0.0,,,,0.0,0,0
ruler_qa_squad_16k:0444,ruler_qa_squad_16k,L0,L18,[3],0.25,1.0,0.25,0.25,0.0,0.0,1,1
ruler_qa_squad_16k:0444,ruler_qa_squad_16k,L0,L24,"[4, 5]",0.375,0.0,0.3333333333333333,0.4166666666666667,0.08333333333333333,0.08333333333333333,2,2
ruler_qa_squad_16k:0444,ruler_qa_squad_16k,L0,ALL,"[1, 2, 3, 4, 5, 6, 7, 8, 9, 10, 11]",0.5,0.0,,,,0.0,0,0
ruler_qa_squad_16k:0444,ruler_qa_squad_16k,L6,OFF,"[1, 2, 3, 4, 5, 6, 7, 8, 9, 10, 11]",0.5,0.0,,,,0.0,0,0
ruler_qa_squad_16k:0444,ruler_qa_squad_16k,L6,L0,[5],0.4166666666666667,1.0,0.4166666666666667,0.4166666666666667,0.0,0.0,1,1
ruler_qa_squad_16k:0444,ruler_qa_squad_16k,L6,L12,"[1, 2, 3, 4, 5, 6, 7, 8, 9, 10, 11]",0.5,0.0,,,,0.0,0,0
ruler_qa_squad_16k:0444,ruler_qa_squad_16k,L6,L18,"[1, 2, 3, 4, 5, 6, 7, 8, 9, 10, 11]",0.5,0.0,,,,0.0,0,0
ruler_qa_squad_16k:0444,ruler_qa_squad_16k,L6,L24,"[1, 2, 3, 4, 5, 6, 7, 8, 9, 10, 11]",0.5,0.0,,,,0.0,0,0
ruler_qa_squad_16k:0444,ruler_qa_squad_16k,L6,ALL,"[1, 2, 3, 4, 5, 6, 7, 8, 9, 10, 11]",0.5,0.0,,,,0.0,0,0
ruler_qa_squad_16k:0444,ruler_qa_squad_16k,L12,OFF,"[1, 2, 3, 4, 5, 6, 7, 8, 9, 10, 11]",0.5,0.0,,,,0.0,0,0
ruler_qa_squad_16k:0444,ruler_qa_squad_16k,L12,L0,"[1, 2, 3, 4, 5, 6, 7, 8, 9, 10, 11]",0.5,0.0,,,,0.0,0,0
ruler_qa_squad_16k:0444,ruler_qa_squad_16k,L12,L6,"[1, 2, 3, 4, 5, 6, 7, 8, 9, 10, 11]",0.5,0.0,,,,0.0,0,0
ruler_qa_squad_16k:0444,ruler_qa_squad_16k,L12,L18,"[1, 2, 3, 4, 5, 6, 7, 8, 9, 10, 11]",0.5,0.0,,,,0.0,0,0
ruler_qa_squad_16k:0444,ruler_qa_squad_16k,L12,L24,"[1, 2, 3, 4, 5, 6, 7, 8, 9, 10, 11]",0.5,0.0,,,,0.0,0,0
ruler_qa_squad_16k:0444,ruler_qa_squad_16k,L12,ALL,[3],0.25,1.0,0.25,0.25,0.0,0.0,1,1
ruler_qa_squad_16k:0444,ruler_qa_squad_16k,L18,OFF,"[1, 2, 3, 4, 5, 6, 7, 8, 9, 10, 11]",0.5,0.0,,,,0.0,0,0
ruler_qa_squad_16k:0444,ruler_qa_squad_16k,L18,L0,"[1, 2, 3, 4, 5, 6, 7, 8, 9, 10, 11]",0.5,0.0,,,,0.0,0,0
ruler_qa_squad_16k:0444,ruler_qa_squad_16k,L18,L6,"[1, 2, 3, 4, 5, 6, 7, 8, 9, 10, 11]",0.5,0.0,,,,0.0,0,0
ruler_qa_squad_16k:0444,ruler_qa_squad_16k,L18,L12,"[1, 2, 3, 4, 5, 6, 7, 8, 9, 10, 11]",0.5,0.0,,,,0.0,0,0
ruler_qa_squad_16k:0444,ruler_qa_squad_16k,L18,L24,"[1, 2, 3, 4, 5, 6, 7, 8, 9, 10, 11]",0.5,0.0,,,,0.0,0,0
ruler_qa_squad_16k:0444,ruler_qa_squad_16k,L18,ALL,"[3, 4]",0.2916666666666667,0.0,0.25,0.3333333333333333,0.08333333333333333,0.08333333333333333,2,2
ruler_qa_squad_16k:0444,ruler_qa_squad_16k,L24,OFF,"[1, 2, 3, 4, 5, 6, 7, 8, 9, 10, 11]",0.5,0.0,,,,0.0,0,0
ruler_qa_squad_16k:0444,ruler_qa_squad_16k,L24,L0,"[1, 2, 3, 4, 5, 6, 7, 8, 9, 10, 11]",0.5,0.0,,,,0.0,0,0
ruler_qa_squad_16k:0444,ruler_qa_squad_16k,L24,L6,"[1, 2, 3, 4, 5, 6, 7, 8, 9, 10, 11]",0.5,0.0,,,,0.0,0,0
ruler_qa_squad_16k:0444,ruler_qa_squad_16k,L24,L12,"[1, 2, 3, 4, 5, 6, 7, 8, 9, 10, 11]",0.5,0.0,,,,0.0,0,0
ruler_qa_squad_16k:0444,ruler_qa_squad_16k,L24,L18,"[1, 2, 3, 4, 5, 6, 7, 8, 9, 10, 11]",0.5,0.0,,,,0.0,0,0
ruler_qa_squad_16k:0444,ruler_qa_squad_16k,L24,ALL,[3],0.25,1.0,0.25,0.25,0.0,0.0,1,1
ruler_qa_squad_16k:0444,ruler_qa_squad_16k,ALL,OFF,"[1, 2, 3, 4, 5, 6, 7, 8, 9, 10, 11]",0.5,0.0,,,,0.0,0,0
ruler_qa_squad_16k:0444,ruler_qa_squad_16k,ALL,L0,"[1, 2, 3, 4, 5, 6, 7, 8, 9, 10, 11]",0.5,0.0,,,,0.0,0,0
ruler_qa_squad_16k:0444,ruler_qa_squad_16k,ALL,L6,[2],0.16666666666666666,1.0,0.16666666666666666,0.16666666666666666,0.0,0.0,1,1
ruler_qa_squad_16k:0444,ruler_qa_squad_16k,ALL,L12,"[1, 2, 3, 4, 5, 6, 7, 8, 9, 10, 11]",0.5,0.0,,,,0.0,0,0
ruler_qa_squad_16k:0444,ruler_qa_squad_16k,ALL,L18,"[1, 2, 3, 4, 5, 6, 7, 8, 9, 10, 11]",0.5,0.0,,,,0.0,0,0
ruler_qa_squad_16k:0444,ruler_qa_squad_16k,ALL,L24,"[1, 2, 3, 4, 5, 6, 7, 8, 9, 10, 11]",0.5,0.0,,,,0.0,0,0
ruler_qa_squad_16k:0445,ruler_qa_squad_16k,OFF,L0,"[1, 2, 3, 4, 5, 6, 7, 8, 9, 10, 11]",0.5,0.0,,,,0.0,0,0
ruler_qa_squad_16k:0445,ruler_qa_squad_16k,OFF,L6,"[1, 2, 3, 4, 5, 6, 7, 8, 9, 10, 11]",0.5,0.0,,,,0.0,0,0
ruler_qa_squad_16k:0445,ruler_qa_squad_16k,OFF,L12,"[1, 2, 3, 4, 5, 6, 7, 8, 9, 10, 11]",0.5,0.0,,,,0.0,0,0
ruler_qa_squad_16k:0445,ruler_qa_squad_16k,OFF,L18,"[1, 2, 3, 4, 5, 6, 7, 8, 9, 10, 11]",0.5,0.0,,,,0.0,0,0
ruler_qa_squad_16k:0445,ruler_qa_squad_16k,OFF,L24,"[1, 2, 3, 4, 5, 6, 7, 8, 9, 10, 11]",0.5,0.0,,,,0.0,0,0
ruler_qa_squad_16k:0445,ruler_qa_squad_16k,OFF,ALL,"[1, 2, 3, 4, 5, 6, 7, 8, 9, 10, 11]",0.5,0.0,,,,0.0,0,0
ruler_qa_squad_16k:0445,ruler_qa_squad_16k,L0,OFF,"[1, 2, 3, 4, 5, 6, 7, 8, 9, 10, 11]",0.5,0.0,,,,0.0,0,0
ruler_qa_squad_16k:0445,ruler_qa_squad_16k,L0,L6,[2],0.16666666666666666,1.0,0.16666666666666666,0.16666666666666666,0.0,0.0,1,1
ruler_qa_squad_16k:0445,ruler_qa_squad_16k,L0,L12,"[1, 2, 3, 4, 5, 6, 7, 8, 9, 10, 11]",0.5,0.0,,,,0.0,0,0
ruler_qa_squad_16k:0445,ruler_qa_squad_16k,L0,L18,"[1, 2, 3, 4, 5, 6, 7, 8, 9, 10, 11]",0.5,0.0,,,,0.0,0,0
ruler_qa_squad_16k:0445,ruler_qa_squad_16k,L0,L24,"[7, 8]",0.625,0.0,0.5833333333333334,0.6666666666666666,0.08333333333333333,0.08333333333333333,2,2
ruler_qa_squad_16k:0445,ruler_qa_squad_16k,L0,ALL,"[1, 2, 3, 4, 5, 6, 7, 8, 9, 10, 11]",0.5,0.0,,,,0.0,0,0
ruler_qa_squad_16k:0445,ruler_qa_squad_16k,L6,OFF,"[9, 10]",0.7916666666666666,0.0,0.75,0.8333333333333334,0.08333333333333333,0.08333333333333333,2,2
ruler_qa_squad_16k:0445,ruler_qa_squad_16k,L6,L0,[10],0.8333333333333334,1.0,0.8333333333333334,0.8333333333333334,0.0,0.0,1,1
ruler_qa_squad_16k:0445,ruler_qa_squad_16k,L6,L12,"[9, 10]",0.7916666666666666,0.0,0.75,0.8333333333333334,0.08333333333333333,0.08333333333333333,2,2
ruler_qa_squad_16k:0445,ruler_qa_squad_16k,L6,L18,"[1, 2, 3, 4, 5, 6, 7, 8, 9, 10, 11]",0.5,0.0,,,,0.0,0,0
ruler_qa_squad_16k:0445,ruler_qa_squad_16k,L6,L24,"[9, 10]",0.7916666666666666,0.0,0.75,0.8333333333333334,0.08333333333333333,0.08333333333333333,2,2
ruler_qa_squad_16k:0445,ruler_qa_squad_16k,L6,ALL,[7],0.5833333333333334,1.0,0.5833333333333334,0.5833333333333334,0.0,0.0,1,1
ruler_qa_squad_16k:0445,ruler_qa_squad_16k,L12,OFF,"[1, 2, 3, 4, 5, 6, 7, 8, 9, 10, 11]",0.5,0.0,,,,0.0,0,0
ruler_qa_squad_16k:0445,ruler_qa_squad_16k,L12,L0,[4],0.3333333333333333,1.0,0.3333333333333333,0.3333333333333333,0.0,0.0,1,1
ruler_qa_squad_16k:0445,ruler_qa_squad_16k,L12,L6,"[1, 2, 3, 4, 5, 6, 7, 8, 9, 10, 11]",0.5,0.0,,,,0.0,0,0
ruler_qa_squad_16k:0445,ruler_qa_squad_16k,L12,L18,"[1, 2, 3, 4, 5, 6, 7, 8, 9, 10, 11]",0.5,0.0,,,,0.0,0,0
ruler_qa_squad_16k:0445,ruler_qa_squad_16k,L12,L24,"[1, 2, 3, 4, 5, 6, 7, 8, 9, 10, 11]",0.5,0.0,,,,0.0,0,0
ruler_qa_squad_16k:0445,ruler_qa_squad_16k,L12,ALL,"[1, 2, 3, 4, 5, 6, 7, 8, 9, 10, 11]",0.5,0.0,,,,0.0,0,0
ruler_qa_squad_16k:0445,ruler_qa_squad_16k,L18,OFF,"[1, 2, 3, 4, 5, 6, 7, 8, 9, 10, 11]",0.5,0.0,,,,0.0,0,0
ruler_qa_squad_16k:0445,ruler_qa_squad_16k,L18,L0,"[1, 2, 3, 4, 5, 6, 7, 8, 9, 10, 11]",0.5,0.0,,,,0.0,0,0
ruler_qa_squad_16k:0445,ruler_qa_squad_16k,L18,L6,"[1, 2, 3, 4, 5, 6, 7, 8, 9, 10, 11]",0.5,0.0,,,,0.0,0,0
ruler_qa_squad_16k:0445,ruler_qa_squad_16k,L18,L12,"[1, 2, 3, 4, 5, 6, 7, 8, 9, 10, 11]",0.5,0.0,,,,0.0,0,0
ruler_qa_squad_16k:0445,ruler_qa_squad_16k,L18,L24,"[1, 2, 3, 4, 5, 6, 7, 8, 9, 10, 11]",0.5,0.0,,,,0.0,0,0
ruler_qa_squad_16k:0445,ruler_qa_squad_16k,L18,ALL,"[1, 2, 3, 4, 5, 6, 7, 8, 9, 10, 11]",0.5,0.0,,,,0.0,0,0
ruler_qa_squad_16k:0445,ruler_qa_squad_16k,L24,OFF,"[1, 2, 3, 4, 5, 6, 7, 8, 9, 10, 11]",0.5,0.0,,,,0.0,0,0
ruler_qa_squad_16k:0445,ruler_qa_squad_16k,L24,L0,"[1, 2, 3, 4, 5, 6, 7, 8, 9, 10, 11]",0.5,0.0,,,,0.0,0,0
ruler_qa_squad_16k:0445,ruler_qa_squad_16k,L24,L6,"[1, 2, 3, 4, 5, 6, 7, 8, 9, 10, 11]",0.5,0.0,,,,0.0,0,0
ruler_qa_squad_16k:0445,ruler_qa_squad_16k,L24,L12,"[1, 2, 3, 4, 5, 6, 7, 8, 9, 10, 11]",0.5,0.0,,,,0.0,0,0
ruler_qa_squad_16k:0445,ruler_qa_squad_16k,L24,L18,"[1, 2, 3, 4, 5, 6, 7, 8, 9, 10, 11]",0.5,0.0,,,,0.0,0,0
ruler_qa_squad_16k:0445,ruler_qa_squad_16k,L24,ALL,"[1, 2, 3, 4, 5, 6, 7, 8, 9, 10, 11]",0.5,0.0,,,,0.0,0,0
ruler_qa_squad_16k:0445,ruler_qa_squad_16k,ALL,OFF,[7],0.5833333333333334,1.0,0.5833333333333334,0.5833333333333334,0.0,0.0,1,1
ruler_qa_squad_16k:0445,ruler_qa_squad_16k,ALL,L0,"[1, 2, 3, 4, 5, 6, 7, 8, 9, 10, 11]",0.5,0.0,,,,0.0,0,0
ruler_qa_squad_16k:0445,ruler_qa_squad_16k,ALL,L6,[2],0.16666666666666666,1.0,0.16666666666666666,0.16666666666666666,0.0,0.0,1,1
ruler_qa_squad_16k:0445,ruler_qa_squad_16k,ALL,L12,"[1, 2, 3, 4, 5, 6, 7, 8, 9, 10, 11]",0.5,0.0,,,,0.0,0,0
ruler_qa_squad_16k:0445,ruler_qa_squad_16k,ALL,L18,"[1, 2, 3, 4, 5, 6, 7, 8, 9, 10, 11]",0.5,0.0,,,,0.0,0,0
ruler_qa_squad_16k:0445,ruler_qa_squad_16k,ALL,L24,[7],0.5833333333333334,1.0,0.5833333333333334,0.5833333333333334,0.0,0.0,1,1
ruler_qa_squad_16k:0458,ruler_qa_squad_16k,OFF,L0,"[1, 2, 3, 4, 5, 6, 7, 8, 9, 10, 11]",0.5,0.0,,,,0.0,0,0
ruler_qa_squad_16k:0458,ruler_qa_squad_16k,OFF,L6,"[1, 2, 3, 4, 5, 6, 7, 8, 9, 10, 11]",0.5,0.0,,,,0.0,0,0
ruler_qa_squad_16k:0458,ruler_qa_squad_16k,OFF,L12,"[1, 2, 3, 4, 5, 6, 7, 8, 9, 10, 11]",0.5,0.0,,,,0.0,0,0
ruler_qa_squad_16k:0458,ruler_qa_squad_16k,OFF,L18,"[1, 2, 3, 4, 5, 6, 7, 8, 9, 10, 11]",0.5,0.0,,,,0.0,0,0
ruler_qa_squad_16k:0458,ruler_qa_squad_16k,OFF,L24,"[1, 2, 3, 4, 5, 6, 7, 8, 9, 10, 11]",0.5,0.0,,,,0.0,0,0
ruler_qa_squad_16k:0458,ruler_qa_squad_16k,OFF,ALL,"[1, 2, 3, 4, 5, 6, 7, 8, 9, 10, 11]",0.5,0.0,,,,0.0,0,0
ruler_qa_squad_16k:0458,ruler_qa_squad_16k,L0,OFF,"[1, 2, 3, 4, 5, 6, 7, 8, 9, 10, 11]",0.5,0.0,,,,0.0,0,0
ruler_qa_squad_16k:0458,ruler_qa_squad_16k,L0,L6,"[1, 2, 3, 4, 5, 6, 7, 8, 9, 10, 11]",0.5,0.0,,,,0.0,0,0
ruler_qa_squad_16k:0458,ruler_qa_squad_16k,L0,L12,"[1, 2, 3, 4, 5, 6, 7, 8, 9, 10, 11]",0.5,0.0,,,,0.0,0,0
ruler_qa_squad_16k:0458,ruler_qa_squad_16k,L0,L18,"[1, 2, 3, 4, 5, 6, 7, 8, 9, 10, 11]",0.5,0.0,,,,0.0,0,0
ruler_qa_squad_16k:0458,ruler_qa_squad_16k,L0,L24,"[1, 2, 3, 4, 5, 6, 7, 8, 9, 10, 11]",0.5,0.0,,,,0.0,0,0
ruler_qa_squad_16k:0458,ruler_qa_squad_16k,L0,ALL,"[1, 2, 3, 4, 5, 6, 7, 8, 9, 10, 11]",0.5,0.0,,,,0.0,0,0
ruler_qa_squad_16k:0458,ruler_qa_squad_16k,L6,OFF,"[1, 2, 3, 4, 5, 6, 7, 8, 9, 10, 11]",0.5,0.0,,,,0.0,0,0
ruler_qa_squad_16k:0458,ruler_qa_squad_16k,L6,L0,[6],0.5,1.0,0.5,0.5,0.0,0.0,1,1
ruler_qa_squad_16k:0458,ruler_qa_squad_16k,L6,L12,"[1, 2, 3, 4, 5, 6, 7, 8, 9, 10, 11]",0.5,0.0,,,,0.0,0,0
ruler_qa_squad_16k:0458,ruler_qa_squad_16k,L6,L18,"[1, 2, 3, 4, 5, 6, 7, 8, 9, 10, 11]",0.5,0.0,,,,0.0,0,0
ruler_qa_squad_16k:0458,ruler_qa_squad_16k,L6,L24,"[1, 2, 3, 4, 5, 6, 7, 8, 9, 10, 11]",0.5,0.0,,,,0.0,0,0
ruler_qa_squad_16k:0458,ruler_qa_squad_16k,L6,ALL,"[1, 2, 3, 4, 5, 6, 7, 8, 9, 10, 11]",0.5,0.0,,,,0.0,0,0
ruler_qa_squad_16k:0458,ruler_qa_squad_16k,L12,OFF,"[1, 2, 3, 4, 5, 6, 7, 8, 9, 10, 11]",0.5,0.0,,,,0.0,0,0
ruler_qa_squad_16k:0458,ruler_qa_squad_16k,L12,L0,"[1, 2, 3, 4, 5, 6, 7, 8, 9, 10, 11]",0.5,0.0,,,,0.0,0,0
ruler_qa_squad_16k:0458,ruler_qa_squad_16k,L12,L6,"[1, 2, 3, 4, 5, 6, 7, 8, 9, 10, 11]",0.5,0.0,,,,0.0,0,0
ruler_qa_squad_16k:0458,ruler_qa_squad_16k,L12,L18,"[1, 2, 3, 4, 5, 6, 7, 8, 9, 10, 11]",0.5,0.0,,,,0.0,0,0
ruler_qa_squad_16k:0458,ruler_qa_squad_16k,L12,L24,"[1, 2, 3, 4, 5, 6, 7, 8, 9, 10, 11]",0.5,0.0,,,,0.0,0,0
ruler_qa_squad_16k:0458,ruler_qa_squad_16k,L12,ALL,"[1, 2, 3, 4, 5, 6, 7, 8, 9, 10, 11]",0.5,0.0,,,,0.0,0,0
ruler_qa_squad_16k:0458,ruler_qa_squad_16k,L18,OFF,"[1, 2, 3, 4, 5, 6, 7, 8, 9, 10, 11]",0.5,0.0,,,,0.0,0,0
ruler_qa_squad_16k:0458,ruler_qa_squad_16k,L18,L0,"[1, 2, 3, 4, 5, 6, 7, 8, 9, 10, 11]",0.5,0.0,,,,0.0,0,0
ruler_qa_squad_16k:0458,ruler_qa_squad_16k,L18,L6,"[1, 2, 3, 4, 5, 6, 7, 8, 9, 10, 11]",0.5,0.0,,,,0.0,0,0
ruler_qa_squad_16k:0458,ruler_qa_squad_16k,L18,L12,"[1, 2, 3, 4, 5, 6, 7, 8, 9, 10, 11]",0.5,0.0,,,,0.0,0,0
ruler_qa_squad_16k:0458,ruler_qa_squad_16k,L18,L24,"[1, 2, 3, 4, 5, 6, 7, 8, 9, 10, 11]",0.5,0.0,,,,0.0,0,0
ruler_qa_squad_16k:0458,ruler_qa_squad_16k,L18,ALL,"[1, 2, 3, 4, 5, 6, 7, 8, 9, 10, 11]",0.5,0.0,,,,0.0,0,0
ruler_qa_squad_16k:0458,ruler_qa_squad_16k,L24,OFF,"[1, 2, 3, 4, 5, 6, 7, 8, 9, 10, 11]",0.5,0.0,,,,0.0,0,0
ruler_qa_squad_16k:0458,ruler_qa_squad_16k,L24,L0,"[1, 2, 3, 4, 5, 6, 7, 8, 9, 10, 11]",0.5,0.0,,,,0.0,0,0
ruler_qa_squad_16k:0458,ruler_qa_squad_16k,L24,L6,"[1, 2, 3, 4, 5, 6, 7, 8, 9, 10, 11]",0.5,0.0,,,,0.0,0,0
ruler_qa_squad_16k:0458,ruler_qa_squad_16k,L24,L12,"[1, 2, 3, 4, 5, 6, 7, 8, 9, 10, 11]",0.5,0.0,,,,0.0,0,0
ruler_qa_squad_16k:0458,ruler_qa_squad_16k,L24,L18,"[1, 2, 3, 4, 5, 6, 7, 8, 9, 10, 11]",0.5,0.0,,,,0.0,0,0
ruler_qa_squad_16k:0458,ruler_qa_squad_16k,L24,ALL,"[1, 2, 3, 4, 5, 6, 7, 8, 9, 10, 11]",0.5,0.0,,,,0.0,0,0
ruler_qa_squad_16k:0458,ruler_qa_squad_16k,ALL,OFF,"[1, 2, 3, 4, 5, 6, 7, 8, 9, 10, 11]",0.5,0.0,,,,0.0,0,0
ruler_qa_squad_16k:0458,ruler_qa_squad_16k,ALL,L0,"[1, 2, 3, 4, 5, 6, 7, 8, 9, 10, 11]",0.5,0.0,,,,0.0,0,0
ruler_qa_squad_16k:0458,ruler_qa_squad_16k,ALL,L6,"[1, 2, 3, 4, 5, 6, 7, 8, 9, 10, 11]",0.5,0.0,,,,0.0,0,0
ruler_qa_squad_16k:0458,ruler_qa_squad_16k,ALL,L12,"[1, 2, 3, 4, 5, 6, 7, 8, 9, 10, 11]",0.5,0.0,,,,0.0,0,0
ruler_qa_squad_16k:0458,ruler_qa_squad_16k,ALL,L18,"[1, 2, 3, 4, 5, 6, 7, 8, 9, 10, 11]",0.5,0.0,,,,0.0,0,0
ruler_qa_squad_16k:0458,ruler_qa_squad_16k,ALL,L24,"[1, 2, 3, 4, 5, 6, 7, 8, 9, 10, 11]",0.5,0.0,,,,0.0,0,0
ruler_qa_squad_16k:0472,ruler_qa_squad_16k,OFF,L0,"[2, 4, 5, 6, 7]",0.39999999999999997,0.0,0.16666666666666666,0.5833333333333334,0.4166666666666667,0.25,5,5
ruler_qa_squad_16k:0472,ruler_qa_squad_16k,OFF,L6,"[1, 2, 3, 4, 5, 6, 7, 8, 9, 10, 11]",0.5,0.0,,,,0.0,0,0
ruler_qa_squad_16k:0472,ruler_qa_squad_16k,OFF,L12,"[1, 2, 3, 4, 5, 6, 7, 8, 9, 10, 11]",0.5,0.0,,,,0.0,0,0
ruler_qa_squad_16k:0472,ruler_qa_squad_16k,OFF,L18,"[1, 2, 3, 4, 5, 6, 7, 8, 9, 10, 11]",0.5,0.0,,,,0.0,0,0
ruler_qa_squad_16k:0472,ruler_qa_squad_16k,OFF,L24,"[1, 2, 3, 4, 5, 6, 7, 8, 9, 10, 11]",0.5,0.0,,,,0.0,0,0
ruler_qa_squad_16k:0472,ruler_qa_squad_16k,OFF,ALL,[7],0.5833333333333334,1.0,0.5833333333333334,0.5833333333333334,0.0,0.0,1,1
ruler_qa_squad_16k:0472,ruler_qa_squad_16k,L0,OFF,[1],0.08333333333333333,1.0,0.08333333333333333,0.08333333333333333,0.0,0.0,1,1
ruler_qa_squad_16k:0472,ruler_qa_squad_16k,L0,L6,"[7, 8]",0.625,0.0,0.5833333333333334,0.6666666666666666,0.08333333333333333,0.08333333333333333,2,2
ruler_qa_squad_16k:0472,ruler_qa_squad_16k,L0,L12,[2],0.16666666666666666,1.0,0.16666666666666666,0.16666666666666666,0.0,0.0,1,1
ruler_qa_squad_16k:0472,ruler_qa_squad_16k,L0,L18,[1],0.08333333333333333,1.0,0.08333333333333333,0.08333333333333333,0.0,0.0,1,1
ruler_qa_squad_16k:0472,ruler_qa_squad_16k,L0,L24,[1],0.08333333333333333,1.0,0.08333333333333333,0.08333333333333333,0.0,0.0,1,1
ruler_qa_squad_16k:0472,ruler_qa_squad_16k,L0,ALL,"[4, 5, 8]",0.47222222222222227,0.0,0.3333333333333333,0.6666666666666666,0.3333333333333333,0.08333333333333333,3,3
ruler_qa_squad_16k:0472,ruler_qa_squad_16k,L6,OFF,"[1, 2, 3, 4, 5, 6, 7, 8, 9, 10, 11]",0.5,0.0,,,,0.0,0,0
ruler_qa_squad_16k:0472,ruler_qa_squad_16k,L6,L0,[2],0.16666666666666666,1.0,0.16666666666666666,0.16666666666666666,0.0,0.0,1,1
ruler_qa_squad_16k:0472,ruler_qa_squad_16k,L6,L12,[2],0.16666666666666666,1.0,0.16666666666666666,0.16666666666666666,0.0,0.0,1,1
ruler_qa_squad_16k:0472,ruler_qa_squad_16k,L6,L18,"[1, 2, 3, 4, 5, 6, 7, 8, 9, 10, 11]",0.5,0.0,,,,0.0,0,0
ruler_qa_squad_16k:0472,ruler_qa_squad_16k,L6,L24,"[1, 2, 3, 4, 5, 6, 7, 8, 9, 10, 11]",0.5,0.0,,,,0.0,0,0
ruler_qa_squad_16k:0472,ruler_qa_squad_16k,L6,ALL,[3],0.25,1.0,0.25,0.25,0.0,0.0,1,1
ruler_qa_squad_16k:0472,ruler_qa_squad_16k,L12,OFF,"[1, 2, 3, 4, 5, 6, 7, 8, 9, 10, 11]",0.5,0.0,,,,0.0,0,0
ruler_qa_squad_16k:0472,ruler_qa_squad_16k,L12,L0,"[1, 4, 5, 6, 7]",0.3833333333333333,0.0,0.08333333333333333,0.5833333333333334,0.5,0.25,5,5
ruler_qa_squad_16k:0472,ruler_qa_squad_16k,L12,L6,"[1, 2, 3, 4, 5, 6, 7, 8, 9, 10, 11]",0.5,0.0,,,,0.0,0,0
ruler_qa_squad_16k:0472,ruler_qa_squad_16k,L12,L18,"[1, 2, 3, 4, 5, 6, 7, 8, 9, 10, 11]",0.5,0.0,,,,0.0,0,0
ruler_qa_squad_16k:0472,ruler_qa_squad_16k,L12,L24,"[1, 2, 3, 4, 5, 6, 7, 8, 9, 10, 11]",0.5,0.0,,,,0.0,0,0
ruler_qa_squad_16k:0472,ruler_qa_squad_16k,L12,ALL,"[3, 7, 9]",0.5277777777777778,0.0,0.25,0.75,0.5,0.0,3,3
ruler_qa_squad_16k:0472,ruler_qa_squad_16k,L18,OFF,"[1, 2, 3, 4, 5, 6, 7, 8, 9, 10, 11]",0.5,0.0,,,,0.0,0,0
ruler_qa_squad_16k:0472,ruler_qa_squad_16k,L18,L0,"[4, 5, 6, 7]",0.4583333333333333,0.0,0.3333333333333333,0.5833333333333334,0.25,0.25,4,4
ruler_qa_squad_16k:0472,ruler_qa_squad_16k,L18,L6,[3],0.25,1.0,0.25,0.25,0.0,0.0,1,1
ruler_qa_squad_16k:0472,ruler_qa_squad_16k,L18,L12,"[1, 2, 3, 4, 5, 6, 7, 8, 9, 10, 11]",0.5,0.0,,,,0.0,0,0
ruler_qa_squad_16k:0472,ruler_qa_squad_16k,L18,L24,"[1, 2, 3, 4, 5, 6, 7, 8, 9, 10, 11]",0.5,0.0,,,,0.0,0,0
ruler_qa_squad_16k:0472,ruler_qa_squad_16k,L18,ALL,"[1, 2, 3, 4, 5, 6, 7, 8, 9, 10, 11]",0.5,0.0,,,,0.0,0,0
ruler_qa_squad_16k:0472,ruler_qa_squad_16k,L24,OFF,"[1, 2, 3, 4, 5, 6, 7, 8, 9, 10, 11]",0.5,0.0,,,,0.0,0,0
ruler_qa_squad_16k:0472,ruler_qa_squad_16k,L24,L0,"[4, 5, 6, 7]",0.4583333333333333,0.0,0.3333333333333333,0.5833333333333334,0.25,0.25,4,4
ruler_qa_squad_16k:0472,ruler_qa_squad_16k,L24,L6,"[1, 2, 3, 4, 5, 6, 7, 8, 9, 10, 11]",0.5,0.0,,,,0.0,0,0
ruler_qa_squad_16k:0472,ruler_qa_squad_16k,L24,L12,"[1, 2, 3, 4, 5, 6, 7, 8, 9, 10, 11]",0.5,0.0,,,,0.0,0,0
ruler_qa_squad_16k:0472,ruler_qa_squad_16k,L24,L18,"[1, 2, 3, 4, 5, 6, 7, 8, 9, 10, 11]",0.5,0.0,,,,0.0,0,0
ruler_qa_squad_16k:0472,ruler_qa_squad_16k,L24,ALL,[7],0.5833333333333334,1.0,0.5833333333333334,0.5833333333333334,0.0,0.0,1,1
ruler_qa_squad_16k:0472,ruler_qa_squad_16k,ALL,OFF,"[1, 9]",0.4166666666666667,0.0,0.08333333333333333,0.75,0.6666666666666666,0.0,2,2
ruler_qa_squad_16k:0472,ruler_qa_squad_16k,ALL,L0,"[1, 2, 3, 5, 7, 9]",0.375,0.0,0.08333333333333333,0.75,0.6666666666666666,0.16666666666666666,6,6
ruler_qa_squad_16k:0472,ruler_qa_squad_16k,ALL,L6,[1],0.08333333333333333,1.0,0.08333333333333333,0.08333333333333333,0.0,0.0,1,1
ruler_qa_squad_16k:0472,ruler_qa_squad_16k,ALL,L12,"[5, 9]",0.5833333333333334,0.0,0.4166666666666667,0.75,0.3333333333333333,0.0,2,2
ruler_qa_squad_16k:0472,ruler_qa_squad_16k,ALL,L18,"[1, 9]",0.4166666666666667,0.0,0.08333333333333333,0.75,0.6666666666666666,0.0,2,2
ruler_qa_squad_16k:0472,ruler_qa_squad_16k,ALL,L24,"[1, 8, 9]",0.5,0.0,0.08333333333333333,0.75,0.6666666666666666,0.08333333333333333,3,3
ruler_qa_squad_16k:0491,ruler_qa_squad_16k,OFF,L0,"[1, 2, 3, 4, 5, 6, 7, 8, 9, 10, 11, 12, 13]",0.5,0.0,,,,0.0,0,0
ruler_qa_squad_16k:0491,ruler_qa_squad_16k,OFF,L6,"[1, 2, 3, 4, 5, 6, 7, 8, 9, 10, 11, 12, 13]",0.5,0.0,,,,0.0,0,0
ruler_qa_squad_16k:0491,ruler_qa_squad_16k,OFF,L12,"[1, 2, 3, 4, 5, 6, 7, 8, 9, 10, 11, 12, 13]",0.5,0.0,,,,0.0,0,0
ruler_qa_squad_16k:0491,ruler_qa_squad_16k,OFF,L18,"[1, 2, 3, 4, 5, 6, 7, 8, 9, 10, 11, 12, 13]",0.5,0.0,,,,0.0,0,0
ruler_qa_squad_16k:0491,ruler_qa_squad_16k,OFF,L24,"[1, 2, 3, 4, 5, 6, 7, 8, 9, 10, 11, 12, 13]",0.5,0.0,,,,0.0,0,0
ruler_qa_squad_16k:0491,ruler_qa_squad_16k,OFF,ALL,"[5, 9, 10]",0.5714285714285714,0.0,0.35714285714285715,0.7142857142857143,0.35714285714285715,0.07142857142857142,3,3
ruler_qa_squad_16k:0491,ruler_qa_squad_16k,L0,OFF,"[1, 2, 3, 4, 5, 6, 7, 8, 9, 10, 11, 12, 13]",0.5,0.0,,,,0.0,0,0
ruler_qa_squad_16k:0491,ruler_qa_squad_16k,L0,L6,[5],0.35714285714285715,1.0,0.35714285714285715,0.35714285714285715,0.0,0.0,1,1
ruler_qa_squad_16k:0491,ruler_qa_squad_16k,L0,L12,"[1, 2, 3, 4, 5, 6, 7, 8, 9, 10, 11, 12, 13]",0.5,0.0,,,,0.0,0,0
ruler_qa_squad_16k:0491,ruler_qa_squad_16k,L0,L18,"[1, 2, 3, 4, 5, 6, 7, 8, 9, 10, 11, 12, 13]",0.5,0.0,,,,0.0,0,0
ruler_qa_squad_16k:0491,ruler_qa_squad_16k,L0,L24,"[1, 2, 3, 4, 5, 6, 7, 8, 9, 10, 11, 12, 13]",0.5,0.0,,,,0.0,0,0
ruler_qa_squad_16k:0491,ruler_qa_squad_16k,L0,ALL,"[1, 2, 3, 4, 5, 6, 7, 8, 9, 10, 11, 12, 13]",0.5,0.0,,,,0.0,0,0
ruler_qa_squad_16k:0491,ruler_qa_squad_16k,L6,OFF,"[1, 2, 3, 4, 5, 6, 7, 8, 9, 10, 11, 12, 13]",0.5,0.0,,,,0.0,0,0
ruler_qa_squad_16k:0491,ruler_qa_squad_16k,L6,L0,"[1, 2, 3, 4, 5, 6, 7, 8, 9, 10, 11, 12, 13]",0.5,0.0,,,,0.0,0,0
ruler_qa_squad_16k:0491,ruler_qa_squad_16k,L6,L12,[5],0.35714285714285715,1.0,0.35714285714285715,0.35714285714285715,0.0,0.0,1,1
ruler_qa_squad_16k:0491,ruler_qa_squad_16k,L6,L18,"[1, 2, 3, 4, 5, 6, 7, 8, 9, 10, 11, 12, 13]",0.5,0.0,,,,0.0,0,0
ruler_qa_squad_16k:0491,ruler_qa_squad_16k,L6,L24,"[1, 2, 3, 4, 5, 6, 7, 8, 9, 10, 11, 12, 13]",0.5,0.0,,,,0.0,0,0
ruler_qa_squad_16k:0491,ruler_qa_squad_16k,L6,ALL,"[1, 2, 3, 4, 5, 6, 7, 8, 9, 10, 11, 12, 13]",0.5,0.0,,,,0.0,0,0
ruler_qa_squad_16k:0491,ruler_qa_squad_16k,L12,OFF,"[1, 2, 3, 4, 5, 6, 7, 8, 9, 10, 11, 12, 13]",0.5,0.0,,,,0.0,0,0
ruler_qa_squad_16k:0491,ruler_qa_squad_16k,L12,L0,"[1, 2, 3, 4, 5, 6, 7, 8, 9, 10, 11, 12, 13]",0.5,0.0,,,,0.0,0,0
ruler_qa_squad_16k:0491,ruler_qa_squad_16k,L12,L6,"[1, 2, 3, 4, 5, 6, 7, 8, 9, 10, 11, 12, 13]",0.5,0.0,,,,0.0,0,0
ruler_qa_squad_16k:0491,ruler_qa_squad_16k,L12,L18,"[1, 2, 3, 4, 5, 6, 7, 8, 9, 10, 11, 12, 13]",0.5,0.0,,,,0.0,0,0
ruler_qa_squad_16k:0491,ruler_qa_squad_16k,L12,L24,[4],0.2857142857142857,1.0,0.2857142857142857,0.2857142857142857,0.0,0.0,1,1
ruler_qa_squad_16k:0491,ruler_qa_squad_16k,L12,ALL,"[1, 2, 3, 4, 5, 6, 7, 8, 9, 10, 11, 12, 13]",0.5,0.0,,,,0.0,0,0
ruler_qa_squad_16k:0491,ruler_qa_squad_16k,L18,OFF,"[1, 2, 3, 4, 5, 6, 7, 8, 9, 10, 11, 12, 13]",0.5,0.0,,,,0.0,0,0
ruler_qa_squad_16k:0491,ruler_qa_squad_16k,L18,L0,[6],0.42857142857142855,1.0,0.42857142857142855,0.42857142857142855,0.0,0.0,1,1
ruler_qa_squad_16k:0491,ruler_qa_squad_16k,L18,L6,"[1, 2, 3, 4, 5, 6, 7, 8, 9, 10, 11, 12, 13]",0.5,0.0,,,,0.0,0,0
ruler_qa_squad_16k:0491,ruler_qa_squad_16k,L18,L12,"[1, 2, 3, 4, 5, 6, 7, 8, 9, 10, 11, 12, 13]",0.5,0.0,,,,0.0,0,0
ruler_qa_squad_16k:0491,ruler_qa_squad_16k,L18,L24,"[1, 2, 3, 4, 5, 6, 7, 8, 9, 10, 11, 12, 13]",0.5,0.0,,,,0.0,0,0
ruler_qa_squad_16k:0491,ruler_qa_squad_16k,L18,ALL,"[4, 9, 10]",0.5476190476190477,0.0,0.2857142857142857,0.7142857142857143,0.42857142857142855,0.07142857142857142,3,3
ruler_qa_squad_16k:0491,ruler_qa_squad_16k,L24,OFF,"[1, 2, 3, 4, 5, 6, 7, 8, 9, 10, 11, 12, 13]",0.5,0.0,,,,0.0,0,0
ruler_qa_squad_16k:0491,ruler_qa_squad_16k,L24,L0,"[1, 2, 3, 4, 5, 6, 7, 8, 9, 10, 11, 12, 13]",0.5,0.0,,,,0.0,0,0
ruler_qa_squad_16k:0491,ruler_qa_squad_16k,L24,L6,"[1, 2, 3, 4, 5, 6, 7, 8, 9, 10, 11, 12, 13]",0.5,0.0,,,,0.0,0,0
ruler_qa_squad_16k:0491,ruler_qa_squad_16k,L24,L12,[4],0.2857142857142857,1.0,0.2857142857142857,0.2857142857142857,0.0,0.0,1,1
ruler_qa_squad_16k:0491,ruler_qa_squad_16k,L24,L18,"[1, 2, 3, 4, 5, 6, 7, 8, 9, 10, 11, 12, 13]",0.5,0.0,,,,0.0,0,0
ruler_qa_squad_16k:0491,ruler_qa_squad_16k,L24,ALL,"[4, 5, 9, 10]",0.5,0.0,0.2857142857142857,0.7142857142857143,0.42857142857142855,0.07142857142857142,4,4
ruler_qa_squad_16k:0491,ruler_qa_squad_16k,ALL,OFF,[3],0.21428571428571427,1.0,0.21428571428571427,0.21428571428571427,0.0,0.0,1,1
ruler_qa_squad_16k:0491,ruler_qa_squad_16k,ALL,L0,"[1, 2, 3, 4, 5, 6, 7, 8, 9, 10, 11, 12, 13]",0.5,0.0,,,,0.0,0,0
ruler_qa_squad_16k:0491,ruler_qa_squad_16k,ALL,L6,"[1, 2, 3, 4, 5, 6, 7, 8, 9, 10, 11, 12, 13]",0.5,0.0,,,,0.0,0,0
ruler_qa_squad_16k:0491,ruler_qa_squad_16k,ALL,L12,[1],0.07142857142857142,1.0,0.07142857142857142,0.07142857142857142,0.0,0.0,1,1
ruler_qa_squad_16k:0491,ruler_qa_squad_16k,ALL,L18,[3],0.21428571428571427,1.0,0.21428571428571427,0.21428571428571427,0.0,0.0,1,1
ruler_qa_squad_16k:0491,ruler_qa_squad_16k,ALL,L24,[3],0.21428571428571427,1.0,0.21428571428571427,0.21428571428571427,0.0,0.0,1,1
ruler_vt_16k:0008,ruler_vt_16k,OFF,L0,"[2, 6, 8]",0.3555555555555555,0.0,,,,0.0,0,0
ruler_vt_16k:0008,ruler_vt_16k,OFF,L6,"[1, 2, 3, 4, 5, 6, 7, 8, 9, 10, 11, 12, 13, 14]",0.5,0.0,,,,0.0,0,0
ruler_vt_16k:0008,ruler_vt_16k,OFF,L12,"[1, 2, 3, 4, 5, 6, 7, 8, 9, 10, 11, 12, 13, 14]",0.5,0.0,,,,0.0,0,0
ruler_vt_16k:0008,ruler_vt_16k,OFF,L18,"[1, 2, 3, 4, 5, 6, 7, 8, 9, 10, 11, 12, 13, 14]",0.5,0.0,,,,0.0,0,0
ruler_vt_16k:0008,ruler_vt_16k,OFF,L24,"[1, 2, 3, 4, 5, 6, 7, 8, 9, 10, 11, 12, 13, 14]",0.5,0.0,,,,0.0,0,0
ruler_vt_16k:0008,ruler_vt_16k,OFF,ALL,"[1, 2, 3, 4, 5, 6, 7, 8, 9, 10, 11, 12, 13, 14]",0.5,0.0,,,,0.0,0,0
ruler_vt_16k:0008,ruler_vt_16k,L0,OFF,"[10, 11, 12]",0.7333333333333333,0.0,,,,0.0,0,0
ruler_vt_16k:0008,ruler_vt_16k,L0,L6,"[1, 2, 3, 4, 5, 6, 7, 8, 9, 10, 11, 12, 13, 14]",0.5,0.0,,,,0.0,0,0
ruler_vt_16k:0008,ruler_vt_16k,L0,L12,"[1, 2, 3, 4, 5, 6, 7, 8, 9, 10, 11, 12, 13, 14]",0.5,0.0,,,,0.0,0,0
ruler_vt_16k:0008,ruler_vt_16k,L0,L18,[1],0.06666666666666667,0.19999999999999996,,,,0.0,0,0
ruler_vt_16k:0008,ruler_vt_16k,L0,L24,"[10, 11, 12]",0.7333333333333333,0.0,,,,0.0,0,0
ruler_vt_16k:0008,ruler_vt_16k,L0,ALL,[5],0.3333333333333333,0.19999999999999996,,,,0.0,0,0
ruler_vt_16k:0008,ruler_vt_16k,L6,OFF,"[4, 8]",0.4,0.0,,,,0.0,0,0
ruler_vt_16k:0008,ruler_vt_16k,L6,L0,[5],0.3333333333333333,0.19999999999999996,,,,0.0,0,0
ruler_vt_16k:0008,ruler_vt_16k,L6,L12,"[1, 2, 3, 4, 5, 6, 7, 8, 9, 10, 11, 12, 13, 14]",0.5,0.0,,,,0.0,0,0
ruler_vt_16k:0008,ruler_vt_16k,L6,L18,[4],0.26666666666666666,0.19999999999999996,,,,0.0,0,0
ruler_vt_16k:0008,ruler_vt_16k,L6,L24,[4],0.26666666666666666,0.19999999999999996,,,,0.0,0,0
ruler_vt_16k:0008,ruler_vt_16k,L6,ALL,"[1, 5]",0.2,0.0,,,,0.0,0,0
ruler_vt_16k:0008,ruler_vt_16k,L12,OFF,"[1, 2, 3, 4, 5, 6, 7, 8, 9, 10, 11, 12, 13, 14]",0.5,0.0,,,,0.0,0,0
ruler_vt_16k:0008,ruler_vt_16k,L12,L0,"[7, 8]",0.5,0.0,,,,0.0,0,0
ruler_vt_16k:0008,ruler_vt_16k,L12,L6,[11],0.7333333333333333,0.19999999999999996,,,,0.0,0,0
ruler_vt_16k:0008,ruler_vt_16k,L12,L18,[8],0.5333333333333333,0.19999999999999996,,,,0.0,0,0
ruler_vt_16k:0008,ruler_vt_16k,L12,L24,"[1, 2, 3, 4, 5, 6, 7, 8, 9, 10, 11, 12, 13, 14]",0.5,0.0,,,,0.0,0,0
ruler_vt_16k:0008,ruler_vt_16k,L12,ALL,"[4, 12, 13]",0.6444444444444444,0.0,,,,0.0,0,0
ruler_vt_16k:0008,ruler_vt_16k,L18,OFF,"[1, 2, 3, 4, 5, 6, 7, 8, 9, 10, 11, 12, 13, 14]",0.5,0.0,,,,0.0,0,0
ruler_vt_16k:0008,ruler_vt_16k,L18,L0,"[7, 8]",0.5,0.0,,,,0.0,0,0
ruler_vt_16k:0008,ruler_vt_16k,L18,L6,"[1, 2, 3, 4, 5, 6, 7, 8, 9, 10, 11, 12, 13, 14]",0.5,0.0,,,,0.0,0,0
ruler_vt_16k:0008,ruler_vt_16k,L18,L12,"[1, 2, 3, 4, 5, 6, 7, 8, 9, 10, 11, 12, 13, 14]",0.5,0.0,,,,0.0,0,0
ruler_vt_16k:0008,ruler_vt_16k,L18,L24,"[1, 2, 3, 4, 5, 6, 7, 8, 9, 10, 11, 12, 13, 14]",0.5,0.0,,,,0.0,0,0
ruler_vt_16k:0008,ruler_vt_16k,L18,ALL,"[1, 2, 3, 4, 5, 6, 7, 8, 9, 10, 11, 12, 13, 14]",0.5,0.0,,,,0.0,0,0
ruler_vt_16k:0008,ruler_vt_16k,L24,OFF,"[1, 2, 3, 4, 5, 6, 7, 8, 9, 10, 11, 12, 13, 14]",0.5,0.0,,,,0.0,0,0
ruler_vt_16k:0008,ruler_vt_16k,L24,L0,"[2, 6, 7, 8]",0.38333333333333336,0.0,,,,0.0,0,0
ruler_vt_16k:0008,ruler_vt_16k,L24,L6,"[1, 2, 3, 4, 5, 6, 7, 8, 9, 10, 11, 12, 13, 14]",0.5,0.0,,,,0.0,0,0
ruler_vt_16k:0008,ruler_vt_16k,L24,L12,[6],0.4,0.19999999999999996,,,,0.0,0,0
ruler_vt_16k:0008,ruler_vt_16k,L24,L18,[14],0.9333333333333333,0.19999999999999996,,,,0.0,0,0
ruler_vt_16k:0008,ruler_vt_16k,L24,ALL,[4],0.26666666666666666,0.19999999999999996,,,,0.0,0,0
ruler_vt_16k:0008,ruler_vt_16k,ALL,OFF,"[2, 5, 12]",0.4222222222222222,0.0,,,,0.0,0,0
ruler_vt_16k:0008,ruler_vt_16k,ALL,L0,[7],0.4666666666666667,0.19999999999999996,,,,0.0,0,0
ruler_vt_16k:0008,ruler_vt_16k,ALL,L6,[1],0.06666666666666667,0.19999999999999996,,,,0.0,0,0
ruler_vt_16k:0008,ruler_vt_16k,ALL,L12,[12],0.8,0.4,0.8,0.8,0.0,0.0,1,0
ruler_vt_16k:0008,ruler_vt_16k,ALL,L18,"[2, 5]",0.23333333333333334,0.0,,,,0.0,0,0
ruler_vt_16k:0008,ruler_vt_16k,ALL,L24,"[5, 11]",0.5333333333333333,0.0,,,,0.0,0,0
ruler_vt_16k:0024,ruler_vt_16k,OFF,L0,"[1, 2, 3, 4, 5, 6, 7, 8, 9, 10, 11, 12, 13, 14]",0.5,0.0,,,,0.0,0,0
ruler_vt_16k:0024,ruler_vt_16k,OFF,L6,"[1, 2, 3, 5, 6, 7, 8, 9, 10, 11, 12, 13, 14]",0.517948717948718,0.0,,,,0.0,0,0
ruler_vt_16k:0024,ruler_vt_16k,OFF,L12,"[1, 2, 3, 4, 5, 6, 7, 8, 9, 10, 11, 12, 13, 14]",0.5,0.0,,,,0.0,0,0
ruler_vt_16k:0024,ruler_vt_16k,OFF,L18,"[1, 2, 3, 5, 7, 8, 9, 10, 11, 12, 13, 14]",0.5277777777777778,0.0,,,,0.0,0,0
ruler_vt_16k:0024,ruler_vt_16k,OFF,L24,"[1, 2, 3, 4, 5, 6, 7, 8, 9, 10, 11, 12, 13, 14]",0.5,0.0,,,,0.0,0,0
ruler_vt_16k:0024,ruler_vt_16k,OFF,ALL,[4],0.26666666666666666,0.19999999999999996,0.26666666666666666,0.26666666666666666,0.0,0.0,1,1
ruler_vt_16k:0024,ruler_vt_16k,L0,OFF,"[1, 2, 3, 4, 5, 6, 7, 8, 9, 10, 11, 12, 13, 14]",0.5,0.0,,,,0.0,0,0
ruler_vt_16k:0024,ruler_vt_16k,L0,L6,"[2, 3, 4, 5, 6, 7, 8, 9, 10, 11, 12, 13, 14]",0.5333333333333333,0.0,,,,0.0,0,0
ruler_vt_16k:0024,ruler_vt_16k,L0,L12,"[1, 2, 3, 4, 5, 6, 7, 8, 9, 10, 11, 12, 13, 14]",0.5,0.0,,,,0.0,0,0
ruler_vt_16k:0024,ruler_vt_16k,L0,L18,[3],0.2,0.19999999999999996,0.2,0.2,0.0,0.0,1,1
ruler_vt_16k:0024,ruler_vt_16k,L0,L24,"[1, 2, 3, 4, 5, 6, 7, 8, 9, 10, 11, 12, 13, 14]",0.5,0.0,,,,0.0,0,0
ruler_vt_16k:0024,ruler_vt_16k,L0,ALL,"[1, 2, 3, 4, 5, 6, 7, 8, 9, 10, 11, 12, 13, 14]",0.5,0.0,,,,0.0,0,0
ruler_vt_16k:0024,ruler_vt_16k,L6,OFF,"[1, 2, 3, 4, 5, 6, 7, 8, 9, 12, 13, 14]",0.4666666666666667,0.0,,,,0.0,0,0
ruler_vt_16k:0024,ruler_vt_16k,L6,L0,"[1, 2, 3, 4, 5, 6, 7, 8, 9, 10, 11, 12, 13, 14]",0.5,0.0,,,,0.0,0,0
ruler_vt_16k:0024,ruler_vt_16k,L6,L12,"[1, 2, 3, 4, 5, 6, 7, 8, 9, 10, 11, 12, 13, 14]",0.5,0.0,,,,0.0,0,0
ruler_vt_16k:0024,ruler_vt_16k,L6,L18,"[1, 2, 4, 5, 6, 7, 8, 9, 10, 11, 12, 13, 14]",0.5230769230769231,0.0,,,,0.0,0,0
ruler_vt_16k:0024,ruler_vt_16k,L6,L24,"[1, 2, 3, 4, 5, 6, 7, 8, 9, 12, 13, 14]",0.4666666666666667,0.0,,,,0.0,0,0
ruler_vt_16k:0024,ruler_vt_16k,L6,ALL,"[1, 2, 4, 5, 6, 7, 8, 9, 10, 11, 12, 13, 14]",0.5230769230769231,0.0,,,,0.0,0,0
ruler_vt_16k:0024,ruler_vt_16k,L12,OFF,"[1, 2, 3, 4, 5, 6, 7, 8, 9, 10, 11, 12, 13, 14]",0.5,0.0,,,,0.0,0,0
ruler_vt_16k:0024,ruler_vt_16k,L12,L0,"[1, 2, 3, 4, 5, 6, 7, 8, 9, 10, 11, 12, 13, 14]",0.5,0.0,,,,0.0,0,0
ruler_vt_16k:0024,ruler_vt_16k,L12,L6,"[1, 2, 3, 4, 5, 6, 7, 8, 9, 10, 11, 12, 13, 14]",0.5,0.0,,,,0.0,0,0
ruler_vt_16k:0024,ruler_vt_16k,L12,L18,"[2, 3, 4, 5, 6, 7, 8, 9, 10, 11, 12, 13, 14]",0.5333333333333333,0.0,,,,0.0,0,0
ruler_vt_16k:0024,ruler_vt_16k,L12,L24,"[1, 2, 3, 4, 5, 6, 7, 8, 9, 10, 11, 12, 13, 14]",0.5,0.0,,,,0.0,0,0
ruler_vt_16k:0024,ruler_vt_16k,L12,ALL,"[1, 2, 3, 4, 5, 6, 7, 8, 9, 10, 11, 12, 13, 14]",0.5,0.0,,,,0.0,0,0
ruler_vt_16k:0024,ruler_vt_16k,L18,OFF,"[1, 2, 3, 4, 5, 6, 7, 8, 9, 10, 11, 12, 13, 14]",0.5,0.0,,,,0.0,0,0
ruler_vt_16k:0024,ruler_vt_16k,L18,L0,"[2, 3, 4, 5, 6, 7, 8, 9, 10, 11, 12, 13, 14]",0.5333333333333333,0.0,,,,0.0,0,0
ruler_vt_16k:0024,ruler_vt_16k,L18,L6,"[1, 2, 3, 5, 6, 7, 8, 9, 10, 11, 12, 13, 14]",0.517948717948718,0.0,,,,0.0,0,0
ruler_vt_16k:0024,ruler_vt_16k,L18,L12,"[1, 2, 3, 4, 5, 6, 7, 8, 9, 10, 11, 12, 13, 14]",0.5,0.0,,,,0.0,0,0
ruler_vt_16k:0024,ruler_vt_16k,L18,L24,"[1, 2, 3, 4, 5, 6, 7, 8, 9, 10, 11, 13, 14]",0.47692307692307695,0.0,,,,0.0,0,0
ruler_vt_16k:0024,ruler_vt_16k,L18,ALL,"[1, 3, 4, 5, 6, 7, 8, 9, 10, 11, 12, 13, 14]",0.5282051282051282,0.0,,,,0.0,0,0
ruler_vt_16k:0024,ruler_vt_16k,L24,OFF,"[1, 2, 3, 4, 5, 6, 7, 8, 9, 10, 11, 12, 13, 14]",0.5,0.0,,,,0.0,0,0
ruler_vt_16k:0024,ruler_vt_16k,L24,L0,[4],0.26666666666666666,0.19999999999999996,0.26666666666666666,0.26666666666666666,0.0,0.0,1,1
ruler_vt_16k:0024,ruler_vt_16k,L24,L6,"[1, 2, 3, 4, 5, 6, 7, 8, 10, 12, 13, 14]",0.4722222222222222,0.0,,,,0.0,0,0
ruler_vt_16k:0024,ruler_vt_16k,L24,L12,"[1, 2, 4, 5, 7, 8, 9, 10, 11, 12, 13, 14]",0.5333333333333333,0.0,,,,0.0,0,0
ruler_vt_16k:0024,ruler_vt_16k,L24,L18,"[1, 2, 3, 4, 5, 6, 7, 8, 9, 10, 11, 12, 13, 14]",0.5,0.0,,,,0.0,0,0
ruler_vt_16k:0024,ruler_vt_16k,L24,ALL,[2],0.13333333333333333,0.19999999999999996,0.13333333333333333,0.13333333333333333,0.0,0.0,1,1
ruler_vt_16k:0024,ruler_vt_16k,ALL,OFF,"[2, 3, 4, 5, 6, 7, 8, 9, 10, 11, 12, 13, 14]",0.5333333333333333,0.0,,,,0.0,0,0
ruler_vt_16k:0024,ruler_vt_16k,ALL,L0,"[1, 2, 3, 4, 5, 6, 7, 8, 9, 10, 11, 12, 13, 14]",0.5,0.0,,,,0.0,0,0
ruler_vt_16k:0024,ruler_vt_16k,ALL,L6,"[1, 2, 3, 4, 5, 6, 7, 8, 9, 10, 11, 12, 13, 14]",0.5,0.0,,,,0.0,0,0
ruler_vt_16k:0024,ruler_vt_16k,ALL,L12,"[1, 2, 3, 4, 5, 6, 7, 8, 9, 10, 11, 12, 13, 14]",0.5,0.0,,,,0.0,0,0
ruler_vt_16k:0024,ruler_vt_16k,ALL,L18,"[3, 4, 5, 6, 7, 8, 9, 10, 11, 12, 13, 14]",0.5666666666666667,0.0,,,,0.0,0,0
ruler_vt_16k:0024,ruler_vt_16k,ALL,L24,"[2, 3, 4, 6, 7, 8, 9, 10, 11, 12, 13, 14]",0.55,0.0,,,,0.0,0,0
ruler_vt_16k:0044,ruler_vt_16k,OFF,L0,[1],0.06666666666666667,0.19999999999999996,0.06666666666666667,0.06666666666666667,0.0,0.0,1,1
ruler_vt_16k:0044,ruler_vt_16k,OFF,L6,"[1, 2, 3, 4, 5, 6, 7, 8, 9, 10, 11, 12, 14]",0.4717948717948718,0.0,,,,0.0,0,0
ruler_vt_16k:0044,ruler_vt_16k,OFF,L12,[5],0.3333333333333333,0.19999999999999996,0.3333333333333333,0.3333333333333333,0.0,0.0,1,1
ruler_vt_16k:0044,ruler_vt_16k,OFF,L18,"[1, 2, 3, 4, 5, 6, 7, 8, 9, 10, 11, 12, 13, 14]",0.5,0.0,,,,0.0,0,0
ruler_vt_16k:0044,ruler_vt_16k,OFF,L24,"[1, 2, 3, 4, 5, 6, 7, 8, 9, 10, 11, 12, 13, 14]",0.5,0.0,,,,0.0,0,0
ruler_vt_16k:0044,ruler_vt_16k,OFF,ALL,"[1, 2, 3, 4, 5, 6, 7, 8, 9, 10, 11, 12, 13, 14]",0.5,0.0,,,,0.0,0,0
ruler_vt_16k:0044,ruler_vt_16k,L0,OFF,"[3, 12, 13, 14]",0.7,0.0,0.2,0.9333333333333333,0.7333333333333333,0.13333333333333333,4,4
ruler_vt_16k:0044,ruler_vt_16k,L0,L6,[14],0.9333333333333333,0.19999999999999996,0.9333333333333333,0.9333333333333333,0.0,0.0,1,1
ruler_vt_16k:0044,ruler_vt_16k,L0,L12,"[1, 2, 3, 5, 6, 7, 8, 9, 10, 11, 12, 13, 14]",0.517948717948718,0.0,,,,0.0,0,0
ruler_vt_16k:0044,ruler_vt_16k,L0,L18,"[1, 2, 3, 5, 6, 7, 8, 9, 10, 11, 12, 13, 14]",0.517948717948718,0.0,,,,0.0,0,0
ruler_vt_16k:0044,ruler_vt_16k,L0,L24,[4],0.26666666666666666,0.19999999999999996,0.26666666666666666,0.26666666666666666,0.0,0.0,1,1
ruler_vt_16k:0044,ruler_vt_16k,L0,ALL,"[1, 2, 3, 4, 5, 6, 7, 8, 9, 10, 11, 12, 13, 14]",0.5,0.0,,,,0.0,0,0
ruler_vt_16k:0044,ruler_vt_16k,L6,OFF,"[1, 2, 3, 4, 5, 6, 7, 8, 9, 10, 11, 12, 13, 14]",0.5,0.0,,,,0.0,0,0
ruler_vt_16k:0044,ruler_vt_16k,L6,L0,"[1, 2, 3, 4, 5, 6, 7, 8, 9, 10, 11, 12, 13, 14]",0.5,0.0,,,,0.0,0,0
ruler_vt_16k:0044,ruler_vt_16k,L6,L12,"[1, 2, 3, 4, 5, 6, 7, 8, 9, 10, 11, 12, 13, 14]",0.5,0.0,,,,0.0,0,0
ruler_vt_16k:0044,ruler_vt_16k,L6,L18,"[1, 2, 3, 4, 5, 6, 7, 8, 9, 10, 11, 12, 13, 14]",0.5,0.0,,,,0.0,0,0
ruler_vt_16k:0044,ruler_vt_16k,L6,L24,"[1, 2, 3, 4, 5, 6, 7, 8, 9, 10, 11, 12, 13, 14]",0.5,0.0,,,,0.0,0,0
ruler_vt_16k:0044,ruler_vt_16k,L6,ALL,"[1, 2, 3, 4, 5, 6, 7, 8, 9, 10, 11, 13, 14]",0.47692307692307695,0.0,,,,0.0,0,0
ruler_vt_16k:0044,ruler_vt_16k,L12,OFF,"[1, 2, 3, 4, 5, 6, 7, 8, 9, 10, 11, 12, 13, 14]",0.5,0.0,,,,0.0,0,0
ruler_vt_16k:0044,ruler_vt_16k,L12,L0,[7],0.4666666666666667,0.19999999999999996,0.4666666666666667,0.4666666666666667,0.0,0.0,1,1
ruler_vt_16k:0044,ruler_vt_16k,L12,L6,"[1, 2, 3, 4, 5, 6, 7, 8, 9, 10, 11, 12, 13, 14]",0.5,0.0,,,,0.0,0,0
ruler_vt_16k:0044,ruler_vt_16k,L12,L18,"[1, 2, 3, 4, 5, 6, 7, 8, 9, 10, 11, 12, 13, 14]",0.5,0.0,,,,0.0,0,0
ruler_vt_16k:0044,ruler_vt_16k,L12,L24,"[1, 2, 3, 4, 5, 6, 7, 8, 9, 10, 11, 12, 13, 14]",0.5,0.0,,,,0.0,0,0
ruler_vt_16k:0044,ruler_vt_16k,L12,ALL,"[1, 2, 3, 4, 5, 6, 7, 8, 9, 10, 11, 12, 13, 14]",0.5,0.0,,,,0.0,0,0
ruler_vt_16k:0044,ruler_vt_16k,L18,OFF,"[1, 2, 3, 4, 5, 6, 7, 8, 9, 10, 11, 12, 14]",0.4717948717948718,0.0,,,,0.0,0,0
ruler_vt_16k:0044,ruler_vt_16k,L18,L0,"[1, 2, 3, 4, 5, 6, 7, 8, 9, 10, 11, 12, 13, 14]",0.5,0.0,,,,0.0,0,0
ruler_vt_16k:0044,ruler_vt_16k,L18,L6,"[1, 2, 3, 4, 5, 6, 7, 8, 9, 10, 11, 12, 13, 14]",0.5,0.0,,,,0.0,0,0
ruler_vt_16k:0044,ruler_vt_16k,L18,L12,"[1, 2, 3, 4, 5, 6, 7, 8, 9, 10, 11, 12, 13, 14]",0.5,0.0,,,,0.0,0,0
ruler_vt_16k:0044,ruler_vt_16k,L18,L24,"[1, 2, 4, 5, 6, 7, 8, 9, 10, 11, 12, 13, 14]",0.5230769230769231,0.0,,,,0.0,0,0
ruler_vt_16k:0044,ruler_vt_16k,L18,ALL,"[1, 2, 3, 4, 5, 6, 7, 8, 9, 10, 11, 12, 13, 14]",0.5,0.0,,,,0.0,0,0
ruler_vt_16k:0044,ruler_vt_16k,L24,OFF,"[1, 2, 3, 4, 5, 6, 7, 8, 9, 10, 11, 12, 13, 14]",0.5,0.0,,,,0.0,0,0
ruler_vt_16k:0044,ruler_vt_16k,L24,L0,"[1, 2, 3, 4, 5, 6, 7, 8, 9, 10, 11, 12, 13, 14]",0.5,0.0,,,,0.0,0,0
ruler_vt_16k:0044,ruler_vt_16k,L24,L6,"[1, 2, 3, 4, 5, 6, 7, 8, 9, 10, 11, 12, 13, 14]",0.5,0.0,,,,0.0,0,0
ruler_vt_16k:0044,ruler_vt_16k,L24,L12,"[1, 2, 3, 4, 5, 6, 7, 8, 9, 10, 11, 12, 13, 14]",0.5,0.0,,,,0.0,0,0
ruler_vt_16k:0044,ruler_vt_16k,L24,L18,"[1, 2, 3, 4, 5, 6, 7, 8, 10, 11, 12, 13, 14]",0.49230769230769234,0.0,,,,0.0,0,0
ruler_vt_16k:0044,ruler_vt_16k,L24,ALL,"[1, 2, 3, 4, 5, 6, 7, 8, 9, 10, 11, 12, 13, 14]",0.5,0.0,,,,0.0,0,0
ruler_vt_16k:0044,ruler_vt_16k,ALL,OFF,[14],0.9333333333333333,0.19999999999999996,0.9333333333333333,0.9333333333333333,0.0,0.0,1,1
ruler_vt_16k:0044,ruler_vt_16k,ALL,L0,[6],0.4,0.19999999999999996,0.4,0.4,0.0,0.0,1,1
ruler_vt_16k:0044,ruler_vt_16k,ALL,L6,[3],0.2,0.19999999999999996,0.2,0.2,0.0,0.0,1,1
ruler_vt_16k:0044,ruler_vt_16k,ALL,L12,"[1, 2, 3, 4, 5, 6, 7, 8, 9, 10, 11, 12, 13, 14]",0.5,0.0,,,,0.0,0,0
ruler_vt_16k:0044,ruler_vt_16k,ALL,L18,"[3, 14]",0.5666666666666667,0.0,0.2,0.9333333333333333,0.7333333333333333,0.0,2,2
ruler_vt_16k:0044,ruler_vt_16k,ALL,L24,"[1, 2, 3, 4, 5, 6, 7, 8, 9, 10, 12, 13, 14]",0.48205128205128206,0.0,,,,0.0,0,0
ruler_vt_16k:0045,ruler_vt_16k,OFF,L0,"[1, 2, 3, 4, 5, 6, 7, 8, 9, 10, 11, 12, 13, 14]",0.5,0.0,,,,0.0,0,0
ruler_vt_16k:0045,ruler_vt_16k,OFF,L6,"[1, 2, 3, 4, 5, 6, 7, 8, 9, 10, 11, 12, 13, 14]",0.5,0.0,,,,0.0,0,0
ruler_vt_16k:0045,ruler_vt_16k,OFF,L12,"[1, 2, 3, 4, 5, 6, 7, 8, 9, 10, 11, 12, 13, 14]",0.5,0.0,,,,0.0,0,0
ruler_vt_16k:0045,ruler_vt_16k,OFF,L18,"[1, 2, 3, 4, 5, 6, 7, 8, 9, 10, 11, 12, 13, 14]",0.5,0.0,,,,0.0,0,0
ruler_vt_16k:0045,ruler_vt_16k,OFF,L24,"[1, 2, 3, 4, 5, 6, 7, 8, 9, 10, 11, 12, 13, 14]",0.5,0.0,,,,0.0,0,0
ruler_vt_16k:0045,ruler_vt_16k,OFF,ALL,"[1, 2, 3, 4, 5, 6, 7, 8, 9, 10, 11, 12, 13, 14]",0.5,0.0,,,,0.0,0,0
ruler_vt_16k:0045,ruler_vt_16k,L0,OFF,"[1, 2, 3, 4, 5, 6, 7, 8, 9, 10, 11, 12, 13, 14]",0.5,0.0,,,,0.0,0,0
ruler_vt_16k:0045,ruler_vt_16k,L0,L6,"[1, 2, 3, 4, 5, 6, 7, 8, 9, 10, 11, 12, 13, 14]",0.5,0.0,,,,0.0,0,0
ruler_vt_16k:0045,ruler_vt_16k,L0,L12,"[1, 2, 3, 4, 5, 6, 7, 8, 9, 10, 11, 12, 13, 14]",0.5,0.0,,,,0.0,0,0
ruler_vt_16k:0045,ruler_vt_16k,L0,L18,"[1, 2, 3, 4, 5, 6, 7, 8, 9, 10, 11, 12, 13, 14]",0.5,0.0,,,,0.0,0,0
ruler_vt_16k:0045,ruler_vt_16k,L0,L24,"[1, 2, 3, 4, 5, 6, 7, 8, 9, 10, 11, 12, 13, 14]",0.5,0.0,,,,0.0,0,0
ruler_vt_16k:0045,ruler_vt_16k,L0,ALL,"[1, 2, 3, 4, 5, 6, 7, 8, 9, 10, 11, 12, 13, 14]",0.5,0.0,,,,0.0,0,0
ruler_vt_16k:0045,ruler_vt_16k,L6,OFF,"[1, 2, 3, 4, 5, 6, 7, 8, 9, 10, 11, 12, 13, 14]",0.5,0.0,,,,0.0,0,0
ruler_vt_16k:0045,ruler_vt_16k,L6,L0,"[1, 2, 3, 4, 5, 6, 7, 8, 9, 10, 11, 12, 13, 14]",0.5,0.0,,,,0.0,0,0
ruler_vt_16k:0045,ruler_vt_16k,L6,L12,"[1, 2, 3, 4, 5, 6, 7, 8, 9, 10, 11, 12, 13, 14]",0.5,0.0,,,,0.0,0,0
ruler_vt_16k:0045,ruler_vt_16k,L6,L18,"[1, 2, 3, 4, 5, 6, 7, 8, 9, 10, 11, 12, 13, 14]",0.5,0.0,,,,0.0,0,0
ruler_vt_16k:0045,ruler_vt_16k,L6,L24,"[1, 2, 3, 4, 5, 6, 7, 8, 9, 10, 11, 12, 13, 14]",0.5,0.0,,,,0.0,0,0
ruler_vt_16k:0045,ruler_vt_16k,L6,ALL,"[1, 2, 3, 4, 5, 6, 7, 8, 9, 10, 11, 12, 13, 14]",0.5,0.0,,,,0.0,0,0
ruler_vt_16k:0045,ruler_vt_16k,L12,OFF,"[1, 2, 3, 4, 5, 6, 7, 8, 9, 10, 11, 12, 13, 14]",0.5,0.0,,,,0.0,0,0
ruler_vt_16k:0045,ruler_vt_16k,L12,L0,"[1, 2, 3, 4, 5, 6, 7, 8, 9, 10, 11, 12, 13, 14]",0.5,0.0,,,,0.0,0,0
ruler_vt_16k:0045,ruler_vt_16k,L12,L6,"[1, 2, 3, 4, 5, 6, 7, 8, 9, 10, 11, 12, 13, 14]",0.5,0.0,,,,0.0,0,0
ruler_vt_16k:0045,ruler_vt_16k,L12,L18,"[1, 2, 3, 4, 5, 6, 7, 8, 9, 10, 11, 12, 13, 14]",0.5,0.0,,,,0.0,0,0
ruler_vt_16k:0045,ruler_vt_16k,L12,L24,"[1, 2, 3, 4, 5, 6, 7, 8, 9, 10, 11, 12, 13, 14]",0.5,0.0,,,,0.0,0,0
ruler_vt_16k:0045,ruler_vt_16k,L12,ALL,"[1, 2, 3, 4, 5, 6, 7, 8, 9, 10, 11, 12, 13, 14]",0.5,0.0,,,,0.0,0,0
ruler_vt_16k:0045,ruler_vt_16k,L18,OFF,"[1, 2, 3, 4, 5, 6, 7, 8, 9, 10, 11, 12, 13, 14]",0.5,0.0,,,,0.0,0,0
ruler_vt_16k:0045,ruler_vt_16k,L18,L0,"[1, 2, 3, 4, 5, 6, 7, 8, 9, 10, 11, 12, 13, 14]",0.5,0.0,,,,0.0,0,0
ruler_vt_16k:0045,ruler_vt_16k,L18,L6,"[1, 2, 3, 4, 5, 6, 7, 8, 9, 10, 11, 12, 13, 14]",0.5,0.0,,,,0.0,0,0
ruler_vt_16k:0045,ruler_vt_16k,L18,L12,"[1, 2, 3, 4, 5, 6, 7, 8, 9, 10, 11, 12, 13, 14]",0.5,0.0,,,,0.0,0,0
ruler_vt_16k:0045,ruler_vt_16k,L18,L24,"[1, 2, 3, 4, 5, 6, 7, 8, 9, 10, 11, 12, 13, 14]",0.5,0.0,,,,0.0,0,0
ruler_vt_16k:0045,ruler_vt_16k,L18,ALL,"[1, 2, 3, 4, 5, 6, 7, 8, 9, 10, 11, 12, 13, 14]",0.5,0.0,,,,0.0,0,0
ruler_vt_16k:0045,ruler_vt_16k,L24,OFF,"[1, 2, 3, 4, 5, 6, 7, 8, 9, 10, 11, 12, 13, 14]",0.5,0.0,,,,0.0,0,0
ruler_vt_16k:0045,ruler_vt_16k,L24,L0,"[1, 2, 3, 4, 5, 6, 7, 8, 9, 10, 11, 12, 13, 14]",0.5,0.0,,,,0.0,0,0
ruler_vt_16k:0045,ruler_vt_16k,L24,L6,"[1, 2, 3, 4, 5, 6, 7, 8, 9, 10, 11, 12, 13, 14]",0.5,0.0,,,,0.0,0,0
ruler_vt_16k:0045,ruler_vt_16k,L24,L12,"[1, 2, 3, 4, 5, 6, 7, 8, 9, 10, 11, 12, 13, 14]",0.5,0.0,,,,0.0,0,0
ruler_vt_16k:0045,ruler_vt_16k,L24,L18,"[1, 2, 3, 4, 5, 6, 7, 8, 9, 10, 11, 12, 13, 14]",0.5,0.0,,,,0.0,0,0
ruler_vt_16k:0045,ruler_vt_16k,L24,ALL,"[1, 2, 3, 4, 5, 6, 7, 8, 9, 10, 11, 12, 13, 14]",0.5,0.0,,,,0.0,0,0
ruler_vt_16k:0045,ruler_vt_16k,ALL,OFF,"[1, 2, 3, 4, 5, 6, 7, 8, 9, 10, 11, 12, 13, 14]",0.5,0.0,,,,0.0,0,0
ruler_vt_16k:0045,ruler_vt_16k,ALL,L0,"[1, 2, 3, 4, 5, 6, 7, 8, 9, 10, 11, 12, 13, 14]",0.5,0.0,,,,0.0,0,0
ruler_vt_16k:0045,ruler_vt_16k,ALL,L6,"[1, 2, 3, 4, 5, 6, 7, 8, 9, 10, 11, 12, 13, 14]",0.5,0.0,,,,0.0,0,0
ruler_vt_16k:0045,ruler_vt_16k,ALL,L12,"[1, 2, 3, 4, 5, 6, 7, 8, 9, 10, 11, 12, 13, 14]",0.5,0.0,,,,0.0,0,0
ruler_vt_16k:0045,ruler_vt_16k,ALL,L18,[6],0.4,0.6000000000000001,0.4,0.4,0.0,0.0,1,0
ruler_vt_16k:0045,ruler_vt_16k,ALL,L24,"[1, 2, 3, 4, 5, 6, 7, 8, 9, 10, 11, 12, 13, 14]",0.5,0.0,,,,0.0,0,0
ruler_vt_16k:0048,ruler_vt_16k,OFF,L0,"[1, 2, 3, 4, 5, 6, 7, 8, 9, 10, 11, 12, 13, 14]",0.5,0.0,,,,0.0,0,0
ruler_vt_16k:0048,ruler_vt_16k,OFF,L6,"[1, 2, 3, 4, 5, 6, 7, 8, 9, 10, 11, 12, 13, 14]",0.5,0.0,,,,0.0,0,0
ruler_vt_16k:0048,ruler_vt_16k,OFF,L12,"[1, 2, 3, 4, 5, 6, 7, 8, 9, 10, 11, 12, 13, 14]",0.5,0.0,,,,0.0,0,0
ruler_vt_16k:0048,ruler_vt_16k,OFF,L18,"[1, 2, 3, 4, 5, 6, 7, 8, 9, 10, 11, 12, 13, 14]",0.5,0.0,,,,0.0,0,0
ruler_vt_16k:0048,ruler_vt_16k,OFF,L24,"[1, 2, 3, 4, 5, 6, 7, 8, 9, 10, 11, 12, 13, 14]",0.5,0.0,,,,0.0,0,0
ruler_vt_16k:0048,ruler_vt_16k,OFF,ALL,[7],0.4666666666666667,0.2,0.4666666666666667,0.4666666666666667,0.0,0.0,1,0
ruler_vt_16k:0048,ruler_vt_16k,L0,OFF,"[1, 2, 3, 4, 5, 6, 7, 8, 9, 10, 11, 12, 13, 14]",0.5,0.0,,,,0.0,0,0
ruler_vt_16k:0048,ruler_vt_16k,L0,L6,"[1, 2, 3, 4, 5, 6, 7, 8, 9, 10, 11, 12, 13, 14]",0.5,0.0,,,,0.0,0,0
ruler_vt_16k:0048,ruler_vt_16k,L0,L12,"[1, 11]",0.4,0.0,0.06666666666666667,0.7333333333333333,0.6666666666666666,0.0,2,0
ruler_vt_16k:0048,ruler_vt_16k,L0,L18,"[4, 11]",0.5,0.0,0.26666666666666666,0.7333333333333333,0.4666666666666667,0.0,2,0
ruler_vt_16k:0048,ruler_vt_16k,L0,L24,"[1, 2, 3, 4, 5, 6, 7, 8, 9, 10, 11, 12, 13, 14]",0.5,0.0,,,,0.0,0,0
ruler_vt_16k:0048,ruler_vt_16k,L0,ALL,"[1, 2, 3, 4, 5, 6, 7, 8, 9, 10, 11, 12, 13, 14]",0.5,0.0,,,,0.0,0,0
ruler_vt_16k:0048,ruler_vt_16k,L6,OFF,"[1, 2, 3, 4, 5, 6, 7, 8, 9, 10, 11, 12, 13, 14]",0.5,0.0,,,,0.0,0,0
ruler_vt_16k:0048,ruler_vt_16k,L6,L0,"[2, 8]",0.3333333333333333,0.0,0.13333333333333333,0.5333333333333333,0.4,0.0,2,0
ruler_vt_16k:0048,ruler_vt_16k,L6,L12,"[1, 2, 3, 4, 5, 6, 7, 8, 9, 10, 11, 12, 13, 14]",0.5,0.0,,,,0.0,0,0
ruler_vt_16k:0048,ruler_vt_16k,L6,L18,"[1, 2, 3, 4, 5, 6, 7, 8, 9, 10, 11, 12, 13, 14]",0.5,0.0,,,,0.0,0,0
ruler_vt_16k:0048,ruler_vt_16k,L6,L24,"[1, 2, 3, 4, 5, 6, 7, 8, 9, 10, 11, 12, 13, 14]",0.5,0.0,,,,0.0,0,0
ruler_vt_16k:0048,ruler_vt_16k,L6,ALL,"[1, 2, 3, 4, 5, 6, 7, 8, 9, 10, 11, 12, 13, 14]",0.5,0.0,,,,0.0,0,0
ruler_vt_16k:0048,ruler_vt_16k,L12,OFF,"[1, 2, 3, 4, 5, 6, 7, 8, 9, 10, 11, 12, 13, 14]",0.5,0.0,,,,0.0,0,0
ruler_vt_16k:0048,ruler_vt_16k,L12,L0,[3],0.2,0.2,0.2,0.2,0.0,0.0,1,0
ruler_vt_16k:0048,ruler_vt_16k,L12,L6,"[1, 2, 3, 4, 5, 6, 7, 8, 9, 10, 11, 12, 13, 14]",0.5,0.0,,,,0.0,0,0
ruler_vt_16k:0048,ruler_vt_16k,L12,L18,"[1, 2, 3, 4, 5, 6, 7, 8, 9, 10, 11, 12, 13, 14]",0.5,0.0,,,,0.0,0,0
ruler_vt_16k:0048,ruler_vt_16k,L12,L24,"[1, 2, 3, 4, 5, 6, 7, 8, 9, 10, 11, 12, 13, 14]",0.5,0.0,,,,0.0,0,0
ruler_vt_16k:0048,ruler_vt_16k,L12,ALL,[14],0.9333333333333333,0.2,0.9333333333333333,0.9333333333333333,0.0,0.0,1,0
ruler_vt_16k:0048,ruler_vt_16k,L18,OFF,"[1, 2, 3, 4, 5, 6, 7, 8, 9, 10, 11, 12, 13, 14]",0.5,0.0,,,,0.0,0,0
ruler_vt_16k:0048,ruler_vt_16k,L18,L0,"[1, 2, 3, 4, 5, 6, 7, 8, 9, 10, 11, 12, 13, 14]",0.5,0.0,,,,0.0,0,0
ruler_vt_16k:0048,ruler_vt_16k,L18,L6,"[1, 2, 3, 4, 5, 6, 7, 8, 9, 10, 11, 12, 13, 14]",0.5,0.0,,,,0.0,0,0
ruler_vt_16k:0048,ruler_vt_16k,L18,L12,"[1, 2, 3, 4, 5, 6, 7, 8, 9, 10, 11, 12, 13, 14]",0.5,0.0,,,,0.0,0,0
ruler_vt_16k:0048,ruler_vt_16k,L18,L24,"[1, 2, 3, 4, 5, 6, 7, 8, 9, 10, 11, 12, 13, 14]",0.5,0.0,,,,0.0,0,0
ruler_vt_16k:0048,ruler_vt_16k,L18,ALL,"[1, 2, 3, 4, 5, 6, 7, 8, 9, 10, 11, 12, 13, 14]",0.5,0.0,,,,0.0,0,0
ruler_vt_16k:0048,ruler_vt_16k,L24,OFF,"[1, 2, 3, 4, 5, 6, 7, 8, 9, 10, 11, 12, 13, 14]",0.5,0.0,,,,0.0,0,0
ruler_vt_16k:0048,ruler_vt_16k,L24,L0,"[1, 2, 3, 4, 5, 6, 7, 8, 9, 10, 11, 12, 13, 14]",0.5,0.0,,,,0.0,0,0
ruler_vt_16k:0048,ruler_vt_16k,L24,L6,"[1, 2, 3, 4, 5, 6, 7, 8, 9, 10, 11, 12, 13, 14]",0.5,0.0,,,,0.0,0,0
ruler_vt_16k:0048,ruler_vt_16k,L24,L12,"[1, 2, 3, 4, 5, 6, 7, 8, 9, 10, 11, 12, 13, 14]",0.5,0.0,,,,0.0,0,0
ruler_vt_16k:0048,ruler_vt_16k,L24,L18,"[1, 2, 3, 4, 5, 6, 7, 8, 9, 10, 11, 12, 13, 14]",0.5,0.0,,,,0.0,0,0
ruler_vt_16k:0048,ruler_vt_16k,L24,ALL,"[1, 2, 3, 4, 5, 6, 7, 8, 9, 10, 11, 12, 13, 14]",0.5,0.0,,,,0.0,0,0
ruler_vt_16k:0048,ruler_vt_16k,ALL,OFF,[4],0.26666666666666666,0.2,0.26666666666666666,0.26666666666666666,0.0,0.0,1,0
ruler_vt_16k:0048,ruler_vt_16k,ALL,L0,"[1, 2, 3, 4, 5, 6, 7, 8, 9, 10, 11, 12, 13, 14]",0.5,0.0,,,,0.0,0,0
ruler_vt_16k:0048,ruler_vt_16k,ALL,L6,"[3, 9]",0.4,0.0,0.2,0.6,0.4,0.0,2,0
ruler_vt_16k:0048,ruler_vt_16k,ALL,L12,"[3, 4]",0.23333333333333334,0.0,0.2,0.26666666666666666,0.06666666666666667,0.06666666666666667,2,0
ruler_vt_16k:0048,ruler_vt_16k,ALL,L18,"[2, 3, 4, 9, 14]",0.4266666666666667,0.0,0.13333333333333333,0.9333333333333333,0.8,0.13333333333333333,5,0
ruler_vt_16k:0048,ruler_vt_16k,ALL,L24,[4],0.26666666666666666,0.2,0.26666666666666666,0.26666666666666666,0.0,0.0,1,0
ruler_vt_16k:0050,ruler_vt_16k,OFF,L0,"[1, 3, 6, 14]",0.4,0.0,0.06666666666666667,0.9333333333333333,0.8666666666666667,0.0,4,4
ruler_vt_16k:0050,ruler_vt_16k,OFF,L6,"[1, 2, 3, 4, 5, 6, 7, 8, 9, 10, 11, 12, 13, 14]",0.5,0.0,,,,0.0,0,0
ruler_vt_16k:0050,ruler_vt_16k,OFF,L12,"[1, 2, 3, 4, 5, 6, 7, 8, 9, 10, 11, 12, 13, 14]",0.5,0.0,,,,0.0,0,0
ruler_vt_16k:0050,ruler_vt_16k,OFF,L18,"[1, 2, 3, 4, 5, 6, 7, 8, 9, 10, 11, 12, 13, 14]",0.5,0.0,,,,0.0,0,0
ruler_vt_16k:0050,ruler_vt_16k,OFF,L24,"[1, 2, 3, 4, 5, 6, 7, 8, 9, 10, 11, 12, 13, 14]",0.5,0.0,,,,0.0,0,0
ruler_vt_16k:0050,ruler_vt_16k,OFF,ALL,[1],0.06666666666666667,0.4,0.06666666666666667,0.06666666666666667,0.0,0.0,1,1
ruler_vt_16k:0050,ruler_vt_16k,L0,OFF,[6],0.4,0.4,0.4,0.4,0.0,0.0,1,1
ruler_vt_16k:0050,ruler_vt_16k,L0,L6,[6],0.4,0.4,0.4,0.4,0.0,0.0,1,1
ruler_vt_16k:0050,ruler_vt_16k,L0,L12,"[1, 2]",0.1,0.0,0.06666666666666667,0.13333333333333333,0.06666666666666667,0.06666666666666667,2,2
ruler_vt_16k:0050,ruler_vt_16k,L0,L18,[6],0.4,0.4,0.4,0.4,0.0,0.0,1,1
ruler_vt_16k:0050,ruler_vt_16k,L0,L24,"[1, 6]",0.23333333333333334,0.0,0.06666666666666667,0.4,0.3333333333333333,0.0,2,2
ruler_vt_16k:0050,ruler_vt_16k,L0,ALL,"[1, 2, 3, 4, 5, 6, 7, 8, 9, 10, 11, 12, 13, 14]",0.5,0.0,,,,0.0,0,0
ruler_vt_16k:0050,ruler_vt_16k,L6,OFF,"[1, 2, 3, 4, 5, 6, 7, 8, 9, 10, 11, 12, 13, 14]",0.5,0.0,,,,0.0,0,0
ruler_vt_16k:0050,ruler_vt_16k,L6,L0,"[1, 9]",0.3333333333333333,0.0,0.06666666666666667,0.6,0.5333333333333333,0.0,2,2
ruler_vt_16k:0050,ruler_vt_16k,L6,L12,"[1, 2, 3, 4, 5, 6, 7, 8, 9, 10, 11, 12, 13, 14]",0.5,0.0,,,,0.0,0,0
ruler_vt_16k:0050,ruler_vt_16k,L6,L18,[1],0.06666666666666667,0.4,0.06666666666666667,0.06666666666666667,0.0,0.0,1,1
ruler_vt_16k:0050,ruler_vt_16k,L6,L24,[1],0.06666666666666667,0.4,0.06666666666666667,0.06666666666666667,0.0,0.0,1,1
ruler_vt_16k:0050,ruler_vt_16k,L6,ALL,[7],0.4666666666666667,0.4,0.4666666666666667,0.4666666666666667,0.0,0.0,1,1
ruler_vt_16k:0050,ruler_vt_16k,L12,OFF,"[1, 2, 3, 4, 5, 6, 7, 8, 9, 10, 11, 12, 13, 14]",0.5,0.0,,,,0.0,0,0
ruler_vt_16k:0050,ruler_vt_16k,L12,L0,[1],0.06666666666666667,0.4,0.06666666666666667,0.06666666666666667,0.0,0.0,1,1
ruler_vt_16k:0050,ruler_vt_16k,L12,L6,"[1, 2, 3, 4, 5, 6, 7, 8, 9, 10, 11, 12, 13, 14]",0.5,0.0,,,,0.0,0,0
ruler_vt_16k:0050,ruler_vt_16k,L12,L18,"[1, 2, 3, 4, 5, 6, 7, 8, 9, 10, 11, 12, 13, 14]",0.5,0.0,,,,0.0,0,0
ruler_vt_16k:0050,ruler_vt_16k,L12,L24,"[1, 2, 3, 4, 5, 6, 7, 8, 9, 10, 11, 12, 13, 14]",0.5,0.0,,,,0.0,0,0
ruler_vt_16k:0050,ruler_vt_16k,L12,ALL,"[1, 2, 3, 4, 5, 6, 7, 8, 9, 10, 11, 12, 13, 14]",0.5,0.0,,,,0.0,0,0
ruler_vt_16k:0050,ruler_vt_16k,L18,OFF,"[1, 2, 3, 4, 5, 6, 7, 8, 9, 10, 11, 12, 13, 14]",0.5,0.0,,,,0.0,0,0
ruler_vt_16k:0050,ruler_vt_16k,L18,L0,"[1, 3]",0.13333333333333333,0.0,0.06666666666666667,0.2,0.13333333333333333,0.0,2,2
ruler_vt_16k:0050,ruler_vt_16k,L18,L6,"[1, 2, 3, 4, 5, 6, 7, 8, 9, 10, 11, 12, 13, 14]",0.5,0.0,,,,0.0,0,0
ruler_vt_16k:0050,ruler_vt_16k,L18,L12,"[1, 2, 3, 4, 5, 6, 7, 8, 9, 10, 11, 12, 13, 14]",0.5,0.0,,,,0.0,0,0
ruler_vt_16k:0050,ruler_vt_16k,L18,L24,"[1, 2, 3, 4, 5, 6, 7, 8, 9, 10, 11, 12, 13, 14]",0.5,0.0,,,,0.0,0,0
ruler_vt_16k:0050,ruler_vt_16k,L18,ALL,[2],0.13333333333333333,0.4,0.13333333333333333,0.13333333333333333,0.0,0.0,1,1
ruler_vt_16k:0050,ruler_vt_16k,L24,OFF,"[1, 2, 3, 4, 5, 6, 7, 8, 9, 10, 11, 12, 13, 14]",0.5,0.0,,,,0.0,0,0
ruler_vt_16k:0050,ruler_vt_16k,L24,L0,"[1, 3]",0.13333333333333333,0.0,0.06666666666666667,0.2,0.13333333333333333,0.0,2,2
ruler_vt_16k:0050,ruler_vt_16k,L24,L6,"[1, 2, 3, 4, 5, 6, 7, 8, 9, 10, 11, 12, 13, 14]",0.5,0.0,,,,0.0,0,0
ruler_vt_16k:0050,ruler_vt_16k,L24,L12,"[1, 2, 3, 4, 5, 6, 7, 8, 9, 10, 11, 12, 13, 14]",0.5,0.0,,,,0.0,0,0
ruler_vt_16k:0050,ruler_vt_16k,L24,L18,"[1, 2, 3, 4, 5, 6, 7, 8, 9, 10, 11, 12, 13, 14]",0.5,0.0,,,,0.0,0,0
ruler_vt_16k:0050,ruler_vt_16k,L24,ALL,[1],0.06666666666666667,0.4,0.06666666666666667,0.06666666666666667,0.0,0.0,1,1
ruler_vt_16k:0050,ruler_vt_16k,ALL,OFF,[6],0.4,0.4,0.4,0.4,0.0,0.0,1,1
ruler_vt_16k:0050,ruler_vt_16k,ALL,L0,"[3, 6, 8]",0.3777777777777778,0.0,0.2,0.5333333333333333,0.3333333333333333,0.0,3,3
ruler_vt_16k:0050,ruler_vt_16k,ALL,L6,"[2, 6]",0.26666666666666666,0.0,0.13333333333333333,0.4,0.26666666666666666,0.0,2,2
ruler_vt_16k:0050,ruler_vt_16k,ALL,L12,[3],0.2,0.4,0.2,0.2,0.0,0.0,1,1
ruler_vt_16k:0050,ruler_vt_16k,ALL,L18,"[1, 2, 3, 4, 5, 6, 7, 8, 9, 10, 11, 12, 13, 14]",0.5,0.0,,,,0.0,0,0
ruler_vt_16k:0050,ruler_vt_16k,ALL,L24,[5],0.3333333333333333,0.4,0.3333333333333333,0.3333333333333333,0.0,0.0,1,1
ruler_vt_16k:0057,ruler_vt_16k,OFF,L0,"[1, 3, 8, 9]",0.35,0.0,,,,0.0,0,0
ruler_vt_16k:0057,ruler_vt_16k,OFF,L6,"[1, 3, 10, 12]",0.43333333333333335,0.0,,,,0.0,0,0
ruler_vt_16k:0057,ruler_vt_16k,OFF,L12,"[1, 3, 5, 6, 10]",0.3333333333333333,0.0,,,,0.0,0,0
ruler_vt_16k:0057,ruler_vt_16k,OFF,L18,"[1, 6, 7, 8]",0.36666666666666664,0.0,,,,0.0,0,0
ruler_vt_16k:0057,ruler_vt_16k,OFF,L24,"[1, 2, 3, 4, 5, 6, 7, 8, 9, 10, 11, 12, 13, 14]",0.5,0.0,,,,0.0,0,0
ruler_vt_16k:0057,ruler_vt_16k,OFF,ALL,"[2, 3, 4, 6, 8, 9, 12]",0.41904761904761906,0.0,,,,0.0,0,0
ruler_vt_16k:0057,ruler_vt_16k,L0,OFF,"[2, 3, 5, 6, 7, 8, 9, 10, 11, 12, 13, 14]",0.5555555555555556,0.0,,,,0.0,0,0
ruler_vt_16k:0057,ruler_vt_16k,L0,L6,"[1, 2, 3, 4, 5, 8, 9, 10, 11, 13, 14]",0.4848484848484848,0.0,,,,0.0,0,0
ruler_vt_16k:0057,ruler_vt_16k,L0,L12,"[2, 3, 4, 5, 6, 8, 9, 10, 11, 12, 13]",0.503030303030303,0.0,,,,0.0,0,0
ruler_vt_16k:0057,ruler_vt_16k,L0,L18,"[1, 2, 3, 5, 6, 8, 9, 10, 13, 14]",0.47333333333333333,0.0,,,,0.0,0,0
ruler_vt_16k:0057,ruler_vt_16k,L0,L24,"[2, 3, 4, 5, 6, 7, 8, 9, 11, 12, 13, 14]",0.5222222222222223,0.0,,,,0.0,0,0
ruler_vt_16k:0057,ruler_vt_16k,L0,ALL,"[2, 3, 5, 7, 8, 11, 13]",0.4666666666666667,0.0,,,,0.0,0,0
ruler_vt_16k:0057,ruler_vt_16k,L6,OFF,"[5, 9, 11, 12]",0.6166666666666667,0.0,,,,0.0,0,0
ruler_vt_16k:0057,ruler_vt_16k,L6,L0,"[1, 4, 5, 7, 8, 11, 12]",0.45714285714285713,0.0,,,,0.0,0,0
ruler_vt_16k:0057,ruler_vt_16k,L6,L12,"[1, 2, 5, 6, 7, 8, 9, 10, 11, 14]",0.48666666666666664,0.0,,,,0.0,0,0
ruler_vt_16k:0057,ruler_vt_16k,L6,L18,"[1, 6, 9, 12, 13, 14]",0.611111111111111,0.0,,,,0.0,0,0
ruler_vt_16k:0057,ruler_vt_16k,L6,L24,"[2, 5, 7, 9, 11]",0.4533333333333333,0.0,,,,0.0,0,0
ruler_vt_16k:0057,ruler_vt_16k,L6,ALL,[6],0.4,0.4,0.4,0.4,0.0,0.0,1,0
ruler_vt_16k:0057,ruler_vt_16k,L12,OFF,"[1, 6, 9, 10, 12, 13]",0.5666666666666667,0.0,,,,0.0,0,0
ruler_vt_16k:0057,ruler_vt_16k,L12,L0,"[1, 2, 4, 6, 8, 9, 10, 12, 13]",0.4814814814814815,0.0,,,,0.0,0,0
ruler_vt_16k:0057,ruler_vt_16k,L12,L6,"[1, 4, 8, 9, 10, 12]",0.4888888888888889,0.0,,,,0.0,0,0
ruler_vt_16k:0057,ruler_vt_16k,L12,L18,"[2, 6, 7, 8, 10, 13, 14]",0.5714285714285714,0.0,,,,0.0,0,0
ruler_vt_16k:0057,ruler_vt_16k,L12,L24,"[1, 4, 6, 9, 10, 12, 13]",0.5238095238095238,0.0,,,,0.0,0,0
ruler_vt_16k:0057,ruler_vt_16k,L12,ALL,"[1, 2, 3, 4, 5, 8, 9, 10, 11, 12, 13, 14]",0.5111111111111112,0.0,,,,0.0,0,0
ruler_vt_16k:0057,ruler_vt_16k,L18,OFF,"[1, 3, 6, 8, 10, 13, 14]",0.5238095238095238,0.0,,,,0.0,0,0
ruler_vt_16k:0057,ruler_vt_16k,L18,L0,"[1, 3, 4, 6, 8, 9, 10, 13, 14]",0.5037037037037037,0.0,,,,0.0,0,0
ruler_vt_16k:0057,ruler_vt_16k,L18,L6,"[1, 14]",0.5,0.0,,,,0.0,0,0
ruler_vt_16k:0057,ruler_vt_16k,L18,L12,"[1, 3, 4, 5, 6, 11, 13, 14]",0.475,0.0,,,,0.0,0,0
ruler_vt_16k:0057,ruler_vt_16k,L18,L24,"[1, 3, 5, 12, 13, 14]",0.5333333333333333,0.0,,,,0.0,0,0
ruler_vt_16k:0057,ruler_vt_16k,L18,ALL,[11],0.7333333333333333,0.4,0.7333333333333333,0.7333333333333333,0.0,0.0,1,0
ruler_vt_16k:0057,ruler_vt_16k,L24,OFF,"[1, 2, 3, 4, 5, 6, 7, 8, 9, 10, 11, 12, 13, 14]",0.5,0.0,,,,0.0,0,0
ruler_vt_16k:0057,ruler_vt_16k,L24,L0,"[3, 6, 8, 9]",0.43333333333333335,0.0,,,,0.0,0,0
ruler_vt_16k:0057,ruler_vt_16k,L24,L6,"[3, 7, 11]",0.4666666666666667,0.0,,,,0.0,0,0
ruler_vt_16k:0057,ruler_vt_16k,L24,L12,"[1, 2, 3, 4, 10, 11]",0.34444444444444444,0.0,,,,0.0,0,0
ruler_vt_16k:0057,ruler_vt_16k,L24,L18,"[3, 5, 6, 7, 8]",0.38666666666666666,0.0,,,,0.0,0,0
ruler_vt_16k:0057,ruler_vt_16k,L24,ALL,"[2, 3, 6, 8, 9, 11]",0.43333333333333335,0.0,,,,0.0,0,0
ruler_vt_16k:0057,ruler_vt_16k,ALL,OFF,"[1, 3, 4, 7, 9, 11, 13, 14]",0.5166666666666667,0.0,,,,0.0,0,0
ruler_vt_16k:0057,ruler_vt_16k,ALL,L0,"[2, 3, 4, 5, 7, 9, 10, 11, 13, 14]",0.52,0.0,,,,0.0,0,0
ruler_vt_16k:0057,ruler_vt_16k,ALL,L6,"[1, 3, 4, 6, 7, 8, 9, 10, 11, 12, 13, 14]",0.5444444444444444,0.0,,,,0.0,0,0
ruler_vt_16k:0057,ruler_vt_16k,ALL,L12,"[13, 14]",0.9,0.0,0.8666666666666667,0.9333333333333333,0.06666666666666667,0.06666666666666667,2,0
ruler_vt_16k:0057,ruler_vt_16k,ALL,L18,[8],0.5333333333333333,0.4,0.5333333333333333,0.5333333333333333,0.0,0.0,1,0
ruler_vt_16k:0057,ruler_vt_16k,ALL,L24,"[9, 11]",0.6666666666666666,0.0,0.6,0.7333333333333333,0.13333333333333333,0.0,2,0
ruler_vt_16k:0063,ruler_vt_16k,OFF,L0,[1],0.06666666666666667,0.19999999999999996,0.06666666666666667,0.06666666666666667,0.0,0.0,1,1
ruler_vt_16k:0063,ruler_vt_16k,OFF,L6,"[1, 2, 3, 4, 5, 6, 7, 8, 9, 10, 11, 12, 13, 14]",0.5,0.0,,,,0.0,0,0
ruler_vt_16k:0063,ruler_vt_16k,OFF,L12,[11],0.7333333333333333,0.19999999999999996,0.7333333333333333,0.7333333333333333,0.0,0.0,1,1
ruler_vt_16k:0063,ruler_vt_16k,OFF,L18,[5],0.3333333333333333,0.19999999999999996,0.3333333333333333,0.3333333333333333,0.0,0.0,1,1
ruler_vt_16k:0063,ruler_vt_16k,OFF,L24,[14],0.9333333333333333,0.19999999999999996,0.9333333333333333,0.9333333333333333,0.0,0.0,1,1
ruler_vt_16k:0063,ruler_vt_16k,OFF,ALL,[1],0.06666666666666667,0.19999999999999996,0.06666666666666667,0.06666666666666667,0.0,0.0,1,1
ruler_vt_16k:0063,ruler_vt_16k,L0,OFF,"[4, 5, 6]",0.3333333333333333,0.0,0.26666666666666666,0.4,0.13333333333333333,0.13333333333333333,3,3
ruler_vt_16k:0063,ruler_vt_16k,L0,L6,"[4, 5, 6]",0.3333333333333333,0.0,0.26666666666666666,0.4,0.13333333333333333,0.13333333333333333,3,3
ruler_vt_16k:0063,ruler_vt_16k,L0,L12,"[4, 5, 6]",0.3333333333333333,0.0,0.26666666666666666,0.4,0.13333333333333333,0.13333333333333333,3,3
ruler_vt_16k:0063,ruler_vt_16k,L0,L18,"[4, 5, 11]",0.4444444444444445,0.0,0.26666666666666666,0.7333333333333333,0.4666666666666667,0.06666666666666667,3,3
ruler_vt_16k:0063,ruler_vt_16k,L0,L24,"[5, 6, 7]",0.4,0.0,0.3333333333333333,0.4666666666666667,0.13333333333333333,0.13333333333333333,3,3
ruler_vt_16k:0063,ruler_vt_16k,L0,ALL,"[1, 2, 3, 4, 5, 6, 7, 8, 9, 10, 11, 12, 13, 14]",0.5,0.0,,,,0.0,0,0
ruler_vt_16k:0063,ruler_vt_16k,L6,OFF,"[1, 2, 3, 4, 5, 6, 7, 8, 9, 10, 11, 12, 13, 14]",0.5,0.0,,,,0.0,0,0
ruler_vt_16k:0063,ruler_vt_16k,L6,L0,[1],0.06666666666666667,0.19999999999999996,0.06666666666666667,0.06666666666666667,0.0,0.0,1,1
ruler_vt_16k:0063,ruler_vt_16k,L6,L12,"[1, 2, 3, 4, 5, 6, 7, 8, 9, 10, 11, 12, 13, 14]",0.5,0.0,,,,0.0,0,0
ruler_vt_16k:0063,ruler_vt_16k,L6,L18,"[1, 2, 3, 4, 5, 6, 7, 8, 9, 10, 11, 12, 13, 14]",0.5,0.0,,,,0.0,0,0
ruler_vt_16k:0063,ruler_vt_16k,L6,L24,"[1, 2, 3, 4, 5, 6, 7, 8, 9, 10, 11, 12, 13, 14]",0.5,0.0,,,,0.0,0,0
ruler_vt_16k:0063,ruler_vt_16k,L6,ALL,[1],0.06666666666666667,0.19999999999999996,0.06666666666666667,0.06666666666666667,0.0,0.0,1,1
ruler_vt_16k:0063,ruler_vt_16k,L12,OFF,"[1, 2, 3, 4, 5, 6, 7, 8, 9, 10, 11, 12, 13, 14]",0.5,0.0,,,,0.0,0,0
ruler_vt_16k:0063,ruler_vt_16k,L12,L0,[1],0.06666666666666667,0.19999999999999996,0.06666666666666667,0.06666666666666667,0.0,0.0,1,1
ruler_vt_16k:0063,ruler_vt_16k,L12,L6,"[1, 2, 3, 4, 5, 6, 7, 8, 9, 10, 11, 12, 13, 14]",0.5,0.0,,,,0.0,0,0
ruler_vt_16k:0063,ruler_vt_16k,L12,L18,"[1, 2, 3, 4, 5, 6, 7, 8, 9, 10, 11, 12, 13, 14]",0.5,0.0,,,,0.0,0,0
ruler_vt_16k:0063,ruler_vt_16k,L12,L24,"[1, 2, 3, 4, 5, 6, 7, 8, 9, 10, 11, 12, 13, 14]",0.5,0.0,,,,0.0,0,0
ruler_vt_16k:0063,ruler_vt_16k,L12,ALL,[1],0.06666666666666667,0.19999999999999996,0.06666666666666667,0.06666666666666667,0.0,0.0,1,1
ruler_vt_16k:0063,ruler_vt_16k,L18,OFF,"[1, 4, 5, 8, 9, 10, 11]",0.45714285714285713,0.0,0.06666666666666667,0.7333333333333333,0.6666666666666666,0.2,7,7
ruler_vt_16k:0063,ruler_vt_16k,L18,L0,[1],0.06666666666666667,0.19999999999999996,0.06666666666666667,0.06666666666666667,0.0,0.0,1,1
ruler_vt_16k:0063,ruler_vt_16k,L18,L6,"[1, 2, 3, 4, 5, 6, 7, 8, 9, 10, 11, 12, 13, 14]",0.5,0.0,,,,0.0,0,0
ruler_vt_16k:0063,ruler_vt_16k,L18,L12,"[6, 8, 13]",0.6,0.0,0.4,0.8666666666666667,0.4666666666666667,0.0,3,3
ruler_vt_16k:0063,ruler_vt_16k,L18,L24,"[1, 5, 6, 7, 8, 9, 11, 12, 14]",0.5407407407407407,0.0,0.06666666666666667,0.9333333333333333,0.8666666666666667,0.26666666666666666,9,9
ruler_vt_16k:0063,ruler_vt_16k,L18,ALL,"[1, 14]",0.5,0.0,0.06666666666666667,0.9333333333333333,0.8666666666666667,0.0,2,2
ruler_vt_16k:0063,ruler_vt_16k,L24,OFF,"[1, 2, 3, 4, 5, 6, 7, 8, 9, 10, 11, 12, 13, 14]",0.5,0.0,,,,0.0,0,0
ruler_vt_16k:0063,ruler_vt_16k,L24,L0,[1],0.06666666666666667,0.19999999999999996,0.06666666666666667,0.06666666666666667,0.0,0.0,1,1
ruler_vt_16k:0063,ruler_vt_16k,L24,L6,"[1, 2, 3, 4, 5, 6, 7, 8, 9, 10, 11, 12, 13, 14]",0.5,0.0,,,,0.0,0,0
ruler_vt_16k:0063,ruler_vt_16k,L24,L12,[5],0.3333333333333333,0.19999999999999996,0.3333333333333333,0.3333333333333333,0.0,0.0,1,1
ruler_vt_16k:0063,ruler_vt_16k,L24,L18,"[5, 8, 11]",0.5333333333333333,0.0,0.3333333333333333,0.7333333333333333,0.4,0.0,3,3
ruler_vt_16k:0063,ruler_vt_16k,L24,ALL,[1],0.06666666666666667,0.19999999999999996,0.06666666666666667,0.06666666666666667,0.0,0.0,1,1
ruler_vt_16k:0063,ruler_vt_16k,ALL,OFF,"[4, 5, 6]",0.3333333333333333,0.0,0.26666666666666666,0.4,0.13333333333333333,0.13333333333333333,3,3
ruler_vt_16k:0063,ruler_vt_16k,ALL,L0,"[9, 10]",0.6333333333333333,0.0,0.6,0.6666666666666666,0.06666666666666667,0.06666666666666667,2,2
ruler_vt_16k:0063,ruler_vt_16k,ALL,L6,"[4, 5, 6]",0.3333333333333333,0.0,0.26666666666666666,0.4,0.13333333333333333,0.13333333333333333,3,3
ruler_vt_16k:0063,ruler_vt_16k,ALL,L12,"[4, 5, 6]",0.3333333333333333,0.0,0.26666666666666666,0.4,0.13333333333333333,0.13333333333333333,3,3
ruler_vt_16k:0063,ruler_vt_16k,ALL,L18,"[4, 5, 6]",0.3333333333333333,0.0,0.26666666666666666,0.4,0.13333333333333333,0.13333333333333333,3,3
ruler_vt_16k:0063,ruler_vt_16k,ALL,L24,"[4, 5, 6]",0.3333333333333333,0.0,0.26666666666666666,0.4,0.13333333333333333,0.13333333333333333,3,3
ruler_vt_16k:0065,ruler_vt_16k,OFF,L0,[11],0.7333333333333333,0.4,,,,0.0,0,0
ruler_vt_16k:0065,ruler_vt_16k,OFF,L6,[8],0.5333333333333333,0.4,,,,0.0,0,0
ruler_vt_16k:0065,ruler_vt_16k,OFF,L12,"[1, 2, 3, 4, 5, 6, 7, 8, 9, 10, 11, 12, 13, 14]",0.5,0.0,,,,0.0,0,0
ruler_vt_16k:0065,ruler_vt_16k,OFF,L18,[2],0.13333333333333333,0.19999999999999996,0.13333333333333333,0.13333333333333333,0.0,0.0,1,1
ruler_vt_16k:0065,ruler_vt_16k,OFF,L24,"[1, 2, 3, 4, 5, 6, 7, 8, 9, 10, 11, 12, 13, 14]",0.5,0.0,,,,0.0,0,0
ruler_vt_16k:0065,ruler_vt_16k,OFF,ALL,"[6, 8, 12]",0.5777777777777777,0.0,,,,0.0,0,0
ruler_vt_16k:0065,ruler_vt_16k,L0,OFF,"[6, 7]",0.43333333333333335,0.0,,,,0.0,0,0
ruler_vt_16k:0065,ruler_vt_16k,L0,L6,"[1, 2, 3, 4, 5, 6, 7, 8, 9, 10, 11, 12, 13, 14]",0.5,0.0,,,,0.0,0,0
ruler_vt_16k:0065,ruler_vt_16k,L0,L12,"[8, 11]",0.6333333333333333,0.0,,,,0.0,0,0
ruler_vt_16k:0065,ruler_vt_16k,L0,L18,"[4, 6]",0.3333333333333333,0.0,,,,0.0,0,0
ruler_vt_16k:0065,ruler_vt_16k,L0,L24,"[1, 2, 3, 4, 5, 6, 7, 8, 9, 10, 11, 12, 13, 14]",0.5,0.0,,,,0.0,0,0
ruler_vt_16k:0065,ruler_vt_16k,L0,ALL,"[3, 5]",0.26666666666666666,0.0,,,,0.0,0,0
ruler_vt_16k:0065,ruler_vt_16k,L6,OFF,[14],0.9333333333333333,0.19999999999999996,0.9333333333333333,0.9333333333333333,0.0,0.0,1,1
ruler_vt_16k:0065,ruler_vt_16k,L6,L0,[14],0.9333333333333333,0.6,0.9333333333333333,0.9333333333333333,0.0,0.0,1,1
ruler_vt_16k:0065,ruler_vt_16k,L6,L12,[14],0.9333333333333333,0.19999999999999996,0.9333333333333333,0.9333333333333333,0.0,0.0,1,1
ruler_vt_16k:0065,ruler_vt_16k,L6,L18,[5],0.3333333333333333,0.19999999999999996,0.3333333333333333,0.3333333333333333,0.0,0.0,1,1
ruler_vt_16k:0065,ruler_vt_16k,L6,L24,[14],0.9333333333333333,0.19999999999999996,0.9333333333333333,0.9333333333333333,0.0,0.0,1,1
ruler_vt_16k:0065,ruler_vt_16k,L6,ALL,"[5, 8]",0.43333333333333335,0.0,0.3333333333333333,0.5333333333333333,0.2,0.0,2,2
ruler_vt_16k:0065,ruler_vt_16k,L12,OFF,"[1, 2, 3, 4, 5, 6, 7, 8, 9, 10, 11, 12, 13, 14]",0.5,0.0,,,,0.0,0,0
ruler_vt_16k:0065,ruler_vt_16k,L12,L0,[6],0.4,0.6,0.4,0.4,0.0,0.0,1,1
ruler_vt_16k:0065,ruler_vt_16k,L12,L6,[12],0.8,0.4,,,,0.0,0,0
ruler_vt_16k:0065,ruler_vt_16k,L12,L18,[5],0.3333333333333333,0.6,0.3333333333333333,0.3333333333333333,0.0,0.0,1,1
ruler_vt_16k:0065,ruler_vt_16k,L12,L24,"[1, 2, 3, 4, 5, 6, 7, 8, 9, 10, 11, 12, 13, 14]",0.5,0.0,,,,0.0,0,0
ruler_vt_16k:0065,ruler_vt_16k,L12,ALL,[6],0.4,0.6,0.4,0.4,0.0,0.0,1,1
ruler_vt_16k:0065,ruler_vt_16k,L18,OFF,"[11, 12, 13]",0.8,0.0,,,,0.0,0,0
ruler_vt_16k:0065,ruler_vt_16k,L18,L0,"[1, 2, 5, 6, 11, 13]",0.4222222222222222,0.0,0.06666666666666667,0.8666666666666667,0.8,0.06666666666666667,6,6
ruler_vt_16k:0065,ruler_vt_16k,L18,L6,[4],0.26666666666666666,0.6,0.26666666666666666,0.26666666666666666,0.0,0.0,1,1
ruler_vt_16k:0065,ruler_vt_16k,L18,L12,[5],0.3333333333333333,0.19999999999999996,0.3333333333333333,0.3333333333333333,0.0,0.0,1,1
ruler_vt_16k:0065,ruler_vt_16k,L18,L24,"[7, 12, 13]",0.711111111111111,0.0,,,,0.0,0,0
ruler_vt_16k:0065,ruler_vt_16k,L18,ALL,"[10, 11]",0.7,0.0,0.6666666666666666,0.7333333333333333,0.06666666666666667,0.06666666666666667,2,2
ruler_vt_16k:0065,ruler_vt_16k,L24,OFF,"[1, 2, 3, 4, 5, 6, 7, 8, 9, 10, 11, 12, 13, 14]",0.5,0.0,,,,0.0,0,0
ruler_vt_16k:0065,ruler_vt_16k,L24,L0,[11],0.7333333333333333,0.4,,,,0.0,0,0
ruler_vt_16k:0065,ruler_vt_16k,L24,L6,"[8, 11]",0.6333333333333333,0.0,,,,0.0,0,0
ruler_vt_16k:0065,ruler_vt_16k,L24,L12,[13],0.8666666666666667,0.4,,,,0.0,0,0
ruler_vt_16k:0065,ruler_vt_16k,L24,L18,[2],0.13333333333333333,0.19999999999999996,0.13333333333333333,0.13333333333333333,0.0,0.0,1,1
ruler_vt_16k:0065,ruler_vt_16k,L24,ALL,[10],0.6666666666666666,0.19999999999999996,0.6666666666666666,0.6666666666666666,0.0,0.0,1,1
ruler_vt_16k:0065,ruler_vt_16k,ALL,OFF,"[2, 7]",0.3,0.0,0.13333333333333333,0.4666666666666667,0.3333333333333333,0.0,2,2
ruler_vt_16k:0065,ruler_vt_16k,ALL,L0,"[1, 2, 3, 4, 5, 6, 7, 8, 9, 10, 11, 12, 13, 14]",0.5,0.0,,,,0.0,0,0
ruler_vt_16k:0065,ruler_vt_16k,ALL,L6,"[1, 8, 9]",0.4,0.0,,,,0.0,0,0
ruler_vt_16k:0065,ruler_vt_16k,ALL,L12,"[1, 2, 3, 4, 5, 6, 7, 8, 9, 10, 11, 12, 13, 14]",0.5,0.0,,,,0.0,0,0
ruler_vt_16k:0065,ruler_vt_16k,ALL,L18,[1],0.06666666666666667,0.4,,,,0.0,0,0
ruler_vt_16k:0065,ruler_vt_16k,ALL,L24,"[2, 7]",0.3,0.0,0.13333333333333333,0.4666666666666667,0.3333333333333333,0.0,2,2
ruler_vt_16k:0070,ruler_vt_16k,OFF,L0,"[1, 2, 3, 4, 5, 6, 7, 9, 11, 12, 13, 14]",0.48333333333333334,0.0,,,,0.0,0,0
ruler_vt_16k:0070,ruler_vt_16k,OFF,L6,"[1, 3, 4, 6, 7, 9, 10, 11, 12, 13, 14]",0.5454545454545454,0.0,,,,0.0,0,0
ruler_vt_16k:0070,ruler_vt_16k,OFF,L12,"[1, 2, 3, 4, 6, 7, 9, 11, 12, 13, 14]",0.49696969696969695,0.0,,,,0.0,0,0
ruler_vt_16k:0070,ruler_vt_16k,OFF,L18,"[1, 2, 3, 4, 5, 6, 8, 9, 11, 12, 13, 14]",0.4888888888888889,0.0,,,,0.0,0,0
ruler_vt_16k:0070,ruler_vt_16k,OFF,L24,"[1, 2, 3, 4, 5, 6, 7, 8, 9, 10, 11, 12, 13, 14]",0.5,0.0,,,,0.0,0,0
ruler_vt_16k:0070,ruler_vt_16k,OFF,ALL,[3],0.2,0.19999999999999996,0.2,0.2,0.0,0.0,1,0
ruler_vt_16k:0070,ruler_vt_16k,L0,OFF,"[1, 2, 3, 4, 5, 6, 7, 10, 11, 13, 14]",0.46060606060606063,0.0,,,,0.0,0,0
ruler_vt_16k:0070,ruler_vt_16k,L0,L6,"[1, 2, 6, 7, 8, 9, 10, 11, 12, 13, 14]",0.5636363636363637,0.0,,,,0.0,0,0
ruler_vt_16k:0070,ruler_vt_16k,L0,L12,[3],0.2,0.19999999999999996,0.2,0.2,0.0,0.0,1,0
ruler_vt_16k:0070,ruler_vt_16k,L0,L18,[14],0.9333333333333333,0.19999999999999996,0.9333333333333333,0.9333333333333333,0.0,0.0,1,0
ruler_vt_16k:0070,ruler_vt_16k,L0,L24,"[1, 2, 3, 4, 5, 6, 7, 9, 10, 11, 14]",0.4363636363636364,0.0,,,,0.0,0,0
ruler_vt_16k:0070,ruler_vt_16k,L0,ALL,"[1, 5]",0.2,0.0,0.06666666666666667,0.3333333333333333,0.26666666666666666,0.0,2,0
ruler_vt_16k:0070,ruler_vt_16k,L6,OFF,"[1, 3, 4, 5, 6, 7, 8, 9, 10, 11, 12, 13, 14]",0.5282051282051282,0.0,,,,0.0,0,0
ruler_vt_16k:0070,ruler_vt_16k,L6,L0,[7],0.4666666666666667,0.19999999999999996,0.4666666666666667,0.4666666666666667,0.0,0.0,1,0
ruler_vt_16k:0070,ruler_vt_16k,L6,L12,"[1, 2, 3, 4, 5, 6, 7, 8, 9, 10, 11, 12, 13, 14]",0.5,0.0,,,,0.0,0,0
ruler_vt_16k:0070,ruler_vt_16k,L6,L18,"[1, 2, 3, 4, 5, 6, 7, 8, 9, 10, 11, 12, 13, 14]",0.5,0.0,,,,0.0,0,0
ruler_vt_16k:0070,ruler_vt_16k,L6,L24,"[2, 3, 4, 5, 6, 7, 8, 9, 10, 11, 12, 13, 14]",0.5333333333333333,0.0,,,,0.0,0,0
ruler_vt_16k:0070,ruler_vt_16k,L6,ALL,"[1, 2, 3, 4, 5, 6, 8, 10, 11, 12, 13, 14]",0.49444444444444446,0.0,,,,0.0,0,0
ruler_vt_16k:0070,ruler_vt_16k,L12,OFF,"[1, 2, 3, 4, 5, 7, 8, 9, 10, 11]",0.4,0.0,,,,0.0,0,0
ruler_vt_16k:0070,ruler_vt_16k,L12,L0,"[1, 2, 4, 5, 6, 7, 8, 10]",0.35833333333333334,0.0,,,,0.0,0,0
ruler_vt_16k:0070,ruler_vt_16k,L12,L6,"[1, 2, 3, 4, 5, 8, 9, 10, 11, 12, 13, 14]",0.5111111111111112,0.0,,,,0.0,0,0
ruler_vt_16k:0070,ruler_vt_16k,L12,L18,[6],0.4,0.19999999999999996,0.4,0.4,0.0,0.0,1,0
ruler_vt_16k:0070,ruler_vt_16k,L12,L24,"[1, 2, 3, 4, 5, 6, 7, 8, 9, 12]",0.38,0.0,,,,0.0,0,0
ruler_vt_16k:0070,ruler_vt_16k,L12,ALL,"[2, 3, 4, 5, 6, 7, 8, 10, 12, 13, 14]",0.5090909090909091,0.0,,,,0.0,0,0
ruler_vt_16k:0070,ruler_vt_16k,L18,OFF,[2],0.13333333333333333,0.19999999999999996,0.13333333333333333,0.13333333333333333,0.0,0.0,1,0
ruler_vt_16k:0070,ruler_vt_16k,L18,L0,[1],0.06666666666666667,0.19999999999999996,0.06666666666666667,0.06666666666666667,0.0,0.0,1,0
ruler_vt_16k:0070,ruler_vt_16k,L18,L6,[2],0.13333333333333333,0.19999999999999996,0.13333333333333333,0.13333333333333333,0.0,0.0,1,0
ruler_vt_16k:0070,ruler_vt_16k,L18,L12,"[1, 2, 3, 4, 5, 7, 8, 11, 12, 13, 14]",0.4848484848484848,0.0,,,,0.0,0,0
ruler_vt_16k:0070,ruler_vt_16k,L18,L24,"[1, 2, 3, 4, 5, 6, 7, 8, 9, 10, 11, 12, 13, 14]",0.5,0.0,,,,0.0,0,0
ruler_vt_16k:0070,ruler_vt_16k,L18,ALL,"[3, 4, 5, 6, 7, 9, 10, 11, 12, 13, 14]",0.5696969696969697,0.0,,,,0.0,0,0
ruler_vt_16k:0070,ruler_vt_16k,L24,OFF,"[1, 2, 3, 4, 5, 6, 7, 8, 9, 10, 11, 12, 13, 14]",0.5,0.0,,,,0.0,0,0
ruler_vt_16k:0070,ruler_vt_16k,L24,L0,"[1, 2, 3, 5, 7, 8, 9, 10, 11, 12, 13, 14]",0.5277777777777778,0.0,,,,0.0,0,0
ruler_vt_16k:0070,ruler_vt_16k,L24,L6,"[1, 4, 5, 6, 7, 8, 9, 10, 11, 12, 13, 14]",0.5555555555555556,0.0,,,,0.0,0,0
ruler_vt_16k:0070,ruler_vt_16k,L24,L12,"[1, 2, 3, 4, 5, 6, 7, 9, 11, 12, 13, 14]",0.48333333333333334,0.0,,,,0.0,0,0
ruler_vt_16k:0070,ruler_vt_16k,L24,L18,[14],0.9333333333333333,0.19999999999999996,0.9333333333333333,0.9333333333333333,0.0,0.0,1,0
ruler_vt_16k:0070,ruler_vt_16k,L24,ALL,"[1, 8]",0.3,0.0,0.06666666666666667,0.5333333333333333,0.4666666666666667,0.0,2,0
ruler_vt_16k:0070,ruler_vt_16k,ALL,OFF,[13],0.8666666666666667,0.19999999999999996,0.8666666666666667,0.8666666666666667,0.0,0.0,1,0
ruler_vt_16k:0070,ruler_vt_16k,ALL,L0,[13],0.8666666666666667,0.19999999999999996,0.8666666666666667,0.8666666666666667,0.0,0.0,1,0
ruler_vt_16k:0070,ruler_vt_16k,ALL,L6,"[7, 8, 14]",0.6444444444444444,0.0,0.4666666666666667,0.9333333333333333,0.4666666666666667,0.06666666666666667,3,0
ruler_vt_16k:0070,ruler_vt_16k,ALL,L12,[13],0.8666666666666667,0.19999999999999996,0.8666666666666667,0.8666666666666667,0.0,0.0,1,0
ruler_vt_16k:0070,ruler_vt_16k,ALL,L18,"[1, 2, 3, 4, 5, 7, 9, 10, 11, 12, 13, 14]",0.5055555555555555,0.0,,,,0.0,0,0
ruler_vt_16k:0070,ruler_vt_16k,ALL,L24,"[3, 5, 6, 7, 8, 9, 10, 14]",0.5166666666666667,0.0,,,,0.0,0,0
ruler_vt_16k:0083,ruler_vt_16k,OFF,L0,"[1, 2, 3, 4, 5, 6, 7, 8, 9, 10, 11, 12, 13, 14]",0.5,0.0,,,,0.0,0,0
ruler_vt_16k:0083,ruler_vt_16k,OFF,L6,"[1, 2, 3, 4, 5, 6, 7, 8, 9, 10, 11, 12, 13, 14]",0.5,0.0,,,,0.0,0,0
ruler_vt_16k:0083,ruler_vt_16k,OFF,L12,"[1, 2, 3, 4, 5, 6, 7, 8, 9, 10, 11, 12, 13, 14]",0.5,0.0,,,,0.0,0,0
ruler_vt_16k:0083,ruler_vt_16k,OFF,L18,"[1, 2, 3, 4, 5, 6, 7, 8, 9, 10, 11, 12, 13, 14]",0.5,0.0,,,,0.0,0,0
ruler_vt_16k:0083,ruler_vt_16k,OFF,L24,"[1, 2, 3, 4, 5, 6, 7, 8, 9, 10, 11, 12, 13, 14]",0.5,0.0,,,,0.0,0,0
ruler_vt_16k:0083,ruler_vt_16k,OFF,ALL,"[1, 2, 3, 4, 5, 6, 7, 8, 9, 10, 11, 12, 13, 14]",0.5,0.0,,,,0.0,0,0
ruler_vt_16k:0083,ruler_vt_16k,L0,OFF,[10],0.6666666666666666,0.19999999999999996,0.6666666666666666,0.6666666666666666,0.0,0.0,1,1
ruler_vt_16k:0083,ruler_vt_16k,L0,L6,"[1, 2, 3, 4, 5, 6, 7, 8, 9, 10, 11, 12, 13, 14]",0.5,0.0,,,,0.0,0,0
ruler_vt_16k:0083,ruler_vt_16k,L0,L12,[7],0.4666666666666667,0.19999999999999996,0.4666666666666667,0.4666666666666667,0.0,0.0,1,1
ruler_vt_16k:0083,ruler_vt_16k,L0,L18,"[1, 2, 3, 4, 5, 6, 7, 8, 9, 10, 11, 12, 13, 14]",0.5,0.0,,,,0.0,0,0
ruler_vt_16k:0083,ruler_vt_16k,L0,L24,[1],0.06666666666666667,0.19999999999999996,0.06666666666666667,0.06666666666666667,0.0,0.0,1,1
ruler_vt_16k:0083,ruler_vt_16k,L0,ALL,"[1, 2, 3, 4, 5, 6, 7, 8, 9, 10, 11, 12, 13, 14]",0.5,0.0,,,,0.0,0,0
ruler_vt_16k:0083,ruler_vt_16k,L6,OFF,"[1, 2, 3, 4, 5, 6, 7, 8, 9, 10, 11, 12, 13, 14]",0.5,0.0,,,,0.0,0,0
ruler_vt_16k:0083,ruler_vt_16k,L6,L0,"[1, 2, 3, 4, 5, 6, 7, 8, 9, 10, 11, 12, 13, 14]",0.5,0.0,,,,0.0,0,0
ruler_vt_16k:0083,ruler_vt_16k,L6,L12,"[1, 2, 3, 4, 5, 6, 7, 8, 9, 10, 11, 12, 13, 14]",0.5,0.0,,,,0.0,0,0
ruler_vt_16k:0083,ruler_vt_16k,L6,L18,"[1, 2, 3, 4, 5, 6, 7, 8, 9, 10, 11, 12, 13, 14]",0.5,0.0,,,,0.0,0,0
ruler_vt_16k:0083,ruler_vt_16k,L6,L24,"[1, 2, 3, 4, 5, 6, 7, 8, 9, 10, 11, 12, 13, 14]",0.5,0.0,,,,0.0,0,0
ruler_vt_16k:0083,ruler_vt_16k,L6,ALL,"[1, 2, 3, 4, 5, 6, 7, 8, 9, 10, 11, 12, 13, 14]",0.5,0.0,,,,0.0,0,0
ruler_vt_16k:0083,ruler_vt_16k,L12,OFF,"[1, 2, 3, 4, 5, 6, 7, 8, 9, 10, 11, 12, 13, 14]",0.5,0.0,,,,0.0,0,0
ruler_vt_16k:0083,ruler_vt_16k,L12,L0,"[1, 2, 3, 4, 5, 6, 7, 8, 9, 10, 11, 12, 13, 14]",0.5,0.0,,,,0.0,0,0
ruler_vt_16k:0083,ruler_vt_16k,L12,L6,"[1, 2, 3, 4, 5, 6, 7, 8, 9, 10, 11, 12, 13, 14]",0.5,0.0,,,,0.0,0,0
ruler_vt_16k:0083,ruler_vt_16k,L12,L18,"[1, 2, 3, 4, 5, 6, 7, 8, 9, 10, 11, 12, 13, 14]",0.5,0.0,,,,0.0,0,0
ruler_vt_16k:0083,ruler_vt_16k,L12,L24,"[1, 2, 3, 4, 5, 6, 7, 8, 9, 10, 11, 12, 13, 14]",0.5,0.0,,,,0.0,0,0
ruler_vt_16k:0083,ruler_vt_16k,L12,ALL,"[1, 2, 3, 4, 5, 6, 7, 8, 9, 10, 11, 12, 13, 14]",0.5,0.0,,,,0.0,0,0
ruler_vt_16k:0083,ruler_vt_16k,L18,OFF,"[1, 2, 3, 4, 5, 6, 7, 8, 9, 10, 11, 12, 13, 14]",0.5,0.0,,,,0.0,0,0
ruler_vt_16k:0083,ruler_vt_16k,L18,L0,"[1, 2, 3, 4, 5, 6, 7, 8, 9, 10, 11, 12, 13, 14]",0.5,0.0,,,,0.0,0,0
ruler_vt_16k:0083,ruler_vt_16k,L18,L6,"[1, 2, 3, 4, 5, 6, 7, 8, 9, 10, 11, 12, 13, 14]",0.5,0.0,,,,0.0,0,0
ruler_vt_16k:0083,ruler_vt_16k,L18,L12,"[1, 2, 3, 4, 5, 6, 7, 8, 9, 10, 11, 12, 13, 14]",0.5,0.0,,,,0.0,0,0
ruler_vt_16k:0083,ruler_vt_16k,L18,L24,"[1, 2, 3, 4, 5, 6, 7, 8, 9, 10, 11, 12, 13, 14]",0.5,0.0,,,,0.0,0,0
ruler_vt_16k:0083,ruler_vt_16k,L18,ALL,"[1, 2, 3, 4, 5, 6, 7, 8, 9, 10, 11, 12, 13, 14]",0.5,0.0,,,,0.0,0,0
ruler_vt_16k:0083,ruler_vt_16k,L24,OFF,"[1, 2, 3, 4, 5, 6, 7, 8, 9, 10, 11, 12, 13, 14]",0.5,0.0,,,,0.0,0,0
ruler_vt_16k:0083,ruler_vt_16k,L24,L0,"[1, 2, 3, 4, 5, 6, 7, 8, 9, 10, 11, 12, 13, 14]",0.5,0.0,,,,0.0,0,0
ruler_vt_16k:0083,ruler_vt_16k,L24,L6,"[1, 2, 3, 4, 5, 6, 7, 8, 9, 10, 11, 12, 13, 14]",0.5,0.0,,,,0.0,0,0
ruler_vt_16k:0083,ruler_vt_16k,L24,L12,"[1, 2, 3, 4, 5, 6, 7, 8, 9, 10, 11, 12, 13, 14]",0.5,0.0,,,,0.0,0,0
ruler_vt_16k:0083,ruler_vt_16k,L24,L18,"[1, 2, 3, 4, 5, 6, 7, 8, 9, 10, 11, 12, 13, 14]",0.5,0.0,,,,0.0,0,0
ruler_vt_16k:0083,ruler_vt_16k,L24,ALL,"[1, 2, 3, 4, 5, 6, 7, 8, 9, 10, 11, 12, 13, 14]",0.5,0.0,,,,0.0,0,0
ruler_vt_16k:0083,ruler_vt_16k,ALL,OFF,"[2, 3]",0.16666666666666666,0.0,0.13333333333333333,0.2,0.06666666666666667,0.06666666666666667,2,2
ruler_vt_16k:0083,ruler_vt_16k,ALL,L0,"[1, 2, 3, 4, 5, 6, 7, 8, 9, 10, 11, 12, 13, 14]",0.5,0.0,,,,0.0,0,0
ruler_vt_16k:0083,ruler_vt_16k,ALL,L6,"[1, 2, 3, 4, 5, 6, 7, 8, 9, 10, 11, 12, 13, 14]",0.5,0.0,,,,0.0,0,0
ruler_vt_16k:0083,ruler_vt_16k,ALL,L12,"[1, 2, 3, 4, 5, 6, 7, 8, 9, 10, 11, 12, 13, 14]",0.5,0.0,,,,0.0,0,0
ruler_vt_16k:0083,ruler_vt_16k,ALL,L18,"[1, 2, 3, 4, 5, 6, 7, 8, 9, 10, 11, 12, 13, 14]",0.5,0.0,,,,0.0,0,0
ruler_vt_16k:0083,ruler_vt_16k,ALL,L24,"[1, 2, 3, 4, 5, 6, 7, 8, 9, 10, 11, 12, 13, 14]",0.5,0.0,,,,0.0,0,0
ruler_vt_16k:0086,ruler_vt_16k,OFF,L0,[9],0.6,0.19999999999999996,0.6,0.6,0.0,0.0,1,1
ruler_vt_16k:0086,ruler_vt_16k,OFF,L6,[12],0.8,0.19999999999999996,0.8,0.8,0.0,0.0,1,1
ruler_vt_16k:0086,ruler_vt_16k,OFF,L12,"[1, 2, 3, 4, 5, 6, 7, 8, 9, 10, 11, 12, 13, 14]",0.5,0.0,,,,0.0,0,0
ruler_vt_16k:0086,ruler_vt_16k,OFF,L18,"[1, 2, 3, 4, 5, 6, 7, 8, 9, 10, 11, 12, 13, 14]",0.5,0.0,,,,0.0,0,0
ruler_vt_16k:0086,ruler_vt_16k,OFF,L24,"[1, 2, 3, 4, 5, 6, 7, 8, 9, 10, 11, 12, 13, 14]",0.5,0.0,,,,0.0,0,0
ruler_vt_16k:0086,ruler_vt_16k,OFF,ALL,"[1, 2, 3, 4, 5, 6, 7, 8, 9, 10, 11, 12, 13, 14]",0.5,0.0,,,,0.0,0,0
ruler_vt_16k:0086,ruler_vt_16k,L0,OFF,"[4, 5, 6]",0.3333333333333333,0.0,0.26666666666666666,0.4,0.13333333333333333,0.13333333333333333,3,3
ruler_vt_16k:0086,ruler_vt_16k,L0,L6,"[10, 11, 12]",0.7333333333333333,0.0,0.6666666666666666,0.8,0.13333333333333333,0.13333333333333333,3,3
ruler_vt_16k:0086,ruler_vt_16k,L0,L12,[12],0.8,0.19999999999999996,0.8,0.8,0.0,0.0,1,1
ruler_vt_16k:0086,ruler_vt_16k,L0,L18,"[1, 6, 7, 12]",0.43333333333333335,0.0,0.06666666666666667,0.8,0.7333333333333333,0.06666666666666667,4,4
ruler_vt_16k:0086,ruler_vt_16k,L0,L24,"[1, 5, 6]",0.26666666666666666,0.0,0.06666666666666667,0.4,0.3333333333333333,0.06666666666666667,3,3
ruler_vt_16k:0086,ruler_vt_16k,L0,ALL,"[5, 13]",0.6,0.0,0.3333333333333333,0.8666666666666667,0.5333333333333333,0.0,2,2
ruler_vt_16k:0086,ruler_vt_16k,L6,OFF,"[1, 2, 3, 4, 5, 6, 7, 8, 9, 10, 11, 12, 13, 14]",0.5,0.0,,,,0.0,0,0
ruler_vt_16k:0086,ruler_vt_16k,L6,L0,"[1, 2, 3, 4, 5, 6, 7, 8, 9, 10, 11, 12, 13, 14]",0.5,0.0,,,,0.0,0,0
ruler_vt_16k:0086,ruler_vt_16k,L6,L12,[2],0.13333333333333333,0.19999999999999996,0.13333333333333333,0.13333333333333333,0.0,0.0,1,1
ruler_vt_16k:0086,ruler_vt_16k,L6,L18,"[1, 2, 3, 4, 5, 6, 7, 8, 9, 10, 11, 12, 13, 14]",0.5,0.0,,,,0.0,0,0
ruler_vt_16k:0086,ruler_vt_16k,L6,L24,"[1, 2, 3, 4, 5, 6, 7, 8, 9, 10, 11, 12, 13, 14]",0.5,0.0,,,,0.0,0,0
ruler_vt_16k:0086,ruler_vt_16k,L6,ALL,"[8, 12]",0.6666666666666666,0.0,0.5333333333333333,0.8,0.26666666666666666,0.0,2,2
ruler_vt_16k:0086,ruler_vt_16k,L12,OFF,"[1, 2, 3, 4, 5, 6, 7, 8, 9, 10, 11, 12, 13, 14]",0.5,0.0,,,,0.0,0,0
ruler_vt_16k:0086,ruler_vt_16k,L12,L0,"[1, 2, 3, 4, 5, 6, 7, 8, 9, 10, 11, 12, 13, 14]",0.5,0.0,,,,0.0,0,0
ruler_vt_16k:0086,ruler_vt_16k,L12,L6,"[1, 2, 3, 4, 5, 6, 7, 8, 9, 10, 11, 12, 13, 14]",0.5,0.0,,,,0.0,0,0
ruler_vt_16k:0086,ruler_vt_16k,L12,L18,"[1, 2, 3, 4, 5, 6, 7, 8, 9, 10, 11, 12, 13, 14]",0.5,0.0,,,,0.0,0,0
ruler_vt_16k:0086,ruler_vt_16k,L12,L24,"[1, 2, 3, 4, 5, 6, 7, 8, 9, 10, 11, 12, 13, 14]",0.5,0.0,,,,0.0,0,0
ruler_vt_16k:0086,ruler_vt_16k,L12,ALL,[3],0.2,0.19999999999999996,0.2,0.2,0.0,0.0,1,1
ruler_vt_16k:0086,ruler_vt_16k,L18,OFF,"[2, 8, 13]",0.5111111111111112,0.0,0.13333333333333333,0.8666666666666667,0.7333333333333333,0.0,3,3
ruler_vt_16k:0086,ruler_vt_16k,L18,L0,"[10, 13]",0.7666666666666667,0.0,0.6666666666666666,0.8666666666666667,0.2,0.0,2,2
ruler_vt_16k:0086,ruler_vt_16k,L18,L6,"[1, 2, 3, 4, 5, 6, 7, 8, 9, 10, 11, 12, 13, 14]",0.5,0.0,,,,0.0,0,0
ruler_vt_16k:0086,ruler_vt_16k,L18,L12,[3],0.2,0.19999999999999996,0.2,0.2,0.0,0.0,1,1
ruler_vt_16k:0086,ruler_vt_16k,L18,L24,[8],0.5333333333333333,0.19999999999999996,0.5333333333333333,0.5333333333333333,0.0,0.0,1,1
ruler_vt_16k:0086,ruler_vt_16k,L18,ALL,[11],0.7333333333333333,0.19999999999999996,0.7333333333333333,0.7333333333333333,0.0,0.0,1,1
ruler_vt_16k:0086,ruler_vt_16k,L24,OFF,"[1, 2, 3, 4, 5, 6, 7, 8, 9, 10, 11, 12, 13, 14]",0.5,0.0,,,,0.0,0,0
ruler_vt_16k:0086,ruler_vt_16k,L24,L0,[7],0.4666666666666667,0.19999999999999996,0.4666666666666667,0.4666666666666667,0.0,0.0,1,1
ruler_vt_16k:0086,ruler_vt_16k,L24,L6,"[1, 2, 3, 4, 5, 6, 7, 8, 9, 10, 11, 12, 13, 14]",0.5,0.0,,,,0.0,0,0
ruler_vt_16k:0086,ruler_vt_16k,L24,L12,"[7, 11]",0.6,0.0,0.4666666666666667,0.7333333333333333,0.26666666666666666,0.0,2,2
ruler_vt_16k:0086,ruler_vt_16k,L24,L18,[11],0.7333333333333333,0.19999999999999996,0.7333333333333333,0.7333333333333333,0.0,0.0,1,1
ruler_vt_16k:0086,ruler_vt_16k,L24,ALL,"[1, 2, 3, 4, 5, 6, 7, 8, 9, 10, 11, 12, 13, 14]",0.5,0.0,,,,0.0,0,0
ruler_vt_16k:0086,ruler_vt_16k,ALL,OFF,"[1, 2, 3, 4, 5, 6, 7, 8, 9, 10, 11, 12, 13, 14]",0.5,0.0,,,,0.0,0,0
ruler_vt_16k:0086,ruler_vt_16k,ALL,L0,"[1, 2, 3, 4, 5, 6, 7, 8, 9, 10, 11, 12, 13, 14]",0.5,0.0,,,,0.0,0,0
ruler_vt_16k:0086,ruler_vt_16k,ALL,L6,"[1, 2, 3, 4, 5, 6, 7, 8, 9, 10, 11, 12, 13, 14]",0.5,0.0,,,,0.0,0,0
ruler_vt_16k:0086,ruler_vt_16k,ALL,L12,"[4, 7]",0.36666666666666664,0.0,0.26666666666666666,0.4666666666666667,0.2,0.0,2,2
ruler_vt_16k:0086,ruler_vt_16k,ALL,L18,[2],0.13333333333333333,0.19999999999999996,0.13333333333333333,0.13333333333333333,0.0,0.0,1,1
ruler_vt_16k:0086,ruler_vt_16k,ALL,L24,[13],0.8666666666666667,0.19999999999999996,0.8666666666666667,0.8666666666666667,0.0,0.0,1,1
ruler_vt_16k:0091,ruler_vt_16k,OFF,L0,[6],0.4,0.20000000000000007,0.4,0.4,0.0,0.0,1,0
ruler_vt_16k:0091,ruler_vt_16k,OFF,L6,"[1, 2, 3, 4, 5, 6, 7, 8, 9, 10, 11, 12, 13, 14]",0.5,0.0,,,,0.0,0,0
ruler_vt_16k:0091,ruler_vt_16k,OFF,L12,"[1, 2, 3, 4, 5, 6, 7, 8, 9, 10, 11, 12, 13, 14]",0.5,0.0,,,,0.0,0,0
ruler_vt_16k:0091,ruler_vt_16k,OFF,L18,"[1, 2, 3, 4, 5, 6, 7, 8, 9, 10, 11, 12, 13, 14]",0.5,0.0,,,,0.0,0,0
ruler_vt_16k:0091,ruler_vt_16k,OFF,L24,"[1, 2, 3, 4, 5, 6, 7, 8, 9, 10, 11, 12, 13, 14]",0.5,0.0,,,,0.0,0,0
ruler_vt_16k:0091,ruler_vt_16k,OFF,ALL,"[1, 2, 3, 4, 5, 6, 7, 8, 9, 10, 11, 12, 13, 14]",0.5,0.0,,,,0.0,0,0
ruler_vt_16k:0091,ruler_vt_16k,L0,OFF,"[1, 2, 3, 4, 5, 6, 7, 8, 9, 10, 11, 12, 13, 14]",0.5,0.0,,,,0.0,0,0
ruler_vt_16k:0091,ruler_vt_16k,L0,L6,"[1, 2, 3, 4, 5, 6, 7, 8, 9, 10, 11, 12, 13, 14]",0.5,0.0,,,,0.0,0,0
ruler_vt_16k:0091,ruler_vt_16k,L0,L12,"[1, 2, 3, 4, 5, 6, 7, 8, 9, 10, 11, 12, 13, 14]",0.5,0.0,,,,0.0,0,0
ruler_vt_16k:0091,ruler_vt_16k,L0,L18,[9],0.6,0.20000000000000007,0.6,0.6,0.0,0.0,1,0
ruler_vt_16k:0091,ruler_vt_16k,L0,L24,"[1, 2, 3, 4, 5, 6, 7, 8, 9, 10, 11, 12, 13, 14]",0.5,0.0,,,,0.0,0,0
ruler_vt_16k:0091,ruler_vt_16k,L0,ALL,"[1, 2, 3, 4, 5, 6, 7, 8, 9, 10, 11, 12, 13, 14]",0.5,0.0,,,,0.0,0,0
ruler_vt_16k:0091,ruler_vt_16k,L6,OFF,"[1, 2, 3, 4, 5, 6, 7, 8, 9, 10, 11, 12, 13, 14]",0.5,0.0,,,,0.0,0,0
ruler_vt_16k:0091,ruler_vt_16k,L6,L0,"[1, 2, 3, 4, 5, 6, 7, 8, 9, 10, 11, 12, 13, 14]",0.5,0.0,,,,0.0,0,0
ruler_vt_16k:0091,ruler_vt_16k,L6,L12,"[1, 2, 3, 4, 5, 6, 7, 8, 9, 10, 11, 12, 13, 14]",0.5,0.0,,,,0.0,0,0
ruler_vt_16k:0091,ruler_vt_16k,L6,L18,[8],0.5333333333333333,0.20000000000000007,0.5333333333333333,0.5333333333333333,0.0,0.0,1,0
ruler_vt_16k:0091,ruler_vt_16k,L6,L24,"[1, 2, 3, 4, 5, 6, 7, 8, 9, 10, 11, 12, 13, 14]",0.5,0.0,,,,0.0,0,0
ruler_vt_16k:0091,ruler_vt_16k,L6,ALL,[12],0.8,0.20000000000000007,0.8,0.8,0.0,0.0,1,0
ruler_vt_16k:0091,ruler_vt_16k,L12,OFF,"[1, 2, 3, 4, 5, 6, 7, 8, 9, 10, 11, 12, 13, 14]",0.5,0.0,,,,0.0,0,0
ruler_vt_16k:0091,ruler_vt_16k,L12,L0,"[13, 14]",0.9,0.0,0.8666666666666667,0.9333333333333333,0.06666666666666667,0.06666666666666667,2,0
ruler_vt_16k:0091,ruler_vt_16k,L12,L6,"[1, 2, 3, 4, 5, 6, 7, 8, 9, 10, 11, 12, 13, 14]",0.5,0.0,,,,0.0,0,0
ruler_vt_16k:0091,ruler_vt_16k,L12,L18,"[1, 2, 3, 4, 5, 6, 7, 8, 9, 10, 11, 12, 13, 14]",0.5,0.0,,,,0.0,0,0
ruler_vt_16k:0091,ruler_vt_16k,L12,L24,"[1, 2, 3, 4, 5, 6, 7, 8, 9, 10, 11, 12, 13, 14]",0.5,0.0,,,,0.0,0,0
ruler_vt_16k:0091,ruler_vt_16k,L12,ALL,[14],0.9333333333333333,0.20000000000000007,0.9333333333333333,0.9333333333333333,0.0,0.0,1,0
ruler_vt_16k:0091,ruler_vt_16k,L18,OFF,"[1, 2, 3, 4, 5, 6, 7, 8, 9, 10, 11, 12, 13, 14]",0.5,0.0,,,,0.0,0,0
ruler_vt_16k:0091,ruler_vt_16k,L18,L0,"[1, 2, 3, 4, 5, 6, 7, 8, 9, 10, 11, 12, 13, 14]",0.5,0.0,,,,0.0,0,0
ruler_vt_16k:0091,ruler_vt_16k,L18,L6,[3],0.2,0.20000000000000007,0.2,0.2,0.0,0.0,1,0
ruler_vt_16k:0091,ruler_vt_16k,L18,L12,"[1, 2, 3, 4, 5, 6, 7, 8, 9, 10, 11, 12, 13, 14]",0.5,0.0,,,,0.0,0,0
ruler_vt_16k:0091,ruler_vt_16k,L18,L24,"[1, 2, 3, 4, 5, 6, 7, 8, 9, 10, 11, 12, 13, 14]",0.5,0.0,,,,0.0,0,0
ruler_vt_16k:0091,ruler_vt_16k,L18,ALL,"[1, 2, 3, 4, 5, 6, 7, 8, 9, 10, 11, 12, 13, 14]",0.5,0.0,,,,0.0,0,0
ruler_vt_16k:0091,ruler_vt_16k,L24,OFF,"[1, 2, 3, 4, 5, 6, 7, 8, 9, 10, 11, 12, 13, 14]",0.5,0.0,,,,0.0,0,0
ruler_vt_16k:0091,ruler_vt_16k,L24,L0,"[1, 2, 3, 4, 5, 6, 7, 8, 9, 10, 11, 12, 13, 14]",0.5,0.0,,,,0.0,0,0
ruler_vt_16k:0091,ruler_vt_16k,L24,L6,"[1, 2, 3, 4, 5, 6, 7, 8, 9, 10, 11, 12, 13, 14]",0.5,0.0,,,,0.0,0,0
ruler_vt_16k:0091,ruler_vt_16k,L24,L12,"[1, 2, 3, 4, 5, 6, 7, 8, 9, 10, 11, 12, 13, 14]",0.5,0.0,,,,0.0,0,0
ruler_vt_16k:0091,ruler_vt_16k,L24,L18,"[1, 2, 3, 4, 5, 6, 7, 8, 9, 10, 11, 12, 13, 14]",0.5,0.0,,,,0.0,0,0
ruler_vt_16k:0091,ruler_vt_16k,L24,ALL,"[1, 2, 3, 4, 5, 6, 7, 8, 9, 10, 11, 12, 13, 14]",0.5,0.0,,,,0.0,0,0
ruler_vt_16k:0091,ruler_vt_16k,ALL,OFF,"[1, 2, 3, 4, 5, 6, 7, 8, 9, 10, 11, 12, 13, 14]",0.5,0.0,,,,0.0,0,0
ruler_vt_16k:0091,ruler_vt_16k,ALL,L0,"[1, 2, 3, 4, 5, 6, 7, 8, 9, 10, 11, 12, 13, 14]",0.5,0.0,,,,0.0,0,0
ruler_vt_16k:0091,ruler_vt_16k,ALL,L6,[9],0.6,0.20000000000000007,0.6,0.6,0.0,0.0,1,0
ruler_vt_16k:0091,ruler_vt_16k,ALL,L12,"[1, 2, 3, 4, 5, 6, 7, 8, 9, 10, 11, 12, 13, 14]",0.5,0.0,,,,0.0,0,0
ruler_vt_16k:0091,ruler_vt_16k,ALL,L18,"[1, 2, 3, 4, 5, 6, 7, 8, 9, 10, 11, 12, 13, 14]",0.5,0.0,,,,0.0,0,0
ruler_vt_16k:0091,ruler_vt_16k,ALL,L24,"[1, 2, 3, 4, 5, 6, 7, 8, 9, 10, 11, 12, 13, 14]",0.5,0.0,,,,0.0,0,0
ruler_vt_16k:0093,ruler_vt_16k,OFF,L0,"[1, 2, 3, 4, 5, 6, 7, 8, 9, 10, 11, 12, 13, 14]",0.5,0.0,,,,0.0,0,0
ruler_vt_16k:0093,ruler_vt_16k,OFF,L6,[13],0.8666666666666667,0.4,0.8666666666666667,0.8666666666666667,0.0,0.0,1,0
ruler_vt_16k:0093,ruler_vt_16k,OFF,L12,"[1, 2, 3, 4, 5, 6, 7, 8, 9, 10, 11, 12, 13, 14]",0.5,0.0,,,,0.0,0,0
ruler_vt_16k:0093,ruler_vt_16k,OFF,L18,[1],0.06666666666666667,0.4,0.06666666666666667,0.06666666666666667,0.0,0.0,1,0
ruler_vt_16k:0093,ruler_vt_16k,OFF,L24,"[1, 2, 3, 4, 5, 6, 7, 8, 9, 10, 11, 12, 13, 14]",0.5,0.0,,,,0.0,0,0
ruler_vt_16k:0093,ruler_vt_16k,OFF,ALL,"[1, 2, 3, 4, 5, 6, 7, 8, 9, 10, 11, 12, 13, 14]",0.5,0.0,,,,0.0,0,0
ruler_vt_16k:0093,ruler_vt_16k,L0,OFF,"[1, 2, 3, 4, 5, 6, 7, 8, 9, 10, 11, 12, 13, 14]",0.5,0.0,,,,0.0,0,0
ruler_vt_16k:0093,ruler_vt_16k,L0,L6,[8],0.5333333333333333,0.4,0.5333333333333333,0.5333333333333333,0.0,0.0,1,0
ruler_vt_16k:0093,ruler_vt_16k,L0,L12,"[1, 2, 3, 4, 5, 6, 7, 8, 9, 10, 11, 12, 13, 14]",0.5,0.0,,,,0.0,0,0
ruler_vt_16k:0093,ruler_vt_16k,L0,L18,[9],0.6,0.4,0.6,0.6,0.0,0.0,1,0
ruler_vt_16k:0093,ruler_vt_16k,L0,L24,[9],0.6,0.4,0.6,0.6,0.0,0.0,1,0
ruler_vt_16k:0093,ruler_vt_16k,L0,ALL,"[1, 2, 3, 4, 5, 6, 7, 8, 9, 10, 11, 12, 13, 14]",0.5,0.0,,,,0.0,0,0
ruler_vt_16k:0093,ruler_vt_16k,L6,OFF,[8],0.5333333333333333,0.4,0.5333333333333333,0.5333333333333333,0.0,0.0,1,0
ruler_vt_16k:0093,ruler_vt_16k,L6,L0,"[8, 10]",0.6,0.0,0.5333333333333333,0.6666666666666666,0.13333333333333333,0.0,2,0
ruler_vt_16k:0093,ruler_vt_16k,L6,L12,"[1, 2, 3, 4, 5, 6, 7, 8, 9, 10, 11, 12, 13, 14]",0.5,0.0,,,,0.0,0,0
ruler_vt_16k:0093,ruler_vt_16k,L6,L18,[5],0.3333333333333333,0.4,0.3333333333333333,0.3333333333333333,0.0,0.0,1,0
ruler_vt_16k:0093,ruler_vt_16k,L6,L24,"[7, 8]",0.5,0.0,0.4666666666666667,0.5333333333333333,0.06666666666666667,0.06666666666666667,2,0
ruler_vt_16k:0093,ruler_vt_16k,L6,ALL,"[3, 5, 8, 9]",0.4166666666666667,0.0,0.2,0.6,0.4,0.06666666666666667,4,0
ruler_vt_16k:0093,ruler_vt_16k,L12,OFF,"[1, 2, 3, 4, 5, 6, 7, 8, 9, 10, 11, 12, 13, 14]",0.5,0.0,,,,0.0,0,0
ruler_vt_16k:0093,ruler_vt_16k,L12,L0,"[1, 2, 3, 4, 5, 6, 7, 8, 9, 10, 11, 12, 13, 14]",0.5,0.0,,,,0.0,0,0
ruler_vt_16k:0093,ruler_vt_16k,L12,L6,"[1, 2, 3, 4, 5, 6, 7, 8, 9, 10, 11, 12, 13, 14]",0.5,0.0,,,,0.0,0,0
ruler_vt_16k:0093,ruler_vt_16k,L12,L18,"[1, 2, 3, 4, 5, 6, 7, 8, 9, 10, 11, 12, 13, 14]",0.5,0.0,,,,0.0,0,0
ruler_vt_16k:0093,ruler_vt_16k,L12,L24,"[1, 2, 3, 4, 5, 6, 7, 8, 9, 10, 11, 12, 13, 14]",0.5,0.0,,,,0.0,0,0
ruler_vt_16k:0093,ruler_vt_16k,L12,ALL,"[1, 2, 3, 4, 5, 6, 7, 8, 9, 10, 11, 12, 13, 14]",0.5,0.0,,,,0.0,0,0
ruler_vt_16k:0093,ruler_vt_16k,L18,OFF,"[1, 2, 3, 4, 5, 6, 7, 8, 9, 10, 11, 12, 13, 14]",0.5,0.0,,,,0.0,0,0
ruler_vt_16k:0093,ruler_vt_16k,L18,L0,"[1, 2, 3, 4, 5, 6, 7, 8, 9, 10, 11, 12, 13, 14]",0.5,0.0,,,,0.0,0,0
ruler_vt_16k:0093,ruler_vt_16k,L18,L6,[13],0.8666666666666667,0.4,0.8666666666666667,0.8666666666666667,0.0,0.0,1,0
ruler_vt_16k:0093,ruler_vt_16k,L18,L12,[4],0.26666666666666666,0.4,0.26666666666666666,0.26666666666666666,0.0,0.0,1,0
ruler_vt_16k:0093,ruler_vt_16k,L18,L24,"[1, 2, 3, 4, 5, 6, 7, 8, 9, 10, 11, 12, 13, 14]",0.5,0.0,,,,0.0,0,0
ruler_vt_16k:0093,ruler_vt_16k,L18,ALL,"[1, 2, 3, 4, 5, 6, 7, 8, 9, 10, 11, 12, 13, 14]",0.5,0.0,,,,0.0,0,0
ruler_vt_16k:0093,ruler_vt_16k,L24,OFF,"[1, 2, 3, 4, 5, 6, 7, 8, 9, 10, 11, 12, 13, 14]",0.5,0.0,,,,0.0,0,0
ruler_vt_16k:0093,ruler_vt_16k,L24,L0,"[1, 2, 3, 4, 5, 6, 7, 8, 9, 10, 11, 12, 13, 14]",0.5,0.0,,,,0.0,0,0
ruler_vt_16k:0093,ruler_vt_16k,L24,L6,[13],0.8666666666666667,0.4,0.8666666666666667,0.8666666666666667,0.0,0.0,1,0
ruler_vt_16k:0093,ruler_vt_16k,L24,L12,"[1, 2, 3, 4, 5, 6, 7, 8, 9, 10, 11, 12, 13, 14]",0.5,0.0,,,,0.0,0,0
ruler_vt_16k:0093,ruler_vt_16k,L24,L18,"[1, 2, 3, 4, 5, 6, 7, 8, 9, 10, 11, 12, 13, 14]",0.5,0.0,,,,0.0,0,0
ruler_vt_16k:0093,ruler_vt_16k,L24,ALL,"[1, 2, 3, 4, 5, 6, 7, 8, 9, 10, 11, 12, 13, 14]",0.5,0.0,,,,0.0,0,0
ruler_vt_16k:0093,ruler_vt_16k,ALL,OFF,"[1, 2, 3, 4, 5, 6, 7, 8, 9, 10, 11, 12, 13, 14]",0.5,0.0,,,,0.0,0,0
ruler_vt_16k:0093,ruler_vt_16k,ALL,L0,[2],0.13333333333333333,0.4,0.13333333333333333,0.13333333333333333,0.0,0.0,1,0
ruler_vt_16k:0093,ruler_vt_16k,ALL,L6,[8],0.5333333333333333,0.4,0.5333333333333333,0.5333333333333333,0.0,0.0,1,0
ruler_vt_16k:0093,ruler_vt_16k,ALL,L12,"[1, 2, 3, 4, 5, 6, 7, 8, 9, 10, 11, 12, 13, 14]",0.5,0.0,,,,0.0,0,0
ruler_vt_16k:0093,ruler_vt_16k,ALL,L18,"[1, 5, 7, 14]",0.45,0.0,0.06666666666666667,0.9333333333333333,0.8666666666666667,0.0,4,0
ruler_vt_16k:0093,ruler_vt_16k,ALL,L24,[7],0.4666666666666667,0.4,0.4666666666666667,0.4666666666666667,0.0,0.0,1,0
ruler_vt_16k:0098,ruler_vt_16k,OFF,L0,[4],0.26666666666666666,0.19999999999999996,0.26666666666666666,0.26666666666666666,0.0,0.0,1,1
ruler_vt_16k:0098,ruler_vt_16k,OFF,L6,"[1, 2, 3, 4, 5, 6, 7, 8, 9, 10, 11, 12, 13, 14]",0.5,0.0,,,,0.0,0,0
ruler_vt_16k:0098,ruler_vt_16k,OFF,L12,"[1, 2, 3, 4, 5, 6, 7, 8, 9, 10, 11, 12, 13, 14]",0.5,0.0,,,,0.0,0,0
ruler_vt_16k:0098,ruler_vt_16k,OFF,L18,"[1, 2, 3, 4, 5, 6, 7, 8, 9, 10, 11, 12, 13, 14]",0.5,0.0,,,,0.0,0,0
ruler_vt_16k:0098,ruler_vt_16k,OFF,L24,"[1, 2, 3, 4, 5, 6, 7, 8, 9, 10, 11, 12, 13, 14]",0.5,0.0,,,,0.0,0,0
ruler_vt_16k:0098,ruler_vt_16k,OFF,ALL,"[1, 2, 3, 4, 5, 6, 7, 8, 9, 10, 11, 12, 13, 14]",0.5,0.0,,,,0.0,0,0
ruler_vt_16k:0098,ruler_vt_16k,L0,OFF,"[1, 2, 3, 4, 5, 6, 7, 8, 9, 10, 11, 12, 13, 14]",0.5,0.0,,,,0.0,0,0
ruler_vt_16k:0098,ruler_vt_16k,L0,L6,[4],0.26666666666666666,0.19999999999999996,0.26666666666666666,0.26666666666666666,0.0,0.0,1,1
ruler_vt_16k:0098,ruler_vt_16k,L0,L12,[4],0.26666666666666666,0.19999999999999996,0.26666666666666666,0.26666666666666666,0.0,0.0,1,1
ruler_vt_16k:0098,ruler_vt_16k,L0,L18,"[1, 2, 3, 4, 5, 6, 7, 8, 9, 10, 11, 12, 13, 14]",0.5,0.0,,,,0.0,0,0
ruler_vt_16k:0098,ruler_vt_16k,L0,L24,"[1, 2, 3, 4, 5, 6, 7, 8, 9, 10, 11, 12, 13, 14]",0.5,0.0,,,,0.0,0,0
ruler_vt_16k:0098,ruler_vt_16k,L0,ALL,"[1, 2, 3, 4, 5, 6, 7, 8, 9, 10, 11, 12, 13, 14]",0.5,0.0,,,,0.0,0,0
ruler_vt_16k:0098,ruler_vt_16k,L6,OFF,"[1, 2, 3, 4, 5, 6, 7, 8, 9, 10, 11, 12, 13, 14]",0.5,0.0,,,,0.0,0,0
ruler_vt_16k:0098,ruler_vt_16k,L6,L0,"[1, 2, 3, 4, 5, 6, 7, 8, 9, 10, 11, 12, 13, 14]",0.5,0.0,,,,0.0,0,0
ruler_vt_16k:0098,ruler_vt_16k,L6,L12,"[1, 2, 3, 4, 5, 6, 7, 8, 9, 10, 11, 12, 13, 14]",0.5,0.0,,,,0.0,0,0
ruler_vt_16k:0098,ruler_vt_16k,L6,L18,"[1, 2, 3, 4, 5, 6, 7, 8, 9, 10, 11, 12, 13, 14]",0.5,0.0,,,,0.0,0,0
ruler_vt_16k:0098,ruler_vt_16k,L6,L24,"[1, 2, 3, 4, 5, 6, 7, 8, 9, 10, 11, 12, 13, 14]",0.5,0.0,,,,0.0,0,0
ruler_vt_16k:0098,ruler_vt_16k,L6,ALL,[13],0.8666666666666667,0.19999999999999996,0.8666666666666667,0.8666666666666667,0.0,0.0,1,1
ruler_vt_16k:0098,ruler_vt_16k,L12,OFF,"[1, 2, 3, 4, 5, 6, 7, 8, 9, 10, 11, 12, 13, 14]",0.5,0.0,,,,0.0,0,0
ruler_vt_16k:0098,ruler_vt_16k,L12,L0,"[1, 2, 3, 4, 5, 6, 7, 8, 9, 10, 11, 12, 13, 14]",0.5,0.0,,,,0.0,0,0
ruler_vt_16k:0098,ruler_vt_16k,L12,L6,"[1, 2, 3, 4, 5, 6, 7, 8, 9, 10, 11, 12, 13, 14]",0.5,0.0,,,,0.0,0,0
ruler_vt_16k:0098,ruler_vt_16k,L12,L18,"[1, 2, 3, 4, 5, 6, 7, 8, 9, 10, 11, 12, 13, 14]",0.5,0.0,,,,0.0,0,0
ruler_vt_16k:0098,ruler_vt_16k,L12,L24,[8],0.5333333333333333,0.19999999999999996,0.5333333333333333,0.5333333333333333,0.0,0.0,1,1
ruler_vt_16k:0098,ruler_vt_16k,L12,ALL,"[1, 2, 3, 4, 5, 6, 7, 8, 9, 10, 11, 12, 13, 14]",0.5,0.0,,,,0.0,0,0
ruler_vt_16k:0098,ruler_vt_16k,L18,OFF,"[1, 2, 3, 4, 5, 6, 7, 8, 9, 10, 11, 12, 13, 14]",0.5,0.0,,,,0.0,0,0
ruler_vt_16k:0098,ruler_vt_16k,L18,L0,"[1, 2, 3, 4, 5, 6, 7, 8, 9, 10, 11, 12, 13, 14]",0.5,0.0,,,,0.0,0,0
ruler_vt_16k:0098,ruler_vt_16k,L18,L6,"[1, 2, 3, 4, 5, 6, 7, 8, 9, 10, 11, 12, 13, 14]",0.5,0.0,,,,0.0,0,0
ruler_vt_16k:0098,ruler_vt_16k,L18,L12,[11],0.7333333333333333,0.19999999999999996,0.7333333333333333,0.7333333333333333,0.0,0.0,1,1
ruler_vt_16k:0098,ruler_vt_16k,L18,L24,"[1, 2, 3, 4, 5, 6, 7, 8, 9, 10, 11, 12, 13, 14]",0.5,0.0,,,,0.0,0,0
ruler_vt_16k:0098,ruler_vt_16k,L18,ALL,"[1, 2, 3, 4, 5, 6, 7, 8, 9, 10, 11, 12, 13, 14]",0.5,0.0,,,,0.0,0,0
ruler_vt_16k:0098,ruler_vt_16k,L24,OFF,"[1, 2, 3, 4, 5, 6, 7, 8, 9, 10, 11, 12, 13, 14]",0.5,0.0,,,,0.0,0,0
ruler_vt_16k:0098,ruler_vt_16k,L24,L0,"[1, 2, 3, 4, 5, 6, 7, 8, 9, 10, 11, 12, 13, 14]",0.5,0.0,,,,0.0,0,0
ruler_vt_16k:0098,ruler_vt_16k,L24,L6,"[1, 2, 3, 4, 5, 6, 7, 8, 9, 10, 11, 12, 13, 14]",0.5,0.0,,,,0.0,0,0
ruler_vt_16k:0098,ruler_vt_16k,L24,L12,"[1, 2, 3, 4, 5, 6, 7, 8, 9, 10, 11, 12, 13, 14]",0.5,0.0,,,,0.0,0,0
ruler_vt_16k:0098,ruler_vt_16k,L24,L18,"[1, 2, 3, 4, 5, 6, 7, 8, 9, 10, 11, 12, 13, 14]",0.5,0.0,,,,0.0,0,0
ruler_vt_16k:0098,ruler_vt_16k,L24,ALL,"[1, 2, 3, 4, 5, 6, 7, 8, 9, 10, 11, 12, 13, 14]",0.5,0.0,,,,0.0,0,0
ruler_vt_16k:0098,ruler_vt_16k,ALL,OFF,"[1, 2, 3, 4, 5, 6, 7, 8, 9, 10, 11, 12, 13, 14]",0.5,0.0,,,,0.0,0,0
ruler_vt_16k:0098,ruler_vt_16k,ALL,L0,[1],0.06666666666666667,0.19999999999999996,0.06666666666666667,0.06666666666666667,0.0,0.0,1,1
ruler_vt_16k:0098,ruler_vt_16k,ALL,L6,"[1, 2, 3, 4, 5, 6, 7, 8, 9, 10, 11, 12, 13, 14]",0.5,0.0,,,,0.0,0,0
ruler_vt_16k:0098,ruler_vt_16k,ALL,L12,"[1, 2, 3, 4, 5, 6, 7, 8, 9, 10, 11, 12, 13, 14]",0.5,0.0,,,,0.0,0,0
ruler_vt_16k:0098,ruler_vt_16k,ALL,L18,"[1, 2, 3, 4, 5, 6, 7, 8, 9, 10, 11, 12, 13, 14]",0.5,0.0,,,,0.0,0,0
ruler_vt_16k:0098,ruler_vt_16k,ALL,L24,"[1, 2, 3, 4, 5, 6, 7, 8, 9, 10, 11, 12, 13, 14]",0.5,0.0,,,,0.0,0,0
ruler_vt_16k:0108,ruler_vt_16k,OFF,L0,"[1, 8, 12, 13, 14]",0.64,0.0,,,,0.0,0,0
ruler_vt_16k:0108,ruler_vt_16k,OFF,L6,"[1, 2, 9]",0.26666666666666666,0.0,,,,0.0,0,0
ruler_vt_16k:0108,ruler_vt_16k,OFF,L12,"[1, 2, 3, 4, 5, 6, 7, 8, 9, 10, 11, 12, 13, 14]",0.5,0.0,,,,0.0,0,0
ruler_vt_16k:0108,ruler_vt_16k,OFF,L18,"[1, 2, 3, 4, 5, 6, 7, 8, 9, 10, 11, 12, 13, 14]",0.5,0.0,,,,0.0,0,0
ruler_vt_16k:0108,ruler_vt_16k,OFF,L24,[7],0.4666666666666667,0.19999999999999996,,,,0.0,0,0
ruler_vt_16k:0108,ruler_vt_16k,OFF,ALL,"[1, 2, 9, 12]",0.4,0.0,,,,0.0,0,0
ruler_vt_16k:0108,ruler_vt_16k,L0,OFF,"[2, 3, 5, 13, 14]",0.49333333333333335,0.0,,,,0.0,0,0
ruler_vt_16k:0108,ruler_vt_16k,L0,L6,[12],0.8,0.20000000000000007,0.8,0.8,0.0,0.0,1,0
ruler_vt_16k:0108,ruler_vt_16k,L0,L12,"[2, 3, 14]",0.4222222222222222,0.0,,,,0.0,0,0
ruler_vt_16k:0108,ruler_vt_16k,L0,L18,"[2, 5]",0.23333333333333334,0.0,,,,0.0,0,0
ruler_vt_16k:0108,ruler_vt_16k,L0,L24,"[2, 3, 5, 13, 14]",0.49333333333333335,0.0,,,,0.0,0,0
ruler_vt_16k:0108,ruler_vt_16k,L0,ALL,"[1, 2, 5, 6, 12, 14]",0.4444444444444445,0.0,,,,0.0,0,0
ruler_vt_16k:0108,ruler_vt_16k,L6,OFF,[2],0.13333333333333333,0.19999999999999996,,,,0.0,0,0
ruler_vt_16k:0108,ruler_vt_16k,L6,L0,[8],0.5333333333333333,0.20000000000000007,0.5333333333333333,0.5333333333333333,0.0,0.0,1,0
ruler_vt_16k:0108,ruler_vt_16k,L6,L12,"[1, 2, 3, 4, 5, 6, 7, 8, 9, 10, 11, 12, 13, 14]",0.5,0.0,,,,0.0,0,0
ruler_vt_16k:0108,ruler_vt_16k,L6,L18,"[6, 11]",0.5666666666666667,0.0,,,,0.0,0,0
ruler_vt_16k:0108,ruler_vt_16k,L6,L24,"[6, 8]",0.4666666666666667,0.0,,,,0.0,0,0
ruler_vt_16k:0108,ruler_vt_16k,L6,ALL,"[4, 8]",0.4,0.0,,,,0.0,0,0
ruler_vt_16k:0108,ruler_vt_16k,L12,OFF,"[1, 2, 3, 4, 5, 6, 7, 8, 9, 10, 11, 12, 13, 14]",0.5,0.0,,,,0.0,0,0
ruler_vt_16k:0108,ruler_vt_16k,L12,L0,"[1, 4, 8, 10]",0.38333333333333336,0.0,,,,0.0,0,0
ruler_vt_16k:0108,ruler_vt_16k,L12,L6,[9],0.6,0.19999999999999996,,,,0.0,0,0
ruler_vt_16k:0108,ruler_vt_16k,L12,L18,"[1, 2, 3, 4, 5, 6, 7, 8, 9, 10, 11, 12, 13, 14]",0.5,0.0,,,,0.0,0,0
ruler_vt_16k:0108,ruler_vt_16k,L12,L24,"[1, 2, 3, 4, 5, 6, 7, 8, 9, 10, 11, 12, 13, 14]",0.5,0.0,,,,0.0,0,0
ruler_vt_16k:0108,ruler_vt_16k,L12,ALL,"[1, 2, 4]",0.15555555555555556,0.0,,,,0.0,0,0
ruler_vt_16k:0108,ruler_vt_16k,L18,OFF,"[1, 2, 3, 4, 5, 6, 7, 8, 9, 10, 11, 12, 13, 14]",0.5,0.0,,,,0.0,0,0
ruler_vt_16k:0108,ruler_vt_16k,L18,L0,"[4, 5, 8, 13, 14]",0.5866666666666667,0.0,,,,0.0,0,0
ruler_vt_16k:0108,ruler_vt_16k,L18,L6,"[1, 2, 4, 6, 7, 8]",0.3111111111111111,0.0,,,,0.0,0,0
ruler_vt_16k:0108,ruler_vt_16k,L18,L12,[4],0.26666666666666666,0.19999999999999996,,,,0.0,0,0
ruler_vt_16k:0108,ruler_vt_16k,L18,L24,"[1, 2, 3, 4, 5, 6, 7, 8, 9, 10, 11, 12, 13, 14]",0.5,0.0,,,,0.0,0,0
ruler_vt_16k:0108,ruler_vt_16k,L18,ALL,"[2, 6, 7, 8, 11, 12]",0.5111111111111112,0.0,,,,0.0,0,0
ruler_vt_16k:0108,ruler_vt_16k,L24,OFF,"[1, 2, 3, 4, 5, 6, 7, 8, 9, 10, 11, 12, 13, 14]",0.5,0.0,,,,0.0,0,0
ruler_vt_16k:0108,ruler_vt_16k,L24,L0,"[8, 9]",0.5666666666666667,0.0,,,,0.0,0,0
ruler_vt_16k:0108,ruler_vt_16k,L24,L6,"[1, 2, 4, 12, 13]",0.4266666666666667,0.0,,,,0.0,0,0
ruler_vt_16k:0108,ruler_vt_16k,L24,L12,"[1, 2, 3, 4, 5, 6, 7, 8, 9, 10, 11, 12, 13, 14]",0.5,0.0,,,,0.0,0,0
ruler_vt_16k:0108,ruler_vt_16k,L24,L18,"[1, 2, 3, 4, 5, 6, 7, 8, 9, 10, 11, 12, 13, 14]",0.5,0.0,,,,0.0,0,0
ruler_vt_16k:0108,ruler_vt_16k,L24,ALL,"[1, 2, 13]",0.3555555555555555,0.0,,,,0.0,0,0
ruler_vt_16k:0108,ruler_vt_16k,ALL,OFF,"[2, 3, 5, 9, 13, 14]",0.5111111111111112,0.0,,,,0.0,0,0
ruler_vt_16k:0108,ruler_vt_16k,ALL,L0,"[1, 4, 5, 8, 12, 14]",0.4888888888888889,0.0,,,,0.0,0,0
ruler_vt_16k:0108,ruler_vt_16k,ALL,L6,"[3, 7, 11, 14]",0.5833333333333334,0.0,,,,0.0,0,0
ruler_vt_16k:0108,ruler_vt_16k,ALL,L12,"[1, 3, 7, 9, 11, 13, 14]",0.5523809523809524,0.0,,,,0.0,0,0
ruler_vt_16k:0108,ruler_vt_16k,ALL,L18,"[3, 5, 6, 10, 11, 12, 13, 14]",0.6166666666666667,0.0,,,,0.0,0,0
ruler_vt_16k:0108,ruler_vt_16k,ALL,L24,"[2, 5, 9, 10, 13, 14]",0.5888888888888889,0.0,,,,0.0,0,0
ruler_vt_16k:0113,ruler_vt_16k,OFF,L0,"[1, 2, 3, 4, 5, 6, 7, 8, 9, 10, 11, 12, 13, 14]",0.5,0.0,,,,0.0,0,0
ruler_vt_16k:0113,ruler_vt_16k,OFF,L6,[11],0.7333333333333333,0.19999999999999996,0.7333333333333333,0.7333333333333333,0.0,0.0,1,1
ruler_vt_16k:0113,ruler_vt_16k,OFF,L12,"[1, 2, 3, 4, 5, 6, 7, 8, 9, 10, 11, 12, 13, 14]",0.5,0.0,,,,0.0,0,0
ruler_vt_16k:0113,ruler_vt_16k,OFF,L18,"[1, 2, 3, 4, 5, 6, 7, 8, 9, 10, 11, 12, 13, 14]",0.5,0.0,,,,0.0,0,0
ruler_vt_16k:0113,ruler_vt_16k,OFF,L24,"[1, 2, 3, 4, 5, 6, 7, 8, 9, 10, 11, 12, 13, 14]",0.5,0.0,,,,0.0,0,0
ruler_vt_16k:0113,ruler_vt_16k,OFF,ALL,"[1, 2, 3, 4, 5, 6, 7, 8, 9, 10, 11, 12, 13, 14]",0.5,0.0,,,,0.0,0,0
ruler_vt_16k:0113,ruler_vt_16k,L0,OFF,"[1, 2, 3, 4, 5, 6, 7, 8, 9, 10, 11, 12, 13, 14]",0.5,0.0,,,,0.0,0,0
ruler_vt_16k:0113,ruler_vt_16k,L0,L6,"[1, 2, 3, 4, 5, 6, 7, 8, 9, 10, 11, 12, 13, 14]",0.5,0.0,,,,0.0,0,0
ruler_vt_16k:0113,ruler_vt_16k,L0,L12,"[1, 2, 3, 4, 5, 6, 7, 8, 9, 10, 11, 12, 13, 14]",0.5,0.0,,,,0.0,0,0
ruler_vt_16k:0113,ruler_vt_16k,L0,L18,"[1, 2, 3, 4, 5, 6, 7, 8, 9, 10, 11, 12, 13, 14]",0.5,0.0,,,,0.0,0,0
ruler_vt_16k:0113,ruler_vt_16k,L0,L24,"[1, 2, 3, 4, 5, 6, 7, 8, 9, 10, 11, 12, 13, 14]",0.5,0.0,,,,0.0,0,0
ruler_vt_16k:0113,ruler_vt_16k,L0,ALL,[14],0.9333333333333333,0.19999999999999996,0.9333333333333333,0.9333333333333333,0.0,0.0,1,1
ruler_vt_16k:0113,ruler_vt_16k,L6,OFF,"[1, 2, 3, 4, 5, 6, 7, 8, 9, 10, 11, 12, 13, 14]",0.5,0.0,,,,0.0,0,0
ruler_vt_16k:0113,ruler_vt_16k,L6,L0,"[1, 2, 3, 4, 5, 6, 7, 8, 9, 10, 11, 12, 13, 14]",0.5,0.0,,,,0.0,0,0
ruler_vt_16k:0113,ruler_vt_16k,L6,L12,"[1, 2, 3, 4, 5, 6, 7, 8, 9, 10, 11, 12, 13, 14]",0.5,0.0,,,,0.0,0,0
ruler_vt_16k:0113,ruler_vt_16k,L6,L18,"[1, 2, 3, 4, 5, 6, 7, 8, 9, 10, 11, 12, 13, 14]",0.5,0.0,,,,0.0,0,0
ruler_vt_16k:0113,ruler_vt_16k,L6,L24,"[1, 2, 3, 4, 5, 6, 7, 8, 9, 10, 11, 12, 13, 14]",0.5,0.0,,,,0.0,0,0
ruler_vt_16k:0113,ruler_vt_16k,L6,ALL,[4],0.26666666666666666,0.19999999999999996,0.26666666666666666,0.26666666666666666,0.0,0.0,1,1
ruler_vt_16k:0113,ruler_vt_16k,L12,OFF,"[1, 2, 3, 4, 5, 6, 7, 8, 9, 10, 11, 12, 13, 14]",0.5,0.0,,,,0.0,0,0
ruler_vt_16k:0113,ruler_vt_16k,L12,L0,"[1, 2, 3, 4, 5, 6, 7, 8, 9, 10, 11, 12, 13, 14]",0.5,0.0,,,,0.0,0,0
ruler_vt_16k:0113,ruler_vt_16k,L12,L6,"[1, 2, 3, 4, 5, 6, 7, 8, 9, 10, 11, 12, 13, 14]",0.5,0.0,,,,0.0,0,0
ruler_vt_16k:0113,ruler_vt_16k,L12,L18,"[1, 2, 3, 4, 5, 6, 7, 8, 9, 10, 11, 12, 13, 14]",0.5,0.0,,,,0.0,0,0
ruler_vt_16k:0113,ruler_vt_16k,L12,L24,"[1, 2, 3, 4, 5, 6, 7, 8, 9, 10, 11, 12, 13, 14]",0.5,0.0,,,,0.0,0,0
ruler_vt_16k:0113,ruler_vt_16k,L12,ALL,"[1, 2, 3, 4, 5, 6, 7, 8, 9, 10, 11, 12, 13, 14]",0.5,0.0,,,,0.0,0,0
ruler_vt_16k:0113,ruler_vt_16k,L18,OFF,"[1, 2, 3, 4, 5, 6, 7, 8, 9, 10, 11, 12, 13, 14]",0.5,0.0,,,,0.0,0,0
ruler_vt_16k:0113,ruler_vt_16k,L18,L0,"[1, 2, 3, 4, 5, 6, 7, 8, 9, 10, 11, 12, 13, 14]",0.5,0.0,,,,0.0,0,0
ruler_vt_16k:0113,ruler_vt_16k,L18,L6,"[1, 2, 3, 4, 5, 6, 7, 8, 9, 10, 11, 12, 13, 14]",0.5,0.0,,,,0.0,0,0
ruler_vt_16k:0113,ruler_vt_16k,L18,L12,"[1, 2, 3, 4, 5, 6, 7, 8, 9, 10, 11, 12, 13, 14]",0.5,0.0,,,,0.0,0,0
ruler_vt_16k:0113,ruler_vt_16k,L18,L24,"[1, 2, 3, 4, 5, 6, 7, 8, 9, 10, 11, 12, 13, 14]",0.5,0.0,,,,0.0,0,0
ruler_vt_16k:0113,ruler_vt_16k,L18,ALL,"[1, 2, 3, 4, 5, 6, 7, 8, 9, 10, 11, 12, 13, 14]",0.5,0.0,,,,0.0,0,0
ruler_vt_16k:0113,ruler_vt_16k,L24,OFF,"[1, 2, 3, 4, 5, 6, 7, 8, 9, 10, 11, 12, 13, 14]",0.5,0.0,,,,0.0,0,0
ruler_vt_16k:0113,ruler_vt_16k,L24,L0,"[1, 2, 3, 4, 5, 6, 7, 8, 9, 10, 11, 12, 13, 14]",0.5,0.0,,,,0.0,0,0
ruler_vt_16k:0113,ruler_vt_16k,L24,L6,"[1, 2, 3, 4, 5, 6, 7, 8, 9, 10, 11, 12, 13, 14]",0.5,0.0,,,,0.0,0,0
ruler_vt_16k:0113,ruler_vt_16k,L24,L12,"[1, 2, 3, 4, 5, 6, 7, 8, 9, 10, 11, 12, 13, 14]",0.5,0.0,,,,0.0,0,0
ruler_vt_16k:0113,ruler_vt_16k,L24,L18,"[1, 2, 3, 4, 5, 6, 7, 8, 9, 10, 11, 12, 13, 14]",0.5,0.0,,,,0.0,0,0
ruler_vt_16k:0113,ruler_vt_16k,L24,ALL,"[1, 2, 3, 4, 5, 6, 7, 8, 9, 10, 11, 12, 13, 14]",0.5,0.0,,,,0.0,0,0
ruler_vt_16k:0113,ruler_vt_16k,ALL,OFF,"[1, 2, 3, 4, 5, 6, 7, 8, 9, 10, 11, 12, 13, 14]",0.5,0.0,,,,0.0,0,0
ruler_vt_16k:0113,ruler_vt_16k,ALL,L0,"[1, 2, 3, 4, 5, 6, 7, 8, 9, 10, 11, 12, 13, 14]",0.5,0.0,,,,0.0,0,0
ruler_vt_16k:0113,ruler_vt_16k,ALL,L6,"[1, 2, 3, 4, 5, 6, 7, 8, 9, 10, 11, 12, 13, 14]",0.5,0.0,,,,0.0,0,0
ruler_vt_16k:0113,ruler_vt_16k,ALL,L12,"[1, 2, 3, 4, 5, 6, 7, 8, 9, 10, 11, 12, 13, 14]",0.5,0.0,,,,0.0,0,0
ruler_vt_16k:0113,ruler_vt_16k,ALL,L18,"[1, 2, 3, 4, 5, 6, 7, 8, 9, 10, 11, 12, 13, 14]",0.5,0.0,,,,0.0,0,0
ruler_vt_16k:0113,ruler_vt_16k,ALL,L24,"[1, 2, 3, 4, 5, 6, 7, 8, 9, 10, 11, 12, 13, 14]",0.5,0.0,,,,0.0,0,0
ruler_vt_16k:0123,ruler_vt_16k,OFF,L0,"[1, 2, 3, 4, 5, 6, 7, 8, 9, 10, 11, 12, 13, 14]",0.5,0.0,,,,0.0,0,0
ruler_vt_16k:0123,ruler_vt_16k,OFF,L6,"[1, 2, 3, 4, 5, 6, 7, 8, 9, 10, 11, 12, 13, 14]",0.5,0.0,,,,0.0,0,0
ruler_vt_16k:0123,ruler_vt_16k,OFF,L12,[13],0.8666666666666667,0.19999999999999996,0.8666666666666667,0.8666666666666667,0.0,0.0,1,1
ruler_vt_16k:0123,ruler_vt_16k,OFF,L18,"[1, 2, 3, 4, 5, 6, 7, 8, 9, 10, 11, 12, 13, 14]",0.5,0.0,,,,0.0,0,0
ruler_vt_16k:0123,ruler_vt_16k,OFF,L24,"[1, 2, 3, 4, 5, 6, 7, 8, 9, 10, 11, 12, 13, 14]",0.5,0.0,,,,0.0,0,0
ruler_vt_16k:0123,ruler_vt_16k,OFF,ALL,"[1, 2, 3, 4, 5, 6, 7, 8, 9, 10, 11, 12, 13, 14]",0.5,0.0,,,,0.0,0,0
ruler_vt_16k:0123,ruler_vt_16k,L0,OFF,"[1, 2, 3, 4, 5, 6, 7, 8, 9, 10, 11, 12, 13, 14]",0.5,0.0,,,,0.0,0,0
ruler_vt_16k:0123,ruler_vt_16k,L0,L6,"[1, 2, 3, 4, 5, 6, 7, 8, 9, 10, 11, 12, 13, 14]",0.5,0.0,,,,0.0,0,0
ruler_vt_16k:0123,ruler_vt_16k,L0,L12,"[1, 2, 3, 4, 5, 6, 7, 8, 9, 10, 11, 12, 13, 14]",0.5,0.0,,,,0.0,0,0
ruler_vt_16k:0123,ruler_vt_16k,L0,L18,"[1, 2, 3, 4, 5, 6, 7, 8, 9, 10, 11, 12, 13, 14]",0.5,0.0,,,,0.0,0,0
ruler_vt_16k:0123,ruler_vt_16k,L0,L24,"[1, 2, 3, 4, 5, 6, 7, 8, 9, 10, 11, 12, 13, 14]",0.5,0.0,,,,0.0,0,0
ruler_vt_16k:0123,ruler_vt_16k,L0,ALL,"[1, 2, 3, 4, 5, 6, 7, 8, 9, 10, 11, 12, 13, 14]",0.5,0.0,,,,0.0,0,0
ruler_vt_16k:0123,ruler_vt_16k,L6,OFF,"[1, 2, 3, 4, 5, 6, 7, 8, 9, 10, 11, 12, 13, 14]",0.5,0.0,,,,0.0,0,0
ruler_vt_16k:0123,ruler_vt_16k,L6,L0,"[1, 2, 3, 4, 5, 6, 7, 8, 9, 10, 11, 12, 13, 14]",0.5,0.0,,,,0.0,0,0
ruler_vt_16k:0123,ruler_vt_16k,L6,L12,"[1, 2, 3, 4, 5, 6, 7, 8, 9, 10, 11, 12, 13, 14]",0.5,0.0,,,,0.0,0,0
ruler_vt_16k:0123,ruler_vt_16k,L6,L18,"[1, 2, 3, 4, 5, 6, 7, 8, 9, 10, 11, 12, 13, 14]",0.5,0.0,,,,0.0,0,0
ruler_vt_16k:0123,ruler_vt_16k,L6,L24,"[1, 2, 3, 4, 5, 6, 7, 8, 9, 10, 11, 12, 13, 14]",0.5,0.0,,,,0.0,0,0
ruler_vt_16k:0123,ruler_vt_16k,L6,ALL,"[1, 2, 3, 4, 5, 6, 7, 8, 9, 10, 11, 12, 13, 14]",0.5,0.0,,,,0.0,0,0
ruler_vt_16k:0123,ruler_vt_16k,L12,OFF,"[1, 2, 3, 4, 5, 6, 7, 8, 9, 10, 11, 12, 13, 14]",0.5,0.0,,,,0.0,0,0
ruler_vt_16k:0123,ruler_vt_16k,L12,L0,"[1, 2, 3, 4, 5, 6, 7, 8, 9, 10, 11, 12, 13, 14]",0.5,0.0,,,,0.0,0,0
ruler_vt_16k:0123,ruler_vt_16k,L12,L6,"[1, 2, 3, 4, 5, 6, 7, 8, 9, 10, 11, 12, 13, 14]",0.5,0.0,,,,0.0,0,0
ruler_vt_16k:0123,ruler_vt_16k,L12,L18,"[1, 2, 3, 4, 5, 6, 7, 8, 9, 10, 11, 12, 13, 14]",0.5,0.0,,,,0.0,0,0
ruler_vt_16k:0123,ruler_vt_16k,L12,L24,"[1, 2, 3, 4, 5, 6, 7, 8, 9, 10, 11, 12, 13, 14]",0.5,0.0,,,,0.0,0,0
ruler_vt_16k:0123,ruler_vt_16k,L12,ALL,"[1, 2, 3, 4, 5, 6, 7, 8, 9, 10, 11, 12, 13, 14]",0.5,0.0,,,,0.0,0,0
ruler_vt_16k:0123,ruler_vt_16k,L18,OFF,"[1, 2, 3, 4, 5, 6, 7, 8, 9, 10, 11, 12, 13, 14]",0.5,0.0,,,,0.0,0,0
ruler_vt_16k:0123,ruler_vt_16k,L18,L0,"[1, 2, 3, 4, 5, 6, 7, 8, 9, 10, 11, 12, 13, 14]",0.5,0.0,,,,0.0,0,0
ruler_vt_16k:0123,ruler_vt_16k,L18,L6,"[1, 2, 3, 4, 5, 6, 7, 8, 9, 10, 11, 12, 13, 14]",0.5,0.0,,,,0.0,0,0
ruler_vt_16k:0123,ruler_vt_16k,L18,L12,"[1, 2, 3, 4, 5, 6, 7, 8, 9, 10, 11, 12, 13, 14]",0.5,0.0,,,,0.0,0,0
ruler_vt_16k:0123,ruler_vt_16k,L18,L24,"[1, 2, 3, 4, 5, 6, 7, 8, 9, 10, 11, 12, 13, 14]",0.5,0.0,,,,0.0,0,0
ruler_vt_16k:0123,ruler_vt_16k,L18,ALL,"[1, 2, 3, 4, 5, 6, 7, 8, 9, 10, 11, 12, 13, 14]",0.5,0.0,,,,0.0,0,0
ruler_vt_16k:0123,ruler_vt_16k,L24,OFF,"[1, 2, 3, 4, 5, 6, 7, 8, 9, 10, 11, 12, 13, 14]",0.5,0.0,,,,0.0,0,0
ruler_vt_16k:0123,ruler_vt_16k,L24,L0,"[1, 2, 3, 4, 5, 6, 7, 8, 9, 10, 11, 12, 13, 14]",0.5,0.0,,,,0.0,0,0
ruler_vt_16k:0123,ruler_vt_16k,L24,L6,"[1, 2, 3, 4, 5, 6, 7, 8, 9, 10, 11, 12, 13, 14]",0.5,0.0,,,,0.0,0,0
ruler_vt_16k:0123,ruler_vt_16k,L24,L12,"[1, 2, 3, 4, 5, 6, 7, 8, 9, 10, 11, 12, 13, 14]",0.5,0.0,,,,0.0,0,0
ruler_vt_16k:0123,ruler_vt_16k,L24,L18,"[1, 2, 3, 4, 5, 6, 7, 8, 9, 10, 11, 12, 13, 14]",0.5,0.0,,,,0.0,0,0
ruler_vt_16k:0123,ruler_vt_16k,L24,ALL,"[1, 2, 3, 4, 5, 6, 7, 8, 9, 10, 11, 12, 13, 14]",0.5,0.0,,,,0.0,0,0
ruler_vt_16k:0123,ruler_vt_16k,ALL,OFF,"[1, 2, 3, 4, 5, 6, 7, 8, 9, 10, 11, 12, 13, 14]",0.5,0.0,,,,0.0,0,0
ruler_vt_16k:0123,ruler_vt_16k,ALL,L0,"[1, 2, 3, 4, 5, 6, 7, 8, 9, 10, 11, 12, 13, 14]",0.5,0.0,,,,0.0,0,0
ruler_vt_16k:0123,ruler_vt_16k,ALL,L6,"[1, 2, 3, 4, 5, 6, 7, 8, 9, 10, 11, 12, 13, 14]",0.5,0.0,,,,0.0,0,0
ruler_vt_16k:0123,ruler_vt_16k,ALL,L12,"[1, 2, 3, 4, 5, 6, 7, 8, 9, 10, 11, 12, 13, 14]",0.5,0.0,,,,0.0,0,0
ruler_vt_16k:0123,ruler_vt_16k,ALL,L18,"[1, 2, 3, 4, 5, 6, 7, 8, 9, 10, 11, 12, 13, 14]",0.5,0.0,,,,0.0,0,0
ruler_vt_16k:0123,ruler_vt_16k,ALL,L24,"[1, 2, 3, 4, 5, 6, 7, 8, 9, 10, 11, 12, 13, 14]",0.5,0.0,,,,0.0,0,0
ruler_vt_16k:0139,ruler_vt_16k,OFF,L0,"[1, 2, 3, 4, 5, 6, 7, 8, 9, 10, 11, 12, 13, 14]",0.5,0.0,,,,0.0,0,0
ruler_vt_16k:0139,ruler_vt_16k,OFF,L6,"[1, 2, 3, 4, 5, 6, 7, 8, 9, 10, 11, 12, 13, 14]",0.5,0.0,,,,0.0,0,0
ruler_vt_16k:0139,ruler_vt_16k,OFF,L12,"[1, 2, 3, 4, 5, 6, 7, 8, 9, 10, 11, 12, 13, 14]",0.5,0.0,,,,0.0,0,0
ruler_vt_16k:0139,ruler_vt_16k,OFF,L18,"[1, 2, 3, 4, 5, 6, 7, 8, 9, 10, 11, 12, 13, 14]",0.5,0.0,,,,0.0,0,0
ruler_vt_16k:0139,ruler_vt_16k,OFF,L24,"[1, 2, 3, 4, 5, 6, 7, 8, 9, 10, 11, 12, 13, 14]",0.5,0.0,,,,0.0,0,0
ruler_vt_16k:0139,ruler_vt_16k,OFF,ALL,"[1, 2, 3, 4, 5, 6, 7, 8, 9, 10, 11, 12, 13, 14]",0.5,0.0,,,,0.0,0,0
ruler_vt_16k:0139,ruler_vt_16k,L0,OFF,"[1, 2, 3, 4, 5, 6, 7, 8, 9, 10, 11, 12, 13, 14]",0.5,0.0,,,,0.0,0,0
ruler_vt_16k:0139,ruler_vt_16k,L0,L6,"[1, 2, 3, 4, 5, 6, 7, 8, 9, 10, 11, 12, 13, 14]",0.5,0.0,,,,0.0,0,0
ruler_vt_16k:0139,ruler_vt_16k,L0,L12,"[1, 2, 3, 4, 5, 6, 7, 8, 9, 10, 11, 12, 13, 14]",0.5,0.0,,,,0.0,0,0
ruler_vt_16k:0139,ruler_vt_16k,L0,L18,"[1, 2, 3, 4, 5, 6, 7, 8, 9, 10, 11, 12, 13, 14]",0.5,0.0,,,,0.0,0,0
ruler_vt_16k:0139,ruler_vt_16k,L0,L24,"[1, 2, 3, 4, 5, 6, 7, 8, 9, 10, 11, 12, 13, 14]",0.5,0.0,,,,0.0,0,0
ruler_vt_16k:0139,ruler_vt_16k,L0,ALL,"[1, 2, 3, 4, 5, 6, 7, 8, 9, 10, 11, 12, 13, 14]",0.5,0.0,,,,0.0,0,0
ruler_vt_16k:0139,ruler_vt_16k,L6,OFF,"[1, 2, 3, 4, 5, 6, 7, 8, 9, 10, 11, 12, 13, 14]",0.5,0.0,,,,0.0,0,0
ruler_vt_16k:0139,ruler_vt_16k,L6,L0,"[1, 2, 3, 4, 5, 6, 7, 8, 9, 10, 11, 12, 13, 14]",0.5,0.0,,,,0.0,0,0
ruler_vt_16k:0139,ruler_vt_16k,L6,L12,"[1, 2, 3, 4, 5, 6, 7, 8, 9, 10, 11, 12, 13, 14]",0.5,0.0,,,,0.0,0,0
ruler_vt_16k:0139,ruler_vt_16k,L6,L18,"[7, 9]",0.5333333333333333,0.0,0.4666666666666667,0.6,0.13333333333333333,0.0,2,2
ruler_vt_16k:0139,ruler_vt_16k,L6,L24,"[1, 2, 3, 4, 5, 6, 7, 8, 9, 10, 11, 12, 13, 14]",0.5,0.0,,,,0.0,0,0
ruler_vt_16k:0139,ruler_vt_16k,L6,ALL,"[1, 2, 3, 4, 5, 6, 7, 8, 9, 10, 11, 12, 13, 14]",0.5,0.0,,,,0.0,0,0
ruler_vt_16k:0139,ruler_vt_16k,L12,OFF,"[1, 2, 3, 4, 5, 6, 7, 8, 9, 10, 11, 12, 13, 14]",0.5,0.0,,,,0.0,0,0
ruler_vt_16k:0139,ruler_vt_16k,L12,L0,"[1, 2, 3, 4, 5, 6, 7, 8, 9, 10, 11, 12, 13, 14]",0.5,0.0,,,,0.0,0,0
ruler_vt_16k:0139,ruler_vt_16k,L12,L6,"[1, 2, 3, 4, 5, 6, 7, 8, 9, 10, 11, 12, 13, 14]",0.5,0.0,,,,0.0,0,0
ruler_vt_16k:0139,ruler_vt_16k,L12,L18,"[1, 2, 3, 4, 5, 6, 7, 8, 9, 10, 11, 12, 13, 14]",0.5,0.0,,,,0.0,0,0
ruler_vt_16k:0139,ruler_vt_16k,L12,L24,[14],0.9333333333333333,0.6,0.9333333333333333,0.9333333333333333,0.0,0.0,1,1
ruler_vt_16k:0139,ruler_vt_16k,L12,ALL,"[2, 6]",0.26666666666666666,0.0,0.13333333333333333,0.4,0.26666666666666666,0.0,2,2
ruler_vt_16k:0139,ruler_vt_16k,L18,OFF,"[1, 2, 3, 4, 5, 6, 7, 8, 9, 10, 11, 12, 13, 14]",0.5,0.0,,,,0.0,0,0
ruler_vt_16k:0139,ruler_vt_16k,L18,L0,"[1, 2, 3, 4, 5, 6, 7, 8, 9, 10, 11, 12, 13, 14]",0.5,0.0,,,,0.0,0,0
ruler_vt_16k:0139,ruler_vt_16k,L18,L6,"[1, 2, 3, 4, 5, 6, 7, 8, 9, 10, 11, 12, 13, 14]",0.5,0.0,,,,0.0,0,0
ruler_vt_16k:0139,ruler_vt_16k,L18,L12,"[1, 2, 3, 4, 5, 6, 7, 8, 9, 10, 11, 12, 13, 14]",0.5,0.0,,,,0.0,0,0
ruler_vt_16k:0139,ruler_vt_16k,L18,L24,"[1, 2, 3, 4, 5, 6, 7, 8, 9, 10, 11, 12, 13, 14]",0.5,0.0,,,,0.0,0,0
ruler_vt_16k:0139,ruler_vt_16k,L18,ALL,[10],0.6666666666666666,0.6,0.6666666666666666,0.6666666666666666,0.0,0.0,1,1
ruler_vt_16k:0139,ruler_vt_16k,L24,OFF,"[1, 2, 3, 4, 5, 6, 7, 8, 9, 10, 11, 12, 13, 14]",0.5,0.0,,,,0.0,0,0
ruler_vt_16k:0139,ruler_vt_16k,L24,L0,"[1, 2, 3, 4, 5, 6, 7, 8, 9, 10, 11, 12, 13, 14]",0.5,0.0,,,,0.0,0,0
ruler_vt_16k:0139,ruler_vt_16k,L24,L6,"[1, 2, 3, 4, 5, 6, 7, 8, 9, 10, 11, 12, 13, 14]",0.5,0.0,,,,0.0,0,0
ruler_vt_16k:0139,ruler_vt_16k,L24,L12,"[1, 2, 3, 4, 5, 6, 7, 8, 9, 10, 11, 12, 13, 14]",0.5,0.0,,,,0.0,0,0
ruler_vt_16k:0139,ruler_vt_16k,L24,L18,"[1, 2, 3, 4, 5, 6, 7, 8, 9, 10, 11, 12, 13, 14]",0.5,0.0,,,,0.0,0,0
ruler_vt_16k:0139,ruler_vt_16k,L24,ALL,"[1, 2, 3, 4, 5, 6, 7, 8, 9, 10, 11, 12, 13, 14]",0.5,0.0,,,,0.0,0,0
ruler_vt_16k:0139,ruler_vt_16k,ALL,OFF,"[1, 2, 3, 4, 5, 6, 7, 8, 9, 10, 11, 12, 13, 14]",0.5,0.0,,,,0.0,0,0
ruler_vt_16k:0139,ruler_vt_16k,ALL,L0,[5],0.3333333333333333,0.6,0.3333333333333333,0.3333333333333333,0.0,0.0,1,1
ruler_vt_16k:0139,ruler_vt_16k,ALL,L6,[3],0.2,0.6,0.2,0.2,0.0,0.0,1,1
ruler_vt_16k:0139,ruler_vt_16k,ALL,L12,"[1, 2, 3, 4, 5, 6, 7, 8, 9, 10, 11, 12, 13, 14]",0.5,0.0,,,,0.0,0,0
ruler_vt_16k:0139,ruler_vt_16k,ALL,L18,"[1, 2, 3, 4, 5, 6, 7, 8, 9, 10, 11, 12, 13, 14]",0.5,0.0,,,,0.0,0,0
ruler_vt_16k:0139,ruler_vt_16k,ALL,L24,"[1, 2, 3, 4, 5, 6, 7, 8, 9, 10, 11, 12, 13, 14]",0.5,0.0,,,,0.0,0,0
ruler_vt_16k:0140,ruler_vt_16k,OFF,L0,"[11, 12, 13, 14]",0.8333333333333334,0.0,,,,0.0,0,0
ruler_vt_16k:0140,ruler_vt_16k,OFF,L6,"[1, 2, 3, 4, 5, 6, 7, 8, 9, 10, 11, 12, 13, 14]",0.5,0.0,,,,0.0,0,0
ruler_vt_16k:0140,ruler_vt_16k,OFF,L12,"[12, 13, 14]",0.8666666666666667,0.0,,,,0.0,0,0
ruler_vt_16k:0140,ruler_vt_16k,OFF,L18,"[1, 11, 12, 13, 14]",0.6799999999999999,0.0,,,,0.0,0,0
ruler_vt_16k:0140,ruler_vt_16k,OFF,L24,"[1, 2, 3, 4, 5, 6, 7, 8, 9, 10, 11, 12, 13, 14]",0.5,0.0,,,,0.0,0,0
ruler_vt_16k:0140,ruler_vt_16k,OFF,ALL,"[1, 2, 3, 4, 5, 6, 7, 8, 9, 10, 11, 12, 13, 14]",0.5,0.0,,,,0.0,0,0
ruler_vt_16k:0140,ruler_vt_16k,L0,OFF,[6],0.4,0.6000000000000001,0.4,0.4,0.0,0.0,1,0
ruler_vt_16k:0140,ruler_vt_16k,L0,L6,[12],0.8,0.39999999999999997,,,,0.0,0,0
ruler_vt_16k:0140,ruler_vt_16k,L0,L12,[13],0.8666666666666667,0.6000000000000001,0.8666666666666667,0.8666666666666667,0.0,0.0,1,0
ruler_vt_16k:0140,ruler_vt_16k,L0,L18,[6],0.4,0.6000000000000001,0.4,0.4,0.0,0.0,1,0
ruler_vt_16k:0140,ruler_vt_16k,L0,L24,[6],0.4,0.6000000000000001,0.4,0.4,0.0,0.0,1,0
ruler_vt_16k:0140,ruler_vt_16k,L0,ALL,[9],0.6,0.6000000000000001,0.6,0.6,0.0,0.0,1,0
ruler_vt_16k:0140,ruler_vt_16k,L6,OFF,[5],0.3333333333333333,0.20000000000000007,0.3333333333333333,0.3333333333333333,0.0,0.0,1,0
ruler_vt_16k:0140,ruler_vt_16k,L6,L0,"[1, 2, 3, 4, 5, 6, 7, 8, 9, 10, 11, 12, 13, 14]",0.5,0.0,,,,0.0,0,0
ruler_vt_16k:0140,ruler_vt_16k,L6,L12,"[1, 2, 3, 4, 5, 6, 7, 8, 9, 10, 11, 12, 13, 14]",0.5,0.0,,,,0.0,0,0
ruler_vt_16k:0140,ruler_vt_16k,L6,L18,"[1, 2, 3, 4, 5, 6, 7, 8, 9, 10, 11, 12, 13, 14]",0.5,0.0,,,,0.0,0,0
ruler_vt_16k:0140,ruler_vt_16k,L6,L24,[3],0.2,0.39999999999999997,,,,0.0,0,0
ruler_vt_16k:0140,ruler_vt_16k,L6,ALL,"[1, 2, 3, 4, 5, 6, 7, 8, 9, 10, 11, 12, 13, 14]",0.5,0.0,,,,0.0,0,0
ruler_vt_16k:0140,ruler_vt_16k,L12,OFF,"[1, 2, 3, 4, 5, 6, 7, 8, 9, 10, 11, 12, 13, 14]",0.5,0.0,,,,0.0,0,0
ruler_vt_16k:0140,ruler_vt_16k,L12,L0,[4],0.26666666666666666,0.39999999999999997,,,,0.0,0,0
ruler_vt_16k:0140,ruler_vt_16k,L12,L6,[12],0.8,0.39999999999999997,,,,0.0,0,0
ruler_vt_16k:0140,ruler_vt_16k,L12,L18,"[5, 10]",0.5,0.0,,,,0.0,0,0
ruler_vt_16k:0140,ruler_vt_16k,L12,L24,"[2, 10]",0.4,0.0,,,,0.0,0,0
ruler_vt_16k:0140,ruler_vt_16k,L12,ALL,[5],0.3333333333333333,0.6000000000000001,0.3333333333333333,0.3333333333333333,0.0,0.0,1,0
ruler_vt_16k:0140,ruler_vt_16k,L18,OFF,"[7, 10, 14]",0.6888888888888889,0.0,,,,0.0,0,0
ruler_vt_16k:0140,ruler_vt_16k,L18,L0,[14],0.9333333333333333,0.39999999999999997,,,,0.0,0,0
ruler_vt_16k:0140,ruler_vt_16k,L18,L6,[12],0.8,0.39999999999999997,,,,0.0,0,0
ruler_vt_16k:0140,ruler_vt_16k,L18,L12,"[3, 14]",0.5666666666666667,0.0,,,,0.0,0,0
ruler_vt_16k:0140,ruler_vt_16k,L18,L24,"[5, 8, 9, 14]",0.6,0.0,,,,0.0,0,0
ruler_vt_16k:0140,ruler_vt_16k,L18,ALL,"[1, 2, 3, 4, 5, 6, 7, 8, 9, 10, 11, 12, 13, 14]",0.5,0.0,,,,0.0,0,0
ruler_vt_16k:0140,ruler_vt_16k,L24,OFF,[10],0.6666666666666666,0.39999999999999997,,,,0.0,0,0
ruler_vt_16k:0140,ruler_vt_16k,L24,L0,[6],0.4,0.6000000000000001,0.4,0.4,0.0,0.0,1,0
ruler_vt_16k:0140,ruler_vt_16k,L24,L6,"[1, 2, 3, 4, 5, 6, 7, 8, 9, 10, 11, 12, 13, 14]",0.5,0.0,,,,0.0,0,0
ruler_vt_16k:0140,ruler_vt_16k,L24,L12,[2],0.13333333333333333,0.39999999999999997,,,,0.0,0,0
ruler_vt_16k:0140,ruler_vt_16k,L24,L18,"[1, 2, 3, 4, 5, 6, 7, 8, 9, 10, 11, 12, 13, 14]",0.5,0.0,,,,0.0,0,0
ruler_vt_16k:0140,ruler_vt_16k,L24,ALL,"[1, 2, 3, 4, 5, 6, 7, 8, 9, 10, 11, 12, 13, 14]",0.5,0.0,,,,0.0,0,0
ruler_vt_16k:0140,ruler_vt_16k,ALL,OFF,"[1, 2, 3, 4, 5, 6, 7, 8, 9, 10, 11, 12, 13, 14]",0.5,0.0,,,,0.0,0,0
ruler_vt_16k:0140,ruler_vt_16k,ALL,L0,"[1, 2, 3, 4, 5, 6, 7, 8, 9, 10, 11, 12, 13, 14]",0.5,0.0,,,,0.0,0,0
ruler_vt_16k:0140,ruler_vt_16k,ALL,L6,"[1, 12]",0.43333333333333335,0.0,,,,0.0,0,0
ruler_vt_16k:0140,ruler_vt_16k,ALL,L12,"[1, 2, 3, 4, 5, 6, 7, 8, 9, 10, 11, 12, 13, 14]",0.5,0.0,,,,0.0,0,0
ruler_vt_16k:0140,ruler_vt_16k,ALL,L18,"[1, 2, 3, 4, 5, 6, 7, 8, 9, 10, 11, 12, 13, 14]",0.5,0.0,,,,0.0,0,0
ruler_vt_16k:0140,ruler_vt_16k,ALL,L24,"[1, 2, 3, 4, 5, 6, 7, 8, 9, 10, 11, 12, 13, 14]",0.5,0.0,,,,0.0,0,0
ruler_vt_16k:0149,ruler_vt_16k,OFF,L0,"[4, 6, 8, 9, 10, 13, 14]",0.6095238095238095,0.0,,,,0.0,0,0
ruler_vt_16k:0149,ruler_vt_16k,OFF,L6,"[2, 5, 6, 7, 10, 11]",0.45555555555555555,0.0,,,,0.0,0,0
ruler_vt_16k:0149,ruler_vt_16k,OFF,L12,"[2, 3, 4, 5, 6, 7, 8, 9, 10, 11, 12, 13]",0.5,0.0,,,,0.0,0,0
ruler_vt_16k:0149,ruler_vt_16k,OFF,L18,"[3, 4, 5, 6, 7, 8, 9, 10, 12, 13, 14]",0.5515151515151515,0.0,,,,0.0,0,0
ruler_vt_16k:0149,ruler_vt_16k,OFF,L24,"[1, 2, 3, 4, 5, 6, 7, 8, 9, 12, 14]",0.4303030303030303,0.0,,,,0.0,0,0
ruler_vt_16k:0149,ruler_vt_16k,OFF,ALL,"[1, 3, 5, 6, 8, 9, 11, 12, 13, 14]",0.5466666666666666,0.0,,,,0.0,0,0
ruler_vt_16k:0149,ruler_vt_16k,L0,OFF,"[1, 3, 8, 9, 12, 13, 14]",0.5714285714285714,0.0,,,,0.0,0,0
ruler_vt_16k:0149,ruler_vt_16k,L0,L6,"[1, 3, 4, 5, 6, 8, 9, 11, 13, 14]",0.49333333333333335,0.0,,,,0.0,0,0
ruler_vt_16k:0149,ruler_vt_16k,L0,L12,"[1, 2, 4, 5, 6, 7, 8, 11, 13, 14]",0.47333333333333333,0.0,,,,0.0,0,0
ruler_vt_16k:0149,ruler_vt_16k,L0,L18,"[1, 3, 4, 5, 10, 11, 12, 13]",0.49166666666666664,0.0,,,,0.0,0,0
ruler_vt_16k:0149,ruler_vt_16k,L0,L24,"[1, 6, 7, 8, 9, 10, 11, 12, 13, 14]",0.6066666666666667,0.0,,,,0.0,0,0
ruler_vt_16k:0149,ruler_vt_16k,L0,ALL,"[2, 6, 7, 8, 11, 12]",0.5111111111111112,0.0,,,,0.0,0,0
ruler_vt_16k:0149,ruler_vt_16k,L6,OFF,"[1, 2, 3, 7, 10, 11, 12]",0.4380952380952381,0.0,,,,0.0,0,0
ruler_vt_16k:0149,ruler_vt_16k,L6,L0,"[1, 4, 5, 8, 10]",0.3733333333333333,0.0,,,,0.0,0,0
ruler_vt_16k:0149,ruler_vt_16k,L6,L12,[10],0.6666666666666666,0.19999999999999996,0.6666666666666666,0.6666666666666666,0.0,0.0,1,1
ruler_vt_16k:0149,ruler_vt_16k,L6,L18,"[1, 2, 3, 4, 10, 12]",0.3555555555555555,0.0,,,,0.0,0,0
ruler_vt_16k:0149,ruler_vt_16k,L6,L24,"[1, 2, 3, 7, 10, 12]",0.3888888888888889,0.0,,,,0.0,0,0
ruler_vt_16k:0149,ruler_vt_16k,L6,ALL,"[7, 9, 11, 12, 13]",0.6933333333333334,0.0,,,,0.0,0,0
ruler_vt_16k:0149,ruler_vt_16k,L12,OFF,"[1, 2, 8]",0.24444444444444444,0.0,,,,0.0,0,0
ruler_vt_16k:0149,ruler_vt_16k,L12,L0,"[4, 6, 10, 11, 12, 13]",0.6222222222222222,0.0,,,,0.0,0,0
ruler_vt_16k:0149,ruler_vt_16k,L12,L6,"[9, 12, 14]",0.7777777777777778,0.0,,,,0.0,0,0
ruler_vt_16k:0149,ruler_vt_16k,L12,L18,"[1, 3, 4, 6, 7, 9, 11, 12]",0.44166666666666665,0.0,,,,0.0,0,0
ruler_vt_16k:0149,ruler_vt_16k,L12,L24,[6],0.4,0.19999999999999996,0.4,0.4,0.0,0.0,1,1
ruler_vt_16k:0149,ruler_vt_16k,L12,ALL,"[1, 2, 3, 4, 5, 6, 10, 12, 14]",0.4222222222222222,0.0,,,,0.0,0,0
ruler_vt_16k:0149,ruler_vt_16k,L18,OFF,"[3, 4, 5, 12]",0.4,0.0,,,,0.0,0,0
ruler_vt_16k:0149,ruler_vt_16k,L18,L0,"[1, 3, 6, 7]",0.2833333333333333,0.0,,,,0.0,0,0
ruler_vt_16k:0149,ruler_vt_16k,L18,L6,"[1, 3, 4, 7, 8, 14]",0.41111111111111115,0.0,,,,0.0,0,0
ruler_vt_16k:0149,ruler_vt_16k,L18,L12,"[2, 4, 5, 7, 9, 10, 12, 13, 14]",0.562962962962963,0.0,,,,0.0,0,0
ruler_vt_16k:0149,ruler_vt_16k,L18,L24,"[3, 4, 9, 11, 12, 13]",0.5777777777777777,0.0,,,,0.0,0,0
ruler_vt_16k:0149,ruler_vt_16k,L18,ALL,"[1, 2, 3, 5, 6, 8, 9, 10, 11, 12, 14]",0.4909090909090909,0.0,,,,0.0,0,0
ruler_vt_16k:0149,ruler_vt_16k,L24,OFF,"[1, 2, 3, 4, 5, 6, 7, 8, 9, 10, 11, 12, 13, 14]",0.5,0.0,,,,0.0,0,0
ruler_vt_16k:0149,ruler_vt_16k,L24,L0,[8],0.5333333333333333,0.19999999999999996,0.5333333333333333,0.5333333333333333,0.0,0.0,1,1
ruler_vt_16k:0149,ruler_vt_16k,L24,L6,"[1, 5, 6, 7, 9, 10, 11, 12]",0.5083333333333333,0.0,,,,0.0,0,0
ruler_vt_16k:0149,ruler_vt_16k,L24,L12,"[1, 2, 3, 5, 6, 7, 8, 9, 12]",0.3925925925925926,0.0,,,,0.0,0,0
ruler_vt_16k:0149,ruler_vt_16k,L24,L18,"[4, 6, 7, 8, 10, 12, 13]",0.5714285714285714,0.0,,,,0.0,0,0
ruler_vt_16k:0149,ruler_vt_16k,L24,ALL,"[1, 3, 5, 8, 9, 10, 11, 12, 13, 14]",0.5733333333333334,0.0,,,,0.0,0,0
ruler_vt_16k:0149,ruler_vt_16k,ALL,OFF,"[3, 6, 11, 13, 14]",0.6266666666666667,0.0,,,,0.0,0,0
ruler_vt_16k:0149,ruler_vt_16k,ALL,L0,"[1, 4, 11, 13, 14]",0.5733333333333334,0.0,,,,0.0,0,0
ruler_vt_16k:0149,ruler_vt_16k,ALL,L6,"[1, 2, 3, 10, 12, 13, 14]",0.5238095238095238,0.0,,,,0.0,0,0
ruler_vt_16k:0149,ruler_vt_16k,ALL,L12,"[7, 8, 12, 13, 14]",0.7200000000000001,0.0,,,,0.0,0,0
ruler_vt_16k:0149,ruler_vt_16k,ALL,L18,"[2, 6, 11, 12, 13, 14]",0.6444444444444444,0.0,,,,0.0,0,0
ruler_vt_16k:0149,ruler_vt_16k,ALL,L24,"[6, 9, 11, 13, 14]",0.7066666666666667,0.0,,,,0.0,0,0
ruler_vt_16k:0157,ruler_vt_16k,OFF,L0,"[10, 12]",0.7333333333333333,0.0,0.6666666666666666,0.8,0.13333333333333333,0.0,2,2
ruler_vt_16k:0157,ruler_vt_16k,OFF,L6,[7],0.4666666666666667,0.4,0.4666666666666667,0.4666666666666667,0.0,0.0,1,1
ruler_vt_16k:0157,ruler_vt_16k,OFF,L12,"[1, 11]",0.4,0.0,0.06666666666666667,0.7333333333333333,0.6666666666666666,0.0,2,2
ruler_vt_16k:0157,ruler_vt_16k,OFF,L18,"[1, 2, 3, 4, 5, 6, 7, 8, 9, 10, 11, 12, 13, 14]",0.5,0.0,,,,0.0,0,0
ruler_vt_16k:0157,ruler_vt_16k,OFF,L24,"[1, 2, 3, 4, 5, 6, 7, 8, 9, 10, 11, 12, 13, 14]",0.5,0.0,,,,0.0,0,0
ruler_vt_16k:0157,ruler_vt_16k,OFF,ALL,[2],0.13333333333333333,0.4,0.13333333333333333,0.13333333333333333,0.0,0.0,1,1
ruler_vt_16k:0157,ruler_vt_16k,L0,OFF,[1],0.06666666666666667,0.4,0.06666666666666667,0.06666666666666667,0.0,0.0,1,1
ruler_vt_16k:0157,ruler_vt_16k,L0,L6,[1],0.06666666666666667,0.4,0.06666666666666667,0.06666666666666667,0.0,0.0,1,1
ruler_vt_16k:0157,ruler_vt_16k,L0,L12,"[1, 2, 3, 4, 5, 6, 7, 8, 9, 10, 11, 12, 13, 14]",0.5,0.0,,,,0.0,0,0
ruler_vt_16k:0157,ruler_vt_16k,L0,L18,[1],0.06666666666666667,0.4,0.06666666666666667,0.06666666666666667,0.0,0.0,1,1
ruler_vt_16k:0157,ruler_vt_16k,L0,L24,[1],0.06666666666666667,0.4,0.06666666666666667,0.06666666666666667,0.0,0.0,1,1
ruler_vt_16k:0157,ruler_vt_16k,L0,ALL,[4],0.26666666666666666,0.4,0.26666666666666666,0.26666666666666666,0.0,0.0,1,1
ruler_vt_16k:0157,ruler_vt_16k,L6,OFF,"[4, 9, 13]",0.5777777777777777,0.0,0.26666666666666666,0.8666666666666667,0.6,0.0,3,3
ruler_vt_16k:0157,ruler_vt_16k,L6,L0,[12],0.8,0.4,0.8,0.8,0.0,0.0,1,1
ruler_vt_16k:0157,ruler_vt_16k,L6,L12,"[4, 6]",0.3333333333333333,0.0,0.26666666666666666,0.4,0.13333333333333333,0.0,2,2
ruler_vt_16k:0157,ruler_vt_16k,L6,L18,"[5, 10]",0.5,0.0,0.3333333333333333,0.6666666666666666,0.3333333333333333,0.0,2,2
ruler_vt_16k:0157,ruler_vt_16k,L6,L24,[13],0.8666666666666667,0.4,0.8666666666666667,0.8666666666666667,0.0,0.0,1,1
ruler_vt_16k:0157,ruler_vt_16k,L6,ALL,[2],0.13333333333333333,0.4,0.13333333333333333,0.13333333333333333,0.0,0.0,1,1
ruler_vt_16k:0157,ruler_vt_16k,L12,OFF,[3],0.2,0.4,0.2,0.2,0.0,0.0,1,1
ruler_vt_16k:0157,ruler_vt_16k,L12,L0,"[1, 2, 3, 4, 5, 6, 7, 8, 9, 10, 11, 12, 13, 14]",0.5,0.0,,,,0.0,0,0
ruler_vt_16k:0157,ruler_vt_16k,L12,L6,"[3, 8, 13]",0.5333333333333333,0.0,0.2,0.8666666666666667,0.6666666666666666,0.0,3,3
ruler_vt_16k:0157,ruler_vt_16k,L12,L18,"[4, 11]",0.5,0.0,0.26666666666666666,0.7333333333333333,0.4666666666666667,0.0,2,2
ruler_vt_16k:0157,ruler_vt_16k,L12,L24,"[1, 2, 3, 4, 5, 6, 7, 8, 9, 10, 11, 12, 13, 14]",0.5,0.0,,,,0.0,0,0
ruler_vt_16k:0157,ruler_vt_16k,L12,ALL,[4],0.26666666666666666,0.4,0.26666666666666666,0.26666666666666666,0.0,0.0,1,1
ruler_vt_16k:0157,ruler_vt_16k,L18,OFF,"[1, 2, 3, 4, 5, 6, 7, 8, 9, 10, 11, 12, 13, 14]",0.5,0.0,,,,0.0,0,0
ruler_vt_16k:0157,ruler_vt_16k,L18,L0,"[2, 8, 10]",0.4444444444444445,0.0,0.13333333333333333,0.6666666666666666,0.5333333333333333,0.0,3,3
ruler_vt_16k:0157,ruler_vt_16k,L18,L6,[6],0.4,0.4,0.4,0.4,0.0,0.0,1,1
ruler_vt_16k:0157,ruler_vt_16k,L18,L12,"[2, 11]",0.43333333333333335,0.0,0.13333333333333333,0.7333333333333333,0.6,0.0,2,2
ruler_vt_16k:0157,ruler_vt_16k,L18,L24,"[1, 2, 3, 4, 5, 6, 7, 8, 9, 10, 11, 12, 13, 14]",0.5,0.0,,,,0.0,0,0
ruler_vt_16k:0157,ruler_vt_16k,L18,ALL,"[1, 2, 3, 4, 5, 6, 7, 8, 9, 10, 11, 12, 13, 14]",0.5,0.0,,,,0.0,0,0
ruler_vt_16k:0157,ruler_vt_16k,L24,OFF,"[1, 2, 3, 4, 5, 6, 7, 8, 9, 10, 11, 12, 13, 14]",0.5,0.0,,,,0.0,0,0
ruler_vt_16k:0157,ruler_vt_16k,L24,L0,[12],0.8,0.4,0.8,0.8,0.0,0.0,1,1
ruler_vt_16k:0157,ruler_vt_16k,L24,L6,[1],0.06666666666666667,0.4,0.06666666666666667,0.06666666666666667,0.0,0.0,1,1
ruler_vt_16k:0157,ruler_vt_16k,L24,L12,[1],0.06666666666666667,0.4,0.06666666666666667,0.06666666666666667,0.0,0.0,1,1
ruler_vt_16k:0157,ruler_vt_16k,L24,L18,"[1, 2, 3, 4, 5, 6, 7, 8, 9, 10, 11, 12, 13, 14]",0.5,0.0,,,,0.0,0,0
ruler_vt_16k:0157,ruler_vt_16k,L24,ALL,[12],0.8,0.4,0.8,0.8,0.0,0.0,1,1
ruler_vt_16k:0157,ruler_vt_16k,ALL,OFF,"[1, 8, 12]",0.4666666666666667,0.0,0.06666666666666667,0.8,0.7333333333333333,0.0,3,3
ruler_vt_16k:0157,ruler_vt_16k,ALL,L0,"[1, 2, 3, 4, 5, 6, 7, 8, 9, 10, 11, 12, 13, 14]",0.5,0.0,,,,0.0,0,0
ruler_vt_16k:0157,ruler_vt_16k,ALL,L6,"[3, 5]",0.26666666666666666,0.0,0.2,0.3333333333333333,0.13333333333333333,0.0,2,2
ruler_vt_16k:0157,ruler_vt_16k,ALL,L12,"[1, 8]",0.3,0.0,0.06666666666666667,0.5333333333333333,0.4666666666666667,0.0,2,2
ruler_vt_16k:0157,ruler_vt_16k,ALL,L18,"[1, 8]",0.3,0.0,0.06666666666666667,0.5333333333333333,0.4666666666666667,0.0,2,2
ruler_vt_16k:0157,ruler_vt_16k,ALL,L24,"[1, 2, 8, 12]",0.38333333333333336,0.0,0.06666666666666667,0.8,0.7333333333333333,0.06666666666666667,4,4
ruler_vt_16k:0160,ruler_vt_16k,OFF,L0,"[1, 2, 3, 4, 5, 6, 7, 8, 9, 10, 11, 12, 13, 14]",0.5,0.0,,,,0.0,0,0
ruler_vt_16k:0160,ruler_vt_16k,OFF,L6,[9],0.6,0.19999999999999996,0.6,0.6,0.0,0.0,1,1
ruler_vt_16k:0160,ruler_vt_16k,OFF,L12,"[1, 2, 3, 4, 5, 6, 7, 8, 9, 10, 11, 12, 13, 14]",0.5,0.0,,,,0.0,0,0
ruler_vt_16k:0160,ruler_vt_16k,OFF,L18,"[1, 2, 3, 4, 5, 6, 7, 8, 9, 10, 11, 12, 13, 14]",0.5,0.0,,,,0.0,0,0
ruler_vt_16k:0160,ruler_vt_16k,OFF,L24,"[1, 2, 3, 4, 5, 6, 7, 8, 9, 10, 11, 12, 13, 14]",0.5,0.0,,,,0.0,0,0
ruler_vt_16k:0160,ruler_vt_16k,OFF,ALL,"[1, 2, 3, 4, 5, 6, 7, 8, 9, 10, 11, 12, 13, 14]",0.5,0.0,,,,0.0,0,0
ruler_vt_16k:0160,ruler_vt_16k,L0,OFF,"[1, 2, 3, 4, 5, 6, 7, 8, 9, 10, 11, 12, 13, 14]",0.5,0.0,,,,0.0,0,0
ruler_vt_16k:0160,ruler_vt_16k,L0,L6,"[1, 2, 3, 4, 5, 6, 7, 8, 9, 10, 11, 12, 13, 14]",0.5,0.0,,,,0.0,0,0
ruler_vt_16k:0160,ruler_vt_16k,L0,L12,"[1, 2, 3, 4, 5, 6, 7, 8, 9, 10, 11, 12, 13, 14]",0.5,0.0,,,,0.0,0,0
ruler_vt_16k:0160,ruler_vt_16k,L0,L18,"[1, 2, 3, 4, 5, 6, 7, 8, 9, 10, 11, 12, 13, 14]",0.5,0.0,,,,0.0,0,0
ruler_vt_16k:0160,ruler_vt_16k,L0,L24,"[1, 2, 3, 4, 5, 6, 7, 8, 9, 10, 11, 12, 13, 14]",0.5,0.0,,,,0.0,0,0
ruler_vt_16k:0160,ruler_vt_16k,L0,ALL,"[1, 2, 3, 4, 5, 6, 7, 8, 9, 10, 11, 12, 13, 14]",0.5,0.0,,,,0.0,0,0
ruler_vt_16k:0160,ruler_vt_16k,L6,OFF,"[1, 2, 3, 4, 5, 6, 7, 8, 9, 10, 11, 12, 13, 14]",0.5,0.0,,,,0.0,0,0
ruler_vt_16k:0160,ruler_vt_16k,L6,L0,"[1, 2, 3, 4, 5, 6, 7, 8, 9, 10, 11, 12, 13, 14]",0.5,0.0,,,,0.0,0,0
ruler_vt_16k:0160,ruler_vt_16k,L6,L12,"[1, 2, 3, 4, 5, 6, 7, 8, 9, 10, 11, 12, 13, 14]",0.5,0.0,,,,0.0,0,0
ruler_vt_16k:0160,ruler_vt_16k,L6,L18,"[1, 2, 3, 4, 5, 6, 7, 8, 9, 10, 11, 12, 13, 14]",0.5,0.0,,,,0.0,0,0
ruler_vt_16k:0160,ruler_vt_16k,L6,L24,"[1, 2, 3, 4, 5, 6, 7, 8, 9, 10, 11, 12, 13, 14]",0.5,0.0,,,,0.0,0,0
ruler_vt_16k:0160,ruler_vt_16k,L6,ALL,[9],0.6,0.19999999999999996,0.6,0.6,0.0,0.0,1,1
ruler_vt_16k:0160,ruler_vt_16k,L12,OFF,"[1, 2, 3, 4, 5, 6, 7, 8, 9, 10, 11, 12, 13, 14]",0.5,0.0,,,,0.0,0,0
ruler_vt_16k:0160,ruler_vt_16k,L12,L0,[10],0.6666666666666666,0.19999999999999996,0.6666666666666666,0.6666666666666666,0.0,0.0,1,1
ruler_vt_16k:0160,ruler_vt_16k,L12,L6,"[1, 2, 3, 4, 5, 6, 7, 8, 9, 10, 11, 12, 13, 14]",0.5,0.0,,,,0.0,0,0
ruler_vt_16k:0160,ruler_vt_16k,L12,L18,[14],0.9333333333333333,0.19999999999999996,0.9333333333333333,0.9333333333333333,0.0,0.0,1,1
ruler_vt_16k:0160,ruler_vt_16k,L12,L24,"[1, 2, 3, 4, 5, 6, 7, 8, 9, 10, 11, 12, 13, 14]",0.5,0.0,,,,0.0,0,0
ruler_vt_16k:0160,ruler_vt_16k,L12,ALL,"[1, 2, 3, 4, 5, 6, 7, 8, 9, 10, 11, 12, 13, 14]",0.5,0.0,,,,0.0,0,0
ruler_vt_16k:0160,ruler_vt_16k,L18,OFF,"[1, 2, 3, 4, 5, 6, 7, 8, 9, 10, 11, 12, 13, 14]",0.5,0.0,,,,0.0,0,0
ruler_vt_16k:0160,ruler_vt_16k,L18,L0,"[1, 2, 3, 4, 5, 6, 7, 8, 9, 10, 11, 12, 13, 14]",0.5,0.0,,,,0.0,0,0
ruler_vt_16k:0160,ruler_vt_16k,L18,L6,"[1, 2, 3, 4, 5, 6, 7, 8, 9, 10, 11, 12, 13, 14]",0.5,0.0,,,,0.0,0,0
ruler_vt_16k:0160,ruler_vt_16k,L18,L12,"[1, 2, 3, 4, 5, 6, 7, 8, 9, 10, 11, 12, 13, 14]",0.5,0.0,,,,0.0,0,0
ruler_vt_16k:0160,ruler_vt_16k,L18,L24,"[1, 2, 3, 4, 5, 6, 7, 8, 9, 10, 11, 12, 13, 14]",0.5,0.0,,,,0.0,0,0
ruler_vt_16k:0160,ruler_vt_16k,L18,ALL,"[1, 2, 3, 4, 5, 6, 7, 8, 9, 10, 11, 12, 13, 14]",0.5,0.0,,,,0.0,0,0
ruler_vt_16k:0160,ruler_vt_16k,L24,OFF,"[1, 2, 3, 4, 5, 6, 7, 8, 9, 10, 11, 12, 13, 14]",0.5,0.0,,,,0.0,0,0
ruler_vt_16k:0160,ruler_vt_16k,L24,L0,"[1, 2, 3, 4, 5, 6, 7, 8, 9, 10, 11, 12, 13, 14]",0.5,0.0,,,,0.0,0,0
ruler_vt_16k:0160,ruler_vt_16k,L24,L6,[9],0.6,0.19999999999999996,0.6,0.6,0.0,0.0,1,1
ruler_vt_16k:0160,ruler_vt_16k,L24,L12,"[1, 2, 3, 4, 5, 6, 7, 8, 9, 10, 11, 12, 13, 14]",0.5,0.0,,,,0.0,0,0
ruler_vt_16k:0160,ruler_vt_16k,L24,L18,"[1, 2, 3, 4, 5, 6, 7, 8, 9, 10, 11, 12, 13, 14]",0.5,0.0,,,,0.0,0,0
ruler_vt_16k:0160,ruler_vt_16k,L24,ALL,[11],0.7333333333333333,0.19999999999999996,0.7333333333333333,0.7333333333333333,0.0,0.0,1,1
ruler_vt_16k:0160,ruler_vt_16k,ALL,OFF,"[1, 2, 3, 4, 5, 6, 7, 8, 9, 10, 11, 12, 13, 14]",0.5,0.0,,,,0.0,0,0
ruler_vt_16k:0160,ruler_vt_16k,ALL,L0,"[1, 2, 3, 4, 5, 6, 7, 8, 9, 10, 11, 12, 13, 14]",0.5,0.0,,,,0.0,0,0
ruler_vt_16k:0160,ruler_vt_16k,ALL,L6,"[1, 2, 3, 4, 5, 6, 7, 8, 9, 10, 11, 12, 13, 14]",0.5,0.0,,,,0.0,0,0
ruler_vt_16k:0160,ruler_vt_16k,ALL,L12,"[1, 2, 3, 4, 5, 6, 7, 8, 9, 10, 11, 12, 13, 14]",0.5,0.0,,,,0.0,0,0
ruler_vt_16k:0160,ruler_vt_16k,ALL,L18,"[1, 2, 3, 4, 5, 6, 7, 8, 9, 10, 11, 12, 13, 14]",0.5,0.0,,,,0.0,0,0
ruler_vt_16k:0160,ruler_vt_16k,ALL,L24,"[1, 2, 3, 4, 5, 6, 7, 8, 9, 10, 11, 12, 13, 14]",0.5,0.0,,,,0.0,0,0
ruler_vt_16k:0164,ruler_vt_16k,OFF,L0,"[1, 2, 3, 4, 5, 6, 7, 8, 9, 10, 11, 12, 13, 14]",0.5,0.0,,,,0.0,0,0
ruler_vt_16k:0164,ruler_vt_16k,OFF,L6,"[11, 12]",0.7666666666666667,0.0,0.7333333333333333,0.8,0.06666666666666667,0.06666666666666667,2,0
ruler_vt_16k:0164,ruler_vt_16k,OFF,L12,"[1, 2, 3, 4, 5, 6, 7, 8, 9, 10, 11, 12, 13, 14]",0.5,0.0,,,,0.0,0,0
ruler_vt_16k:0164,ruler_vt_16k,OFF,L18,"[1, 2, 3, 4, 5, 6, 7, 8, 9, 10, 11, 12, 13, 14]",0.5,0.0,,,,0.0,0,0
ruler_vt_16k:0164,ruler_vt_16k,OFF,L24,"[1, 2, 3, 4, 5, 6, 7, 8, 9, 10, 11, 12, 13, 14]",0.5,0.0,,,,0.0,0,0
ruler_vt_16k:0164,ruler_vt_16k,OFF,ALL,"[1, 2, 3, 4, 5, 6, 7, 8, 9, 10, 11, 12, 13, 14]",0.5,0.0,,,,0.0,0,0
ruler_vt_16k:0164,ruler_vt_16k,L0,OFF,"[1, 2, 3, 4, 5, 6, 7, 8, 9, 10, 11, 12, 13, 14]",0.5,0.0,,,,0.0,0,0
ruler_vt_16k:0164,ruler_vt_16k,L0,L6,[10],0.6666666666666666,0.20000000000000007,0.6666666666666666,0.6666666666666666,0.0,0.0,1,0
ruler_vt_16k:0164,ruler_vt_16k,L0,L12,"[1, 2, 3, 4, 5, 6, 7, 8, 9, 10, 11, 12, 13, 14]",0.5,0.0,,,,0.0,0,0
ruler_vt_16k:0164,ruler_vt_16k,L0,L18,[9],0.6,0.20000000000000007,0.6,0.6,0.0,0.0,1,0
ruler_vt_16k:0164,ruler_vt_16k,L0,L24,"[1, 2, 3, 4, 5, 6, 7, 8, 9, 10, 11, 12, 13, 14]",0.5,0.0,,,,0.0,0,0
ruler_vt_16k:0164,ruler_vt_16k,L0,ALL,"[1, 2, 3, 4, 5, 6, 7, 8, 9, 10, 11, 12, 13, 14]",0.5,0.0,,,,0.0,0,0
ruler_vt_16k:0164,ruler_vt_16k,L6,OFF,"[1, 2, 3, 4, 5, 6, 7, 8, 9, 10, 11, 12, 13, 14]",0.5,0.0,,,,0.0,0,0
ruler_vt_16k:0164,ruler_vt_16k,L6,L0,[14],0.9333333333333333,0.20000000000000007,0.9333333333333333,0.9333333333333333,0.0,0.0,1,0
ruler_vt_16k:0164,ruler_vt_16k,L6,L12,"[1, 2, 3, 4, 5, 6, 7, 8, 9, 10, 11, 12, 13, 14]",0.5,0.0,,,,0.0,0,0
ruler_vt_16k:0164,ruler_vt_16k,L6,L18,"[1, 2, 3, 4, 5, 6, 7, 8, 9, 10, 11, 12, 13, 14]",0.5,0.0,,,,0.0,0,0
ruler_vt_16k:0164,ruler_vt_16k,L6,L24,"[1, 2, 3, 4, 5, 6, 7, 8, 9, 10, 11, 12, 13, 14]",0.5,0.0,,,,0.0,0,0
ruler_vt_16k:0164,ruler_vt_16k,L6,ALL,[14],0.9333333333333333,0.20000000000000007,0.9333333333333333,0.9333333333333333,0.0,0.0,1,0
ruler_vt_16k:0164,ruler_vt_16k,L12,OFF,"[1, 2, 3, 4, 5, 6, 7, 8, 9, 10, 11, 12, 13, 14]",0.5,0.0,,,,0.0,0,0
ruler_vt_16k:0164,ruler_vt_16k,L12,L0,[1],0.06666666666666667,0.20000000000000007,0.06666666666666667,0.06666666666666667,0.0,0.0,1,0
ruler_vt_16k:0164,ruler_vt_16k,L12,L6,"[1, 2, 3, 4, 5, 6, 7, 8, 9, 10, 11, 12, 13, 14]",0.5,0.0,,,,0.0,0,0
ruler_vt_16k:0164,ruler_vt_16k,L12,L18,"[1, 2, 3, 4, 5, 6, 7, 8, 9, 10, 11, 12, 13, 14]",0.5,0.0,,,,0.0,0,0
ruler_vt_16k:0164,ruler_vt_16k,L12,L24,"[1, 2, 3, 4, 5, 6, 7, 8, 9, 10, 11, 12, 13, 14]",0.5,0.0,,,,0.0,0,0
ruler_vt_16k:0164,ruler_vt_16k,L12,ALL,"[1, 2, 3, 4, 5, 6, 7, 8, 9, 10, 11, 12, 13, 14]",0.5,0.0,,,,0.0,0,0
ruler_vt_16k:0164,ruler_vt_16k,L18,OFF,"[1, 2, 3, 4, 5, 6, 7, 8, 9, 10, 11, 12, 13, 14]",0.5,0.0,,,,0.0,0,0
ruler_vt_16k:0164,ruler_vt_16k,L18,L0,[10],0.6666666666666666,0.20000000000000007,0.6666666666666666,0.6666666666666666,0.0,0.0,1,0
ruler_vt_16k:0164,ruler_vt_16k,L18,L6,"[1, 2, 3, 4, 5, 6, 7, 8, 9, 10, 11, 12, 13, 14]",0.5,0.0,,,,0.0,0,0
ruler_vt_16k:0164,ruler_vt_16k,L18,L12,"[1, 2, 3, 4, 5, 6, 7, 8, 9, 10, 11, 12, 13, 14]",0.5,0.0,,,,0.0,0,0
ruler_vt_16k:0164,ruler_vt_16k,L18,L24,"[1, 2, 3, 4, 5, 6, 7, 8, 9, 10, 11, 12, 13, 14]",0.5,0.0,,,,0.0,0,0
ruler_vt_16k:0164,ruler_vt_16k,L18,ALL,"[1, 2, 3, 4, 5, 6, 7, 8, 9, 10, 11, 12, 13, 14]",0.5,0.0,,,,0.0,0,0
ruler_vt_16k:0164,ruler_vt_16k,L24,OFF,"[1, 2, 3, 4, 5, 6, 7, 8, 9, 10, 11, 12, 13, 14]",0.5,0.0,,,,0.0,0,0
ruler_vt_16k:0164,ruler_vt_16k,L24,L0,"[1, 2, 3, 4, 5, 6, 7, 8, 9, 10, 11, 12, 13, 14]",0.5,0.0,,,,0.0,0,0
ruler_vt_16k:0164,ruler_vt_16k,L24,L6,"[1, 2, 3, 4, 5, 6, 7, 8, 9, 10, 11, 12, 13, 14]",0.5,0.0,,,,0.0,0,0
ruler_vt_16k:0164,ruler_vt_16k,L24,L12,"[1, 2, 3, 4, 5, 6, 7, 8, 9, 10, 11, 12, 13, 14]",0.5,0.0,,,,0.0,0,0
ruler_vt_16k:0164,ruler_vt_16k,L24,L18,[4],0.26666666666666666,0.20000000000000007,0.26666666666666666,0.26666666666666666,0.0,0.0,1,0
ruler_vt_16k:0164,ruler_vt_16k,L24,ALL,[8],0.5333333333333333,0.20000000000000007,0.5333333333333333,0.5333333333333333,0.0,0.0,1,0
ruler_vt_16k:0164,ruler_vt_16k,ALL,OFF,"[1, 2, 3, 4, 5, 6, 7, 8, 9, 10, 11, 12, 13, 14]",0.5,0.0,,,,0.0,0,0
ruler_vt_16k:0164,ruler_vt_16k,ALL,L0,"[1, 2, 3, 4, 5, 6, 7, 8, 9, 10, 11, 12, 13, 14]",0.5,0.0,,,,0.0,0,0
ruler_vt_16k:0164,ruler_vt_16k,ALL,L6,"[1, 2, 3, 4, 5, 6, 7, 8, 9, 10, 11, 12, 13, 14]",0.5,0.0,,,,0.0,0,0
ruler_vt_16k:0164,ruler_vt_16k,ALL,L12,"[1, 2, 3, 4, 5, 6, 7, 8, 9, 10, 11, 12, 13, 14]",0.5,0.0,,,,0.0,0,0
ruler_vt_16k:0164,ruler_vt_16k,ALL,L18,"[1, 2, 3, 4, 5, 6, 7, 8, 9, 10, 11, 12, 13, 14]",0.5,0.0,,,,0.0,0,0
ruler_vt_16k:0164,ruler_vt_16k,ALL,L24,[12],0.8,0.20000000000000007,0.8,0.8,0.0,0.0,1,0
ruler_vt_16k:0165,ruler_vt_16k,OFF,L0,"[1, 2, 3, 4, 5, 6, 7, 8, 9, 10, 11, 12, 13, 14]",0.5,0.0,,,,0.0,0,0
ruler_vt_16k:0165,ruler_vt_16k,OFF,L6,"[1, 2, 3, 4, 5, 6, 7, 8, 9, 10, 11, 12, 13, 14]",0.5,0.0,,,,0.0,0,0
ruler_vt_16k:0165,ruler_vt_16k,OFF,L12,"[1, 2, 3, 4, 5, 6, 7, 8, 9, 10, 11, 12, 13, 14]",0.5,0.0,,,,0.0,0,0
ruler_vt_16k:0165,ruler_vt_16k,OFF,L18,"[1, 2, 3, 4, 5, 6, 7, 8, 9, 10, 11, 12, 13, 14]",0.5,0.0,,,,0.0,0,0
ruler_vt_16k:0165,ruler_vt_16k,OFF,L24,"[1, 2, 3, 4, 5, 6, 7, 8, 9, 10, 11, 12, 13, 14]",0.5,0.0,,,,0.0,0,0
ruler_vt_16k:0165,ruler_vt_16k,OFF,ALL,"[1, 2, 3, 4, 5, 6, 7, 8, 9, 10, 11, 12, 13, 14]",0.5,0.0,,,,0.0,0,0
ruler_vt_16k:0165,ruler_vt_16k,L0,OFF,"[1, 2, 3, 4, 5, 6, 7, 8, 9, 10, 11, 12, 13, 14]",0.5,0.0,,,,0.0,0,0
ruler_vt_16k:0165,ruler_vt_16k,L0,L6,"[1, 2, 3, 4, 5, 6, 7, 8, 9, 10, 11, 12, 13, 14]",0.5,0.0,,,,0.0,0,0
ruler_vt_16k:0165,ruler_vt_16k,L0,L12,"[1, 2, 3, 4, 5, 6, 7, 8, 9, 10, 11, 12, 13, 14]",0.5,0.0,,,,0.0,0,0
ruler_vt_16k:0165,ruler_vt_16k,L0,L18,"[1, 2, 3, 4, 5, 6, 7, 8, 9, 10, 11, 12, 13, 14]",0.5,0.0,,,,0.0,0,0
ruler_vt_16k:0165,ruler_vt_16k,L0,L24,[13],0.8666666666666667,0.19999999999999996,0.8666666666666667,0.8666666666666667,0.0,0.0,1,1
ruler_vt_16k:0165,ruler_vt_16k,L0,ALL,"[1, 2, 3, 4, 5, 6, 7, 8, 9, 10, 11, 12, 13, 14]",0.5,0.0,,,,0.0,0,0
ruler_vt_16k:0165,ruler_vt_16k,L6,OFF,"[1, 2, 3, 4, 5, 6, 7, 8, 9, 10, 11, 12, 13, 14]",0.5,0.0,,,,0.0,0,0
ruler_vt_16k:0165,ruler_vt_16k,L6,L0,"[1, 2, 3, 4, 5, 6, 7, 8, 9, 10, 11, 12, 13, 14]",0.5,0.0,,,,0.0,0,0
ruler_vt_16k:0165,ruler_vt_16k,L6,L12,"[1, 2, 3, 4, 5, 6, 7, 8, 9, 10, 11, 12, 13, 14]",0.5,0.0,,,,0.0,0,0
ruler_vt_16k:0165,ruler_vt_16k,L6,L18,"[1, 2, 3, 4, 5, 6, 7, 8, 9, 10, 11, 12, 13, 14]",0.5,0.0,,,,0.0,0,0
ruler_vt_16k:0165,ruler_vt_16k,L6,L24,"[1, 2, 3, 4, 5, 6, 7, 8, 9, 10, 11, 12, 13, 14]",0.5,0.0,,,,0.0,0,0
ruler_vt_16k:0165,ruler_vt_16k,L6,ALL,"[1, 2, 3, 4, 5, 6, 7, 8, 9, 10, 11, 12, 13, 14]",0.5,0.0,,,,0.0,0,0
ruler_vt_16k:0165,ruler_vt_16k,L12,OFF,"[1, 2, 3, 4, 5, 6, 7, 8, 9, 10, 11, 12, 13, 14]",0.5,0.0,,,,0.0,0,0
ruler_vt_16k:0165,ruler_vt_16k,L12,L0,"[1, 2, 3, 4, 5, 6, 7, 8, 9, 10, 11, 12, 13, 14]",0.5,0.0,,,,0.0,0,0
ruler_vt_16k:0165,ruler_vt_16k,L12,L6,"[1, 2, 3, 4, 5, 6, 7, 8, 9, 10, 11, 12, 13, 14]",0.5,0.0,,,,0.0,0,0
ruler_vt_16k:0165,ruler_vt_16k,L12,L18,"[1, 2, 3, 4, 5, 6, 7, 8, 9, 10, 11, 12, 13, 14]",0.5,0.0,,,,0.0,0,0
ruler_vt_16k:0165,ruler_vt_16k,L12,L24,"[1, 2, 3, 4, 5, 6, 7, 8, 9, 10, 11, 12, 13, 14]",0.5,0.0,,,,0.0,0,0
ruler_vt_16k:0165,ruler_vt_16k,L12,ALL,"[1, 2, 3, 4, 5, 6, 7, 8, 9, 10, 11, 12, 13, 14]",0.5,0.0,,,,0.0,0,0
ruler_vt_16k:0165,ruler_vt_16k,L18,OFF,"[1, 2, 3, 4, 5, 6, 7, 8, 9, 10, 11, 12, 13, 14]",0.5,0.0,,,,0.0,0,0
ruler_vt_16k:0165,ruler_vt_16k,L18,L0,"[1, 2, 3, 4, 5, 6, 7, 8, 9, 10, 11, 12, 13, 14]",0.5,0.0,,,,0.0,0,0
ruler_vt_16k:0165,ruler_vt_16k,L18,L6,"[1, 2, 3, 4, 5, 6, 7, 8, 9, 10, 11, 12, 13, 14]",0.5,0.0,,,,0.0,0,0
ruler_vt_16k:0165,ruler_vt_16k,L18,L12,"[1, 2, 3, 4, 5, 6, 7, 8, 9, 10, 11, 12, 13, 14]",0.5,0.0,,,,0.0,0,0
ruler_vt_16k:0165,ruler_vt_16k,L18,L24,"[1, 2, 3, 4, 5, 6, 7, 8, 9, 10, 11, 12, 13, 14]",0.5,0.0,,,,0.0,0,0
ruler_vt_16k:0165,ruler_vt_16k,L18,ALL,"[1, 2, 3, 4, 5, 6, 7, 8, 9, 10, 11, 12, 13, 14]",0.5,0.0,,,,0.0,0,0
ruler_vt_16k:0165,ruler_vt_16k,L24,OFF,"[1, 2, 3, 4, 5, 6, 7, 8, 9, 10, 11, 12, 13, 14]",0.5,0.0,,,,0.0,0,0
ruler_vt_16k:0165,ruler_vt_16k,L24,L0,"[1, 2, 3, 4, 5, 6, 7, 8, 9, 10, 11, 12, 13, 14]",0.5,0.0,,,,0.0,0,0
ruler_vt_16k:0165,ruler_vt_16k,L24,L6,"[1, 2, 3, 4, 5, 6, 7, 8, 9, 10, 11, 12, 13, 14]",0.5,0.0,,,,0.0,0,0
ruler_vt_16k:0165,ruler_vt_16k,L24,L12,"[1, 2, 3, 4, 5, 6, 7, 8, 9, 10, 11, 12, 13, 14]",0.5,0.0,,,,0.0,0,0
ruler_vt_16k:0165,ruler_vt_16k,L24,L18,"[1, 2, 3, 4, 5, 6, 7, 8, 9, 10, 11, 12, 13, 14]",0.5,0.0,,,,0.0,0,0
ruler_vt_16k:0165,ruler_vt_16k,L24,ALL,[9],0.6,0.19999999999999996,0.6,0.6,0.0,0.0,1,1
ruler_vt_16k:0165,ruler_vt_16k,ALL,OFF,"[1, 2, 3, 4, 5, 6, 7, 8, 9, 10, 11, 12, 13, 14]",0.5,0.0,,,,0.0,0,0
ruler_vt_16k:0165,ruler_vt_16k,ALL,L0,"[1, 2, 3, 4, 5, 6, 7, 8, 9, 10, 11, 12, 13, 14]",0.5,0.0,,,,0.0,0,0
ruler_vt_16k:0165,ruler_vt_16k,ALL,L6,"[1, 2, 3, 4, 5, 6, 7, 8, 9, 10, 11, 12, 13, 14]",0.5,0.0,,,,0.0,0,0
ruler_vt_16k:0165,ruler_vt_16k,ALL,L12,"[1, 2, 3, 4, 5, 6, 7, 8, 9, 10, 11, 12, 13, 14]",0.5,0.0,,,,0.0,0,0
ruler_vt_16k:0165,ruler_vt_16k,ALL,L18,"[1, 2, 3, 4, 5, 6, 7, 8, 9, 10, 11, 12, 13, 14]",0.5,0.0,,,,0.0,0,0
ruler_vt_16k:0165,ruler_vt_16k,ALL,L24,"[1, 2, 3, 4, 5, 6, 7, 8, 9, 10, 11, 12, 13, 14]",0.5,0.0,,,,0.0,0,0
ruler_vt_16k:0170,ruler_vt_16k,OFF,L0,"[1, 2, 3, 4, 5, 6, 7, 8, 9, 10, 11, 12, 13, 14]",0.5,0.0,,,,0.0,0,0
ruler_vt_16k:0170,ruler_vt_16k,OFF,L6,"[1, 2, 3, 4, 5, 6, 7, 8, 9, 10, 11, 12, 13, 14]",0.5,0.0,,,,0.0,0,0
ruler_vt_16k:0170,ruler_vt_16k,OFF,L12,[8],0.5333333333333333,0.19999999999999996,,,,0.0,0,0
ruler_vt_16k:0170,ruler_vt_16k,OFF,L18,[11],0.7333333333333333,0.4,0.7333333333333333,0.7333333333333333,0.0,0.0,1,0
ruler_vt_16k:0170,ruler_vt_16k,OFF,L24,"[1, 2, 3, 4, 5, 6, 7, 8, 9, 10, 11, 12, 13, 14]",0.5,0.0,,,,0.0,0,0
ruler_vt_16k:0170,ruler_vt_16k,OFF,ALL,"[1, 2, 3, 4, 5, 6, 7, 8, 9, 10, 11, 12, 13, 14]",0.5,0.0,,,,0.0,0,0
ruler_vt_16k:0170,ruler_vt_16k,L0,OFF,"[1, 2, 3, 4, 5, 6, 7, 8, 9, 10, 11, 12, 13, 14]",0.5,0.0,,,,0.0,0,0
ruler_vt_16k:0170,ruler_vt_16k,L0,L6,"[1, 2, 3, 4, 5, 6, 7, 8, 9, 10, 11, 12, 13, 14]",0.5,0.0,,,,0.0,0,0
ruler_vt_16k:0170,ruler_vt_16k,L0,L12,"[1, 2, 3, 4, 5, 6, 7, 8, 9, 10, 11, 12, 13, 14]",0.5,0.0,,,,0.0,0,0
ruler_vt_16k:0170,ruler_vt_16k,L0,L18,"[1, 2, 3, 4, 5, 6, 7, 8, 9, 10, 11, 12, 13, 14]",0.5,0.0,,,,0.0,0,0
ruler_vt_16k:0170,ruler_vt_16k,L0,L24,"[1, 2, 3, 4, 5, 6, 7, 8, 9, 10, 11, 12, 13, 14]",0.5,0.0,,,,0.0,0,0
ruler_vt_16k:0170,ruler_vt_16k,L0,ALL,[4],0.26666666666666666,0.20000000000000007,0.26666666666666666,0.26666666666666666,0.0,0.0,1,0
ruler_vt_16k:0170,ruler_vt_16k,L6,OFF,"[1, 2, 3, 4, 5, 6, 7, 8, 9, 10, 11, 12, 13, 14]",0.5,0.0,,,,0.0,0,0
ruler_vt_16k:0170,ruler_vt_16k,L6,L0,"[1, 2, 3, 4, 5, 6, 7, 8, 9, 10, 11, 12, 13, 14]",0.5,0.0,,,,0.0,0,0
ruler_vt_16k:0170,ruler_vt_16k,L6,L12,"[1, 2, 3, 4, 5, 6, 7, 8, 9, 10, 11, 12, 13, 14]",0.5,0.0,,,,0.0,0,0
ruler_vt_16k:0170,ruler_vt_16k,L6,L18,"[1, 2, 3, 4, 5, 6, 7, 8, 9, 10, 11, 12, 13, 14]",0.5,0.0,,,,0.0,0,0
ruler_vt_16k:0170,ruler_vt_16k,L6,L24,"[1, 2, 3, 4, 5, 6, 7, 8, 9, 10, 11, 12, 13, 14]",0.5,0.0,,,,0.0,0,0
ruler_vt_16k:0170,ruler_vt_16k,L6,ALL,"[1, 2, 3, 4, 5, 6, 7, 8, 9, 10, 11, 12, 13, 14]",0.5,0.0,,,,0.0,0,0
ruler_vt_16k:0170,ruler_vt_16k,L12,OFF,"[1, 2, 3, 4, 5, 6, 7, 8, 9, 10, 11, 12, 13, 14]",0.5,0.0,,,,0.0,0,0
ruler_vt_16k:0170,ruler_vt_16k,L12,L0,"[1, 2, 3, 4, 5, 6, 7, 8, 9, 10, 11, 12, 13, 14]",0.5,0.0,,,,0.0,0,0
ruler_vt_16k:0170,ruler_vt_16k,L12,L6,"[1, 2, 3, 4, 5, 6, 7, 8, 9, 10, 11, 12, 13, 14]",0.5,0.0,,,,0.0,0,0
ruler_vt_16k:0170,ruler_vt_16k,L12,L18,"[1, 2, 3, 4, 5, 6, 7, 8, 9, 10, 11, 12, 13, 14]",0.5,0.0,,,,0.0,0,0
ruler_vt_16k:0170,ruler_vt_16k,L12,L24,"[1, 2, 3, 4, 5, 6, 7, 8, 9, 10, 11, 12, 13, 14]",0.5,0.0,,,,0.0,0,0
ruler_vt_16k:0170,ruler_vt_16k,L12,ALL,"[1, 2, 3, 4, 5, 6, 7, 8, 9, 10, 11, 12, 13, 14]",0.5,0.0,,,,0.0,0,0
ruler_vt_16k:0170,ruler_vt_16k,L18,OFF,[2],0.13333333333333333,0.20000000000000007,0.13333333333333333,0.13333333333333333,0.0,0.0,1,0
ruler_vt_16k:0170,ruler_vt_16k,L18,L0,"[1, 2, 3, 4, 5, 6, 7, 8, 9, 10, 11, 12, 13, 14]",0.5,0.0,,,,0.0,0,0
ruler_vt_16k:0170,ruler_vt_16k,L18,L6,[11],0.7333333333333333,0.19999999999999996,,,,0.0,0,0
ruler_vt_16k:0170,ruler_vt_16k,L18,L12,[13],0.8666666666666667,0.19999999999999996,,,,0.0,0,0
ruler_vt_16k:0170,ruler_vt_16k,L18,L24,"[1, 9]",0.3333333333333333,0.0,0.06666666666666667,0.6,0.5333333333333333,0.0,2,0
ruler_vt_16k:0170,ruler_vt_16k,L18,ALL,"[1, 2, 3, 4, 5, 6, 7, 8, 9, 10, 11, 12, 13, 14]",0.5,0.0,,,,0.0,0,0
ruler_vt_16k:0170,ruler_vt_16k,L24,OFF,"[1, 2, 3, 4, 5, 6, 7, 8, 9, 10, 11, 12, 13, 14]",0.5,0.0,,,,0.0,0,0
ruler_vt_16k:0170,ruler_vt_16k,L24,L0,"[1, 2, 3, 4, 5, 6, 7, 8, 9, 10, 11, 12, 13, 14]",0.5,0.0,,,,0.0,0,0
ruler_vt_16k:0170,ruler_vt_16k,L24,L6,"[1, 2, 3, 4, 5, 6, 7, 8, 9, 10, 11, 12, 13, 14]",0.5,0.0,,,,0.0,0,0
ruler_vt_16k:0170,ruler_vt_16k,L24,L12,[8],0.5333333333333333,0.19999999999999996,,,,0.0,0,0
ruler_vt_16k:0170,ruler_vt_16k,L24,L18,"[1, 2, 3, 4, 5, 6, 7, 8, 9, 10, 11, 12, 13, 14]",0.5,0.0,,,,0.0,0,0
ruler_vt_16k:0170,ruler_vt_16k,L24,ALL,"[1, 2, 3, 4, 5, 6, 7, 8, 9, 10, 11, 12, 13, 14]",0.5,0.0,,,,0.0,0,0
ruler_vt_16k:0170,ruler_vt_16k,ALL,OFF,"[1, 2, 3, 4, 5, 6, 7, 8, 9, 10, 11, 12, 13, 14]",0.5,0.0,,,,0.0,0,0
ruler_vt_16k:0170,ruler_vt_16k,ALL,L0,"[1, 2, 3, 4, 5, 6, 7, 8, 9, 10, 11, 12, 13, 14]",0.5,0.0,,,,0.0,0,0
ruler_vt_16k:0170,ruler_vt_16k,ALL,L6,"[1, 2, 3, 4, 5, 6, 7, 8, 9, 10, 11, 12, 13, 14]",0.5,0.0,,,,0.0,0,0
ruler_vt_16k:0170,ruler_vt_16k,ALL,L12,[4],0.26666666666666666,0.19999999999999996,,,,0.0,0,0
ruler_vt_16k:0170,ruler_vt_16k,ALL,L18,[4],0.26666666666666666,0.4,0.26666666666666666,0.26666666666666666,0.0,0.0,1,0
ruler_vt_16k:0170,ruler_vt_16k,ALL,L24,"[1, 2, 3, 4, 5, 6, 7, 8, 9, 10, 11, 12, 13, 14]",0.5,0.0,,,,0.0,0,0
ruler_vt_16k:0172,ruler_vt_16k,OFF,L0,"[1, 2, 3, 4, 5, 6, 7, 8, 9, 10, 11, 12, 13, 14]",0.5,0.0,,,,0.0,0,0
ruler_vt_16k:0172,ruler_vt_16k,OFF,L6,"[1, 2, 3, 4, 5, 6, 7, 8, 9, 10, 11, 12, 13, 14]",0.5,0.0,,,,0.0,0,0
ruler_vt_16k:0172,ruler_vt_16k,OFF,L12,"[1, 2, 3, 4, 5, 6, 7, 8, 9, 10, 11, 12, 13, 14]",0.5,0.0,,,,0.0,0,0
ruler_vt_16k:0172,ruler_vt_16k,OFF,L18,"[1, 2, 3, 4, 5, 6, 7, 8, 9, 10, 11, 12, 13, 14]",0.5,0.0,,,,0.0,0,0
ruler_vt_16k:0172,ruler_vt_16k,OFF,L24,"[1, 2, 3, 4, 5, 6, 7, 8, 9, 10, 11, 12, 13, 14]",0.5,0.0,,,,0.0,0,0
ruler_vt_16k:0172,ruler_vt_16k,OFF,ALL,"[1, 2, 3, 4, 5, 6, 7, 8, 9, 10, 11, 12, 13, 14]",0.5,0.0,,,,0.0,0,0
ruler_vt_16k:0172,ruler_vt_16k,L0,OFF,"[1, 2, 3, 4, 5, 6, 7, 8, 9, 10, 11, 12, 13, 14]",0.5,0.0,,,,0.0,0,0
ruler_vt_16k:0172,ruler_vt_16k,L0,L6,"[1, 2, 3, 4, 5, 6, 7, 8, 9, 10, 11, 12, 13, 14]",0.5,0.0,,,,0.0,0,0
ruler_vt_16k:0172,ruler_vt_16k,L0,L12,"[1, 2, 3, 4, 5, 6, 7, 8, 9, 10, 11, 12, 13, 14]",0.5,0.0,,,,0.0,0,0
ruler_vt_16k:0172,ruler_vt_16k,L0,L18,"[1, 2, 3, 4, 5, 6, 7, 8, 9, 10, 11, 12, 13, 14]",0.5,0.0,,,,0.0,0,0
ruler_vt_16k:0172,ruler_vt_16k,L0,L24,"[1, 2, 3, 4, 5, 6, 7, 8, 9, 10, 11, 12, 13, 14]",0.5,0.0,,,,0.0,0,0
ruler_vt_16k:0172,ruler_vt_16k,L0,ALL,"[1, 2, 3, 4, 5, 6, 7, 8, 9, 10, 11, 12, 13, 14]",0.5,0.0,,,,0.0,0,0
ruler_vt_16k:0172,ruler_vt_16k,L6,OFF,"[1, 2, 3, 4, 5, 6, 7, 8, 9, 10, 11, 12, 13, 14]",0.5,0.0,,,,0.0,0,0
ruler_vt_16k:0172,ruler_vt_16k,L6,L0,"[1, 2, 3, 4, 5, 6, 7, 8, 9, 10, 11, 12, 13, 14]",0.5,0.0,,,,0.0,0,0
ruler_vt_16k:0172,ruler_vt_16k,L6,L12,"[1, 2, 3, 4, 5, 6, 7, 8, 9, 10, 11, 12, 13, 14]",0.5,0.0,,,,0.0,0,0
ruler_vt_16k:0172,ruler_vt_16k,L6,L18,[2],0.13333333333333333,0.19999999999999996,0.13333333333333333,0.13333333333333333,0.0,0.0,1,0
ruler_vt_16k:0172,ruler_vt_16k,L6,L24,"[1, 2, 3, 4, 5, 6, 7, 8, 9, 10, 11, 12, 13, 14]",0.5,0.0,,,,0.0,0,0
ruler_vt_16k:0172,ruler_vt_16k,L6,ALL,"[1, 2, 3, 4, 5, 6, 7, 8, 9, 10, 11, 12, 13, 14]",0.5,0.0,,,,0.0,0,0
ruler_vt_16k:0172,ruler_vt_16k,L12,OFF,"[5, 6]",0.36666666666666664,0.0,0.3333333333333333,0.4,0.06666666666666667,0.06666666666666667,2,0
ruler_vt_16k:0172,ruler_vt_16k,L12,L0,"[1, 2, 3, 4, 5, 6, 7, 8, 9, 10, 11, 12, 13, 14]",0.5,0.0,,,,0.0,0,0
ruler_vt_16k:0172,ruler_vt_16k,L12,L6,"[1, 2, 3, 4, 5, 6, 7, 8, 9, 10, 11, 12, 13, 14]",0.5,0.0,,,,0.0,0,0
ruler_vt_16k:0172,ruler_vt_16k,L12,L18,"[9, 12, 14]",0.7777777777777778,0.0,0.6,0.9333333333333333,0.3333333333333333,0.0,3,0
ruler_vt_16k:0172,ruler_vt_16k,L12,L24,"[5, 6]",0.36666666666666664,0.0,0.3333333333333333,0.4,0.06666666666666667,0.06666666666666667,2,0
ruler_vt_16k:0172,ruler_vt_16k,L12,ALL,"[5, 14]",0.6333333333333333,0.0,0.3333333333333333,0.9333333333333333,0.6,0.0,2,0
ruler_vt_16k:0172,ruler_vt_16k,L18,OFF,"[1, 2, 3, 4, 5, 6, 7, 8, 9, 10, 11, 12, 13, 14]",0.5,0.0,,,,0.0,0,0
ruler_vt_16k:0172,ruler_vt_16k,L18,L0,"[1, 2, 3, 4, 5, 6, 7, 8, 9, 10, 11, 12, 13, 14]",0.5,0.0,,,,0.0,0,0
ruler_vt_16k:0172,ruler_vt_16k,L18,L6,"[1, 2, 3, 4, 5, 6, 7, 8, 9, 10, 11, 12, 13, 14]",0.5,0.0,,,,0.0,0,0
ruler_vt_16k:0172,ruler_vt_16k,L18,L12,"[1, 2, 3, 4, 5, 6, 7, 8, 9, 10, 11, 12, 13, 14]",0.5,0.0,,,,0.0,0,0
ruler_vt_16k:0172,ruler_vt_16k,L18,L24,[5],0.3333333333333333,0.19999999999999996,0.3333333333333333,0.3333333333333333,0.0,0.0,1,0
ruler_vt_16k:0172,ruler_vt_16k,L18,ALL,"[1, 2, 3, 4, 5, 6, 7, 8, 9, 10, 11, 12, 13, 14]",0.5,0.0,,,,0.0,0,0
ruler_vt_16k:0172,ruler_vt_16k,L24,OFF,"[1, 2, 3, 4, 5, 6, 7, 8, 9, 10, 11, 12, 13, 14]",0.5,0.0,,,,0.0,0,0
ruler_vt_16k:0172,ruler_vt_16k,L24,L0,"[1, 2, 3, 4, 5, 6, 7, 8, 9, 10, 11, 12, 13, 14]",0.5,0.0,,,,0.0,0,0
ruler_vt_16k:0172,ruler_vt_16k,L24,L6,"[1, 2, 3, 4, 5, 6, 7, 8, 9, 10, 11, 12, 13, 14]",0.5,0.0,,,,0.0,0,0
ruler_vt_16k:0172,ruler_vt_16k,L24,L12,"[1, 2, 3, 4, 5, 6, 7, 8, 9, 10, 11, 12, 13, 14]",0.5,0.0,,,,0.0,0,0
ruler_vt_16k:0172,ruler_vt_16k,L24,L18,"[1, 2, 3, 4, 5, 6, 7, 8, 9, 10, 11, 12, 13, 14]",0.5,0.0,,,,0.0,0,0
ruler_vt_16k:0172,ruler_vt_16k,L24,ALL,"[1, 2, 3, 4, 5, 6, 7, 8, 9, 10, 11, 12, 13, 14]",0.5,0.0,,,,0.0,0,0
ruler_vt_16k:0172,ruler_vt_16k,ALL,OFF,[3],0.2,0.19999999999999996,0.2,0.2,0.0,0.0,1,0
ruler_vt_16k:0172,ruler_vt_16k,ALL,L0,"[1, 2, 3, 4, 5, 6, 7, 8, 9, 10, 11, 12, 13, 14]",0.5,0.0,,,,0.0,0,0
ruler_vt_16k:0172,ruler_vt_16k,ALL,L6,"[1, 2, 3, 4, 5, 6, 7, 8, 9, 10, 11, 12, 13, 14]",0.5,0.0,,,,0.0,0,0
ruler_vt_16k:0172,ruler_vt_16k,ALL,L12,"[1, 2, 3, 4, 5, 6, 7, 8, 9, 10, 11, 12, 13, 14]",0.5,0.0,,,,0.0,0,0
ruler_vt_16k:0172,ruler_vt_16k,ALL,L18,[4],0.26666666666666666,0.19999999999999996,0.26666666666666666,0.26666666666666666,0.0,0.0,1,0
ruler_vt_16k:0172,ruler_vt_16k,ALL,L24,"[3, 4]",0.23333333333333334,0.0,0.2,0.26666666666666666,0.06666666666666667,0.06666666666666667,2,0
ruler_vt_16k:0183,ruler_vt_16k,OFF,L0,"[1, 2, 3, 4, 5, 6, 7, 8, 9, 10, 11, 12, 13, 14]",0.5,0.0,,,,0.0,0,0
ruler_vt_16k:0183,ruler_vt_16k,OFF,L6,"[1, 2, 3, 4, 5, 6, 7, 8, 9, 10, 11, 12, 13, 14]",0.5,0.0,,,,0.0,0,0
ruler_vt_16k:0183,ruler_vt_16k,OFF,L12,"[1, 2, 3, 4, 5, 6, 7, 8, 9, 10, 11, 12, 13, 14]",0.5,0.0,,,,0.0,0,0
ruler_vt_16k:0183,ruler_vt_16k,OFF,L18,"[1, 2, 3, 4, 5, 6, 7, 8, 9, 10, 11, 12, 13, 14]",0.5,0.0,,,,0.0,0,0
ruler_vt_16k:0183,ruler_vt_16k,OFF,L24,"[1, 2, 3, 4, 5, 6, 7, 8, 9, 10, 11, 12, 13, 14]",0.5,0.0,,,,0.0,0,0
ruler_vt_16k:0183,ruler_vt_16k,OFF,ALL,"[1, 2, 3, 4, 5, 6, 7, 8, 9, 10, 11, 12, 13, 14]",0.5,0.0,,,,0.0,0,0
ruler_vt_16k:0183,ruler_vt_16k,L0,OFF,"[1, 2, 3, 4, 5, 6, 7, 8, 9, 10, 11, 12, 13, 14]",0.5,0.0,,,,0.0,0,0
ruler_vt_16k:0183,ruler_vt_16k,L0,L6,"[1, 2, 3, 4, 5, 6, 7, 8, 9, 10, 11, 12, 13, 14]",0.5,0.0,,,,0.0,0,0
ruler_vt_16k:0183,ruler_vt_16k,L0,L12,"[1, 2, 3, 4, 5, 6, 7, 8, 9, 10, 11, 12, 13, 14]",0.5,0.0,,,,0.0,0,0
ruler_vt_16k:0183,ruler_vt_16k,L0,L18,"[1, 2, 3, 4, 5, 6, 7, 8, 9, 10, 11, 12, 13, 14]",0.5,0.0,,,,0.0,0,0
ruler_vt_16k:0183,ruler_vt_16k,L0,L24,"[1, 2, 3, 4, 5, 6, 7, 8, 9, 10, 11, 12, 13, 14]",0.5,0.0,,,,0.0,0,0
ruler_vt_16k:0183,ruler_vt_16k,L0,ALL,"[1, 2, 3, 4, 5, 6, 7, 8, 9, 10, 11, 12, 13, 14]",0.5,0.0,,,,0.0,0,0
ruler_vt_16k:0183,ruler_vt_16k,L6,OFF,"[1, 2, 3, 4, 5, 6, 7, 8, 9, 10, 11, 12, 13, 14]",0.5,0.0,,,,0.0,0,0
ruler_vt_16k:0183,ruler_vt_16k,L6,L0,"[1, 2, 3, 4, 5, 6, 7, 8, 9, 10, 11, 12, 13, 14]",0.5,0.0,,,,0.0,0,0
ruler_vt_16k:0183,ruler_vt_16k,L6,L12,"[1, 2, 3, 4, 5, 6, 7, 8, 9, 10, 11, 12, 13, 14]",0.5,0.0,,,,0.0,0,0
ruler_vt_16k:0183,ruler_vt_16k,L6,L18,"[1, 2, 3, 4, 5, 6, 7, 8, 9, 10, 11, 12, 13, 14]",0.5,0.0,,,,0.0,0,0
ruler_vt_16k:0183,ruler_vt_16k,L6,L24,"[1, 2, 3, 4, 5, 6, 7, 8, 9, 10, 11, 12, 13, 14]",0.5,0.0,,,,0.0,0,0
ruler_vt_16k:0183,ruler_vt_16k,L6,ALL,"[1, 2, 3, 4, 5, 6, 7, 8, 9, 10, 11, 12, 13, 14]",0.5,0.0,,,,0.0,0,0
ruler_vt_16k:0183,ruler_vt_16k,L12,OFF,"[1, 2, 3, 4, 5, 6, 7, 8, 9, 10, 11, 12, 13, 14]",0.5,0.0,,,,0.0,0,0
ruler_vt_16k:0183,ruler_vt_16k,L12,L0,"[1, 2, 3, 4, 5, 6, 7, 8, 9, 10, 11, 12, 13, 14]",0.5,0.0,,,,0.0,0,0
ruler_vt_16k:0183,ruler_vt_16k,L12,L6,"[1, 2, 3, 4, 5, 6, 7, 8, 9, 10, 11, 12, 13, 14]",0.5,0.0,,,,0.0,0,0
ruler_vt_16k:0183,ruler_vt_16k,L12,L18,"[1, 2, 3, 4, 5, 6, 7, 8, 9, 10, 11, 12, 13, 14]",0.5,0.0,,,,0.0,0,0
ruler_vt_16k:0183,ruler_vt_16k,L12,L24,"[1, 2, 3, 4, 5, 6, 7, 8, 9, 10, 11, 12, 13, 14]",0.5,0.0,,,,0.0,0,0
ruler_vt_16k:0183,ruler_vt_16k,L12,ALL,"[1, 2, 3, 4, 5, 6, 7, 8, 9, 10, 11, 12, 13, 14]",0.5,0.0,,,,0.0,0,0
ruler_vt_16k:0183,ruler_vt_16k,L18,OFF,"[1, 2, 3, 4, 5, 6, 7, 8, 9, 10, 11, 12, 13, 14]",0.5,0.0,,,,0.0,0,0
ruler_vt_16k:0183,ruler_vt_16k,L18,L0,"[1, 2, 3, 4, 5, 6, 7, 8, 9, 10, 11, 12, 13, 14]",0.5,0.0,,,,0.0,0,0
ruler_vt_16k:0183,ruler_vt_16k,L18,L6,"[1, 2, 3, 4, 5, 6, 7, 8, 9, 10, 11, 12, 13, 14]",0.5,0.0,,,,0.0,0,0
ruler_vt_16k:0183,ruler_vt_16k,L18,L12,"[1, 2, 3, 4, 5, 6, 7, 8, 9, 10, 11, 12, 13, 14]",0.5,0.0,,,,0.0,0,0
ruler_vt_16k:0183,ruler_vt_16k,L18,L24,"[1, 2, 3, 4, 5, 6, 7, 8, 9, 10, 11, 12, 13, 14]",0.5,0.0,,,,0.0,0,0
ruler_vt_16k:0183,ruler_vt_16k,L18,ALL,"[1, 2, 3, 4, 5, 6, 7, 8, 9, 10, 11, 12, 13, 14]",0.5,0.0,,,,0.0,0,0
ruler_vt_16k:0183,ruler_vt_16k,L24,OFF,"[1, 2, 3, 4, 5, 6, 7, 8, 9, 10, 11, 12, 13, 14]",0.5,0.0,,,,0.0,0,0
ruler_vt_16k:0183,ruler_vt_16k,L24,L0,"[1, 2, 3, 4, 5, 6, 7, 8, 9, 10, 11, 12, 13, 14]",0.5,0.0,,,,0.0,0,0
ruler_vt_16k:0183,ruler_vt_16k,L24,L6,"[1, 2, 3, 4, 5, 6, 7, 8, 9, 10, 11, 12, 13, 14]",0.5,0.0,,,,0.0,0,0
ruler_vt_16k:0183,ruler_vt_16k,L24,L12,"[1, 2, 3, 4, 5, 6, 7, 8, 9, 10, 11, 12, 13, 14]",0.5,0.0,,,,0.0,0,0
ruler_vt_16k:0183,ruler_vt_16k,L24,L18,"[1, 2, 3, 4, 5, 6, 7, 8, 9, 10, 11, 12, 13, 14]",0.5,0.0,,,,0.0,0,0
ruler_vt_16k:0183,ruler_vt_16k,L24,ALL,"[1, 2, 3, 4, 5, 6, 7, 8, 9, 10, 11, 12, 13, 14]",0.5,0.0,,,,0.0,0,0
ruler_vt_16k:0183,ruler_vt_16k,ALL,OFF,"[1, 2, 3, 4, 5, 6, 7, 8, 9, 10, 11, 12, 13, 14]",0.5,0.0,,,,0.0,0,0
ruler_vt_16k:0183,ruler_vt_16k,ALL,L0,"[1, 2, 3, 4, 5, 6, 7, 8, 9, 10, 11, 12, 13, 14]",0.5,0.0,,,,0.0,0,0
ruler_vt_16k:0183,ruler_vt_16k,ALL,L6,"[1, 2, 3, 4, 5, 6, 7, 8, 9, 10, 11, 12, 13, 14]",0.5,0.0,,,,0.0,0,0
ruler_vt_16k:0183,ruler_vt_16k,ALL,L12,"[1, 2, 3, 4, 5, 6, 7, 8, 9, 10, 11, 12, 13, 14]",0.5,0.0,,,,0.0,0,0
ruler_vt_16k:0183,ruler_vt_16k,ALL,L18,"[1, 2, 3, 4, 5, 6, 7, 8, 9, 10, 11, 12, 13, 14]",0.5,0.0,,,,0.0,0,0
ruler_vt_16k:0183,ruler_vt_16k,ALL,L24,"[1, 2, 3, 4, 5, 6, 7, 8, 9, 10, 11, 12, 13, 14]",0.5,0.0,,,,0.0,0,0
ruler_vt_16k:0188,ruler_vt_16k,OFF,L0,"[11, 12]",0.7666666666666667,0.0,0.7333333333333333,0.8,0.06666666666666667,0.06666666666666667,2,0
ruler_vt_16k:0188,ruler_vt_16k,OFF,L6,"[5, 9, 12, 13]",0.65,0.0,0.3333333333333333,0.8666666666666667,0.5333333333333333,0.06666666666666667,4,0
ruler_vt_16k:0188,ruler_vt_16k,OFF,L12,"[2, 4, 8, 10, 11, 12]",0.5222222222222223,0.0,0.13333333333333333,0.8,0.6666666666666666,0.13333333333333333,6,0
ruler_vt_16k:0188,ruler_vt_16k,OFF,L18,"[4, 8, 11]",0.5111111111111112,0.0,0.26666666666666666,0.7333333333333333,0.4666666666666667,0.0,3,0
ruler_vt_16k:0188,ruler_vt_16k,OFF,L24,[3],0.2,0.4,0.2,0.2,0.0,0.0,1,0
ruler_vt_16k:0188,ruler_vt_16k,OFF,ALL,"[6, 7, 13]",0.5777777777777777,0.0,0.4,0.8666666666666667,0.4666666666666667,0.06666666666666667,3,0
ruler_vt_16k:0188,ruler_vt_16k,L0,OFF,[2],0.13333333333333333,0.4,0.13333333333333333,0.13333333333333333,0.0,0.0,1,0
ruler_vt_16k:0188,ruler_vt_16k,L0,L6,"[1, 7]",0.26666666666666666,0.0,0.06666666666666667,0.4666666666666667,0.4,0.0,2,0
ruler_vt_16k:0188,ruler_vt_16k,L0,L12,[2],0.13333333333333333,0.4,0.13333333333333333,0.13333333333333333,0.0,0.0,1,0
ruler_vt_16k:0188,ruler_vt_16k,L0,L18,"[1, 2, 3, 4, 5, 6, 7, 8, 9, 10, 11, 12, 13, 14]",0.5,0.0,,,,0.0,0,0
ruler_vt_16k:0188,ruler_vt_16k,L0,L24,[2],0.13333333333333333,0.4,0.13333333333333333,0.13333333333333333,0.0,0.0,1,0
ruler_vt_16k:0188,ruler_vt_16k,L0,ALL,"[1, 2, 3, 4, 5, 6, 7, 8, 9, 10, 11, 12, 13, 14]",0.5,0.0,,,,0.0,0,0
ruler_vt_16k:0188,ruler_vt_16k,L6,OFF,"[8, 10]",0.6,0.0,0.5333333333333333,0.6666666666666666,0.13333333333333333,0.0,2,0
ruler_vt_16k:0188,ruler_vt_16k,L6,L0,[7],0.4666666666666667,0.4,0.4666666666666667,0.4666666666666667,0.0,0.0,1,0
ruler_vt_16k:0188,ruler_vt_16k,L6,L12,"[4, 8, 9, 10]",0.5166666666666667,0.0,0.26666666666666666,0.6666666666666666,0.4,0.13333333333333333,4,0
ruler_vt_16k:0188,ruler_vt_16k,L6,L18,"[11, 12]",0.7666666666666667,0.0,0.7333333333333333,0.8,0.06666666666666667,0.06666666666666667,2,0
ruler_vt_16k:0188,ruler_vt_16k,L6,L24,"[10, 11, 12]",0.7333333333333333,0.0,0.6666666666666666,0.8,0.13333333333333333,0.13333333333333333,3,0
ruler_vt_16k:0188,ruler_vt_16k,L6,ALL,"[6, 7, 8, 9]",0.5,0.0,0.4,0.6,0.2,0.2,4,0
ruler_vt_16k:0188,ruler_vt_16k,L12,OFF,"[4, 10, 11]",0.5555555555555556,0.0,0.26666666666666666,0.7333333333333333,0.4666666666666667,0.06666666666666667,3,0
ruler_vt_16k:0188,ruler_vt_16k,L12,L0,[11],0.7333333333333333,0.4,0.7333333333333333,0.7333333333333333,0.0,0.0,1,0
ruler_vt_16k:0188,ruler_vt_16k,L12,L6,"[3, 5]",0.26666666666666666,0.0,0.2,0.3333333333333333,0.13333333333333333,0.0,2,0
ruler_vt_16k:0188,ruler_vt_16k,L12,L18,"[5, 10, 11]",0.5777777777777777,0.0,0.3333333333333333,0.7333333333333333,0.4,0.06666666666666667,3,0
ruler_vt_16k:0188,ruler_vt_16k,L12,L24,"[4, 5, 11]",0.4444444444444445,0.0,0.26666666666666666,0.7333333333333333,0.4666666666666667,0.06666666666666667,3,0
ruler_vt_16k:0188,ruler_vt_16k,L12,ALL,"[6, 8, 9, 11, 12]",0.6133333333333333,0.0,0.4,0.8,0.4,0.06666666666666667,5,0
ruler_vt_16k:0188,ruler_vt_16k,L18,OFF,"[2, 5]",0.23333333333333334,0.0,0.13333333333333333,0.3333333333333333,0.2,0.0,2,0
ruler_vt_16k:0188,ruler_vt_16k,L18,L0,[10],0.6666666666666666,0.4,0.6666666666666666,0.6666666666666666,0.0,0.0,1,0
ruler_vt_16k:0188,ruler_vt_16k,L18,L6,"[5, 6, 8, 13]",0.5333333333333333,0.0,0.3333333333333333,0.8666666666666667,0.5333333333333333,0.06666666666666667,4,0
ruler_vt_16k:0188,ruler_vt_16k,L18,L12,"[2, 5, 6, 11]",0.4,0.0,0.13333333333333333,0.7333333333333333,0.6,0.06666666666666667,4,0
ruler_vt_16k:0188,ruler_vt_16k,L18,L24,[5],0.3333333333333333,0.4,0.3333333333333333,0.3333333333333333,0.0,0.0,1,0
ruler_vt_16k:0188,ruler_vt_16k,L18,ALL,"[6, 14]",0.6666666666666666,0.0,0.4,0.9333333333333333,0.5333333333333333,0.0,2,0
ruler_vt_16k:0188,ruler_vt_16k,L24,OFF,"[1, 2, 3, 4, 5, 6, 7, 8, 9, 10, 11, 12, 13, 14]",0.5,0.0,,,,0.0,0,0
ruler_vt_16k:0188,ruler_vt_16k,L24,L0,[12],0.8,0.4,0.8,0.8,0.0,0.0,1,0
ruler_vt_16k:0188,ruler_vt_16k,L24,L6,"[5, 13]",0.6,0.0,0.3333333333333333,0.8666666666666667,0.5333333333333333,0.0,2,0
ruler_vt_16k:0188,ruler_vt_16k,L24,L12,"[1, 2, 10]",0.28888888888888886,0.0,0.06666666666666667,0.6666666666666666,0.6,0.06666666666666667,3,0
ruler_vt_16k:0188,ruler_vt_16k,L24,L18,"[8, 9, 11]",0.6222222222222222,0.0,0.5333333333333333,0.7333333333333333,0.2,0.06666666666666667,3,0
ruler_vt_16k:0188,ruler_vt_16k,L24,ALL,"[4, 6, 13]",0.5111111111111112,0.0,0.26666666666666666,0.8666666666666667,0.6,0.0,3,0
ruler_vt_16k:0188,ruler_vt_16k,ALL,OFF,[6],0.4,0.4,0.4,0.4,0.0,0.0,1,0
ruler_vt_16k:0188,ruler_vt_16k,ALL,L0,[9],0.6,0.4,0.6,0.6,0.0,0.0,1,0
ruler_vt_16k:0188,ruler_vt_16k,ALL,L6,[10],0.6666666666666666,0.4,0.6666666666666666,0.6666666666666666,0.0,0.0,1,0
ruler_vt_16k:0188,ruler_vt_16k,ALL,L12,[6],0.4,0.4,0.4,0.4,0.0,0.0,1,0
ruler_vt_16k:0188,ruler_vt_16k,ALL,L18,"[1, 2, 3, 4, 5, 6, 7, 8, 9, 10, 11, 12, 13, 14]",0.5,0.0,,,,0.0,0,0
ruler_vt_16k:0188,ruler_vt_16k,ALL,L24,"[1, 6]",0.23333333333333334,0.0,0.06666666666666667,0.4,0.3333333333333333,0.0,2,0
ruler_vt_16k:0194,ruler_vt_16k,OFF,L0,"[1, 2, 3, 4, 5, 6, 7, 8, 9, 10, 11, 12, 13, 14]",0.5,0.0,,,,0.0,0,0
ruler_vt_16k:0194,ruler_vt_16k,OFF,L6,[3],0.2,0.4,0.2,0.2,0.0,0.0,1,0
ruler_vt_16k:0194,ruler_vt_16k,OFF,L12,[5],0.3333333333333333,0.4,0.3333333333333333,0.3333333333333333,0.0,0.0,1,0
ruler_vt_16k:0194,ruler_vt_16k,OFF,L18,"[1, 2, 3, 4, 5, 6, 7, 8, 9, 10, 11, 12, 13, 14]",0.5,0.0,,,,0.0,0,0
ruler_vt_16k:0194,ruler_vt_16k,OFF,L24,"[3, 4]",0.23333333333333334,0.0,0.2,0.26666666666666666,0.06666666666666667,0.06666666666666667,2,0
ruler_vt_16k:0194,ruler_vt_16k,OFF,ALL,"[1, 2, 3, 4, 5, 6, 7, 8, 9, 10, 11, 12, 13, 14]",0.5,0.0,,,,0.0,0,0
ruler_vt_16k:0194,ruler_vt_16k,L0,OFF,"[2, 9, 10, 11, 12, 13]",0.6333333333333333,0.0,0.13333333333333333,0.8666666666666667,0.7333333333333333,0.26666666666666666,6,0
ruler_vt_16k:0194,ruler_vt_16k,L0,L6,"[2, 3, 7, 14]",0.43333333333333335,0.0,0.13333333333333333,0.9333333333333333,0.8,0.06666666666666667,4,0
ruler_vt_16k:0194,ruler_vt_16k,L0,L12,"[2, 3, 6, 10]",0.35,0.0,0.13333333333333333,0.6666666666666666,0.5333333333333333,0.06666666666666667,4,0
ruler_vt_16k:0194,ruler_vt_16k,L0,L18,"[2, 4, 6, 9, 11, 12, 13]",0.5428571428571428,0.0,0.13333333333333333,0.8666666666666667,0.7333333333333333,0.13333333333333333,7,0
ruler_vt_16k:0194,ruler_vt_16k,L0,L24,"[1, 2, 6, 9, 10, 11, 12, 13]",0.5333333333333333,0.0,0.06666666666666667,0.8666666666666667,0.8,0.26666666666666666,8,0
ruler_vt_16k:0194,ruler_vt_16k,L0,ALL,"[3, 8, 14]",0.5555555555555556,0.0,0.2,0.9333333333333333,0.7333333333333333,0.0,3,0
ruler_vt_16k:0194,ruler_vt_16k,L6,OFF,"[12, 13, 14]",0.8666666666666667,0.0,0.8,0.9333333333333333,0.13333333333333333,0.13333333333333333,3,0
ruler_vt_16k:0194,ruler_vt_16k,L6,L0,"[8, 10, 12, 13, 14]",0.76,0.0,0.5333333333333333,0.9333333333333333,0.4,0.13333333333333333,5,0
ruler_vt_16k:0194,ruler_vt_16k,L6,L12,"[1, 2, 3, 4, 5, 6, 7, 8, 9, 10, 11, 12, 13, 14]",0.5,0.0,,,,0.0,0,0
ruler_vt_16k:0194,ruler_vt_16k,L6,L18,"[7, 14]",0.7,0.0,0.4666666666666667,0.9333333333333333,0.4666666666666667,0.0,2,0
ruler_vt_16k:0194,ruler_vt_16k,L6,L24,"[1, 12, 13, 14]",0.6666666666666666,0.0,0.06666666666666667,0.9333333333333333,0.8666666666666667,0.13333333333333333,4,0
ruler_vt_16k:0194,ruler_vt_16k,L6,ALL,"[1, 10]",0.36666666666666664,0.0,0.06666666666666667,0.6666666666666666,0.6,0.0,2,0
ruler_vt_16k:0194,ruler_vt_16k,L12,OFF,[4],0.26666666666666666,0.4,0.26666666666666666,0.26666666666666666,0.0,0.0,1,0
ruler_vt_16k:0194,ruler_vt_16k,L12,L0,"[4, 9]",0.43333333333333335,0.0,0.26666666666666666,0.6,0.3333333333333333,0.0,2,0
ruler_vt_16k:0194,ruler_vt_16k,L12,L6,"[2, 3, 5, 9, 11]",0.4,0.0,0.13333333333333333,0.7333333333333333,0.6,0.06666666666666667,5,0
ruler_vt_16k:0194,ruler_vt_16k,L12,L18,[7],0.4666666666666667,0.4,0.4666666666666667,0.4666666666666667,0.0,0.0,1,0
ruler_vt_16k:0194,ruler_vt_16k,L12,L24,[4],0.26666666666666666,0.4,0.26666666666666666,0.26666666666666666,0.0,0.0,1,0
ruler_vt_16k:0194,ruler_vt_16k,L12,ALL,"[1, 2, 3, 6, 7, 10, 11]",0.380952380952381,0.0,0.06666666666666667,0.7333333333333333,0.6666666666666666,0.13333333333333333,7,0
ruler_vt_16k:0194,ruler_vt_16k,L18,OFF,[11],0.7333333333333333,0.4,0.7333333333333333,0.7333333333333333,0.0,0.0,1,0
ruler_vt_16k:0194,ruler_vt_16k,L18,L0,"[2, 8]",0.3333333333333333,0.0,0.13333333333333333,0.5333333333333333,0.4,0.0,2,0
ruler_vt_16k:0194,ruler_vt_16k,L18,L6,"[1, 8]",0.3,0.0,0.06666666666666667,0.5333333333333333,0.4666666666666667,0.0,2,0
ruler_vt_16k:0194,ruler_vt_16k,L18,L12,"[1, 2, 3, 4, 5, 6, 7, 8, 9, 10, 11, 12, 13, 14]",0.5,0.0,,,,0.0,0,0
ruler_vt_16k:0194,ruler_vt_16k,L18,L24,[11],0.7333333333333333,0.4,0.7333333333333333,0.7333333333333333,0.0,0.0,1,0
ruler_vt_16k:0194,ruler_vt_16k,L18,ALL,"[1, 3, 11]",0.3333333333333333,0.0,0.06666666666666667,0.7333333333333333,0.6666666666666666,0.0,3,0
ruler_vt_16k:0194,ruler_vt_16k,L24,OFF,[4],0.26666666666666666,0.4,0.26666666666666666,0.26666666666666666,0.0,0.0,1,0
ruler_vt_16k:0194,ruler_vt_16k,L24,L0,[2],0.13333333333333333,0.4,0.13333333333333333,0.13333333333333333,0.0,0.0,1,0
ruler_vt_16k:0194,ruler_vt_16k,L24,L6,"[5, 8]",0.43333333333333335,0.0,0.3333333333333333,0.5333333333333333,0.2,0.0,2,0
ruler_vt_16k:0194,ruler_vt_16k,L24,L12,[11],0.7333333333333333,0.4,0.7333333333333333,0.7333333333333333,0.0,0.0,1,0
ruler_vt_16k:0194,ruler_vt_16k,L24,L18,"[2, 6, 10]",0.4,0.0,0.13333333333333333,0.6666666666666666,0.5333333333333333,0.0,3,0
ruler_vt_16k:0194,ruler_vt_16k,L24,ALL,"[10, 13]",0.7666666666666667,0.0,0.6666666666666666,0.8666666666666667,0.2,0.0,2,0
ruler_vt_16k:0194,ruler_vt_16k,ALL,OFF,"[5, 8, 9, 11, 14]",0.6266666666666667,0.0,0.3333333333333333,0.9333333333333333,0.6,0.06666666666666667,5,0
ruler_vt_16k:0194,ruler_vt_16k,ALL,L0,"[1, 2, 3, 4, 5, 7, 8, 10, 12, 13, 14]",0.47878787878787876,0.0,0.06666666666666667,0.9333333333333333,0.8666666666666667,0.26666666666666666,11,0
ruler_vt_16k:0194,ruler_vt_16k,ALL,L6,"[1, 2, 3, 4, 6, 7, 10, 11, 13, 14]",0.47333333333333333,0.0,0.06666666666666667,0.9333333333333333,0.8666666666666667,0.2,10,0
ruler_vt_16k:0194,ruler_vt_16k,ALL,L12,"[1, 2, 3, 11, 12, 13, 14]",0.5333333333333333,0.0,0.06666666666666667,0.9333333333333333,0.8666666666666667,0.2,7,0
ruler_vt_16k:0194,ruler_vt_16k,ALL,L18,"[1, 4, 6, 7, 9, 10, 11, 14]",0.5166666666666667,0.0,0.06666666666666667,0.9333333333333333,0.8666666666666667,0.13333333333333333,8,0
ruler_vt_16k:0194,ruler_vt_16k,ALL,L24,"[1, 5, 6, 7, 9, 11, 14]",0.5047619047619047,0.0,0.06666666666666667,0.9333333333333333,0.8666666666666667,0.13333333333333333,7,0
ruler_vt_16k:0196,ruler_vt_16k,OFF,L0,"[1, 2, 3, 4, 5, 6, 7, 8, 9, 10, 11, 12, 13, 14]",0.5,0.0,,,,0.0,0,0
ruler_vt_16k:0196,ruler_vt_16k,OFF,L6,[7],0.4666666666666667,0.19999999999999996,0.4666666666666667,0.4666666666666667,0.0,0.0,1,1
ruler_vt_16k:0196,ruler_vt_16k,OFF,L12,"[1, 2, 3, 4, 5, 6, 7, 8, 9, 10, 11, 12, 13, 14]",0.5,0.0,,,,0.0,0,0
ruler_vt_16k:0196,ruler_vt_16k,OFF,L18,"[1, 2, 3, 4, 5, 6, 7, 8, 9, 10, 11, 12, 13, 14]",0.5,0.0,,,,0.0,0,0
ruler_vt_16k:0196,ruler_vt_16k,OFF,L24,"[1, 2, 3, 4, 5, 6, 7, 8, 9, 10, 11, 12, 13, 14]",0.5,0.0,,,,0.0,0,0
ruler_vt_16k:0196,ruler_vt_16k,OFF,ALL,[9],0.6,0.19999999999999996,0.6,0.6,0.0,0.0,1,1
ruler_vt_16k:0196,ruler_vt_16k,L0,OFF,"[1, 2, 3, 4, 5, 6, 7, 8, 9, 10, 11, 12, 13, 14]",0.5,0.0,,,,0.0,0,0
ruler_vt_16k:0196,ruler_vt_16k,L0,L6,"[1, 2, 3, 4, 5, 6, 7, 8, 9, 10, 11, 12, 13, 14]",0.5,0.0,,,,0.0,0,0
ruler_vt_16k:0196,ruler_vt_16k,L0,L12,[2],0.13333333333333333,0.19999999999999996,0.13333333333333333,0.13333333333333333,0.0,0.0,1,1
ruler_vt_16k:0196,ruler_vt_16k,L0,L18,"[1, 2, 3, 4, 5, 6, 7, 8, 9, 10, 11, 12, 13, 14]",0.5,0.0,,,,0.0,0,0
ruler_vt_16k:0196,ruler_vt_16k,L0,L24,"[1, 2, 3, 4, 5, 6, 7, 8, 9, 10, 11, 12, 13, 14]",0.5,0.0,,,,0.0,0,0
ruler_vt_16k:0196,ruler_vt_16k,L0,ALL,[3],0.2,0.19999999999999996,0.2,0.2,0.0,0.0,1,1
ruler_vt_16k:0196,ruler_vt_16k,L6,OFF,[1],0.06666666666666667,0.19999999999999996,0.06666666666666667,0.06666666666666667,0.0,0.0,1,1
ruler_vt_16k:0196,ruler_vt_16k,L6,L0,"[1, 2, 3, 4, 5, 6, 7, 8, 9, 10, 11, 12, 13, 14]",0.5,0.0,,,,0.0,0,0
ruler_vt_16k:0196,ruler_vt_16k,L6,L12,"[1, 2, 3, 4, 5, 6, 7, 8, 9, 10, 11, 12, 13, 14]",0.5,0.0,,,,0.0,0,0
ruler_vt_16k:0196,ruler_vt_16k,L6,L18,"[1, 2, 3, 4, 5, 6, 7, 8, 9, 10, 11, 12, 13, 14]",0.5,0.0,,,,0.0,0,0
ruler_vt_16k:0196,ruler_vt_16k,L6,L24,"[1, 2, 3, 4, 5, 6, 7, 8, 9, 10, 11, 12, 13, 14]",0.5,0.0,,,,0.0,0,0
ruler_vt_16k:0196,ruler_vt_16k,L6,ALL,"[1, 2, 3, 4, 5, 6, 7, 8, 9, 10, 11, 12, 13, 14]",0.5,0.0,,,,0.0,0,0
ruler_vt_16k:0196,ruler_vt_16k,L12,OFF,"[1, 2, 3, 4, 5, 6, 7, 8, 9, 10, 11, 12, 13, 14]",0.5,0.0,,,,0.0,0,0
ruler_vt_16k:0196,ruler_vt_16k,L12,L0,"[1, 2, 3, 4, 5, 6, 7, 8, 9, 10, 11, 12, 13, 14]",0.5,0.0,,,,0.0,0,0
ruler_vt_16k:0196,ruler_vt_16k,L12,L6,"[1, 2, 3, 4, 5, 6, 7, 8, 9, 10, 11, 12, 13, 14]",0.5,0.0,,,,0.0,0,0
ruler_vt_16k:0196,ruler_vt_16k,L12,L18,"[1, 2, 3, 4, 5, 6, 7, 8, 9, 10, 11, 12, 13, 14]",0.5,0.0,,,,0.0,0,0
ruler_vt_16k:0196,ruler_vt_16k,L12,L24,"[1, 2, 3, 4, 5, 6, 7, 8, 9, 10, 11, 12, 13, 14]",0.5,0.0,,,,0.0,0,0
ruler_vt_16k:0196,ruler_vt_16k,L12,ALL,"[1, 2, 3, 4, 5, 6, 7, 8, 9, 10, 11, 12, 13, 14]",0.5,0.0,,,,0.0,0,0
ruler_vt_16k:0196,ruler_vt_16k,L18,OFF,"[1, 2, 3, 4, 5, 6, 7, 8, 9, 10, 11, 12, 13, 14]",0.5,0.0,,,,0.0,0,0
ruler_vt_16k:0196,ruler_vt_16k,L18,L0,"[1, 2, 3, 4, 5, 6, 7, 8, 9, 10, 11, 12, 13, 14]",0.5,0.0,,,,0.0,0,0
ruler_vt_16k:0196,ruler_vt_16k,L18,L6,"[1, 2, 3, 4, 5, 6, 7, 8, 9, 10, 11, 12, 13, 14]",0.5,0.0,,,,0.0,0,0
ruler_vt_16k:0196,ruler_vt_16k,L18,L12,"[1, 2, 3, 4, 5, 6, 7, 8, 9, 10, 11, 12, 13, 14]",0.5,0.0,,,,0.0,0,0
ruler_vt_16k:0196,ruler_vt_16k,L18,L24,"[1, 2, 3, 4, 5, 6, 7, 8, 9, 10, 11, 12, 13, 14]",0.5,0.0,,,,0.0,0,0
ruler_vt_16k:0196,ruler_vt_16k,L18,ALL,"[1, 2, 3, 4, 5, 6, 7, 8, 9, 10, 11, 12, 13, 14]",0.5,0.0,,,,0.0,0,0
ruler_vt_16k:0196,ruler_vt_16k,L24,OFF,"[1, 2, 3, 4, 5, 6, 7, 8, 9, 10, 11, 12, 13, 14]",0.5,0.0,,,,0.0,0,0
ruler_vt_16k:0196,ruler_vt_16k,L24,L0,"[1, 2, 3, 4, 5, 6, 7, 8, 9, 10, 11, 12, 13, 14]",0.5,0.0,,,,0.0,0,0
ruler_vt_16k:0196,ruler_vt_16k,L24,L6,"[1, 2, 3, 4, 5, 6, 7, 8, 9, 10, 11, 12, 13, 14]",0.5,0.0,,,,0.0,0,0
ruler_vt_16k:0196,ruler_vt_16k,L24,L12,"[1, 2, 3, 4, 5, 6, 7, 8, 9, 10, 11, 12, 13, 14]",0.5,0.0,,,,0.0,0,0
ruler_vt_16k:0196,ruler_vt_16k,L24,L18,"[1, 2, 3, 4, 5, 6, 7, 8, 9, 10, 11, 12, 13, 14]",0.5,0.0,,,,0.0,0,0
ruler_vt_16k:0196,ruler_vt_16k,L24,ALL,"[1, 2, 3, 4, 5, 6, 7, 8, 9, 10, 11, 12, 13, 14]",0.5,0.0,,,,0.0,0,0
ruler_vt_16k:0196,ruler_vt_16k,ALL,OFF,"[1, 2, 3, 4, 5, 6, 7, 8, 9, 10, 11, 12, 13, 14]",0.5,0.0,,,,0.0,0,0
ruler_vt_16k:0196,ruler_vt_16k,ALL,L0,[4],0.26666666666666666,0.19999999999999996,0.26666666666666666,0.26666666666666666,0.0,0.0,1,1
ruler_vt_16k:0196,ruler_vt_16k,ALL,L6,"[1, 2, 3, 4, 5, 6, 7, 8, 9, 10, 11, 12, 13, 14]",0.5,0.0,,,,0.0,0,0
ruler_vt_16k:0196,ruler_vt_16k,ALL,L12,"[1, 2, 3, 4, 5, 6, 7, 8, 9, 10, 11, 12, 13, 14]",0.5,0.0,,,,0.0,0,0
ruler_vt_16k:0196,ruler_vt_16k,ALL,L18,"[1, 2, 3, 4, 5, 6, 7, 8, 9, 10, 11, 12, 13, 14]",0.5,0.0,,,,0.0,0,0
ruler_vt_16k:0196,ruler_vt_16k,ALL,L24,"[1, 2, 3, 4, 5, 6, 7, 8, 9, 10, 11, 12, 13, 14]",0.5,0.0,,,,0.0,0,0
ruler_vt_16k:0199,ruler_vt_16k,OFF,L0,[6],0.4,0.19999999999999996,0.4,0.4,0.0,0.0,1,0
ruler_vt_16k:0199,ruler_vt_16k,OFF,L6,"[1, 2, 3, 4, 5, 6, 7, 8, 9, 10, 11, 12, 13, 14]",0.5,0.0,,,,0.0,0,0
ruler_vt_16k:0199,ruler_vt_16k,OFF,L12,"[1, 2, 3, 4, 5, 6, 7, 8, 9, 10, 11, 12, 13, 14]",0.5,0.0,,,,0.0,0,0
ruler_vt_16k:0199,ruler_vt_16k,OFF,L18,"[1, 2, 3, 4, 5, 6, 7, 8, 9, 10, 11, 12, 13, 14]",0.5,0.0,,,,0.0,0,0
ruler_vt_16k:0199,ruler_vt_16k,OFF,L24,"[1, 2, 3, 4, 5, 6, 7, 8, 9, 10, 11, 12, 13, 14]",0.5,0.0,,,,0.0,0,0
ruler_vt_16k:0199,ruler_vt_16k,OFF,ALL,[13],0.8666666666666667,0.19999999999999996,0.8666666666666667,0.8666666666666667,0.0,0.0,1,0
ruler_vt_16k:0199,ruler_vt_16k,L0,OFF,"[1, 2, 3, 4, 5, 6, 7, 8, 9, 10, 11, 12, 13, 14]",0.5,0.0,,,,0.0,0,0
ruler_vt_16k:0199,ruler_vt_16k,L0,L6,[9],0.6,0.19999999999999996,0.6,0.6,0.0,0.0,1,0
ruler_vt_16k:0199,ruler_vt_16k,L0,L12,"[1, 2, 3, 4, 5, 6, 7, 8, 9, 10, 11, 12, 13, 14]",0.5,0.0,,,,0.0,0,0
ruler_vt_16k:0199,ruler_vt_16k,L0,L18,"[3, 7]",0.3333333333333333,0.0,0.2,0.4666666666666667,0.26666666666666666,0.0,2,0
ruler_vt_16k:0199,ruler_vt_16k,L0,L24,"[1, 2, 3, 4, 5, 6, 7, 8, 9, 10, 11, 12, 13, 14]",0.5,0.0,,,,0.0,0,0
ruler_vt_16k:0199,ruler_vt_16k,L0,ALL,[8],0.5333333333333333,0.19999999999999996,0.5333333333333333,0.5333333333333333,0.0,0.0,1,0
ruler_vt_16k:0199,ruler_vt_16k,L6,OFF,"[1, 2, 3, 4, 5, 6, 7, 8, 9, 10, 11, 12, 13, 14]",0.5,0.0,,,,0.0,0,0
ruler_vt_16k:0199,ruler_vt_16k,L6,L0,"[5, 6, 8]",0.4222222222222222,0.0,0.3333333333333333,0.5333333333333333,0.2,0.06666666666666667,3,0
ruler_vt_16k:0199,ruler_vt_16k,L6,L12,"[1, 2, 3, 4, 5, 6, 7, 8, 9, 10, 11, 12, 13, 14]",0.5,0.0,,,,0.0,0,0
ruler_vt_16k:0199,ruler_vt_16k,L6,L18,"[1, 2, 3, 4, 5, 6, 7, 8, 9, 10, 11, 12, 13, 14]",0.5,0.0,,,,0.0,0,0
ruler_vt_16k:0199,ruler_vt_16k,L6,L24,[8],0.5333333333333333,0.19999999999999996,0.5333333333333333,0.5333333333333333,0.0,0.0,1,0
ruler_vt_16k:0199,ruler_vt_16k,L6,ALL,[4],0.26666666666666666,0.19999999999999996,0.26666666666666666,0.26666666666666666,0.0,0.0,1,0
ruler_vt_16k:0199,ruler_vt_16k,L12,OFF,"[1, 2, 3, 4, 5, 6, 7, 8, 9, 10, 11, 12, 13, 14]",0.5,0.0,,,,0.0,0,0
ruler_vt_16k:0199,ruler_vt_16k,L12,L0,"[5, 6]",0.36666666666666664,0.0,0.3333333333333333,0.4,0.06666666666666667,0.06666666666666667,2,0
ruler_vt_16k:0199,ruler_vt_16k,L12,L6,"[1, 2, 3, 4, 5, 6, 7, 8, 9, 10, 11, 12, 13, 14]",0.5,0.0,,,,0.0,0,0
ruler_vt_16k:0199,ruler_vt_16k,L12,L18,"[1, 2, 3, 4, 5, 6, 7, 8, 9, 10, 11, 12, 13, 14]",0.5,0.0,,,,0.0,0,0
ruler_vt_16k:0199,ruler_vt_16k,L12,L24,"[1, 2, 3, 4, 5, 6, 7, 8, 9, 10, 11, 12, 13, 14]",0.5,0.0,,,,0.0,0,0
ruler_vt_16k:0199,ruler_vt_16k,L12,ALL,"[2, 4, 13]",0.4222222222222222,0.0,0.13333333333333333,0.8666666666666667,0.7333333333333333,0.0,3,0
ruler_vt_16k:0199,ruler_vt_16k,L18,OFF,"[1, 2, 3, 4, 5, 6, 7, 8, 9, 10, 11, 12, 13, 14]",0.5,0.0,,,,0.0,0,0
ruler_vt_16k:0199,ruler_vt_16k,L18,L0,"[5, 10]",0.5,0.0,0.3333333333333333,0.6666666666666666,0.3333333333333333,0.0,2,0
ruler_vt_16k:0199,ruler_vt_16k,L18,L6,"[1, 2, 3, 4, 5, 6, 7, 8, 9, 10, 11, 12, 13, 14]",0.5,0.0,,,,0.0,0,0
ruler_vt_16k:0199,ruler_vt_16k,L18,L12,"[1, 2, 3, 4, 5, 6, 7, 8, 9, 10, 11, 12, 13, 14]",0.5,0.0,,,,0.0,0,0
ruler_vt_16k:0199,ruler_vt_16k,L18,L24,"[1, 2, 3, 4, 5, 6, 7, 8, 9, 10, 11, 12, 13, 14]",0.5,0.0,,,,0.0,0,0
ruler_vt_16k:0199,ruler_vt_16k,L18,ALL,"[5, 13]",0.6,0.0,0.3333333333333333,0.8666666666666667,0.5333333333333333,0.0,2,0
ruler_vt_16k:0199,ruler_vt_16k,L24,OFF,"[1, 2, 3, 4, 5, 6, 7, 8, 9, 10, 11, 12, 13, 14]",0.5,0.0,,,,0.0,0,0
ruler_vt_16k:0199,ruler_vt_16k,L24,L0,[6],0.4,0.19999999999999996,0.4,0.4,0.0,0.0,1,0
ruler_vt_16k:0199,ruler_vt_16k,L24,L6,[8],0.5333333333333333,0.19999999999999996,0.5333333333333333,0.5333333333333333,0.0,0.0,1,0
ruler_vt_16k:0199,ruler_vt_16k,L24,L12,"[1, 2, 3, 4, 5, 6, 7, 8, 9, 10, 11, 12, 13, 14]",0.5,0.0,,,,0.0,0,0
ruler_vt_16k:0199,ruler_vt_16k,L24,L18,[8],0.5333333333333333,0.19999999999999996,0.5333333333333333,0.5333333333333333,0.0,0.0,1,0
ruler_vt_16k:0199,ruler_vt_16k,L24,ALL,"[6, 13]",0.6333333333333333,0.0,0.4,0.8666666666666667,0.4666666666666667,0.0,2,0
ruler_vt_16k:0199,ruler_vt_16k,ALL,OFF,[5],0.3333333333333333,0.19999999999999996,0.3333333333333333,0.3333333333333333,0.0,0.0,1,0
ruler_vt_16k:0199,ruler_vt_16k,ALL,L0,"[1, 2, 3, 4, 5, 6, 7, 8, 9, 10, 11, 12, 13, 14]",0.5,0.0,,,,0.0,0,0
ruler_vt_16k:0199,ruler_vt_16k,ALL,L6,"[1, 2, 3, 4, 5, 6, 7, 8, 9, 10, 11, 12, 13, 14]",0.5,0.0,,,,0.0,0,0
ruler_vt_16k:0199,ruler_vt_16k,ALL,L12,"[5, 12]",0.5666666666666667,0.0,0.3333333333333333,0.8,0.4666666666666667,0.0,2,0
ruler_vt_16k:0199,ruler_vt_16k,ALL,L18,"[1, 2, 3, 4, 5, 6, 7, 8, 9, 10, 11, 12, 13, 14]",0.5,0.0,,,,0.0,0,0
ruler_vt_16k:0199,ruler_vt_16k,ALL,L24,[6],0.4,0.19999999999999996,0.4,0.4,0.0,0.0,1,0
ruler_vt_16k:0203,ruler_vt_16k,OFF,L0,[10],0.6666666666666666,0.19999999999999996,0.6666666666666666,0.6666666666666666,0.0,0.0,1,1
ruler_vt_16k:0203,ruler_vt_16k,OFF,L6,"[1, 2, 3, 4, 5, 6, 7, 8, 9, 10, 11, 12, 13, 14]",0.5,0.0,,,,0.0,0,0
ruler_vt_16k:0203,ruler_vt_16k,OFF,L12,"[1, 2, 3, 4, 5, 6, 7, 8, 9, 10, 11, 12, 13, 14]",0.5,0.0,,,,0.0,0,0
ruler_vt_16k:0203,ruler_vt_16k,OFF,L18,"[1, 2, 3, 4, 5, 6, 7, 8, 9, 10, 11, 12, 13, 14]",0.5,0.0,,,,0.0,0,0
ruler_vt_16k:0203,ruler_vt_16k,OFF,L24,"[1, 2, 3, 4, 5, 6, 7, 8, 9, 10, 11, 12, 13, 14]",0.5,0.0,,,,0.0,0,0
ruler_vt_16k:0203,ruler_vt_16k,OFF,ALL,"[1, 2, 3, 4, 5, 6, 7, 8, 9, 10, 11, 12, 13, 14]",0.5,0.0,,,,0.0,0,0
ruler_vt_16k:0203,ruler_vt_16k,L0,OFF,"[1, 2, 3, 4, 5, 6, 7, 8, 9, 10, 11, 12, 13, 14]",0.5,0.0,,,,0.0,0,0
ruler_vt_16k:0203,ruler_vt_16k,L0,L6,"[1, 2, 3, 4, 5, 6, 7, 8, 9, 10, 11, 12, 13, 14]",0.5,0.0,,,,0.0,0,0
ruler_vt_16k:0203,ruler_vt_16k,L0,L12,"[1, 2, 3, 4, 5, 6, 7, 8, 9, 10, 11, 12, 13, 14]",0.5,0.0,,,,0.0,0,0
ruler_vt_16k:0203,ruler_vt_16k,L0,L18,"[1, 2, 3, 4, 5, 6, 7, 8, 9, 10, 11, 12, 13, 14]",0.5,0.0,,,,0.0,0,0
ruler_vt_16k:0203,ruler_vt_16k,L0,L24,"[1, 2, 3, 4, 5, 6, 7, 8, 9, 10, 11, 12, 13, 14]",0.5,0.0,,,,0.0,0,0
ruler_vt_16k:0203,ruler_vt_16k,L0,ALL,"[1, 2, 3, 4, 5, 6, 7, 8, 9, 10, 11, 12, 13, 14]",0.5,0.0,,,,0.0,0,0
ruler_vt_16k:0203,ruler_vt_16k,L6,OFF,"[1, 2, 3, 4, 5, 6, 7, 8, 9, 10, 11, 12, 13, 14]",0.5,0.0,,,,0.0,0,0
ruler_vt_16k:0203,ruler_vt_16k,L6,L0,"[1, 2, 3, 4, 5, 6, 7, 8, 9, 10, 11, 12, 13, 14]",0.5,0.0,,,,0.0,0,0
ruler_vt_16k:0203,ruler_vt_16k,L6,L12,"[1, 2, 3, 4, 5, 6, 7, 8, 9, 10, 11, 12, 13, 14]",0.5,0.0,,,,0.0,0,0
ruler_vt_16k:0203,ruler_vt_16k,L6,L18,"[1, 2, 3, 4, 5, 6, 7, 8, 9, 10, 11, 12, 13, 14]",0.5,0.0,,,,0.0,0,0
ruler_vt_16k:0203,ruler_vt_16k,L6,L24,"[1, 2, 3, 4, 5, 6, 7, 8, 9, 10, 11, 12, 13, 14]",0.5,0.0,,,,0.0,0,0
ruler_vt_16k:0203,ruler_vt_16k,L6,ALL,"[1, 2, 3, 4, 5, 6, 7, 8, 9, 10, 11, 12, 13, 14]",0.5,0.0,,,,0.0,0,0
ruler_vt_16k:0203,ruler_vt_16k,L12,OFF,"[1, 2, 3, 4, 5, 6, 7, 8, 9, 10, 11, 12, 13, 14]",0.5,0.0,,,,0.0,0,0
ruler_vt_16k:0203,ruler_vt_16k,L12,L0,"[1, 2, 3, 4, 5, 6, 7, 8, 9, 10, 11, 12, 13, 14]",0.5,0.0,,,,0.0,0,0
ruler_vt_16k:0203,ruler_vt_16k,L12,L6,[5],0.3333333333333333,0.19999999999999996,0.3333333333333333,0.3333333333333333,0.0,0.0,1,1
ruler_vt_16k:0203,ruler_vt_16k,L12,L18,"[1, 2, 3, 4, 5, 6, 7, 8, 9, 10, 11, 12, 13, 14]",0.5,0.0,,,,0.0,0,0
ruler_vt_16k:0203,ruler_vt_16k,L12,L24,"[1, 2, 3, 4, 5, 6, 7, 8, 9, 10, 11, 12, 13, 14]",0.5,0.0,,,,0.0,0,0
ruler_vt_16k:0203,ruler_vt_16k,L12,ALL,"[1, 2, 3, 4, 5, 6, 7, 8, 9, 10, 11, 12, 13, 14]",0.5,0.0,,,,0.0,0,0
ruler_vt_16k:0203,ruler_vt_16k,L18,OFF,"[1, 2, 3, 4, 5, 6, 7, 8, 9, 10, 11, 12, 13, 14]",0.5,0.0,,,,0.0,0,0
ruler_vt_16k:0203,ruler_vt_16k,L18,L0,"[1, 2, 3, 4, 5, 6, 7, 8, 9, 10, 11, 12, 13, 14]",0.5,0.0,,,,0.0,0,0
ruler_vt_16k:0203,ruler_vt_16k,L18,L6,"[1, 2, 3, 4, 5, 6, 7, 8, 9, 10, 11, 12, 13, 14]",0.5,0.0,,,,0.0,0,0
ruler_vt_16k:0203,ruler_vt_16k,L18,L12,"[1, 2, 3, 4, 5, 6, 7, 8, 9, 10, 11, 12, 13, 14]",0.5,0.0,,,,0.0,0,0
ruler_vt_16k:0203,ruler_vt_16k,L18,L24,"[1, 2, 3, 4, 5, 6, 7, 8, 9, 10, 11, 12, 13, 14]",0.5,0.0,,,,0.0,0,0
ruler_vt_16k:0203,ruler_vt_16k,L18,ALL,"[1, 2, 3, 4, 5, 6, 7, 8, 9, 10, 11, 12, 13, 14]",0.5,0.0,,,,0.0,0,0
ruler_vt_16k:0203,ruler_vt_16k,L24,OFF,"[1, 2, 3, 4, 5, 6, 7, 8, 9, 10, 11, 12, 13, 14]",0.5,0.0,,,,0.0,0,0
ruler_vt_16k:0203,ruler_vt_16k,L24,L0,[10],0.6666666666666666,0.19999999999999996,0.6666666666666666,0.6666666666666666,0.0,0.0,1,1
ruler_vt_16k:0203,ruler_vt_16k,L24,L6,"[1, 2, 3, 4, 5, 6, 7, 8, 9, 10, 11, 12, 13, 14]",0.5,0.0,,,,0.0,0,0
ruler_vt_16k:0203,ruler_vt_16k,L24,L12,"[1, 2, 3, 4, 5, 6, 7, 8, 9, 10, 11, 12, 13, 14]",0.5,0.0,,,,0.0,0,0
ruler_vt_16k:0203,ruler_vt_16k,L24,L18,"[1, 2, 3, 4, 5, 6, 7, 8, 9, 10, 11, 12, 13, 14]",0.5,0.0,,,,0.0,0,0
ruler_vt_16k:0203,ruler_vt_16k,L24,ALL,"[1, 2, 3, 4, 5, 6, 7, 8, 9, 10, 11, 12, 13, 14]",0.5,0.0,,,,0.0,0,0
ruler_vt_16k:0203,ruler_vt_16k,ALL,OFF,"[1, 2, 3, 4, 5, 6, 7, 8, 9, 10, 11, 12, 13, 14]",0.5,0.0,,,,0.0,0,0
ruler_vt_16k:0203,ruler_vt_16k,ALL,L0,"[1, 2, 3, 4, 5, 6, 7, 8, 9, 10, 11, 12, 13, 14]",0.5,0.0,,,,0.0,0,0
ruler_vt_16k:0203,ruler_vt_16k,ALL,L6,"[1, 2, 3, 4, 5, 6, 7, 8, 9, 10, 11, 12, 13, 14]",0.5,0.0,,,,0.0,0,0
ruler_vt_16k:0203,ruler_vt_16k,ALL,L12,"[1, 2, 3, 4, 5, 6, 7, 8, 9, 10, 11, 12, 13, 14]",0.5,0.0,,,,0.0,0,0
ruler_vt_16k:0203,ruler_vt_16k,ALL,L18,"[1, 2, 3, 4, 5, 6, 7, 8, 9, 10, 11, 12, 13, 14]",0.5,0.0,,,,0.0,0,0
ruler_vt_16k:0203,ruler_vt_16k,ALL,L24,"[1, 2, 3, 4, 5, 6, 7, 8, 9, 10, 11, 12, 13, 14]",0.5,0.0,,,,0.0,0,0
ruler_vt_16k:0220,ruler_vt_16k,OFF,L0,[9],0.6,0.19999999999999996,0.6,0.6,0.0,0.0,1,1
ruler_vt_16k:0220,ruler_vt_16k,OFF,L6,"[1, 2, 3, 4, 5, 6, 7, 8, 9, 10, 11, 12, 13, 14]",0.5,0.0,,,,0.0,0,0
ruler_vt_16k:0220,ruler_vt_16k,OFF,L12,[8],0.5333333333333333,0.19999999999999996,0.5333333333333333,0.5333333333333333,0.0,0.0,1,1
ruler_vt_16k:0220,ruler_vt_16k,OFF,L18,"[1, 2, 3, 4, 5, 6, 7, 8, 9, 10, 11, 12, 13, 14]",0.5,0.0,,,,0.0,0,0
ruler_vt_16k:0220,ruler_vt_16k,OFF,L24,"[1, 2, 3, 4, 5, 6, 7, 8, 9, 10, 11, 12, 13, 14]",0.5,0.0,,,,0.0,0,0
ruler_vt_16k:0220,ruler_vt_16k,OFF,ALL,"[1, 2, 3, 4, 5, 6, 7, 8, 9, 10, 11, 12, 13, 14]",0.5,0.0,,,,0.0,0,0
ruler_vt_16k:0220,ruler_vt_16k,L0,OFF,"[1, 2, 3, 4, 5, 6, 7, 8, 9, 10, 11, 12, 13, 14]",0.5,0.0,,,,0.0,0,0
ruler_vt_16k:0220,ruler_vt_16k,L0,L6,[8],0.5333333333333333,0.19999999999999996,0.5333333333333333,0.5333333333333333,0.0,0.0,1,1
ruler_vt_16k:0220,ruler_vt_16k,L0,L12,"[1, 2, 3, 4, 5, 6, 7, 8, 9, 10, 11, 12, 13, 14]",0.5,0.0,,,,0.0,0,0
ruler_vt_16k:0220,ruler_vt_16k,L0,L18,[3],0.2,0.19999999999999996,0.2,0.2,0.0,0.0,1,1
ruler_vt_16k:0220,ruler_vt_16k,L0,L24,"[3, 7]",0.3333333333333333,0.0,0.2,0.4666666666666667,0.26666666666666666,0.0,2,2
ruler_vt_16k:0220,ruler_vt_16k,L0,ALL,"[1, 2, 3, 4, 5, 6, 7, 8, 9, 10, 11, 12, 13, 14]",0.5,0.0,,,,0.0,0,0
ruler_vt_16k:0220,ruler_vt_16k,L6,OFF,"[1, 2, 3, 4, 5, 6, 7, 8, 9, 10, 11, 12, 13, 14]",0.5,0.0,,,,0.0,0,0
ruler_vt_16k:0220,ruler_vt_16k,L6,L0,[6],0.4,0.19999999999999996,0.4,0.4,0.0,0.0,1,1
ruler_vt_16k:0220,ruler_vt_16k,L6,L12,"[1, 2, 3, 4, 5, 6, 7, 8, 9, 10, 11, 12, 13, 14]",0.5,0.0,,,,0.0,0,0
ruler_vt_16k:0220,ruler_vt_16k,L6,L18,"[1, 2, 3, 4, 5, 6, 7, 8, 9, 10, 11, 12, 13, 14]",0.5,0.0,,,,0.0,0,0
ruler_vt_16k:0220,ruler_vt_16k,L6,L24,"[1, 2, 3, 4, 5, 6, 7, 8, 9, 10, 11, 12, 13, 14]",0.5,0.0,,,,0.0,0,0
ruler_vt_16k:0220,ruler_vt_16k,L6,ALL,"[6, 12]",0.6,0.0,0.4,0.8,0.4,0.0,2,2
ruler_vt_16k:0220,ruler_vt_16k,L12,OFF,"[1, 2, 3, 4, 5, 6, 7, 8, 9, 10, 11, 12, 13, 14]",0.5,0.0,,,,0.0,0,0
ruler_vt_16k:0220,ruler_vt_16k,L12,L0,"[1, 2, 3, 4, 5, 6, 7, 8, 9, 10, 11, 12, 13, 14]",0.5,0.0,,,,0.0,0,0
ruler_vt_16k:0220,ruler_vt_16k,L12,L6,"[1, 2, 3, 4, 5, 6, 7, 8, 9, 10, 11, 12, 13, 14]",0.5,0.0,,,,0.0,0,0
ruler_vt_16k:0220,ruler_vt_16k,L12,L18,"[1, 2, 3, 4, 5, 6, 7, 8, 9, 10, 11, 12, 13, 14]",0.5,0.0,,,,0.0,0,0
ruler_vt_16k:0220,ruler_vt_16k,L12,L24,"[1, 2, 3, 4, 5, 6, 7, 8, 9, 10, 11, 12, 13, 14]",0.5,0.0,,,,0.0,0,0
ruler_vt_16k:0220,ruler_vt_16k,L12,ALL,"[1, 2, 3, 4, 5, 6, 7, 8, 9, 10, 11, 12, 13, 14]",0.5,0.0,,,,0.0,0,0
ruler_vt_16k:0220,ruler_vt_16k,L18,OFF,"[1, 2, 3, 4, 5, 6, 7, 8, 9, 10, 11, 12, 13, 14]",0.5,0.0,,,,0.0,0,0
ruler_vt_16k:0220,ruler_vt_16k,L18,L0,[3],0.2,0.19999999999999996,0.2,0.2,0.0,0.0,1,1
ruler_vt_16k:0220,ruler_vt_16k,L18,L6,"[1, 2, 3, 4, 5, 6, 7, 8, 9, 10, 11, 12, 13, 14]",0.5,0.0,,,,0.0,0,0
ruler_vt_16k:0220,ruler_vt_16k,L18,L12,"[1, 2, 3, 4, 5, 6, 7, 8, 9, 10, 11, 12, 13, 14]",0.5,0.0,,,,0.0,0,0
ruler_vt_16k:0220,ruler_vt_16k,L18,L24,"[1, 2, 3, 4, 5, 6, 7, 8, 9, 10, 11, 12, 13, 14]",0.5,0.0,,,,0.0,0,0
ruler_vt_16k:0220,ruler_vt_16k,L18,ALL,"[1, 2, 3, 4, 5, 6, 7, 8, 9, 10, 11, 12, 13, 14]",0.5,0.0,,,,0.0,0,0
ruler_vt_16k:0220,ruler_vt_16k,L24,OFF,"[1, 2, 3, 4, 5, 6, 7, 8, 9, 10, 11, 12, 13, 14]",0.5,0.0,,,,0.0,0,0
ruler_vt_16k:0220,ruler_vt_16k,L24,L0,"[1, 2, 3, 4, 5, 6, 7, 8, 9, 10, 11, 12, 13, 14]",0.5,0.0,,,,0.0,0,0
ruler_vt_16k:0220,ruler_vt_16k,L24,L6,"[1, 2, 3, 4, 5, 6, 7, 8, 9, 10, 11, 12, 13, 14]",0.5,0.0,,,,0.0,0,0
ruler_vt_16k:0220,ruler_vt_16k,L24,L12,[8],0.5333333333333333,0.19999999999999996,0.5333333333333333,0.5333333333333333,0.0,0.0,1,1
ruler_vt_16k:0220,ruler_vt_16k,L24,L18,"[1, 2, 3, 4, 5, 6, 7, 8, 9, 10, 11, 12, 13, 14]",0.5,0.0,,,,0.0,0,0
ruler_vt_16k:0220,ruler_vt_16k,L24,ALL,[2],0.13333333333333333,0.19999999999999996,0.13333333333333333,0.13333333333333333,0.0,0.0,1,1
ruler_vt_16k:0220,ruler_vt_16k,ALL,OFF,"[1, 2, 3, 4, 5, 6, 7, 8, 9, 10, 11, 12, 13, 14]",0.5,0.0,,,,0.0,0,0
ruler_vt_16k:0220,ruler_vt_16k,ALL,L0,"[1, 2, 3, 4, 5, 6, 7, 8, 9, 10, 11, 12, 13, 14]",0.5,0.0,,,,0.0,0,0
ruler_vt_16k:0220,ruler_vt_16k,ALL,L6,[12],0.8,0.19999999999999996,0.8,0.8,0.0,0.0,1,1
ruler_vt_16k:0220,ruler_vt_16k,ALL,L12,"[1, 2, 3, 4, 5, 6, 7, 8, 9, 10, 11, 12, 13, 14]",0.5,0.0,,,,0.0,0,0
ruler_vt_16k:0220,ruler_vt_16k,ALL,L18,"[1, 2, 3, 4, 5, 6, 7, 8, 9, 10, 11, 12, 13, 14]",0.5,0.0,,,,0.0,0,0
ruler_vt_16k:0220,ruler_vt_16k,ALL,L24,"[1, 2, 3, 4, 5, 6, 7, 8, 9, 10, 11, 12, 13, 14]",0.5,0.0,,,,0.0,0,0
ruler_vt_16k:0223,ruler_vt_16k,OFF,L0,[4],0.26666666666666666,0.19999999999999996,0.26666666666666666,0.26666666666666666,0.0,0.0,1,1
ruler_vt_16k:0223,ruler_vt_16k,OFF,L6,"[2, 8]",0.3333333333333333,0.0,0.13333333333333333,0.5333333333333333,0.4,0.0,2,2
ruler_vt_16k:0223,ruler_vt_16k,OFF,L12,"[1, 3, 8, 9]",0.35,0.0,0.06666666666666667,0.6,0.5333333333333333,0.06666666666666667,4,4
ruler_vt_16k:0223,ruler_vt_16k,OFF,L18,"[1, 2, 3, 4, 5, 6, 7, 8, 9, 10, 11, 12, 13, 14]",0.5,0.0,,,,0.0,0,0
ruler_vt_16k:0223,ruler_vt_16k,OFF,L24,"[1, 2, 3, 4, 5, 6, 7, 8, 9, 10, 11, 12, 13, 14]",0.5,0.0,,,,0.0,0,0
ruler_vt_16k:0223,ruler_vt_16k,OFF,ALL,[1],0.06666666666666667,0.19999999999999996,0.06666666666666667,0.06666666666666667,0.0,0.0,1,1
ruler_vt_16k:0223,ruler_vt_16k,L0,OFF,"[1, 2, 3, 4, 5, 6, 7, 8, 9, 10, 11, 12, 13, 14]",0.5,0.0,,,,0.0,0,0
ruler_vt_16k:0223,ruler_vt_16k,L0,L6,[5],0.3333333333333333,0.19999999999999996,0.3333333333333333,0.3333333333333333,0.0,0.0,1,1
ruler_vt_16k:0223,ruler_vt_16k,L0,L12,"[2, 14]",0.5333333333333333,0.0,0.13333333333333333,0.9333333333333333,0.8,0.0,2,2
ruler_vt_16k:0223,ruler_vt_16k,L0,L18,[12],0.8,0.19999999999999996,0.8,0.8,0.0,0.0,1,1
ruler_vt_16k:0223,ruler_vt_16k,L0,L24,[2],0.13333333333333333,0.19999999999999996,0.13333333333333333,0.13333333333333333,0.0,0.0,1,1
ruler_vt_16k:0223,ruler_vt_16k,L0,ALL,"[1, 8, 14]",0.5111111111111112,0.0,0.06666666666666667,0.9333333333333333,0.8666666666666667,0.0,3,3
ruler_vt_16k:0223,ruler_vt_16k,L6,OFF,"[1, 2, 3, 4, 5, 6, 7, 8, 9, 10, 11, 12, 13, 14]",0.5,0.0,,,,0.0,0,0
ruler_vt_16k:0223,ruler_vt_16k,L6,L0,"[2, 9]",0.36666666666666664,0.0,0.13333333333333333,0.6,0.4666666666666667,0.0,2,2
ruler_vt_16k:0223,ruler_vt_16k,L6,L12,"[1, 2, 3, 4, 5, 6, 7, 8, 9, 10, 11, 12, 13, 14]",0.5,0.0,,,,0.0,0,0
ruler_vt_16k:0223,ruler_vt_16k,L6,L18,"[6, 7, 11]",0.5333333333333333,0.0,0.4,0.7333333333333333,0.3333333333333333,0.06666666666666667,3,3
ruler_vt_16k:0223,ruler_vt_16k,L6,L24,[7],0.4666666666666667,0.19999999999999996,0.4666666666666667,0.4666666666666667,0.0,0.0,1,1
ruler_vt_16k:0223,ruler_vt_16k,L6,ALL,"[1, 2, 3, 4, 5, 6, 7, 8, 9, 10, 11, 12, 13, 14]",0.5,0.0,,,,0.0,0,0
ruler_vt_16k:0223,ruler_vt_16k,L12,OFF,"[1, 2, 3, 4, 5, 6, 7, 8, 9, 10, 11, 12, 13, 14]",0.5,0.0,,,,0.0,0,0
ruler_vt_16k:0223,ruler_vt_16k,L12,L0,[3],0.2,0.19999999999999996,0.2,0.2,0.0,0.0,1,1
ruler_vt_16k:0223,ruler_vt_16k,L12,L6,[2],0.13333333333333333,0.19999999999999996,0.13333333333333333,0.13333333333333333,0.0,0.0,1,1
ruler_vt_16k:0223,ruler_vt_16k,L12,L18,"[5, 12]",0.5666666666666667,0.0,0.3333333333333333,0.8,0.4666666666666667,0.0,2,2
ruler_vt_16k:0223,ruler_vt_16k,L12,L24,"[1, 2, 3, 4, 5, 6, 7, 8, 9, 10, 11, 12, 13, 14]",0.5,0.0,,,,0.0,0,0
ruler_vt_16k:0223,ruler_vt_16k,L12,ALL,"[1, 2, 3, 4, 5, 6, 7, 8, 9, 10, 11, 12, 13, 14]",0.5,0.0,,,,0.0,0,0
ruler_vt_16k:0223,ruler_vt_16k,L18,OFF,"[1, 2, 3, 4, 5, 6, 7, 8, 9, 10, 11, 12, 13, 14]",0.5,0.0,,,,0.0,0,0
ruler_vt_16k:0223,ruler_vt_16k,L18,L0,"[1, 2, 3, 4, 5, 6, 7, 8, 9, 10, 11, 12, 13, 14]",0.5,0.0,,,,0.0,0,0
ruler_vt_16k:0223,ruler_vt_16k,L18,L6,[9],0.6,0.19999999999999996,0.6,0.6,0.0,0.0,1,1
ruler_vt_16k:0223,ruler_vt_16k,L18,L12,"[1, 2, 3, 4, 5, 6, 7, 8, 9, 10, 11, 12, 13, 14]",0.5,0.0,,,,0.0,0,0
ruler_vt_16k:0223,ruler_vt_16k,L18,L24,"[1, 2, 3, 4, 5, 6, 7, 8, 9, 10, 11, 12, 13, 14]",0.5,0.0,,,,0.0,0,0
ruler_vt_16k:0223,ruler_vt_16k,L18,ALL,"[1, 2, 3, 4, 5, 6, 7, 8, 9, 10, 11, 12, 13, 14]",0.5,0.0,,,,0.0,0,0
ruler_vt_16k:0223,ruler_vt_16k,L24,OFF,"[1, 2, 3, 4, 5, 6, 7, 8, 9, 10, 11, 12, 13, 14]",0.5,0.0,,,,0.0,0,0
ruler_vt_16k:0223,ruler_vt_16k,L24,L0,[4],0.26666666666666666,0.19999999999999996,0.26666666666666666,0.26666666666666666,0.0,0.0,1,1
ruler_vt_16k:0223,ruler_vt_16k,L24,L6,[2],0.13333333333333333,0.19999999999999996,0.13333333333333333,0.13333333333333333,0.0,0.0,1,1
ruler_vt_16k:0223,ruler_vt_16k,L24,L12,"[3, 8]",0.36666666666666664,0.0,0.2,0.5333333333333333,0.3333333333333333,0.0,2,2
ruler_vt_16k:0223,ruler_vt_16k,L24,L18,"[1, 2, 3, 4, 5, 6, 7, 8, 9, 10, 11, 12, 13, 14]",0.5,0.0,,,,0.0,0,0
ruler_vt_16k:0223,ruler_vt_16k,L24,ALL,[1],0.06666666666666667,0.19999999999999996,0.06666666666666667,0.06666666666666667,0.0,0.0,1,1
ruler_vt_16k:0223,ruler_vt_16k,ALL,OFF,"[1, 2, 3, 4, 5, 6, 7, 8, 9, 10, 11, 12, 13, 14]",0.5,0.0,,,,0.0,0,0
ruler_vt_16k:0223,ruler_vt_16k,ALL,L0,"[1, 2, 3, 4, 5, 6, 7, 8, 9, 10, 11, 12, 13, 14]",0.5,0.0,,,,0.0,0,0
ruler_vt_16k:0223,ruler_vt_16k,ALL,L6,"[1, 2, 3, 4, 5, 6, 7, 8, 9, 10, 11, 12, 13, 14]",0.5,0.0,,,,0.0,0,0
ruler_vt_16k:0223,ruler_vt_16k,ALL,L12,"[1, 8]",0.3,0.0,0.06666666666666667,0.5333333333333333,0.4666666666666667,0.0,2,2
ruler_vt_16k:0223,ruler_vt_16k,ALL,L18,"[1, 2, 3, 4, 5, 6, 7, 8, 9, 10, 11, 12, 13, 14]",0.5,0.0,,,,0.0,0,0
ruler_vt_16k:0223,ruler_vt_16k,ALL,L24,[5],0.3333333333333333,0.19999999999999996,0.3333333333333333,0.3333333333333333,0.0,0.0,1,1
ruler_vt_16k:0226,ruler_vt_16k,OFF,L0,"[1, 2, 3, 4, 5, 6, 7, 8, 9, 10, 11, 12, 13, 14]",0.5,0.0,,,,0.0,0,0
ruler_vt_16k:0226,ruler_vt_16k,OFF,L6,"[1, 2, 3, 4, 5, 6, 7, 8, 9, 10, 11, 12, 13, 14]",0.5,0.0,,,,0.0,0,0
ruler_vt_16k:0226,ruler_vt_16k,OFF,L12,"[1, 2, 3, 4, 5, 6, 7, 8, 9, 10, 11, 12, 13, 14]",0.5,0.0,,,,0.0,0,0
ruler_vt_16k:0226,ruler_vt_16k,OFF,L18,"[1, 2, 3, 4, 5, 6, 7, 8, 9, 10, 11, 12, 13, 14]",0.5,0.0,,,,0.0,0,0
ruler_vt_16k:0226,ruler_vt_16k,OFF,L24,"[1, 2, 3, 4, 5, 6, 7, 8, 9, 10, 11, 12, 13, 14]",0.5,0.0,,,,0.0,0,0
ruler_vt_16k:0226,ruler_vt_16k,OFF,ALL,"[1, 2, 3, 4, 5, 6, 7, 8, 9, 10, 11, 12, 13, 14]",0.5,0.0,,,,0.0,0,0
ruler_vt_16k:0226,ruler_vt_16k,L0,OFF,"[1, 2, 3, 4, 5, 6, 7, 8, 9, 10, 11, 12, 13, 14]",0.5,0.0,,,,0.0,0,0
ruler_vt_16k:0226,ruler_vt_16k,L0,L6,"[1, 2, 3, 4, 5, 6, 7, 8, 9, 10, 11, 12, 13, 14]",0.5,0.0,,,,0.0,0,0
ruler_vt_16k:0226,ruler_vt_16k,L0,L12,"[1, 2, 3, 4, 5, 6, 7, 8, 9, 10, 11, 12, 13, 14]",0.5,0.0,,,,0.0,0,0
ruler_vt_16k:0226,ruler_vt_16k,L0,L18,"[1, 2, 3, 4, 5, 6, 7, 8, 9, 10, 11, 12, 13, 14]",0.5,0.0,,,,0.0,0,0
ruler_vt_16k:0226,ruler_vt_16k,L0,L24,"[1, 2, 3, 4, 5, 6, 7, 8, 9, 10, 11, 12, 13, 14]",0.5,0.0,,,,0.0,0,0
ruler_vt_16k:0226,ruler_vt_16k,L0,ALL,"[1, 2, 3, 4, 5, 6, 7, 8, 9, 10, 11, 12, 13, 14]",0.5,0.0,,,,0.0,0,0
ruler_vt_16k:0226,ruler_vt_16k,L6,OFF,"[1, 2, 3, 4, 5, 6, 7, 8, 9, 10, 11, 12, 13, 14]",0.5,0.0,,,,0.0,0,0
ruler_vt_16k:0226,ruler_vt_16k,L6,L0,"[1, 2, 3, 4, 5, 6, 7, 8, 9, 10, 11, 12, 13, 14]",0.5,0.0,,,,0.0,0,0
ruler_vt_16k:0226,ruler_vt_16k,L6,L12,"[1, 2, 3, 4, 5, 6, 7, 8, 9, 10, 11, 12, 13, 14]",0.5,0.0,,,,0.0,0,0
ruler_vt_16k:0226,ruler_vt_16k,L6,L18,"[1, 2, 3, 4, 5, 6, 7, 8, 9, 10, 11, 12, 13, 14]",0.5,0.0,,,,0.0,0,0
ruler_vt_16k:0226,ruler_vt_16k,L6,L24,"[1, 2, 3, 4, 5, 6, 7, 8, 9, 10, 11, 12, 13, 14]",0.5,0.0,,,,0.0,0,0
ruler_vt_16k:0226,ruler_vt_16k,L6,ALL,"[1, 2, 3, 4, 5, 6, 7, 8, 9, 10, 11, 12, 13, 14]",0.5,0.0,,,,0.0,0,0
ruler_vt_16k:0226,ruler_vt_16k,L12,OFF,"[1, 2, 3, 4, 5, 6, 7, 8, 9, 10, 11, 12, 13, 14]",0.5,0.0,,,,0.0,0,0
ruler_vt_16k:0226,ruler_vt_16k,L12,L0,"[1, 2, 3, 4, 5, 6, 7, 8, 9, 10, 11, 12, 13, 14]",0.5,0.0,,,,0.0,0,0
ruler_vt_16k:0226,ruler_vt_16k,L12,L6,"[1, 2, 3, 4, 5, 6, 7, 8, 9, 10, 11, 12, 13, 14]",0.5,0.0,,,,0.0,0,0
ruler_vt_16k:0226,ruler_vt_16k,L12,L18,"[1, 2, 3, 4, 5, 6, 7, 8, 9, 10, 11, 12, 13, 14]",0.5,0.0,,,,0.0,0,0
ruler_vt_16k:0226,ruler_vt_16k,L12,L24,"[1, 2, 3, 4, 5, 6, 7, 8, 9, 10, 11, 12, 13, 14]",0.5,0.0,,,,0.0,0,0
ruler_vt_16k:0226,ruler_vt_16k,L12,ALL,"[1, 2, 3, 4, 5, 6, 7, 8, 9, 10, 11, 12, 13, 14]",0.5,0.0,,,,0.0,0,0
ruler_vt_16k:0226,ruler_vt_16k,L18,OFF,"[1, 2, 3, 4, 5, 6, 7, 8, 9, 10, 11, 12, 13, 14]",0.5,0.0,,,,0.0,0,0
ruler_vt_16k:0226,ruler_vt_16k,L18,L0,"[1, 2, 3, 4, 5, 6, 7, 8, 9, 10, 11, 12, 13, 14]",0.5,0.0,,,,0.0,0,0
ruler_vt_16k:0226,ruler_vt_16k,L18,L6,"[1, 2, 3, 4, 5, 6, 7, 8, 9, 10, 11, 12, 13, 14]",0.5,0.0,,,,0.0,0,0
ruler_vt_16k:0226,ruler_vt_16k,L18,L12,"[1, 2, 3, 4, 5, 6, 7, 8, 9, 10, 11, 12, 13, 14]",0.5,0.0,,,,0.0,0,0
ruler_vt_16k:0226,ruler_vt_16k,L18,L24,"[1, 2, 3, 4, 5, 6, 7, 8, 9, 10, 11, 12, 13, 14]",0.5,0.0,,,,0.0,0,0
ruler_vt_16k:0226,ruler_vt_16k,L18,ALL,"[1, 2, 3, 4, 5, 6, 7, 8, 9, 10, 11, 12, 13, 14]",0.5,0.0,,,,0.0,0,0
ruler_vt_16k:0226,ruler_vt_16k,L24,OFF,"[1, 2, 3, 4, 5, 6, 7, 8, 9, 10, 11, 12, 13, 14]",0.5,0.0,,,,0.0,0,0
ruler_vt_16k:0226,ruler_vt_16k,L24,L0,"[1, 2, 3, 4, 5, 6, 7, 8, 9, 10, 11, 12, 13, 14]",0.5,0.0,,,,0.0,0,0
ruler_vt_16k:0226,ruler_vt_16k,L24,L6,"[1, 2, 3, 4, 5, 6, 7, 8, 9, 10, 11, 12, 13, 14]",0.5,0.0,,,,0.0,0,0
ruler_vt_16k:0226,ruler_vt_16k,L24,L12,"[1, 2, 3, 4, 5, 6, 7, 8, 9, 10, 11, 12, 13, 14]",0.5,0.0,,,,0.0,0,0
ruler_vt_16k:0226,ruler_vt_16k,L24,L18,"[1, 2, 3, 4, 5, 6, 7, 8, 9, 10, 11, 12, 13, 14]",0.5,0.0,,,,0.0,0,0
ruler_vt_16k:0226,ruler_vt_16k,L24,ALL,"[1, 2, 3, 4, 5, 6, 7, 8, 9, 10, 11, 12, 13, 14]",0.5,0.0,,,,0.0,0,0
ruler_vt_16k:0226,ruler_vt_16k,ALL,OFF,"[1, 2, 3, 4, 5, 6, 7, 8, 9, 10, 11, 12, 13, 14]",0.5,0.0,,,,0.0,0,0
ruler_vt_16k:0226,ruler_vt_16k,ALL,L0,"[1, 2, 3, 4, 5, 6, 7, 8, 9, 10, 11, 12, 13, 14]",0.5,0.0,,,,0.0,0,0
ruler_vt_16k:0226,ruler_vt_16k,ALL,L6,"[1, 2, 3, 4, 5, 6, 7, 8, 9, 10, 11, 12, 13, 14]",0.5,0.0,,,,0.0,0,0
ruler_vt_16k:0226,ruler_vt_16k,ALL,L12,"[1, 2, 3, 4, 5, 6, 7, 8, 9, 10, 11, 12, 13, 14]",0.5,0.0,,,,0.0,0,0
ruler_vt_16k:0226,ruler_vt_16k,ALL,L18,"[1, 2, 3, 4, 5, 6, 7, 8, 9, 10, 11, 12, 13, 14]",0.5,0.0,,,,0.0,0,0
ruler_vt_16k:0226,ruler_vt_16k,ALL,L24,"[1, 2, 3, 4, 5, 6, 7, 8, 9, 10, 11, 12, 13, 14]",0.5,0.0,,,,0.0,0,0
ruler_vt_16k:0237,ruler_vt_16k,OFF,L0,"[3, 4, 6, 7, 8]",0.3733333333333333,0.0,0.2,0.5333333333333333,0.3333333333333333,0.13333333333333333,5,0
ruler_vt_16k:0237,ruler_vt_16k,OFF,L6,"[1, 3, 7, 8, 10, 11, 12, 14]",0.55,0.0,0.06666666666666667,0.9333333333333333,0.8666666666666667,0.13333333333333333,8,0
ruler_vt_16k:0237,ruler_vt_16k,OFF,L12,"[1, 2, 7, 8, 9, 12, 13, 14]",0.55,0.0,0.06666666666666667,0.9333333333333333,0.8666666666666667,0.13333333333333333,8,0
ruler_vt_16k:0237,ruler_vt_16k,OFF,L18,"[4, 7, 9, 11, 12, 13]",0.6222222222222222,0.0,0.26666666666666666,0.8666666666666667,0.6,0.13333333333333333,6,0
ruler_vt_16k:0237,ruler_vt_16k,OFF,L24,[2],0.13333333333333333,0.4,0.13333333333333333,0.13333333333333333,0.0,0.0,1,0
ruler_vt_16k:0237,ruler_vt_16k,OFF,ALL,"[3, 13]",0.5333333333333333,0.0,0.2,0.8666666666666667,0.6666666666666666,0.0,2,0
ruler_vt_16k:0237,ruler_vt_16k,L0,OFF,"[5, 6, 7, 8, 9, 10, 11, 12]",0.5666666666666667,0.0,0.3333333333333333,0.8,0.4666666666666667,0.4666666666666667,8,0
ruler_vt_16k:0237,ruler_vt_16k,L0,L6,"[3, 5, 7, 8, 10]",0.44,0.0,0.2,0.6666666666666666,0.4666666666666667,0.06666666666666667,5,0
ruler_vt_16k:0237,ruler_vt_16k,L0,L12,"[2, 5, 7]",0.3111111111111111,0.0,0.13333333333333333,0.4666666666666667,0.3333333333333333,0.0,3,0
ruler_vt_16k:0237,ruler_vt_16k,L0,L18,"[1, 2, 3, 7, 8, 9, 10, 11, 14]",0.4814814814814815,0.0,0.06666666666666667,0.9333333333333333,0.8666666666666667,0.26666666666666666,9,0
ruler_vt_16k:0237,ruler_vt_16k,L0,L24,"[2, 3, 6, 7, 8, 9]",0.3888888888888889,0.0,0.13333333333333333,0.6,0.4666666666666667,0.2,6,0
ruler_vt_16k:0237,ruler_vt_16k,L0,ALL,"[1, 4, 5, 8, 10]",0.3733333333333333,0.0,0.06666666666666667,0.6666666666666666,0.6,0.06666666666666667,5,0
ruler_vt_16k:0237,ruler_vt_16k,L6,OFF,"[2, 3, 6, 8, 12, 13]",0.4888888888888889,0.0,0.13333333333333333,0.8666666666666667,0.7333333333333333,0.06666666666666667,6,0
ruler_vt_16k:0237,ruler_vt_16k,L6,L0,"[1, 2, 6, 9, 12, 13]",0.4777777777777778,0.0,0.06666666666666667,0.8666666666666667,0.8,0.06666666666666667,6,0
ruler_vt_16k:0237,ruler_vt_16k,L6,L12,"[1, 2, 5, 6, 9, 10, 13]",0.4380952380952381,0.0,0.06666666666666667,0.8666666666666667,0.8,0.06666666666666667,7,0
ruler_vt_16k:0237,ruler_vt_16k,L6,L18,"[2, 6, 8, 12, 13, 14]",0.611111111111111,0.0,0.13333333333333333,0.9333333333333333,0.8,0.13333333333333333,6,0
ruler_vt_16k:0237,ruler_vt_16k,L6,L24,"[2, 3, 7, 8, 10, 12, 13]",0.5238095238095238,0.0,0.13333333333333333,0.8666666666666667,0.7333333333333333,0.06666666666666667,7,0
ruler_vt_16k:0237,ruler_vt_16k,L6,ALL,"[1, 2, 3, 4, 6, 7, 8, 13, 14]",0.42962962962962964,0.0,0.06666666666666667,0.9333333333333333,0.8666666666666667,0.2,9,0
ruler_vt_16k:0237,ruler_vt_16k,L12,OFF,"[3, 4, 6, 7, 8, 9, 11]",0.45714285714285713,0.0,0.2,0.7333333333333333,0.5333333333333333,0.2,7,0
ruler_vt_16k:0237,ruler_vt_16k,L12,L0,"[1, 3, 4, 5, 6, 9, 10, 11]",0.4083333333333333,0.0,0.06666666666666667,0.7333333333333333,0.6666666666666666,0.2,8,0
ruler_vt_16k:0237,ruler_vt_16k,L12,L6,"[1, 2, 3, 5, 6, 8, 9, 11, 12, 13, 14]",0.5090909090909091,0.0,0.06666666666666667,0.9333333333333333,0.8666666666666667,0.2,11,0
ruler_vt_16k:0237,ruler_vt_16k,L12,L18,"[7, 8, 11, 12, 13]",0.6799999999999999,0.0,0.4666666666666667,0.8666666666666667,0.4,0.13333333333333333,5,0
ruler_vt_16k:0237,ruler_vt_16k,L12,L24,"[1, 4, 7, 11, 12]",0.4666666666666667,0.0,0.06666666666666667,0.8,0.7333333333333333,0.06666666666666667,5,0
ruler_vt_16k:0237,ruler_vt_16k,L12,ALL,"[2, 3, 4, 5, 6, 8, 9]",0.35238095238095235,0.0,0.13333333333333333,0.6,0.4666666666666667,0.26666666666666666,7,0
ruler_vt_16k:0237,ruler_vt_16k,L18,OFF,"[6, 7]",0.43333333333333335,0.0,0.4,0.4666666666666667,0.06666666666666667,0.06666666666666667,2,0
ruler_vt_16k:0237,ruler_vt_16k,L18,L0,"[7, 8]",0.5,0.0,0.4666666666666667,0.5333333333333333,0.06666666666666667,0.06666666666666667,2,0
ruler_vt_16k:0237,ruler_vt_16k,L18,L6,"[1, 3, 7, 8, 11, 12, 13, 14]",0.575,0.0,0.06666666666666667,0.9333333333333333,0.8666666666666667,0.2,8,0
ruler_vt_16k:0237,ruler_vt_16k,L18,L12,"[1, 2, 7, 9, 12]",0.41333333333333333,0.0,0.06666666666666667,0.8,0.7333333333333333,0.06666666666666667,5,0
ruler_vt_16k:0237,ruler_vt_16k,L18,L24,"[2, 4, 6, 10]",0.36666666666666664,0.0,0.13333333333333333,0.6666666666666666,0.5333333333333333,0.0,4,0
ruler_vt_16k:0237,ruler_vt_16k,L18,ALL,"[2, 3, 4, 13, 14]",0.48000000000000004,0.0,0.13333333333333333,0.9333333333333333,0.8,0.13333333333333333,5,0
ruler_vt_16k:0237,ruler_vt_16k,L24,OFF,"[4, 10, 12]",0.5777777777777777,0.0,0.26666666666666666,0.8,0.5333333333333333,0.0,3,0
ruler_vt_16k:0237,ruler_vt_16k,L24,L0,"[2, 5, 6, 7, 8, 12]",0.4444444444444445,0.0,0.13333333333333333,0.8,0.6666666666666666,0.2,6,0
ruler_vt_16k:0237,ruler_vt_16k,L24,L6,"[1, 3, 7, 8, 9, 10, 12, 14]",0.5333333333333333,0.0,0.06666666666666667,0.9333333333333333,0.8666666666666667,0.2,8,0
ruler_vt_16k:0237,ruler_vt_16k,L24,L12,"[1, 4, 7, 8, 9, 12, 13, 14]",0.5666666666666667,0.0,0.06666666666666667,0.9333333333333333,0.8666666666666667,0.13333333333333333,8,0
ruler_vt_16k:0237,ruler_vt_16k,L24,L18,"[4, 9, 11, 12, 13]",0.6533333333333334,0.0,0.26666666666666666,0.8666666666666667,0.6,0.13333333333333333,5,0
ruler_vt_16k:0237,ruler_vt_16k,L24,ALL,"[3, 7]",0.3333333333333333,0.0,0.2,0.4666666666666667,0.26666666666666666,0.0,2,0
ruler_vt_16k:0237,ruler_vt_16k,ALL,OFF,"[8, 12]",0.6666666666666666,0.0,0.5333333333333333,0.8,0.26666666666666666,0.0,2,0
ruler_vt_16k:0237,ruler_vt_16k,ALL,L0,"[2, 3, 4, 5, 6, 9]",0.3222222222222222,0.0,0.13333333333333333,0.6,0.4666666666666667,0.26666666666666666,6,0
ruler_vt_16k:0237,ruler_vt_16k,ALL,L6,"[3, 5, 7, 8, 9]",0.4266666666666667,0.0,0.2,0.6,0.4,0.13333333333333333,5,0
ruler_vt_16k:0237,ruler_vt_16k,ALL,L12,"[1, 3, 7, 8, 12]",0.41333333333333333,0.0,0.06666666666666667,0.8,0.7333333333333333,0.06666666666666667,5,0
ruler_vt_16k:0237,ruler_vt_16k,ALL,L18,"[3, 6, 8, 12]",0.48333333333333334,0.0,0.2,0.8,0.6,0.0,4,0
ruler_vt_16k:0237,ruler_vt_16k,ALL,L24,"[8, 12]",0.6666666666666666,0.0,0.5333333333333333,0.8,0.26666666666666666,0.0,2,0
ruler_vt_16k:0240,ruler_vt_16k,OFF,L0,"[1, 2, 3, 4, 5, 6, 7, 8, 9, 10, 11, 12, 13, 14]",0.5,0.0,,,,0.0,0,0
ruler_vt_16k:0240,ruler_vt_16k,OFF,L6,"[1, 2, 3, 4, 5, 6, 7, 8, 9, 10, 11, 12, 13, 14]",0.5,0.0,,,,0.0,0,0
ruler_vt_16k:0240,ruler_vt_16k,OFF,L12,"[1, 2, 3, 4, 5, 6, 7, 8, 9, 10, 11, 12, 13, 14]",0.5,0.0,,,,0.0,0,0
ruler_vt_16k:0240,ruler_vt_16k,OFF,L18,"[1, 2, 3, 4, 5, 6, 7, 8, 9, 10, 11, 12, 13, 14]",0.5,0.0,,,,0.0,0,0
ruler_vt_16k:0240,ruler_vt_16k,OFF,L24,"[1, 2, 3, 4, 5, 6, 7, 8, 9, 10, 11, 12, 13, 14]",0.5,0.0,,,,0.0,0,0
ruler_vt_16k:0240,ruler_vt_16k,OFF,ALL,"[1, 2, 3, 4, 5, 6, 7, 8, 9, 10, 11, 12, 13, 14]",0.5,0.0,,,,0.0,0,0
ruler_vt_16k:0240,ruler_vt_16k,L0,OFF,"[1, 2, 3, 4, 5, 6, 7, 8, 9, 10, 11, 12, 13, 14]",0.5,0.0,,,,0.0,0,0
ruler_vt_16k:0240,ruler_vt_16k,L0,L6,"[1, 2, 3, 4, 5, 6, 7, 8, 9, 10, 11, 12, 13, 14]",0.5,0.0,,,,0.0,0,0
ruler_vt_16k:0240,ruler_vt_16k,L0,L12,"[1, 2, 3, 4, 5, 6, 7, 8, 9, 10, 11, 12, 13, 14]",0.5,0.0,,,,0.0,0,0
ruler_vt_16k:0240,ruler_vt_16k,L0,L18,"[1, 2, 3, 4, 5, 6, 7, 8, 9, 10, 11, 12, 13, 14]",0.5,0.0,,,,0.0,0,0
ruler_vt_16k:0240,ruler_vt_16k,L0,L24,"[1, 2, 3, 4, 5, 6, 7, 8, 9, 10, 11, 12, 13, 14]",0.5,0.0,,,,0.0,0,0
ruler_vt_16k:0240,ruler_vt_16k,L0,ALL,"[1, 2, 3, 4, 5, 6, 7, 8, 9, 10, 11, 12, 13, 14]",0.5,0.0,,,,0.0,0,0
ruler_vt_16k:0240,ruler_vt_16k,L6,OFF,"[1, 2, 3, 4, 5, 6, 7, 8, 9, 10, 11, 12, 13, 14]",0.5,0.0,,,,0.0,0,0
ruler_vt_16k:0240,ruler_vt_16k,L6,L0,"[1, 2, 3, 4, 5, 6, 7, 8, 9, 10, 11, 12, 13, 14]",0.5,0.0,,,,0.0,0,0
ruler_vt_16k:0240,ruler_vt_16k,L6,L12,"[1, 2, 3, 4, 5, 6, 7, 8, 9, 10, 11, 12, 13, 14]",0.5,0.0,,,,0.0,0,0
ruler_vt_16k:0240,ruler_vt_16k,L6,L18,"[1, 2, 3, 4, 5, 6, 7, 8, 9, 10, 11, 12, 13, 14]",0.5,0.0,,,,0.0,0,0
ruler_vt_16k:0240,ruler_vt_16k,L6,L24,"[1, 2, 3, 4, 5, 6, 7, 8, 9, 10, 11, 12, 13, 14]",0.5,0.0,,,,0.0,0,0
ruler_vt_16k:0240,ruler_vt_16k,L6,ALL,"[1, 2, 3, 4, 5, 6, 7, 8, 9, 10, 11, 12, 13, 14]",0.5,0.0,,,,0.0,0,0
ruler_vt_16k:0240,ruler_vt_16k,L12,OFF,"[1, 2, 3, 4, 5, 6, 7, 8, 9, 10, 11, 12, 13, 14]",0.5,0.0,,,,0.0,0,0
ruler_vt_16k:0240,ruler_vt_16k,L12,L0,"[1, 2, 3, 4, 5, 6, 7, 8, 9, 10, 11, 12, 13, 14]",0.5,0.0,,,,0.0,0,0
ruler_vt_16k:0240,ruler_vt_16k,L12,L6,"[1, 2, 3, 4, 5, 6, 7, 8, 9, 10, 11, 12, 13, 14]",0.5,0.0,,,,0.0,0,0
ruler_vt_16k:0240,ruler_vt_16k,L12,L18,"[1, 2, 3, 4, 5, 6, 7, 8, 9, 10, 11, 12, 13, 14]",0.5,0.0,,,,0.0,0,0
ruler_vt_16k:0240,ruler_vt_16k,L12,L24,"[1, 2, 3, 4, 5, 6, 7, 8, 9, 10, 11, 12, 13, 14]",0.5,0.0,,,,0.0,0,0
ruler_vt_16k:0240,ruler_vt_16k,L12,ALL,"[1, 2, 3, 4, 5, 6, 7, 8, 9, 10, 11, 12, 13, 14]",0.5,0.0,,,,0.0,0,0
ruler_vt_16k:0240,ruler_vt_16k,L18,OFF,"[1, 2, 3, 4, 5, 6, 7, 8, 9, 10, 11, 12, 13, 14]",0.5,0.0,,,,0.0,0,0
ruler_vt_16k:0240,ruler_vt_16k,L18,L0,"[1, 2, 3, 4, 5, 6, 7, 8, 9, 10, 11, 12, 13, 14]",0.5,0.0,,,,0.0,0,0
ruler_vt_16k:0240,ruler_vt_16k,L18,L6,"[1, 2, 3, 4, 5, 6, 7, 8, 9, 10, 11, 12, 13, 14]",0.5,0.0,,,,0.0,0,0
ruler_vt_16k:0240,ruler_vt_16k,L18,L12,"[1, 2, 3, 4, 5, 6, 7, 8, 9, 10, 11, 12, 13, 14]",0.5,0.0,,,,0.0,0,0
ruler_vt_16k:0240,ruler_vt_16k,L18,L24,"[1, 2, 3, 4, 5, 6, 7, 8, 9, 10, 11, 12, 13, 14]",0.5,0.0,,,,0.0,0,0
ruler_vt_16k:0240,ruler_vt_16k,L18,ALL,"[1, 2, 3, 4, 5, 6, 7, 8, 9, 10, 11, 12, 13, 14]",0.5,0.0,,,,0.0,0,0
ruler_vt_16k:0240,ruler_vt_16k,L24,OFF,"[1, 2, 3, 4, 5, 6, 7, 8, 9, 10, 11, 12, 13, 14]",0.5,0.0,,,,0.0,0,0
ruler_vt_16k:0240,ruler_vt_16k,L24,L0,"[1, 2, 3, 4, 5, 6, 7, 8, 9, 10, 11, 12, 13, 14]",0.5,0.0,,,,0.0,0,0
ruler_vt_16k:0240,ruler_vt_16k,L24,L6,"[1, 2, 3, 4, 5, 6, 7, 8, 9, 10, 11, 12, 13, 14]",0.5,0.0,,,,0.0,0,0
ruler_vt_16k:0240,ruler_vt_16k,L24,L12,"[1, 2, 3, 4, 5, 6, 7, 8, 9, 10, 11, 12, 13, 14]",0.5,0.0,,,,0.0,0,0
ruler_vt_16k:0240,ruler_vt_16k,L24,L18,"[1, 2, 3, 4, 5, 6, 7, 8, 9, 10, 11, 12, 13, 14]",0.5,0.0,,,,0.0,0,0
ruler_vt_16k:0240,ruler_vt_16k,L24,ALL,"[1, 2, 3, 4, 5, 6, 7, 8, 9, 10, 11, 12, 13, 14]",0.5,0.0,,,,0.0,0,0
ruler_vt_16k:0240,ruler_vt_16k,ALL,OFF,"[1, 2, 3, 4, 5, 6, 7, 8, 9, 10, 11, 12, 13, 14]",0.5,0.0,,,,0.0,0,0
ruler_vt_16k:0240,ruler_vt_16k,ALL,L0,"[1, 2, 3, 4, 5, 6, 7, 8, 9, 10, 11, 12, 13, 14]",0.5,0.0,,,,0.0,0,0
ruler_vt_16k:0240,ruler_vt_16k,ALL,L6,"[1, 2, 3, 4, 5, 6, 7, 8, 9, 10, 11, 12, 13, 14]",0.5,0.0,,,,0.0,0,0
ruler_vt_16k:0240,ruler_vt_16k,ALL,L12,"[1, 2, 3, 4, 5, 6, 7, 8, 9, 10, 11, 12, 13, 14]",0.5,0.0,,,,0.0,0,0
ruler_vt_16k:0240,ruler_vt_16k,ALL,L18,"[1, 2, 3, 4, 5, 6, 7, 8, 9, 10, 11, 12, 13, 14]",0.5,0.0,,,,0.0,0,0
ruler_vt_16k:0240,ruler_vt_16k,ALL,L24,"[1, 2, 3, 4, 5, 6, 7, 8, 9, 10, 11, 12, 13, 14]",0.5,0.0,,,,0.0,0,0
ruler_vt_16k:0270,ruler_vt_16k,OFF,L0,"[1, 2, 3, 4, 5, 6, 7, 8, 9, 10, 11, 12, 13, 14]",0.5,0.0,,,,0.0,0,0
ruler_vt_16k:0270,ruler_vt_16k,OFF,L6,"[1, 2, 3, 4, 5, 6, 7, 8, 9, 10, 11, 12, 13, 14]",0.5,0.0,,,,0.0,0,0
ruler_vt_16k:0270,ruler_vt_16k,OFF,L12,"[1, 2, 3, 4, 5, 6, 7, 8, 9, 10, 11, 12, 13, 14]",0.5,0.0,,,,0.0,0,0
ruler_vt_16k:0270,ruler_vt_16k,OFF,L18,"[1, 2, 3, 4, 5, 6, 7, 8, 9, 10, 11, 12, 13, 14]",0.5,0.0,,,,0.0,0,0
ruler_vt_16k:0270,ruler_vt_16k,OFF,L24,"[1, 2, 3, 4, 5, 6, 7, 8, 9, 10, 11, 12, 13, 14]",0.5,0.0,,,,0.0,0,0
ruler_vt_16k:0270,ruler_vt_16k,OFF,ALL,"[1, 2, 3, 4, 5, 6, 7, 8, 9, 10, 11, 12, 13, 14]",0.5,0.0,,,,0.0,0,0
ruler_vt_16k:0270,ruler_vt_16k,L0,OFF,"[1, 2, 3, 4, 5, 6, 7, 8, 9, 10, 11, 12, 13, 14]",0.5,0.0,,,,0.0,0,0
ruler_vt_16k:0270,ruler_vt_16k,L0,L6,"[1, 2, 3, 4, 5, 6, 7, 8, 9, 10, 11, 12, 13, 14]",0.5,0.0,,,,0.0,0,0
ruler_vt_16k:0270,ruler_vt_16k,L0,L12,"[1, 2, 3, 4, 5, 6, 7, 8, 9, 10, 11, 12, 13, 14]",0.5,0.0,,,,0.0,0,0
ruler_vt_16k:0270,ruler_vt_16k,L0,L18,"[1, 2, 3, 4, 5, 6, 7, 8, 9, 10, 11, 12, 13, 14]",0.5,0.0,,,,0.0,0,0
ruler_vt_16k:0270,ruler_vt_16k,L0,L24,"[1, 2, 3, 4, 5, 6, 7, 8, 9, 10, 11, 12, 13, 14]",0.5,0.0,,,,0.0,0,0
ruler_vt_16k:0270,ruler_vt_16k,L0,ALL,"[1, 2, 3, 4, 5, 6, 7, 8, 9, 10, 11, 12, 13, 14]",0.5,0.0,,,,0.0,0,0
ruler_vt_16k:0270,ruler_vt_16k,L6,OFF,"[1, 2, 3, 4, 5, 6, 7, 8, 9, 10, 11, 12, 13, 14]",0.5,0.0,,,,0.0,0,0
ruler_vt_16k:0270,ruler_vt_16k,L6,L0,"[1, 2, 3, 4, 5, 6, 7, 8, 9, 10, 11, 12, 13, 14]",0.5,0.0,,,,0.0,0,0
ruler_vt_16k:0270,ruler_vt_16k,L6,L12,"[1, 2, 3, 4, 5, 6, 7, 8, 9, 10, 11, 12, 13, 14]",0.5,0.0,,,,0.0,0,0
ruler_vt_16k:0270,ruler_vt_16k,L6,L18,"[1, 2, 3, 4, 5, 6, 7, 8, 9, 10, 11, 12, 13, 14]",0.5,0.0,,,,0.0,0,0
ruler_vt_16k:0270,ruler_vt_16k,L6,L24,"[1, 2, 3, 4, 5, 6, 7, 8, 9, 10, 11, 12, 13, 14]",0.5,0.0,,,,0.0,0,0
ruler_vt_16k:0270,ruler_vt_16k,L6,ALL,"[1, 2, 3, 4, 5, 6, 7, 8, 9, 10, 11, 12, 13, 14]",0.5,0.0,,,,0.0,0,0
ruler_vt_16k:0270,ruler_vt_16k,L12,OFF,"[1, 2, 3, 4, 5, 6, 7, 8, 9, 10, 11, 12, 13, 14]",0.5,0.0,,,,0.0,0,0
ruler_vt_16k:0270,ruler_vt_16k,L12,L0,"[1, 2, 3, 4, 5, 6, 7, 8, 9, 10, 11, 12, 13, 14]",0.5,0.0,,,,0.0,0,0
ruler_vt_16k:0270,ruler_vt_16k,L12,L6,"[1, 2, 3, 4, 5, 6, 7, 8, 9, 10, 11, 12, 13, 14]",0.5,0.0,,,,0.0,0,0
ruler_vt_16k:0270,ruler_vt_16k,L12,L18,[13],0.8666666666666667,0.4,0.8666666666666667,0.8666666666666667,0.0,0.0,1,0
ruler_vt_16k:0270,ruler_vt_16k,L12,L24,"[1, 2, 3, 4, 5, 6, 7, 8, 9, 10, 11, 12, 13, 14]",0.5,0.0,,,,0.0,0,0
ruler_vt_16k:0270,ruler_vt_16k,L12,ALL,"[1, 2, 3, 4, 5, 6, 7, 8, 9, 10, 11, 12, 13, 14]",0.5,0.0,,,,0.0,0,0
ruler_vt_16k:0270,ruler_vt_16k,L18,OFF,"[1, 2, 3, 4, 5, 6, 7, 8, 9, 10, 11, 12, 13, 14]",0.5,0.0,,,,0.0,0,0
ruler_vt_16k:0270,ruler_vt_16k,L18,L0,"[1, 2, 3, 4, 5, 6, 7, 8, 9, 10, 11, 12, 13, 14]",0.5,0.0,,,,0.0,0,0
ruler_vt_16k:0270,ruler_vt_16k,L18,L6,"[1, 2, 3, 4, 5, 6, 7, 8, 9, 10, 11, 12, 13, 14]",0.5,0.0,,,,0.0,0,0
ruler_vt_16k:0270,ruler_vt_16k,L18,L12,[7],0.4666666666666667,0.4,0.4666666666666667,0.4666666666666667,0.0,0.0,1,0
ruler_vt_16k:0270,ruler_vt_16k,L18,L24,"[1, 2, 3, 4, 5, 6, 7, 8, 9, 10, 11, 12, 13, 14]",0.5,0.0,,,,0.0,0,0
ruler_vt_16k:0270,ruler_vt_16k,L18,ALL,"[1, 2, 3, 4, 5, 6, 7, 8, 9, 10, 11, 12, 13, 14]",0.5,0.0,,,,0.0,0,0
ruler_vt_16k:0270,ruler_vt_16k,L24,OFF,"[1, 2, 3, 4, 5, 6, 7, 8, 9, 10, 11, 12, 13, 14]",0.5,0.0,,,,0.0,0,0
ruler_vt_16k:0270,ruler_vt_16k,L24,L0,"[1, 2, 3, 4, 5, 6, 7, 8, 9, 10, 11, 12, 13, 14]",0.5,0.0,,,,0.0,0,0
ruler_vt_16k:0270,ruler_vt_16k,L24,L6,[2],0.13333333333333333,0.4,0.13333333333333333,0.13333333333333333,0.0,0.0,1,0
ruler_vt_16k:0270,ruler_vt_16k,L24,L12,"[1, 2, 3, 4, 5, 6, 7, 8, 9, 10, 11, 12, 13, 14]",0.5,0.0,,,,0.0,0,0
ruler_vt_16k:0270,ruler_vt_16k,L24,L18,"[1, 2, 3, 4, 5, 6, 7, 8, 9, 10, 11, 12, 13, 14]",0.5,0.0,,,,0.0,0,0
ruler_vt_16k:0270,ruler_vt_16k,L24,ALL,"[1, 2, 3, 4, 5, 6, 7, 8, 9, 10, 11, 12, 13, 14]",0.5,0.0,,,,0.0,0,0
ruler_vt_16k:0270,ruler_vt_16k,ALL,OFF,"[1, 2, 3, 4, 5, 6, 7, 8, 9, 10, 11, 12, 13, 14]",0.5,0.0,,,,0.0,0,0
ruler_vt_16k:0270,ruler_vt_16k,ALL,L0,"[1, 11]",0.4,0.0,0.06666666666666667,0.7333333333333333,0.6666666666666666,0.0,2,0
ruler_vt_16k:0270,ruler_vt_16k,ALL,L6,"[1, 2, 3, 4, 5, 6, 7, 8, 9, 10, 11, 12, 13, 14]",0.5,0.0,,,,0.0,0,0
ruler_vt_16k:0270,ruler_vt_16k,ALL,L12,"[1, 2, 3, 4, 5, 6, 7, 8, 9, 10, 11, 12, 13, 14]",0.5,0.0,,,,0.0,0,0
ruler_vt_16k:0270,ruler_vt_16k,ALL,L18,"[1, 2, 3, 4, 5, 6, 7, 8, 9, 10, 11, 12, 13, 14]",0.5,0.0,,,,0.0,0,0
ruler_vt_16k:0270,ruler_vt_16k,ALL,L24,"[1, 2, 3, 4, 5, 6, 7, 8, 9, 10, 11, 12, 13, 14]",0.5,0.0,,,,0.0,0,0
ruler_vt_16k:0272,ruler_vt_16k,OFF,L0,[7],0.4666666666666667,0.4,0.4666666666666667,0.4666666666666667,0.0,0.0,1,0
ruler_vt_16k:0272,ruler_vt_16k,OFF,L6,[3],0.2,0.4,0.2,0.2,0.0,0.0,1,0
ruler_vt_16k:0272,ruler_vt_16k,OFF,L12,"[1, 2, 3, 4, 5, 6, 7, 8, 9, 10, 11, 12, 13, 14]",0.5,0.0,,,,0.0,0,0
ruler_vt_16k:0272,ruler_vt_16k,OFF,L18,"[1, 2, 3, 4, 5, 6, 7, 8, 9, 10, 11, 12, 13, 14]",0.5,0.0,,,,0.0,0,0
ruler_vt_16k:0272,ruler_vt_16k,OFF,L24,"[1, 2, 3, 4, 5, 6, 7, 8, 9, 10, 11, 12, 13, 14]",0.5,0.0,,,,0.0,0,0
ruler_vt_16k:0272,ruler_vt_16k,OFF,ALL,"[1, 2, 3, 4, 5, 6, 7, 8, 9, 10, 11, 12, 13, 14]",0.5,0.0,,,,0.0,0,0
ruler_vt_16k:0272,ruler_vt_16k,L0,OFF,"[1, 2, 3, 4, 5, 6, 7, 8, 9, 10, 11, 12, 13, 14]",0.5,0.0,,,,0.0,0,0
ruler_vt_16k:0272,ruler_vt_16k,L0,L6,"[1, 2, 3, 4, 5, 6, 7, 8, 9, 10, 11, 12, 13, 14]",0.5,0.0,,,,0.0,0,0
ruler_vt_16k:0272,ruler_vt_16k,L0,L12,"[1, 2, 3, 4, 5, 6, 7, 8, 9, 10, 11, 12, 13, 14]",0.5,0.0,,,,0.0,0,0
ruler_vt_16k:0272,ruler_vt_16k,L0,L18,"[1, 2, 3, 4, 5, 6, 7, 8, 9, 10, 11, 12, 13, 14]",0.5,0.0,,,,0.0,0,0
ruler_vt_16k:0272,ruler_vt_16k,L0,L24,"[1, 2, 3, 4, 5, 6, 7, 8, 9, 10, 11, 12, 13, 14]",0.5,0.0,,,,0.0,0,0
ruler_vt_16k:0272,ruler_vt_16k,L0,ALL,"[1, 2, 3, 4, 5, 6, 7, 8, 9, 10, 11, 12, 13, 14]",0.5,0.0,,,,0.0,0,0
ruler_vt_16k:0272,ruler_vt_16k,L6,OFF,"[1, 2, 3, 4, 5, 6, 7, 8, 9, 10, 11, 12, 13, 14]",0.5,0.0,,,,0.0,0,0
ruler_vt_16k:0272,ruler_vt_16k,L6,L0,[7],0.4666666666666667,0.4,0.4666666666666667,0.4666666666666667,0.0,0.0,1,0
ruler_vt_16k:0272,ruler_vt_16k,L6,L12,[3],0.2,0.4,0.2,0.2,0.0,0.0,1,0
ruler_vt_16k:0272,ruler_vt_16k,L6,L18,"[1, 2, 3, 4, 5, 6, 7, 8, 9, 10, 11, 12, 13, 14]",0.5,0.0,,,,0.0,0,0
ruler_vt_16k:0272,ruler_vt_16k,L6,L24,"[1, 2, 3, 4, 5, 6, 7, 8, 9, 10, 11, 12, 13, 14]",0.5,0.0,,,,0.0,0,0
ruler_vt_16k:0272,ruler_vt_16k,L6,ALL,[13],0.8666666666666667,0.4,0.8666666666666667,0.8666666666666667,0.0,0.0,1,0
ruler_vt_16k:0272,ruler_vt_16k,L12,OFF,"[1, 2, 3, 4, 5, 6, 7, 8, 9, 10, 11, 12, 13, 14]",0.5,0.0,,,,0.0,0,0
ruler_vt_16k:0272,ruler_vt_16k,L12,L0,"[1, 2, 3, 4, 5, 6, 7, 8, 9, 10, 11, 12, 13, 14]",0.5,0.0,,,,0.0,0,0
ruler_vt_16k:0272,ruler_vt_16k,L12,L6,"[1, 2, 3, 4, 5, 6, 7, 8, 9, 10, 11, 12, 13, 14]",0.5,0.0,,,,0.0,0,0
ruler_vt_16k:0272,ruler_vt_16k,L12,L18,[7],0.4666666666666667,0.4,0.4666666666666667,0.4666666666666667,0.0,0.0,1,0
ruler_vt_16k:0272,ruler_vt_16k,L12,L24,"[1, 2, 3, 4, 5, 6, 7, 8, 9, 10, 11, 12, 13, 14]",0.5,0.0,,,,0.0,0,0
ruler_vt_16k:0272,ruler_vt_16k,L12,ALL,[13],0.8666666666666667,0.4,0.8666666666666667,0.8666666666666667,0.0,0.0,1,0
ruler_vt_16k:0272,ruler_vt_16k,L18,OFF,[9],0.6,0.4,0.6,0.6,0.0,0.0,1,0
ruler_vt_16k:0272,ruler_vt_16k,L18,L0,"[1, 2, 3, 4, 5, 6, 7, 8, 9, 10, 11, 12, 13, 14]",0.5,0.0,,,,0.0,0,0
ruler_vt_16k:0272,ruler_vt_16k,L18,L6,"[1, 2, 3, 4, 5, 6, 7, 8, 9, 10, 11, 12, 13, 14]",0.5,0.0,,,,0.0,0,0
ruler_vt_16k:0272,ruler_vt_16k,L18,L12,"[1, 2, 3, 4, 5, 6, 7, 8, 9, 10, 11, 12, 13, 14]",0.5,0.0,,,,0.0,0,0
ruler_vt_16k:0272,ruler_vt_16k,L18,L24,"[1, 2, 3, 4, 5, 6, 7, 8, 9, 10, 11, 12, 13, 14]",0.5,0.0,,,,0.0,0,0
ruler_vt_16k:0272,ruler_vt_16k,L18,ALL,"[1, 2, 3, 4, 5, 6, 7, 8, 9, 10, 11, 12, 13, 14]",0.5,0.0,,,,0.0,0,0
ruler_vt_16k:0272,ruler_vt_16k,L24,OFF,[12],0.8,0.4,0.8,0.8,0.0,0.0,1,0
ruler_vt_16k:0272,ruler_vt_16k,L24,L0,[12],0.8,0.4,0.8,0.8,0.0,0.0,1,0
ruler_vt_16k:0272,ruler_vt_16k,L24,L6,"[3, 5, 13]",0.4666666666666667,0.0,0.2,0.8666666666666667,0.6666666666666666,0.0,3,0
ruler_vt_16k:0272,ruler_vt_16k,L24,L12,"[1, 2, 3, 4, 5, 6, 7, 8, 9, 10, 11, 12, 13, 14]",0.5,0.0,,,,0.0,0,0
ruler_vt_16k:0272,ruler_vt_16k,L24,L18,"[1, 2, 3, 4, 5, 6, 7, 8, 9, 10, 11, 12, 13, 14]",0.5,0.0,,,,0.0,0,0
ruler_vt_16k:0272,ruler_vt_16k,L24,ALL,"[1, 2, 3, 4, 5, 6, 7, 8, 9, 10, 11, 12, 13, 14]",0.5,0.0,,,,0.0,0,0
ruler_vt_16k:0272,ruler_vt_16k,ALL,OFF,"[1, 2, 3, 4, 5, 6, 7, 8, 9, 10, 11, 12, 13, 14]",0.5,0.0,,,,0.0,0,0
ruler_vt_16k:0272,ruler_vt_16k,ALL,L0,"[1, 2, 3, 4, 5, 6, 7, 8, 9, 10, 11, 12, 13, 14]",0.5,0.0,,,,0.0,0,0
ruler_vt_16k:0272,ruler_vt_16k,ALL,L6,"[1, 2, 3, 4, 5, 6, 7, 8, 9, 10, 11, 12, 13, 14]",0.5,0.0,,,,0.0,0,0
ruler_vt_16k:0272,ruler_vt_16k,ALL,L12,[12],0.8,0.4,0.8,0.8,0.0,0.0,1,0
ruler_vt_16k:0272,ruler_vt_16k,ALL,L18,[5],0.3333333333333333,0.4,0.3333333333333333,0.3333333333333333,0.0,0.0,1,0
ruler_vt_16k:0272,ruler_vt_16k,ALL,L24,"[1, 2, 3, 4, 5, 6, 7, 8, 9, 10, 11, 12, 13, 14]",0.5,0.0,,,,0.0,0,0
ruler_vt_16k:0277,ruler_vt_16k,OFF,L0,"[1, 2, 3, 4, 5, 6, 7, 8, 9, 10, 11, 12, 13, 14]",0.5,0.0,,,,0.0,0,0
ruler_vt_16k:0277,ruler_vt_16k,OFF,L6,[10],0.6666666666666666,0.19999999999999996,0.6666666666666666,0.6666666666666666,0.0,0.0,1,1
ruler_vt_16k:0277,ruler_vt_16k,OFF,L12,"[1, 2, 3, 4, 5, 6, 7, 8, 9, 10, 11, 12, 13, 14]",0.5,0.0,,,,0.0,0,0
ruler_vt_16k:0277,ruler_vt_16k,OFF,L18,"[1, 2, 3, 4, 5, 6, 7, 8, 9, 10, 11, 12, 13, 14]",0.5,0.0,,,,0.0,0,0
ruler_vt_16k:0277,ruler_vt_16k,OFF,L24,"[1, 2, 3, 4, 5, 6, 7, 8, 9, 10, 11, 12, 13, 14]",0.5,0.0,,,,0.0,0,0
ruler_vt_16k:0277,ruler_vt_16k,OFF,ALL,[1],0.06666666666666667,0.19999999999999996,0.06666666666666667,0.06666666666666667,0.0,0.0,1,1
ruler_vt_16k:0277,ruler_vt_16k,L0,OFF,[5],0.3333333333333333,0.19999999999999996,0.3333333333333333,0.3333333333333333,0.0,0.0,1,1
ruler_vt_16k:0277,ruler_vt_16k,L0,L6,"[1, 2, 3, 4, 5, 6, 7, 8, 9, 10, 11, 12, 13, 14]",0.5,0.0,,,,0.0,0,0
ruler_vt_16k:0277,ruler_vt_16k,L0,L12,"[2, 7]",0.3,0.0,0.13333333333333333,0.4666666666666667,0.3333333333333333,0.0,2,2
ruler_vt_16k:0277,ruler_vt_16k,L0,L18,"[2, 5]",0.23333333333333334,0.0,0.13333333333333333,0.3333333333333333,0.2,0.0,2,2
ruler_vt_16k:0277,ruler_vt_16k,L0,L24,[5],0.3333333333333333,0.19999999999999996,0.3333333333333333,0.3333333333333333,0.0,0.0,1,1
ruler_vt_16k:0277,ruler_vt_16k,L0,ALL,"[3, 9, 11]",0.5111111111111112,0.0,0.2,0.7333333333333333,0.5333333333333333,0.0,3,3
ruler_vt_16k:0277,ruler_vt_16k,L6,OFF,[4],0.26666666666666666,0.19999999999999996,0.26666666666666666,0.26666666666666666,0.0,0.0,1,1
ruler_vt_16k:0277,ruler_vt_16k,L6,L0,"[1, 2, 3, 4, 5, 6, 7, 8, 9, 10, 11, 12, 13, 14]",0.5,0.0,,,,0.0,0,0
ruler_vt_16k:0277,ruler_vt_16k,L6,L12,[9],0.6,0.19999999999999996,0.6,0.6,0.0,0.0,1,1
ruler_vt_16k:0277,ruler_vt_16k,L6,L18,[4],0.26666666666666666,0.19999999999999996,0.26666666666666666,0.26666666666666666,0.0,0.0,1,1
ruler_vt_16k:0277,ruler_vt_16k,L6,L24,[4],0.26666666666666666,0.19999999999999996,0.26666666666666666,0.26666666666666666,0.0,0.0,1,1
ruler_vt_16k:0277,ruler_vt_16k,L6,ALL,[11],0.7333333333333333,0.19999999999999996,0.7333333333333333,0.7333333333333333,0.0,0.0,1,1
ruler_vt_16k:0277,ruler_vt_16k,L12,OFF,"[1, 2, 3, 4, 5, 6, 7, 8, 9, 10, 11, 12, 13, 14]",0.5,0.0,,,,0.0,0,0
ruler_vt_16k:0277,ruler_vt_16k,L12,L0,"[1, 2, 3, 4, 5, 6, 7, 8, 9, 10, 11, 12, 13, 14]",0.5,0.0,,,,0.0,0,0
ruler_vt_16k:0277,ruler_vt_16k,L12,L6,"[1, 2, 3, 4, 5, 6, 7, 8, 9, 10, 11, 12, 13, 14]",0.5,0.0,,,,0.0,0,0
ruler_vt_16k:0277,ruler_vt_16k,L12,L18,"[1, 2, 3, 4, 5, 6, 7, 8, 9, 10, 11, 12, 13, 14]",0.5,0.0,,,,0.0,0,0
ruler_vt_16k:0277,ruler_vt_16k,L12,L24,"[1, 2, 3, 4, 5, 6, 7, 8, 9, 10, 11, 12, 13, 14]",0.5,0.0,,,,0.0,0,0
ruler_vt_16k:0277,ruler_vt_16k,L12,ALL,"[1, 2, 3, 4, 5, 6, 7, 8, 9, 10, 11, 12, 13, 14]",0.5,0.0,,,,0.0,0,0
ruler_vt_16k:0277,ruler_vt_16k,L18,OFF,"[1, 2, 3, 4, 5, 6, 7, 8, 9, 10, 11, 12, 13, 14]",0.5,0.0,,,,0.0,0,0
ruler_vt_16k:0277,ruler_vt_16k,L18,L0,"[1, 2, 3, 4, 5, 6, 7, 8, 9, 10, 11, 12, 13, 14]",0.5,0.0,,,,0.0,0,0
ruler_vt_16k:0277,ruler_vt_16k,L18,L6,"[1, 2, 3, 4, 5, 6, 7, 8, 9, 10, 11, 12, 13, 14]",0.5,0.0,,,,0.0,0,0
ruler_vt_16k:0277,ruler_vt_16k,L18,L12,"[1, 2, 3, 4, 5, 6, 7, 8, 9, 10, 11, 12, 13, 14]",0.5,0.0,,,,0.0,0,0
ruler_vt_16k:0277,ruler_vt_16k,L18,L24,"[1, 2, 3, 4, 5, 6, 7, 8, 9, 10, 11, 12, 13, 14]",0.5,0.0,,,,0.0,0,0
ruler_vt_16k:0277,ruler_vt_16k,L18,ALL,"[1, 2, 3, 4, 5, 6, 7, 8, 9, 10, 11, 12, 13, 14]",0.5,0.0,,,,0.0,0,0
ruler_vt_16k:0277,ruler_vt_16k,L24,OFF,"[1, 2, 3, 4, 5, 6, 7, 8, 9, 10, 11, 12, 13, 14]",0.5,0.0,,,,0.0,0,0
ruler_vt_16k:0277,ruler_vt_16k,L24,L0,"[1, 2, 3, 4, 5, 6, 7, 8, 9, 10, 11, 12, 13, 14]",0.5,0.0,,,,0.0,0,0
ruler_vt_16k:0277,ruler_vt_16k,L24,L6,[10],0.6666666666666666,0.19999999999999996,0.6666666666666666,0.6666666666666666,0.0,0.0,1,1
ruler_vt_16k:0277,ruler_vt_16k,L24,L12,[2],0.13333333333333333,0.19999999999999996,0.13333333333333333,0.13333333333333333,0.0,0.0,1,1
ruler_vt_16k:0277,ruler_vt_16k,L24,L18,"[1, 2, 3, 4, 5, 6, 7, 8, 9, 10, 11, 12, 13, 14]",0.5,0.0,,,,0.0,0,0
ruler_vt_16k:0277,ruler_vt_16k,L24,ALL,"[1, 7]",0.26666666666666666,0.0,0.06666666666666667,0.4666666666666667,0.4,0.0,2,2
ruler_vt_16k:0277,ruler_vt_16k,ALL,OFF,"[1, 2, 3, 4, 5, 6, 7, 8, 9, 10, 11, 12, 13, 14]",0.5,0.0,,,,0.0,0,0
ruler_vt_16k:0277,ruler_vt_16k,ALL,L0,[9],0.6,0.19999999999999996,0.6,0.6,0.0,0.0,1,1
ruler_vt_16k:0277,ruler_vt_16k,ALL,L6,[2],0.13333333333333333,0.19999999999999996,0.13333333333333333,0.13333333333333333,0.0,0.0,1,1
ruler_vt_16k:0277,ruler_vt_16k,ALL,L12,[4],0.26666666666666666,0.19999999999999996,0.26666666666666666,0.26666666666666666,0.0,0.0,1,1
ruler_vt_16k:0277,ruler_vt_16k,ALL,L18,"[1, 2, 3, 4, 5, 6, 7, 8, 9, 10, 11, 12, 13, 14]",0.5,0.0,,,,0.0,0,0
ruler_vt_16k:0277,ruler_vt_16k,ALL,L24,"[1, 2, 3, 4, 5, 6, 7, 8, 9, 10, 11, 12, 13, 14]",0.5,0.0,,,,0.0,0,0
ruler_vt_16k:0279,ruler_vt_16k,OFF,L0,"[1, 2, 3, 4, 5, 6, 7, 8, 9, 10, 11, 12, 13, 14]",0.5,0.0,,,,0.0,0,0
ruler_vt_16k:0279,ruler_vt_16k,OFF,L6,"[1, 2, 3, 4, 5, 6, 7, 8, 9, 10, 11, 12, 13, 14]",0.5,0.0,,,,0.0,0,0
ruler_vt_16k:0279,ruler_vt_16k,OFF,L12,"[1, 2, 3, 4, 5, 6, 7, 8, 9, 10, 11, 12, 13, 14]",0.5,0.0,,,,0.0,0,0
ruler_vt_16k:0279,ruler_vt_16k,OFF,L18,"[1, 2, 3, 4, 5, 6, 7, 8, 9, 10, 11, 12, 13, 14]",0.5,0.0,,,,0.0,0,0
ruler_vt_16k:0279,ruler_vt_16k,OFF,L24,"[1, 2, 3, 4, 5, 6, 7, 8, 9, 10, 11, 12, 13, 14]",0.5,0.0,,,,0.0,0,0
ruler_vt_16k:0279,ruler_vt_16k,OFF,ALL,"[1, 2, 3, 4, 5, 6, 7, 8, 9, 10, 11, 12, 13, 14]",0.5,0.0,,,,0.0,0,0
ruler_vt_16k:0279,ruler_vt_16k,L0,OFF,"[1, 2, 3, 4, 5, 6, 7, 8, 9, 10, 11, 12, 13, 14]",0.5,0.0,,,,0.0,0,0
ruler_vt_16k:0279,ruler_vt_16k,L0,L6,"[1, 2, 3, 4, 5, 6, 7, 8, 9, 10, 11, 12, 13, 14]",0.5,0.0,,,,0.0,0,0
ruler_vt_16k:0279,ruler_vt_16k,L0,L12,[1],0.06666666666666667,0.6,0.06666666666666667,0.06666666666666667,0.0,0.0,1,1
ruler_vt_16k:0279,ruler_vt_16k,L0,L18,[11],0.7333333333333333,0.6,0.7333333333333333,0.7333333333333333,0.0,0.0,1,1
ruler_vt_16k:0279,ruler_vt_16k,L0,L24,"[1, 2, 3, 4, 5, 6, 7, 8, 9, 10, 11, 12, 13, 14]",0.5,0.0,,,,0.0,0,0
ruler_vt_16k:0279,ruler_vt_16k,L0,ALL,"[1, 2, 3, 4, 5, 6, 7, 8, 9, 10, 11, 12, 13, 14]",0.5,0.0,,,,0.0,0,0
ruler_vt_16k:0279,ruler_vt_16k,L6,OFF,"[1, 2, 3, 4, 5, 6, 7, 8, 9, 10, 11, 12, 13, 14]",0.5,0.0,,,,0.0,0,0
ruler_vt_16k:0279,ruler_vt_16k,L6,L0,"[10, 11]",0.7,0.0,0.6666666666666666,0.7333333333333333,0.06666666666666667,0.06666666666666667,2,2
ruler_vt_16k:0279,ruler_vt_16k,L6,L12,"[1, 2, 3, 4, 5, 6, 7, 8, 9, 10, 11, 12, 13, 14]",0.5,0.0,,,,0.0,0,0
ruler_vt_16k:0279,ruler_vt_16k,L6,L18,"[1, 2, 3, 4, 5, 6, 7, 8, 9, 10, 11, 12, 13, 14]",0.5,0.0,,,,0.0,0,0
ruler_vt_16k:0279,ruler_vt_16k,L6,L24,[4],0.26666666666666666,0.6,0.26666666666666666,0.26666666666666666,0.0,0.0,1,1
ruler_vt_16k:0279,ruler_vt_16k,L6,ALL,"[1, 2, 3, 4, 5, 6, 7, 8, 9, 10, 11, 12, 13, 14]",0.5,0.0,,,,0.0,0,0
ruler_vt_16k:0279,ruler_vt_16k,L12,OFF,"[1, 2, 3, 4, 5, 6, 7, 8, 9, 10, 11, 12, 13, 14]",0.5,0.0,,,,0.0,0,0
ruler_vt_16k:0279,ruler_vt_16k,L12,L0,"[1, 2, 3, 4, 5, 6, 7, 8, 9, 10, 11, 12, 13, 14]",0.5,0.0,,,,0.0,0,0
ruler_vt_16k:0279,ruler_vt_16k,L12,L6,"[1, 2, 3, 4, 5, 6, 7, 8, 9, 10, 11, 12, 13, 14]",0.5,0.0,,,,0.0,0,0
ruler_vt_16k:0279,ruler_vt_16k,L12,L18,"[1, 2, 3, 4, 5, 6, 7, 8, 9, 10, 11, 12, 13, 14]",0.5,0.0,,,,0.0,0,0
ruler_vt_16k:0279,ruler_vt_16k,L12,L24,"[1, 2, 3, 4, 5, 6, 7, 8, 9, 10, 11, 12, 13, 14]",0.5,0.0,,,,0.0,0,0
ruler_vt_16k:0279,ruler_vt_16k,L12,ALL,"[1, 2, 3, 4, 5, 6, 7, 8, 9, 10, 11, 12, 13, 14]",0.5,0.0,,,,0.0,0,0
ruler_vt_16k:0279,ruler_vt_16k,L18,OFF,"[1, 2, 3, 4, 5, 6, 7, 8, 9, 10, 11, 12, 13, 14]",0.5,0.0,,,,0.0,0,0
ruler_vt_16k:0279,ruler_vt_16k,L18,L0,"[1, 2, 3, 4, 5, 6, 7, 8, 9, 10, 11, 12, 13, 14]",0.5,0.0,,,,0.0,0,0
ruler_vt_16k:0279,ruler_vt_16k,L18,L6,"[1, 2, 3, 4, 5, 6, 7, 8, 9, 10, 11, 12, 13, 14]",0.5,0.0,,,,0.0,0,0
ruler_vt_16k:0279,ruler_vt_16k,L18,L12,"[1, 2, 3, 4, 5, 6, 7, 8, 9, 10, 11, 12, 13, 14]",0.5,0.0,,,,0.0,0,0
ruler_vt_16k:0279,ruler_vt_16k,L18,L24,"[1, 2, 3, 4, 5, 6, 7, 8, 9, 10, 11, 12, 13, 14]",0.5,0.0,,,,0.0,0,0
ruler_vt_16k:0279,ruler_vt_16k,L18,ALL,"[1, 2, 3, 4, 5, 6, 7, 8, 9, 10, 11, 12, 13, 14]",0.5,0.0,,,,0.0,0,0
ruler_vt_16k:0279,ruler_vt_16k,L24,OFF,"[1, 2, 3, 4, 5, 6, 7, 8, 9, 10, 11, 12, 13, 14]",0.5,0.0,,,,0.0,0,0
ruler_vt_16k:0279,ruler_vt_16k,L24,L0,[9],0.6,0.6,0.6,0.6,0.0,0.0,1,1
ruler_vt_16k:0279,ruler_vt_16k,L24,L6,"[1, 2, 3, 4, 5, 6, 7, 8, 9, 10, 11, 12, 13, 14]",0.5,0.0,,,,0.0,0,0
ruler_vt_16k:0279,ruler_vt_16k,L24,L12,"[1, 2, 3, 4, 5, 6, 7, 8, 9, 10, 11, 12, 13, 14]",0.5,0.0,,,,0.0,0,0
ruler_vt_16k:0279,ruler_vt_16k,L24,L18,"[1, 2, 3, 4, 5, 6, 7, 8, 9, 10, 11, 12, 13, 14]",0.5,0.0,,,,0.0,0,0
ruler_vt_16k:0279,ruler_vt_16k,L24,ALL,"[1, 2, 3, 4, 5, 6, 7, 8, 9, 10, 11, 12, 13, 14]",0.5,0.0,,,,0.0,0,0
ruler_vt_16k:0279,ruler_vt_16k,ALL,OFF,[8],0.5333333333333333,0.6,0.5333333333333333,0.5333333333333333,0.0,0.0,1,1
ruler_vt_16k:0279,ruler_vt_16k,ALL,L0,"[1, 2, 3, 4, 5, 6, 7, 8, 9, 10, 11, 12, 13, 14]",0.5,0.0,,,,0.0,0,0
ruler_vt_16k:0279,ruler_vt_16k,ALL,L6,"[5, 12]",0.5666666666666667,0.0,0.3333333333333333,0.8,0.4666666666666667,0.0,2,2
ruler_vt_16k:0279,ruler_vt_16k,ALL,L12,"[1, 2, 3, 4, 5, 6, 7, 8, 9, 10, 11, 12, 13, 14]",0.5,0.0,,,,0.0,0,0
ruler_vt_16k:0279,ruler_vt_16k,ALL,L18,"[1, 2, 3, 4, 5, 6, 7, 8, 9, 10, 11, 12, 13, 14]",0.5,0.0,,,,0.0,0,0
ruler_vt_16k:0279,ruler_vt_16k,ALL,L24,[8],0.5333333333333333,0.6,0.5333333333333333,0.5333333333333333,0.0,0.0,1,1
ruler_vt_16k:0286,ruler_vt_16k,OFF,L0,"[1, 8, 11, 12, 13]",0.6,0.0,0.06666666666666667,0.8666666666666667,0.8,0.13333333333333333,5,0
ruler_vt_16k:0286,ruler_vt_16k,OFF,L6,[11],0.7333333333333333,0.20000000000000007,0.7333333333333333,0.7333333333333333,0.0,0.0,1,0
ruler_vt_16k:0286,ruler_vt_16k,OFF,L12,"[4, 8]",0.4,0.0,0.26666666666666666,0.5333333333333333,0.26666666666666666,0.0,2,0
ruler_vt_16k:0286,ruler_vt_16k,OFF,L18,"[1, 2, 3, 4, 5, 6, 7, 8, 9, 10, 11, 12, 13, 14]",0.5,0.0,,,,0.0,0,0
ruler_vt_16k:0286,ruler_vt_16k,OFF,L24,"[1, 6]",0.23333333333333334,0.0,0.06666666666666667,0.4,0.3333333333333333,0.0,2,0
ruler_vt_16k:0286,ruler_vt_16k,OFF,ALL,"[1, 3, 9, 14]",0.45,0.0,0.06666666666666667,0.9333333333333333,0.8666666666666667,0.0,4,0
ruler_vt_16k:0286,ruler_vt_16k,L0,OFF,"[7, 11, 12, 13, 14]",0.76,0.0,0.4666666666666667,0.9333333333333333,0.4666666666666667,0.2,5,0
ruler_vt_16k:0286,ruler_vt_16k,L0,L6,"[9, 13, 14]",0.8,0.0,0.6,0.9333333333333333,0.3333333333333333,0.06666666666666667,3,0
ruler_vt_16k:0286,ruler_vt_16k,L0,L12,"[9, 11, 12, 13, 14]",0.7866666666666667,0.0,0.6,0.9333333333333333,0.3333333333333333,0.2,5,0
ruler_vt_16k:0286,ruler_vt_16k,L0,L18,"[8, 9, 11, 12, 13, 14]",0.7444444444444444,0.0,0.5333333333333333,0.9333333333333333,0.4,0.2,6,0
ruler_vt_16k:0286,ruler_vt_16k,L0,L24,"[7, 11, 13, 14]",0.75,0.0,0.4666666666666667,0.9333333333333333,0.4666666666666667,0.06666666666666667,4,0
ruler_vt_16k:0286,ruler_vt_16k,L0,ALL,"[5, 8, 12]",0.5555555555555556,0.0,0.3333333333333333,0.8,0.4666666666666667,0.0,3,0
ruler_vt_16k:0286,ruler_vt_16k,L6,OFF,"[1, 2, 3, 4, 5, 6, 7, 8, 9, 10, 11, 12, 13, 14]",0.5,0.0,,,,0.0,0,0
ruler_vt_16k:0286,ruler_vt_16k,L6,L0,[1],0.06666666666666667,0.20000000000000007,0.06666666666666667,0.06666666666666667,0.0,0.0,1,0
ruler_vt_16k:0286,ruler_vt_16k,L6,L12,"[2, 9]",0.36666666666666664,0.0,0.13333333333333333,0.6,0.4666666666666667,0.0,2,0
ruler_vt_16k:0286,ruler_vt_16k,L6,L18,[4],0.26666666666666666,0.20000000000000007,0.26666666666666666,0.26666666666666666,0.0,0.0,1,0
ruler_vt_16k:0286,ruler_vt_16k,L6,L24,"[1, 2, 3, 4, 5, 6, 7, 8, 9, 10, 11, 12, 13, 14]",0.5,0.0,,,,0.0,0,0
ruler_vt_16k:0286,ruler_vt_16k,L6,ALL,[5],0.3333333333333333,0.20000000000000007,0.3333333333333333,0.3333333333333333,0.0,0.0,1,0
ruler_vt_16k:0286,ruler_vt_16k,L12,OFF,"[1, 2, 3, 4, 5, 6, 7, 8, 9, 10, 11, 12, 13, 14]",0.5,0.0,,,,0.0,0,0
ruler_vt_16k:0286,ruler_vt_16k,L12,L0,[1],0.06666666666666667,0.20000000000000007,0.06666666666666667,0.06666666666666667,0.0,0.0,1,0
ruler_vt_16k:0286,ruler_vt_16k,L12,L6,[3],0.2,0.20000000000000007,0.2,0.2,0.0,0.0,1,0
ruler_vt_16k:0286,ruler_vt_16k,L12,L18,[2],0.13333333333333333,0.20000000000000007,0.13333333333333333,0.13333333333333333,0.0,0.0,1,0
ruler_vt_16k:0286,ruler_vt_16k,L12,L24,"[1, 2, 3, 4, 5, 6, 7, 8, 9, 10, 11, 12, 13, 14]",0.5,0.0,,,,0.0,0,0
ruler_vt_16k:0286,ruler_vt_16k,L12,ALL,"[2, 5, 6]",0.28888888888888886,0.0,0.13333333333333333,0.4,0.26666666666666666,0.06666666666666667,3,0
ruler_vt_16k:0286,ruler_vt_16k,L18,OFF,[2],0.13333333333333333,0.20000000000000007,0.13333333333333333,0.13333333333333333,0.0,0.0,1,0
ruler_vt_16k:0286,ruler_vt_16k,L18,L0,"[1, 6, 11]",0.4,0.0,0.06666666666666667,0.7333333333333333,0.6666666666666666,0.0,3,0
ruler_vt_16k:0286,ruler_vt_16k,L18,L6,[5],0.3333333333333333,0.20000000000000007,0.3333333333333333,0.3333333333333333,0.0,0.0,1,0
ruler_vt_16k:0286,ruler_vt_16k,L18,L12,"[1, 2, 3, 4, 5, 6, 7, 8, 9, 10, 11, 12, 13, 14]",0.5,0.0,,,,0.0,0,0
ruler_vt_16k:0286,ruler_vt_16k,L18,L24,"[1, 2, 3, 4, 5, 6, 7, 8, 9, 10, 11, 12, 13, 14]",0.5,0.0,,,,0.0,0,0
ruler_vt_16k:0286,ruler_vt_16k,L18,ALL,"[5, 8]",0.43333333333333335,0.0,0.3333333333333333,0.5333333333333333,0.2,0.0,2,0
ruler_vt_16k:0286,ruler_vt_16k,L24,OFF,"[4, 12]",0.5333333333333333,0.0,0.26666666666666666,0.8,0.5333333333333333,0.0,2,0
ruler_vt_16k:0286,ruler_vt_16k,L24,L0,[1],0.06666666666666667,0.20000000000000007,0.06666666666666667,0.06666666666666667,0.0,0.0,1,0
ruler_vt_16k:0286,ruler_vt_16k,L24,L6,"[1, 2, 3, 4, 5, 6, 7, 8, 9, 10, 11, 12, 13, 14]",0.5,0.0,,,,0.0,0,0
ruler_vt_16k:0286,ruler_vt_16k,L24,L12,[9],0.6,0.20000000000000007,0.6,0.6,0.0,0.0,1,0
ruler_vt_16k:0286,ruler_vt_16k,L24,L18,"[1, 2, 3, 4, 5, 6, 7, 8, 9, 10, 11, 12, 13, 14]",0.5,0.0,,,,0.0,0,0
ruler_vt_16k:0286,ruler_vt_16k,L24,ALL,"[2, 3, 8, 9, 14]",0.48000000000000004,0.0,0.13333333333333333,0.9333333333333333,0.8,0.06666666666666667,5,0
ruler_vt_16k:0286,ruler_vt_16k,ALL,OFF,"[8, 9, 12, 13]",0.7,0.0,0.5333333333333333,0.8666666666666667,0.3333333333333333,0.06666666666666667,4,0
ruler_vt_16k:0286,ruler_vt_16k,ALL,L0,"[3, 8, 11, 12, 14]",0.64,0.0,0.2,0.9333333333333333,0.7333333333333333,0.06666666666666667,5,0
ruler_vt_16k:0286,ruler_vt_16k,ALL,L6,"[10, 12, 13]",0.7777777777777778,0.0,0.6666666666666666,0.8666666666666667,0.2,0.06666666666666667,3,0
ruler_vt_16k:0286,ruler_vt_16k,ALL,L12,"[6, 8, 9, 12, 13]",0.64,0.0,0.4,0.8666666666666667,0.4666666666666667,0.06666666666666667,5,0
ruler_vt_16k:0286,ruler_vt_16k,ALL,L18,"[7, 11, 12]",0.6666666666666666,0.0,0.4666666666666667,0.8,0.3333333333333333,0.06666666666666667,3,0
ruler_vt_16k:0286,ruler_vt_16k,ALL,L24,"[8, 9, 12, 13]",0.7,0.0,0.5333333333333333,0.8666666666666667,0.3333333333333333,0.06666666666666667,4,0
ruler_vt_16k:0295,ruler_vt_16k,OFF,L0,"[1, 2, 3, 4, 5, 6, 7, 8, 9, 10, 11, 12, 13, 14]",0.5,0.0,,,,0.0,0,0
ruler_vt_16k:0295,ruler_vt_16k,OFF,L6,"[1, 2, 3, 4, 5, 6, 7, 8, 9, 10, 11, 12, 13, 14]",0.5,0.0,,,,0.0,0,0
ruler_vt_16k:0295,ruler_vt_16k,OFF,L12,"[1, 2, 3, 4, 5, 6, 7, 8, 9, 10, 11, 12, 13, 14]",0.5,0.0,,,,0.0,0,0
ruler_vt_16k:0295,ruler_vt_16k,OFF,L18,"[1, 2, 3, 4, 5, 6, 7, 8, 9, 10, 11, 12, 13, 14]",0.5,0.0,,,,0.0,0,0
ruler_vt_16k:0295,ruler_vt_16k,OFF,L24,"[1, 2, 3, 4, 5, 6, 7, 8, 9, 10, 11, 12, 13, 14]",0.5,0.0,,,,0.0,0,0
ruler_vt_16k:0295,ruler_vt_16k,OFF,ALL,"[1, 2, 3, 4, 5, 6, 7, 8, 9, 10, 11, 12, 13, 14]",0.5,0.0,,,,0.0,0,0
ruler_vt_16k:0295,ruler_vt_16k,L0,OFF,"[2, 8]",0.3333333333333333,0.0,0.13333333333333333,0.5333333333333333,0.4,0.0,2,0
ruler_vt_16k:0295,ruler_vt_16k,L0,L6,"[1, 2, 3, 4, 5, 6, 7, 8, 9, 10, 11, 12, 13, 14]",0.5,0.0,,,,0.0,0,0
ruler_vt_16k:0295,ruler_vt_16k,L0,L12,"[1, 2, 3, 4, 5, 6, 7, 8, 9, 10, 11, 12, 13, 14]",0.5,0.0,,,,0.0,0,0
ruler_vt_16k:0295,ruler_vt_16k,L0,L18,"[2, 13]",0.5,0.0,0.13333333333333333,0.8666666666666667,0.7333333333333333,0.0,2,0
ruler_vt_16k:0295,ruler_vt_16k,L0,L24,[8],0.5333333333333333,0.4,0.5333333333333333,0.5333333333333333,0.0,0.0,1,0
ruler_vt_16k:0295,ruler_vt_16k,L0,ALL,"[5, 13]",0.6,0.0,0.3333333333333333,0.8666666666666667,0.5333333333333333,0.0,2,0
ruler_vt_16k:0295,ruler_vt_16k,L6,OFF,"[1, 2, 3, 4, 5, 6, 7, 8, 9, 10, 11, 12, 13, 14]",0.5,0.0,,,,0.0,0,0
ruler_vt_16k:0295,ruler_vt_16k,L6,L0,"[2, 6, 11, 12]",0.5166666666666667,0.0,0.13333333333333333,0.8,0.6666666666666666,0.06666666666666667,4,0
ruler_vt_16k:0295,ruler_vt_16k,L6,L12,"[1, 2, 3, 4, 5, 6, 7, 8, 9, 10, 11, 12, 13, 14]",0.5,0.0,,,,0.0,0,0
ruler_vt_16k:0295,ruler_vt_16k,L6,L18,[3],0.2,0.4,0.2,0.2,0.0,0.0,1,0
ruler_vt_16k:0295,ruler_vt_16k,L6,L24,"[1, 2, 3, 4, 5, 6, 7, 8, 9, 10, 11, 12, 13, 14]",0.5,0.0,,,,0.0,0,0
ruler_vt_16k:0295,ruler_vt_16k,L6,ALL,"[1, 2, 3, 4, 5, 6, 7, 8, 9, 10, 11, 12, 13, 14]",0.5,0.0,,,,0.0,0,0
ruler_vt_16k:0295,ruler_vt_16k,L12,OFF,"[1, 2, 3, 4, 5, 6, 7, 8, 9, 10, 11, 12, 13, 14]",0.5,0.0,,,,0.0,0,0
ruler_vt_16k:0295,ruler_vt_16k,L12,L0,"[1, 2, 3, 4, 5, 6, 7, 8, 9, 10, 11, 12, 13, 14]",0.5,0.0,,,,0.0,0,0
ruler_vt_16k:0295,ruler_vt_16k,L12,L6,[8],0.5333333333333333,0.4,0.5333333333333333,0.5333333333333333,0.0,0.0,1,0
ruler_vt_16k:0295,ruler_vt_16k,L12,L18,"[1, 2, 3, 4, 5, 6, 7, 8, 9, 10, 11, 12, 13, 14]",0.5,0.0,,,,0.0,0,0
ruler_vt_16k:0295,ruler_vt_16k,L12,L24,"[1, 2, 3, 4, 5, 6, 7, 8, 9, 10, 11, 12, 13, 14]",0.5,0.0,,,,0.0,0,0
ruler_vt_16k:0295,ruler_vt_16k,L12,ALL,"[8, 12]",0.6666666666666666,0.0,0.5333333333333333,0.8,0.26666666666666666,0.0,2,0
ruler_vt_16k:0295,ruler_vt_16k,L18,OFF,"[1, 2, 3, 4, 5, 6, 7, 8, 9, 10, 11, 12, 13, 14]",0.5,0.0,,,,0.0,0,0
ruler_vt_16k:0295,ruler_vt_16k,L18,L0,"[1, 2, 3, 4, 5, 6, 7, 8, 9, 10, 11, 12, 13, 14]",0.5,0.0,,,,0.0,0,0
ruler_vt_16k:0295,ruler_vt_16k,L18,L6,"[1, 2, 3, 4, 5, 6, 7, 8, 9, 10, 11, 12, 13, 14]",0.5,0.0,,,,0.0,0,0
ruler_vt_16k:0295,ruler_vt_16k,L18,L12,"[1, 2, 3, 4, 5, 6, 7, 8, 9, 10, 11, 12, 13, 14]",0.5,0.0,,,,0.0,0,0
ruler_vt_16k:0295,ruler_vt_16k,L18,L24,"[1, 2, 3, 4, 5, 6, 7, 8, 9, 10, 11, 12, 13, 14]",0.5,0.0,,,,0.0,0,0
ruler_vt_16k:0295,ruler_vt_16k,L18,ALL,"[10, 12]",0.7333333333333333,0.0,0.6666666666666666,0.8,0.13333333333333333,0.0,2,0
ruler_vt_16k:0295,ruler_vt_16k,L24,OFF,"[1, 2, 3, 4, 5, 6, 7, 8, 9, 10, 11, 12, 13, 14]",0.5,0.0,,,,0.0,0,0
ruler_vt_16k:0295,ruler_vt_16k,L24,L0,"[1, 2, 3, 4, 5, 6, 7, 8, 9, 10, 11, 12, 13, 14]",0.5,0.0,,,,0.0,0,0
ruler_vt_16k:0295,ruler_vt_16k,L24,L6,"[1, 2, 3, 4, 5, 6, 7, 8, 9, 10, 11, 12, 13, 14]",0.5,0.0,,,,0.0,0,0
ruler_vt_16k:0295,ruler_vt_16k,L24,L12,"[1, 2, 3, 4, 5, 6, 7, 8, 9, 10, 11, 12, 13, 14]",0.5,0.0,,,,0.0,0,0
ruler_vt_16k:0295,ruler_vt_16k,L24,L18,"[1, 2, 3, 4, 5, 6, 7, 8, 9, 10, 11, 12, 13, 14]",0.5,0.0,,,,0.0,0,0
ruler_vt_16k:0295,ruler_vt_16k,L24,ALL,"[1, 2, 3, 4, 5, 6, 7, 8, 9, 10, 11, 12, 13, 14]",0.5,0.0,,,,0.0,0,0
ruler_vt_16k:0295,ruler_vt_16k,ALL,OFF,[8],0.5333333333333333,0.4,0.5333333333333333,0.5333333333333333,0.0,0.0,1,0
ruler_vt_16k:0295,ruler_vt_16k,ALL,L0,[13],0.8666666666666667,0.4,0.8666666666666667,0.8666666666666667,0.0,0.0,1,0
ruler_vt_16k:0295,ruler_vt_16k,ALL,L6,[1],0.06666666666666667,0.4,0.06666666666666667,0.06666666666666667,0.0,0.0,1,0
ruler_vt_16k:0295,ruler_vt_16k,ALL,L12,"[1, 2, 3, 4, 5, 6, 7, 8, 9, 10, 11, 12, 13, 14]",0.5,0.0,,,,0.0,0,0
ruler_vt_16k:0295,ruler_vt_16k,ALL,L18,[13],0.8666666666666667,0.4,0.8666666666666667,0.8666666666666667,0.0,0.0,1,0
ruler_vt_16k:0295,ruler_vt_16k,ALL,L24,[1],0.06666666666666667,0.4,0.06666666666666667,0.06666666666666667,0.0,0.0,1,0
ruler_vt_16k:0299,ruler_vt_16k,OFF,L0,"[1, 2, 3, 4, 5, 6, 7, 8, 9, 10, 11, 12, 13, 14]",0.5,0.0,,,,0.0,0,0
ruler_vt_16k:0299,ruler_vt_16k,OFF,L6,"[2, 3, 10]",0.3333333333333333,0.0,0.13333333333333333,0.6666666666666666,0.5333333333333333,0.06666666666666667,3,3
ruler_vt_16k:0299,ruler_vt_16k,OFF,L12,"[1, 2, 3, 4, 5, 6, 7, 8, 9, 10, 11, 12, 13, 14]",0.5,0.0,,,,0.0,0,0
ruler_vt_16k:0299,ruler_vt_16k,OFF,L18,"[1, 2, 3, 4, 5, 6, 7, 8, 9, 10, 11, 12, 13, 14]",0.5,0.0,,,,0.0,0,0
ruler_vt_16k:0299,ruler_vt_16k,OFF,L24,[2],0.13333333333333333,0.6,0.13333333333333333,0.13333333333333333,0.0,0.0,1,1
ruler_vt_16k:0299,ruler_vt_16k,OFF,ALL,"[2, 5]",0.23333333333333334,0.0,0.13333333333333333,0.3333333333333333,0.2,0.0,2,2
ruler_vt_16k:0299,ruler_vt_16k,L0,OFF,"[1, 2, 3, 4, 5, 6, 7, 8, 9, 10, 11, 12, 13, 14]",0.5,0.0,,,,0.0,0,0
ruler_vt_16k:0299,ruler_vt_16k,L0,L6,[7],0.4666666666666667,0.6,0.4666666666666667,0.4666666666666667,0.0,0.0,1,1
ruler_vt_16k:0299,ruler_vt_16k,L0,L12,"[1, 2, 3, 4, 5, 6, 7, 8, 9, 10, 11, 12, 13, 14]",0.5,0.0,,,,0.0,0,0
ruler_vt_16k:0299,ruler_vt_16k,L0,L18,"[1, 2, 3, 4, 5, 6, 7, 8, 9, 10, 11, 12, 13, 14]",0.5,0.0,,,,0.0,0,0
ruler_vt_16k:0299,ruler_vt_16k,L0,L24,"[1, 2, 3, 4, 5, 6, 7, 8, 9, 10, 11, 12, 13, 14]",0.5,0.0,,,,0.0,0,0
ruler_vt_16k:0299,ruler_vt_16k,L0,ALL,"[1, 2, 3, 4, 5, 6, 7, 8, 9, 10, 11, 12, 13, 14]",0.5,0.0,,,,0.0,0,0
ruler_vt_16k:0299,ruler_vt_16k,L6,OFF,[7],0.4666666666666667,0.6,0.4666666666666667,0.4666666666666667,0.0,0.0,1,1
ruler_vt_16k:0299,ruler_vt_16k,L6,L0,"[4, 10]",0.4666666666666667,0.0,0.26666666666666666,0.6666666666666666,0.4,0.0,2,2
ruler_vt_16k:0299,ruler_vt_16k,L6,L12,"[1, 2, 3, 4, 5, 6, 7, 8, 9, 10, 11, 12, 13, 14]",0.5,0.0,,,,0.0,0,0
ruler_vt_16k:0299,ruler_vt_16k,L6,L18,"[3, 6, 10]",0.4222222222222222,0.0,0.2,0.6666666666666666,0.4666666666666667,0.0,3,3
ruler_vt_16k:0299,ruler_vt_16k,L6,L24,"[2, 7]",0.3,0.0,0.13333333333333333,0.4666666666666667,0.3333333333333333,0.0,2,2
ruler_vt_16k:0299,ruler_vt_16k,L6,ALL,"[1, 2, 3, 4, 5, 6, 7, 8, 9, 10, 11, 12, 13, 14]",0.5,0.0,,,,0.0,0,0
ruler_vt_16k:0299,ruler_vt_16k,L12,OFF,"[1, 2, 3, 4, 5, 6, 7, 8, 9, 10, 11, 12, 13, 14]",0.5,0.0,,,,0.0,0,0
ruler_vt_16k:0299,ruler_vt_16k,L12,L0,"[1, 2, 3, 4, 5, 6, 7, 8, 9, 10, 11, 12, 13, 14]",0.5,0.0,,,,0.0,0,0
ruler_vt_16k:0299,ruler_vt_16k,L12,L6,[3],0.2,0.6,0.2,0.2,0.0,0.0,1,1
ruler_vt_16k:0299,ruler_vt_16k,L12,L18,"[2, 3, 9]",0.3111111111111111,0.0,0.13333333333333333,0.6,0.4666666666666667,0.06666666666666667,3,3
ruler_vt_16k:0299,ruler_vt_16k,L12,L24,"[1, 2, 3, 4, 5, 6, 7, 8, 9, 10, 11, 12, 13, 14]",0.5,0.0,,,,0.0,0,0
ruler_vt_16k:0299,ruler_vt_16k,L12,ALL,"[5, 7]",0.4,0.0,0.3333333333333333,0.4666666666666667,0.13333333333333333,0.0,2,2
ruler_vt_16k:0299,ruler_vt_16k,L18,OFF,"[1, 2, 3, 4, 5, 6, 7, 8, 9, 10, 11, 12, 13, 14]",0.5,0.0,,,,0.0,0,0
ruler_vt_16k:0299,ruler_vt_16k,L18,L0,"[1, 2, 3, 4, 5, 6, 7, 8, 9, 10, 11, 12, 13, 14]",0.5,0.0,,,,0.0,0,0
ruler_vt_16k:0299,ruler_vt_16k,L18,L6,"[3, 6, 9]",0.4,0.0,0.2,0.6,0.4,0.0,3,3
ruler_vt_16k:0299,ruler_vt_16k,L18,L12,"[1, 2, 3, 4, 5, 6, 7, 8, 9, 10, 11, 12, 13, 14]",0.5,0.0,,,,0.0,0,0
ruler_vt_16k:0299,ruler_vt_16k,L18,L24,"[1, 2, 3, 4, 5, 6, 7, 8, 9, 10, 11, 12, 13, 14]",0.5,0.0,,,,0.0,0,0
ruler_vt_16k:0299,ruler_vt_16k,L18,ALL,"[5, 14]",0.6333333333333333,0.0,0.3333333333333333,0.9333333333333333,0.6,0.0,2,2
ruler_vt_16k:0299,ruler_vt_16k,L24,OFF,"[1, 2, 3, 4, 5, 6, 7, 8, 9, 10, 11, 12, 13, 14]",0.5,0.0,,,,0.0,0,0
ruler_vt_16k:0299,ruler_vt_16k,L24,L0,[10],0.6666666666666666,0.6,0.6666666666666666,0.6666666666666666,0.0,0.0,1,1
ruler_vt_16k:0299,ruler_vt_16k,L24,L6,"[3, 9]",0.4,0.0,0.2,0.6,0.4,0.0,2,2
ruler_vt_16k:0299,ruler_vt_16k,L24,L12,[7],0.4666666666666667,0.6,0.4666666666666667,0.4666666666666667,0.0,0.0,1,1
ruler_vt_16k:0299,ruler_vt_16k,L24,L18,"[1, 2, 3, 4, 5, 6, 7, 8, 9, 10, 11, 12, 13, 14]",0.5,0.0,,,,0.0,0,0
ruler_vt_16k:0299,ruler_vt_16k,L24,ALL,"[2, 10, 13]",0.5555555555555556,0.0,0.13333333333333333,0.8666666666666667,0.7333333333333333,0.0,3,3
ruler_vt_16k:0299,ruler_vt_16k,ALL,OFF,[7],0.4666666666666667,0.6,0.4666666666666667,0.4666666666666667,0.0,0.0,1,1
ruler_vt_16k:0299,ruler_vt_16k,ALL,L0,"[1, 2, 3, 4, 5, 6, 7, 8, 9, 10, 11, 12, 13, 14]",0.5,0.0,,,,0.0,0,0
ruler_vt_16k:0299,ruler_vt_16k,ALL,L6,"[1, 2, 3, 4, 5, 6, 7, 8, 9, 10, 11, 12, 13, 14]",0.5,0.0,,,,0.0,0,0
ruler_vt_16k:0299,ruler_vt_16k,ALL,L12,[4],0.26666666666666666,0.6,0.26666666666666666,0.26666666666666666,0.0,0.0,1,1
ruler_vt_16k:0299,ruler_vt_16k,ALL,L18,"[1, 2, 3, 4, 5, 6, 7, 8, 9, 10, 11, 12, 13, 14]",0.5,0.0,,,,0.0,0,0
ruler_vt_16k:0299,ruler_vt_16k,ALL,L24,"[1, 2, 3, 4, 5, 6, 7, 8, 9, 10, 11, 12, 13, 14]",0.5,0.0,,,,0.0,0,0
ruler_vt_16k:0310,ruler_vt_16k,OFF,L0,[3],0.2,0.19999999999999996,,,,0.0,0,0
ruler_vt_16k:0310,ruler_vt_16k,OFF,L6,"[1, 2, 3, 4, 5, 6, 7, 8, 9, 10, 11, 12, 13, 14]",0.5,0.0,,,,0.0,0,0
ruler_vt_16k:0310,ruler_vt_16k,OFF,L12,"[1, 2, 3, 4, 5, 6, 7, 8, 9, 10, 11, 12, 13, 14]",0.5,0.0,,,,0.0,0,0
ruler_vt_16k:0310,ruler_vt_16k,OFF,L18,"[1, 2, 3, 4, 5, 6, 7, 8, 9, 10, 11, 12, 13, 14]",0.5,0.0,,,,0.0,0,0
ruler_vt_16k:0310,ruler_vt_16k,OFF,L24,"[1, 2, 3, 4, 5, 6, 7, 8, 9, 10, 11, 12, 13, 14]",0.5,0.0,,,,0.0,0,0
ruler_vt_16k:0310,ruler_vt_16k,OFF,ALL,"[1, 2, 3, 4, 5, 6, 7, 8, 9, 10, 11, 12, 13, 14]",0.5,0.0,,,,0.0,0,0
ruler_vt_16k:0310,ruler_vt_16k,L0,OFF,"[3, 6, 7]",0.3555555555555555,0.0,,,,0.0,0,0
ruler_vt_16k:0310,ruler_vt_16k,L0,L6,"[7, 10, 13, 14]",0.7333333333333333,0.0,,,,0.0,0,0
ruler_vt_16k:0310,ruler_vt_16k,L0,L12,[1],0.06666666666666667,0.20000000000000007,0.06666666666666667,0.06666666666666667,0.0,0.0,1,0
ruler_vt_16k:0310,ruler_vt_16k,L0,L18,[1],0.06666666666666667,0.20000000000000007,0.06666666666666667,0.06666666666666667,0.0,0.0,1,0
ruler_vt_16k:0310,ruler_vt_16k,L0,L24,[1],0.06666666666666667,0.20000000000000007,0.06666666666666667,0.06666666666666667,0.0,0.0,1,0
ruler_vt_16k:0310,ruler_vt_16k,L0,ALL,"[5, 7, 9, 11, 13, 14]",0.6555555555555556,0.0,,,,0.0,0,0
ruler_vt_16k:0310,ruler_vt_16k,L6,OFF,"[1, 2, 3, 4, 5, 6, 7, 8, 9, 10, 11, 12, 13, 14]",0.5,0.0,,,,0.0,0,0
ruler_vt_16k:0310,ruler_vt_16k,L6,L0,"[1, 2, 3, 4, 5, 6, 7, 8, 9, 10, 11, 12, 13, 14]",0.5,0.0,,,,0.0,0,0
ruler_vt_16k:0310,ruler_vt_16k,L6,L12,"[1, 2, 3, 4, 5, 6, 7, 8, 9, 10, 11, 12, 13, 14]",0.5,0.0,,,,0.0,0,0
ruler_vt_16k:0310,ruler_vt_16k,L6,L18,[10],0.6666666666666666,0.19999999999999996,,,,0.0,0,0
ruler_vt_16k:0310,ruler_vt_16k,L6,L24,"[1, 2, 3, 4, 5, 6, 7, 8, 9, 10, 11, 12, 13, 14]",0.5,0.0,,,,0.0,0,0
ruler_vt_16k:0310,ruler_vt_16k,L6,ALL,"[1, 2, 3, 4, 5, 6, 7, 8, 9, 10, 11, 12, 13, 14]",0.5,0.0,,,,0.0,0,0
ruler_vt_16k:0310,ruler_vt_16k,L12,OFF,"[1, 2, 3, 4, 5, 6, 7, 8, 9, 10, 11, 12, 13, 14]",0.5,0.0,,,,0.0,0,0
ruler_vt_16k:0310,ruler_vt_16k,L12,L0,"[1, 2, 3, 4, 5, 6, 7, 8, 9, 10, 11, 12, 13, 14]",0.5,0.0,,,,0.0,0,0
ruler_vt_16k:0310,ruler_vt_16k,L12,L6,[10],0.6666666666666666,0.4,0.6666666666666666,0.6666666666666666,0.0,0.0,1,0
ruler_vt_16k:0310,ruler_vt_16k,L12,L18,"[1, 2, 3, 4, 5, 6, 7, 8, 9, 10, 11, 12, 13, 14]",0.5,0.0,,,,0.0,0,0
ruler_vt_16k:0310,ruler_vt_16k,L12,L24,"[1, 2, 3, 4, 5, 6, 7, 8, 9, 10, 11, 12, 13, 14]",0.5,0.0,,,,0.0,0,0
ruler_vt_16k:0310,ruler_vt_16k,L12,ALL,"[1, 2, 3, 4, 5, 6, 7, 8, 9, 10, 11, 12, 13, 14]",0.5,0.0,,,,0.0,0,0
ruler_vt_16k:0310,ruler_vt_16k,L18,OFF,"[1, 2, 3, 4, 5, 6, 7, 8, 9, 10, 11, 12, 13, 14]",0.5,0.0,,,,0.0,0,0
ruler_vt_16k:0310,ruler_vt_16k,L18,L0,"[3, 4]",0.23333333333333334,0.0,,,,0.0,0,0
ruler_vt_16k:0310,ruler_vt_16k,L18,L6,[5],0.3333333333333333,0.4,0.3333333333333333,0.3333333333333333,0.0,0.0,1,0
ruler_vt_16k:0310,ruler_vt_16k,L18,L12,[8],0.5333333333333333,0.4,0.5333333333333333,0.5333333333333333,0.0,0.0,1,0
ruler_vt_16k:0310,ruler_vt_16k,L18,L24,"[1, 2, 3, 4, 5, 6, 7, 8, 9, 10, 11, 12, 13, 14]",0.5,0.0,,,,0.0,0,0
ruler_vt_16k:0310,ruler_vt_16k,L18,ALL,"[1, 2, 3, 4, 5, 6, 7, 8, 9, 10, 11, 12, 13, 14]",0.5,0.0,,,,0.0,0,0
ruler_vt_16k:0310,ruler_vt_16k,L24,OFF,"[1, 2, 3, 4, 5, 6, 7, 8, 9, 10, 11, 12, 13, 14]",0.5,0.0,,,,0.0,0,0
ruler_vt_16k:0310,ruler_vt_16k,L24,L0,[3],0.2,0.19999999999999996,,,,0.0,0,0
ruler_vt_16k:0310,ruler_vt_16k,L24,L6,"[1, 2, 3, 4, 5, 6, 7, 8, 9, 10, 11, 12, 13, 14]",0.5,0.0,,,,0.0,0,0
ruler_vt_16k:0310,ruler_vt_16k,L24,L12,"[1, 2, 3, 4, 5, 6, 7, 8, 9, 10, 11, 12, 13, 14]",0.5,0.0,,,,0.0,0,0
ruler_vt_16k:0310,ruler_vt_16k,L24,L18,"[1, 2, 3, 4, 5, 6, 7, 8, 9, 10, 11, 12, 13, 14]",0.5,0.0,,,,0.0,0,0
ruler_vt_16k:0310,ruler_vt_16k,L24,ALL,"[1, 2, 3, 4, 5, 6, 7, 8, 9, 10, 11, 12, 13, 14]",0.5,0.0,,,,0.0,0,0
ruler_vt_16k:0310,ruler_vt_16k,ALL,OFF,[3],0.2,0.19999999999999996,,,,0.0,0,0
ruler_vt_16k:0310,ruler_vt_16k,ALL,L0,"[1, 2, 3, 4, 5, 6, 7, 8, 9, 10, 11, 12, 13, 14]",0.5,0.0,,,,0.0,0,0
ruler_vt_16k:0310,ruler_vt_16k,ALL,L6,"[2, 4]",0.2,0.0,,,,0.0,0,0
ruler_vt_16k:0310,ruler_vt_16k,ALL,L12,[4],0.26666666666666666,0.19999999999999996,,,,0.0,0,0
ruler_vt_16k:0310,ruler_vt_16k,ALL,L18,"[1, 2, 3, 4, 5, 6, 7, 8, 9, 10, 11, 12, 13, 14]",0.5,0.0,,,,0.0,0,0
ruler_vt_16k:0310,ruler_vt_16k,ALL,L24,"[1, 2, 3, 4, 5, 6, 7, 8, 9, 10, 11, 12, 13, 14]",0.5,0.0,,,,0.0,0,0
ruler_vt_16k:0317,ruler_vt_16k,OFF,L0,"[1, 2, 3, 4, 5, 6, 7, 8, 9, 10, 11, 12, 13, 14]",0.5,0.0,,,,0.0,0,0
ruler_vt_16k:0317,ruler_vt_16k,OFF,L6,"[1, 2, 3, 4, 5, 6, 7, 8, 9, 10, 11, 12, 13, 14]",0.5,0.0,,,,0.0,0,0
ruler_vt_16k:0317,ruler_vt_16k,OFF,L12,"[1, 2, 3, 4, 5, 6, 7, 8, 9, 10, 11, 12, 13, 14]",0.5,0.0,,,,0.0,0,0
ruler_vt_16k:0317,ruler_vt_16k,OFF,L18,"[1, 2, 3, 4, 5, 6, 7, 8, 9, 10, 11, 12, 13, 14]",0.5,0.0,,,,0.0,0,0
ruler_vt_16k:0317,ruler_vt_16k,OFF,L24,"[1, 2, 3, 4, 5, 6, 7, 8, 9, 10, 11, 12, 13, 14]",0.5,0.0,,,,0.0,0,0
ruler_vt_16k:0317,ruler_vt_16k,OFF,ALL,"[1, 2, 3, 4, 5, 6, 7, 8, 9, 10, 11, 12, 13, 14]",0.5,0.0,,,,0.0,0,0
ruler_vt_16k:0317,ruler_vt_16k,L0,OFF,"[1, 2, 3, 4, 5, 6, 7, 8, 9, 10, 11, 12, 13, 14]",0.5,0.0,,,,0.0,0,0
ruler_vt_16k:0317,ruler_vt_16k,L0,L6,"[1, 2, 3, 4, 5, 6, 7, 8, 9, 10, 11, 12, 13, 14]",0.5,0.0,,,,0.0,0,0
ruler_vt_16k:0317,ruler_vt_16k,L0,L12,"[1, 2, 3, 4, 5, 6, 7, 8, 9, 10, 11, 12, 13, 14]",0.5,0.0,,,,0.0,0,0
ruler_vt_16k:0317,ruler_vt_16k,L0,L18,"[1, 2, 3, 4, 5, 6, 7, 8, 9, 10, 11, 12, 13, 14]",0.5,0.0,,,,0.0,0,0
ruler_vt_16k:0317,ruler_vt_16k,L0,L24,"[1, 2, 3, 4, 5, 6, 7, 8, 9, 10, 11, 12, 13, 14]",0.5,0.0,,,,0.0,0,0
ruler_vt_16k:0317,ruler_vt_16k,L0,ALL,"[1, 2, 3, 4, 5, 6, 7, 8, 9, 10, 11, 12, 13, 14]",0.5,0.0,,,,0.0,0,0
ruler_vt_16k:0317,ruler_vt_16k,L6,OFF,"[1, 2, 3, 4, 5, 6, 7, 8, 9, 10, 11, 12, 13, 14]",0.5,0.0,,,,0.0,0,0
ruler_vt_16k:0317,ruler_vt_16k,L6,L0,[6],0.4,0.6000000000000001,0.4,0.4,0.0,0.0,1,0
ruler_vt_16k:0317,ruler_vt_16k,L6,L12,"[1, 2, 3, 4, 5, 6, 7, 8, 9, 10, 11, 12, 13, 14]",0.5,0.0,,,,0.0,0,0
ruler_vt_16k:0317,ruler_vt_16k,L6,L18,"[1, 2, 3, 4, 5, 6, 7, 8, 9, 10, 11, 12, 13, 14]",0.5,0.0,,,,0.0,0,0
ruler_vt_16k:0317,ruler_vt_16k,L6,L24,"[1, 2, 3, 4, 5, 6, 7, 8, 9, 10, 11, 12, 13, 14]",0.5,0.0,,,,0.0,0,0
ruler_vt_16k:0317,ruler_vt_16k,L6,ALL,"[1, 2, 3, 4, 5, 6, 7, 8, 9, 10, 11, 12, 13, 14]",0.5,0.0,,,,0.0,0,0
ruler_vt_16k:0317,ruler_vt_16k,L12,OFF,"[1, 2, 3, 4, 5, 6, 7, 8, 9, 10, 11, 12, 13, 14]",0.5,0.0,,,,0.0,0,0
ruler_vt_16k:0317,ruler_vt_16k,L12,L0,[3],0.2,0.39999999999999997,,,,0.0,0,0
ruler_vt_16k:0317,ruler_vt_16k,L12,L6,"[1, 2, 3, 4, 5, 6, 7, 8, 9, 10, 11, 12, 13, 14]",0.5,0.0,,,,0.0,0,0
ruler_vt_16k:0317,ruler_vt_16k,L12,L18,"[1, 2, 3, 4, 5, 6, 7, 8, 9, 10, 11, 12, 13, 14]",0.5,0.0,,,,0.0,0,0
ruler_vt_16k:0317,ruler_vt_16k,L12,L24,"[1, 2, 3, 4, 5, 6, 7, 8, 9, 10, 11, 12, 13, 14]",0.5,0.0,,,,0.0,0,0
ruler_vt_16k:0317,ruler_vt_16k,L12,ALL,"[1, 2, 3, 4, 5, 6, 7, 8, 9, 10, 11, 12, 13, 14]",0.5,0.0,,,,0.0,0,0
ruler_vt_16k:0317,ruler_vt_16k,L18,OFF,"[1, 2, 3, 4, 5, 6, 7, 8, 9, 10, 11, 12, 13, 14]",0.5,0.0,,,,0.0,0,0
ruler_vt_16k:0317,ruler_vt_16k,L18,L0,"[1, 2, 3, 4, 5, 6, 7, 8, 9, 10, 11, 12, 13, 14]",0.5,0.0,,,,0.0,0,0
ruler_vt_16k:0317,ruler_vt_16k,L18,L6,[1],0.06666666666666667,0.39999999999999997,,,,0.0,0,0
ruler_vt_16k:0317,ruler_vt_16k,L18,L12,"[1, 2, 3, 4, 5, 6, 7, 8, 9, 10, 11, 12, 13, 14]",0.5,0.0,,,,0.0,0,0
ruler_vt_16k:0317,ruler_vt_16k,L18,L24,"[1, 2, 3, 4, 5, 6, 7, 8, 9, 10, 11, 12, 13, 14]",0.5,0.0,,,,0.0,0,0
ruler_vt_16k:0317,ruler_vt_16k,L18,ALL,"[1, 2, 3, 4, 5, 6, 7, 8, 9, 10, 11, 12, 13, 14]",0.5,0.0,,,,0.0,0,0
ruler_vt_16k:0317,ruler_vt_16k,L24,OFF,"[1, 2, 3, 4, 5, 6, 7, 8, 9, 10, 11, 12, 13, 14]",0.5,0.0,,,,0.0,0,0
ruler_vt_16k:0317,ruler_vt_16k,L24,L0,"[1, 2, 3, 4, 5, 6, 7, 8, 9, 10, 11, 12, 13, 14]",0.5,0.0,,,,0.0,0,0
ruler_vt_16k:0317,ruler_vt_16k,L24,L6,"[1, 2, 3, 4, 5, 6, 7, 8, 9, 10, 11, 12, 13, 14]",0.5,0.0,,,,0.0,0,0
ruler_vt_16k:0317,ruler_vt_16k,L24,L12,"[1, 2, 3, 4, 5, 6, 7, 8, 9, 10, 11, 12, 13, 14]",0.5,0.0,,,,0.0,0,0
ruler_vt_16k:0317,ruler_vt_16k,L24,L18,"[1, 2, 3, 4, 5, 6, 7, 8, 9, 10, 11, 12, 13, 14]",0.5,0.0,,,,0.0,0,0
ruler_vt_16k:0317,ruler_vt_16k,L24,ALL,"[1, 2, 3, 4, 5, 6, 7, 8, 9, 10, 11, 12, 13, 14]",0.5,0.0,,,,0.0,0,0
ruler_vt_16k:0317,ruler_vt_16k,ALL,OFF,"[1, 2, 3, 4, 5, 6, 7, 8, 9, 10, 11, 12, 13, 14]",0.5,0.0,,,,0.0,0,0
ruler_vt_16k:0317,ruler_vt_16k,ALL,L0,"[1, 2, 3, 4, 5, 6, 7, 8, 9, 10, 11, 12, 13, 14]",0.5,0.0,,,,0.0,0,0
ruler_vt_16k:0317,ruler_vt_16k,ALL,L6,"[1, 2, 3, 4, 5, 6, 7, 8, 9, 10, 11, 12, 13, 14]",0.5,0.0,,,,0.0,0,0
ruler_vt_16k:0317,ruler_vt_16k,ALL,L12,"[1, 2, 3, 4, 5, 6, 7, 8, 9, 10, 11, 12, 13, 14]",0.5,0.0,,,,0.0,0,0
ruler_vt_16k:0317,ruler_vt_16k,ALL,L18,"[1, 2, 3, 4, 5, 6, 7, 8, 9, 10, 11, 12, 13, 14]",0.5,0.0,,,,0.0,0,0
ruler_vt_16k:0317,ruler_vt_16k,ALL,L24,"[1, 2, 3, 4, 5, 6, 7, 8, 9, 10, 11, 12, 13, 14]",0.5,0.0,,,,0.0,0,0
ruler_vt_16k:0322,ruler_vt_16k,OFF,L0,"[1, 2, 3, 4, 5, 6, 8, 9, 10, 11, 12, 13, 14]",0.5025641025641026,0.0,,,,0.0,0,0
ruler_vt_16k:0322,ruler_vt_16k,OFF,L6,"[1, 2, 4, 5, 6, 7, 8, 9, 10, 11, 12, 13, 14]",0.5230769230769231,0.0,,,,0.0,0,0
ruler_vt_16k:0322,ruler_vt_16k,OFF,L12,"[3, 5, 6, 7, 8, 9, 10, 11, 12, 13]",0.56,0.0,,,,0.0,0,0
ruler_vt_16k:0322,ruler_vt_16k,OFF,L18,"[1, 2, 3, 4, 5, 6, 7, 8, 9, 10, 11, 12, 13]",0.4666666666666667,0.0,,,,0.0,0,0
ruler_vt_16k:0322,ruler_vt_16k,OFF,L24,[7],0.4666666666666667,0.4,,,,0.0,0,0
ruler_vt_16k:0322,ruler_vt_16k,OFF,ALL,"[2, 3, 4, 5, 6, 7, 8, 9, 10, 12, 13, 14]",0.5166666666666667,0.0,,,,0.0,0,0
ruler_vt_16k:0322,ruler_vt_16k,L0,OFF,"[1, 2, 3, 4, 5, 6, 7, 8, 9, 10, 11, 12, 13, 14]",0.5,0.0,,,,0.0,0,0
ruler_vt_16k:0322,ruler_vt_16k,L0,L6,"[1, 2, 3, 4, 5, 6, 7, 8, 9, 10, 11, 12, 13, 14]",0.5,0.0,,,,0.0,0,0
ruler_vt_16k:0322,ruler_vt_16k,L0,L12,"[2, 3, 4, 5, 6, 7, 8, 9, 10, 11, 12, 13, 14]",0.5333333333333333,0.0,,,,0.0,0,0
ruler_vt_16k:0322,ruler_vt_16k,L0,L18,"[1, 2, 3, 4, 5, 6, 7, 8, 9, 10, 11, 12, 13, 14]",0.5,0.0,,,,0.0,0,0
ruler_vt_16k:0322,ruler_vt_16k,L0,L24,"[2, 3, 4, 5, 6, 7, 8, 9, 10, 11, 12, 13, 14]",0.5333333333333333,0.0,,,,0.0,0,0
ruler_vt_16k:0322,ruler_vt_16k,L0,ALL,"[1, 2, 3, 4, 5, 6, 7, 8, 9, 10, 11, 12, 13, 14]",0.5,0.0,,,,0.0,0,0
ruler_vt_16k:0322,ruler_vt_16k,L6,OFF,"[1, 2, 4, 5, 7, 9, 10, 11, 12]",0.45185185185185184,0.0,,,,0.0,0,0
ruler_vt_16k:0322,ruler_vt_16k,L6,L0,"[1, 2, 3, 4, 5, 6, 7, 9, 10, 11, 12, 14]",0.4666666666666667,0.0,,,,0.0,0,0
ruler_vt_16k:0322,ruler_vt_16k,L6,L12,"[1, 2, 3, 4, 5, 8, 11]",0.32380952380952377,0.0,,,,0.0,0,0
ruler_vt_16k:0322,ruler_vt_16k,L6,L18,"[1, 2, 3, 4, 5, 7, 9, 11, 12]",0.4,0.0,,,,0.0,0,0
ruler_vt_16k:0322,ruler_vt_16k,L6,L24,"[1, 2, 3, 5, 6, 7, 9, 10, 11, 12, 13]",0.47878787878787876,0.0,,,,0.0,0,0
ruler_vt_16k:0322,ruler_vt_16k,L6,ALL,"[1, 2, 3, 4, 5, 6, 7, 8, 10, 11, 12, 13]",0.45555555555555555,0.0,,,,0.0,0,0
ruler_vt_16k:0322,ruler_vt_16k,L12,OFF,"[2, 3, 4, 6, 7, 8, 9, 11]",0.4166666666666667,0.0,,,,0.0,0,0
ruler_vt_16k:0322,ruler_vt_16k,L12,L0,"[1, 2, 3, 4, 5, 6, 7, 8, 9, 10, 11, 12, 13, 14]",0.5,0.0,,,,0.0,0,0
ruler_vt_16k:0322,ruler_vt_16k,L12,L6,"[3, 5, 6, 7, 8, 9, 10, 11, 12, 13, 14]",0.5939393939393939,0.0,,,,0.0,0,0
ruler_vt_16k:0322,ruler_vt_16k,L12,L18,"[2, 3, 4, 5, 7, 8, 9, 11, 14]",0.4666666666666667,0.0,,,,0.0,0,0
ruler_vt_16k:0322,ruler_vt_16k,L12,L24,"[1, 2, 4, 5, 6, 7, 8, 9, 10, 11, 12, 13]",0.4888888888888889,0.0,,,,0.0,0,0
ruler_vt_16k:0322,ruler_vt_16k,L12,ALL,"[1, 2, 3, 4, 5, 6, 7, 9, 10, 11, 12, 13, 14]",0.49743589743589745,0.0,,,,0.0,0,0
ruler_vt_16k:0322,ruler_vt_16k,L18,OFF,"[1, 2, 3, 4, 5, 6, 7, 8, 9, 10, 11, 12, 13]",0.4666666666666667,0.0,,,,0.0,0,0
ruler_vt_16k:0322,ruler_vt_16k,L18,L0,"[1, 2, 3, 4, 5, 6, 7, 8, 10, 12, 13, 14]",0.4722222222222222,0.0,,,,0.0,0,0
ruler_vt_16k:0322,ruler_vt_16k,L18,L6,"[2, 3, 4, 5, 6, 7, 8, 9, 10, 11, 12, 14]",0.5055555555555555,0.0,,,,0.0,0,0
ruler_vt_16k:0322,ruler_vt_16k,L18,L12,"[1, 2, 3, 4, 5, 7, 10, 11, 12, 13]",0.4533333333333333,0.0,,,,0.0,0,0
ruler_vt_16k:0322,ruler_vt_16k,L18,L24,"[1, 2, 3, 4, 5, 6, 7, 8, 9, 10, 11, 12, 13]",0.4666666666666667,0.0,,,,0.0,0,0
ruler_vt_16k:0322,ruler_vt_16k,L18,ALL,"[1, 2, 3, 4, 5, 6, 7, 8, 9, 12, 13, 14]",0.4666666666666667,0.0,,,,0.0,0,0
ruler_vt_16k:0322,ruler_vt_16k,L24,OFF,"[1, 2, 3, 4, 5, 6, 7, 8, 9, 10, 11, 12, 13, 14]",0.5,0.0,,,,0.0,0,0
ruler_vt_16k:0322,ruler_vt_16k,L24,L0,"[1, 2, 3, 4, 5, 6, 7, 8, 10, 12, 14]",0.4363636363636364,0.0,,,,0.0,0,0
ruler_vt_16k:0322,ruler_vt_16k,L24,L6,"[1, 2, 3, 4, 5, 6, 7, 8, 9, 10, 11, 12, 13, 14]",0.5,0.0,,,,0.0,0,0
ruler_vt_16k:0322,ruler_vt_16k,L24,L12,"[3, 5, 6, 7, 8, 9, 10, 11, 13]",0.5333333333333333,0.0,,,,0.0,0,0
ruler_vt_16k:0322,ruler_vt_16k,L24,L18,"[1, 2, 3, 4, 5, 6, 7, 8, 9, 10, 11, 12, 13]",0.4666666666666667,0.0,,,,0.0,0,0
ruler_vt_16k:0322,ruler_vt_16k,L24,ALL,"[2, 4, 5, 6, 7, 10, 12, 13, 14]",0.5407407407407407,0.0,,,,0.0,0,0
ruler_vt_16k:0322,ruler_vt_16k,ALL,OFF,[1],0.06666666666666667,0.19999999999999996,0.06666666666666667,0.06666666666666667,0.0,0.0,1,1
ruler_vt_16k:0322,ruler_vt_16k,ALL,L0,"[1, 2, 3, 4, 6, 7, 8, 9, 10, 11, 12, 13, 14]",0.5128205128205129,0.0,,,,0.0,0,0
ruler_vt_16k:0322,ruler_vt_16k,ALL,L6,[11],0.7333333333333333,0.19999999999999996,0.7333333333333333,0.7333333333333333,0.0,0.0,1,1
ruler_vt_16k:0322,ruler_vt_16k,ALL,L12,"[1, 2, 3, 5, 6, 10, 11, 12, 13, 14]",0.5133333333333333,0.0,,,,0.0,0,0
ruler_vt_16k:0322,ruler_vt_16k,ALL,L18,"[1, 2, 3, 6, 7, 8, 9, 10, 11, 12, 13, 14]",0.5333333333333333,0.0,,,,0.0,0,0
ruler_vt_16k:0322,ruler_vt_16k,ALL,L24,"[1, 2, 3, 4, 6, 7, 8, 9, 10, 11, 12, 13, 14]",0.5128205128205129,0.0,,,,0.0,0,0
ruler_vt_16k:0323,ruler_vt_16k,OFF,L0,"[1, 2, 3, 4, 5, 6, 8, 9, 11, 12, 13, 14]",0.4888888888888889,0.0,,,,0.0,0,0
ruler_vt_16k:0323,ruler_vt_16k,OFF,L6,"[2, 4, 5, 6, 7, 10, 12]",0.4380952380952381,0.0,,,,0.0,0,0
ruler_vt_16k:0323,ruler_vt_16k,OFF,L12,"[1, 2, 4, 5, 7, 9, 10, 11, 12, 13, 14]",0.5333333333333333,0.0,,,,0.0,0,0
ruler_vt_16k:0323,ruler_vt_16k,OFF,L18,"[7, 11]",0.6,0.0,,,,0.0,0,0
ruler_vt_16k:0323,ruler_vt_16k,OFF,L24,"[1, 2, 4, 6, 9, 11, 14]",0.44761904761904764,0.0,,,,0.0,0,0
ruler_vt_16k:0323,ruler_vt_16k,OFF,ALL,"[1, 2, 4, 5, 6, 7, 9, 10, 12, 13]",0.46,0.0,,,,0.0,0,0
ruler_vt_16k:0323,ruler_vt_16k,L0,OFF,"[1, 2, 3, 4, 6, 9]",0.2777777777777778,0.0,,,,0.0,0,0
ruler_vt_16k:0323,ruler_vt_16k,L0,L6,"[3, 6, 7, 8, 9, 10, 12, 13, 14]",0.6074074074074074,0.0,,,,0.0,0,0
ruler_vt_16k:0323,ruler_vt_16k,L0,L12,"[1, 3, 4, 5, 6, 7, 8, 9, 11, 14]",0.4533333333333333,0.0,,,,0.0,0,0
ruler_vt_16k:0323,ruler_vt_16k,L0,L18,"[2, 3, 4, 5, 6, 8, 9, 11, 12, 13, 14]",0.5272727272727272,0.0,,,,0.0,0,0
ruler_vt_16k:0323,ruler_vt_16k,L0,L24,"[1, 2, 3, 4, 5, 6, 9]",0.2857142857142857,0.0,,,,0.0,0,0
ruler_vt_16k:0323,ruler_vt_16k,L0,ALL,"[1, 3, 4, 5, 6, 7, 8, 9, 10, 11, 12, 13, 14]",0.5282051282051282,0.0,,,,0.0,0,0
ruler_vt_16k:0323,ruler_vt_16k,L6,OFF,"[1, 3, 7, 8, 9, 10, 11, 12]",0.5083333333333333,0.0,,,,0.0,0,0
ruler_vt_16k:0323,ruler_vt_16k,L6,L0,"[1, 2, 4, 5, 6, 7, 8, 9, 10, 11, 12]",0.45454545454545453,0.0,,,,0.0,0,0
ruler_vt_16k:0323,ruler_vt_16k,L6,L12,"[1, 2, 4, 6, 8, 9, 10, 11, 12]",0.4666666666666667,0.0,,,,0.0,0,0
ruler_vt_16k:0323,ruler_vt_16k,L6,L18,"[1, 2, 3, 6, 8, 9, 10, 12, 14]",0.4814814814814815,0.0,,,,0.0,0,0
ruler_vt_16k:0323,ruler_vt_16k,L6,L24,"[1, 2, 3, 6, 7, 8, 9, 10, 11, 12]",0.46,0.0,,,,0.0,0,0
ruler_vt_16k:0323,ruler_vt_16k,L6,ALL,"[1, 2, 4, 5, 6, 7, 9, 10, 13, 14]",0.47333333333333333,0.0,,,,0.0,0,0
ruler_vt_16k:0323,ruler_vt_16k,L12,OFF,"[1, 3, 5, 6, 7, 8, 9, 10, 11, 12, 13, 14]",0.55,0.0,,,,0.0,0,0
ruler_vt_16k:0323,ruler_vt_16k,L12,L0,"[1, 2, 3, 4, 5, 6, 7, 8, 9, 10, 11, 12, 13, 14]",0.5,0.0,,,,0.0,0,0
ruler_vt_16k:0323,ruler_vt_16k,L12,L6,"[3, 4, 6, 7, 8, 9, 10, 11, 13, 14]",0.5666666666666667,0.0,,,,0.0,0,0
ruler_vt_16k:0323,ruler_vt_16k,L12,L18,"[1, 2, 4, 5, 6, 7, 8, 9, 10, 11, 12, 14]",0.49444444444444446,0.0,,,,0.0,0,0
ruler_vt_16k:0323,ruler_vt_16k,L12,L24,"[1, 2, 3, 5, 7, 8, 9, 10, 11, 12, 13, 14]",0.5277777777777778,0.0,,,,0.0,0,0
ruler_vt_16k:0323,ruler_vt_16k,L12,ALL,"[1, 2, 3, 4, 5, 7, 8, 9, 10, 12, 13, 14]",0.4888888888888889,0.0,,,,0.0,0,0
ruler_vt_16k:0323,ruler_vt_16k,L18,OFF,"[4, 5, 6, 9]",0.4,0.0,,,,0.0,0,0
ruler_vt_16k:0323,ruler_vt_16k,L18,L0,"[1, 2, 3, 4, 6, 9]",0.2777777777777778,0.0,,,,0.0,0,0
ruler_vt_16k:0323,ruler_vt_16k,L18,L6,"[2, 3, 5, 7, 8, 9, 10, 13, 14]",0.5259259259259259,0.0,,,,0.0,0,0
ruler_vt_16k:0323,ruler_vt_16k,L18,L12,"[1, 2, 4, 5, 6, 7, 8, 9, 10, 11, 12]",0.45454545454545453,0.0,,,,0.0,0,0
ruler_vt_16k:0323,ruler_vt_16k,L18,L24,"[2, 4, 5, 6, 12]",0.38666666666666666,0.0,,,,0.0,0,0
ruler_vt_16k:0323,ruler_vt_16k,L18,ALL,"[1, 2, 3, 4, 5, 6, 7, 8, 9, 11, 12, 13, 14]",0.48717948717948717,0.0,,,,0.0,0,0
ruler_vt_16k:0323,ruler_vt_16k,L24,OFF,"[2, 5, 8, 10, 11, 12, 13]",0.5809523809523809,0.0,,,,0.0,0,0
ruler_vt_16k:0323,ruler_vt_16k,L24,L0,"[2, 3, 4, 5, 6, 11, 12, 13]",0.4666666666666667,0.0,,,,0.0,0,0
ruler_vt_16k:0323,ruler_vt_16k,L24,L6,"[2, 4, 6, 7, 10]",0.38666666666666666,0.0,,,,0.0,0,0
ruler_vt_16k:0323,ruler_vt_16k,L24,L12,"[1, 2, 3, 4, 5, 7, 8, 9, 10, 13]",0.41333333333333333,0.0,,,,0.0,0,0
ruler_vt_16k:0323,ruler_vt_16k,L24,L18,"[4, 9]",0.43333333333333335,0.0,,,,0.0,0,0
ruler_vt_16k:0323,ruler_vt_16k,L24,ALL,"[1, 3, 4, 5, 6, 7, 8, 9, 10, 12, 13, 14]",0.5111111111111112,0.0,,,,0.0,0,0
ruler_vt_16k:0323,ruler_vt_16k,ALL,OFF,"[3, 4, 5, 6, 7, 8, 9, 10, 11, 12, 13, 14]",0.5666666666666667,0.0,,,,0.0,0,0
ruler_vt_16k:0323,ruler_vt_16k,ALL,L0,"[2, 3, 4, 5, 6, 7, 8, 9, 10, 11, 12, 13, 14]",0.5333333333333333,0.0,,,,0.0,0,0
ruler_vt_16k:0323,ruler_vt_16k,ALL,L6,"[2, 3, 4, 5, 7, 8, 11, 12, 13, 14]",0.5266666666666667,0.0,,,,0.0,0,0
ruler_vt_16k:0323,ruler_vt_16k,ALL,L12,"[1, 2, 3, 4, 7, 8, 9, 10, 11, 12, 13]",0.4848484848484848,0.0,,,,0.0,0,0
ruler_vt_16k:0323,ruler_vt_16k,ALL,L18,"[1, 2, 5, 7, 8, 9, 10, 11, 12, 13, 14]",0.5575757575757575,0.0,,,,0.0,0,0
ruler_vt_16k:0323,ruler_vt_16k,ALL,L24,"[1, 2, 3, 5, 7, 8, 9, 10, 11, 12, 13, 14]",0.5277777777777778,0.0,,,,0.0,0,0
ruler_vt_16k:0333,ruler_vt_16k,OFF,L0,[2],0.13333333333333333,0.19999999999999996,0.13333333333333333,0.13333333333333333,0.0,0.0,1,1
ruler_vt_16k:0333,ruler_vt_16k,OFF,L6,"[1, 2, 3, 4, 5, 6, 7, 8, 9, 10, 11, 12, 13, 14]",0.5,0.0,,,,0.0,0,0
ruler_vt_16k:0333,ruler_vt_16k,OFF,L12,"[1, 2, 3, 4, 5, 6, 7, 8, 9, 10, 11, 12, 13, 14]",0.5,0.0,,,,0.0,0,0
ruler_vt_16k:0333,ruler_vt_16k,OFF,L18,"[1, 2, 3, 4, 5, 6, 7, 8, 9, 10, 11, 12, 13, 14]",0.5,0.0,,,,0.0,0,0
ruler_vt_16k:0333,ruler_vt_16k,OFF,L24,"[1, 2, 3, 4, 5, 6, 7, 8, 9, 10, 11, 12, 13, 14]",0.5,0.0,,,,0.0,0,0
ruler_vt_16k:0333,ruler_vt_16k,OFF,ALL,"[2, 10]",0.4,0.0,0.13333333333333333,0.6666666666666666,0.5333333333333333,0.0,2,2
ruler_vt_16k:0333,ruler_vt_16k,L0,OFF,"[5, 6]",0.36666666666666664,0.0,0.3333333333333333,0.4,0.06666666666666667,0.06666666666666667,2,2
ruler_vt_16k:0333,ruler_vt_16k,L0,L6,"[5, 6, 8, 10]",0.48333333333333334,0.0,0.3333333333333333,0.6666666666666666,0.3333333333333333,0.06666666666666667,4,4
ruler_vt_16k:0333,ruler_vt_16k,L0,L12,"[5, 6]",0.36666666666666664,0.0,0.3333333333333333,0.4,0.06666666666666667,0.06666666666666667,2,2
ruler_vt_16k:0333,ruler_vt_16k,L0,L18,"[4, 5, 6, 7, 9, 12]",0.4777777777777778,0.0,0.26666666666666666,0.8,0.5333333333333333,0.2,6,6
ruler_vt_16k:0333,ruler_vt_16k,L0,L24,"[5, 6, 7]",0.4,0.0,0.3333333333333333,0.4666666666666667,0.13333333333333333,0.13333333333333333,3,3
ruler_vt_16k:0333,ruler_vt_16k,L0,ALL,"[3, 8, 9, 12]",0.5333333333333333,0.0,0.2,0.8,0.6,0.06666666666666667,4,4
ruler_vt_16k:0333,ruler_vt_16k,L6,OFF,"[1, 2, 3, 4, 5, 6, 7, 8, 9, 10, 11, 12, 13, 14]",0.5,0.0,,,,0.0,0,0
ruler_vt_16k:0333,ruler_vt_16k,L6,L0,[2],0.13333333333333333,0.19999999999999996,0.13333333333333333,0.13333333333333333,0.0,0.0,1,1
ruler_vt_16k:0333,ruler_vt_16k,L6,L12,"[1, 2, 3, 4, 5, 6, 7, 8, 9, 10, 11, 12, 13, 14]",0.5,0.0,,,,0.0,0,0
ruler_vt_16k:0333,ruler_vt_16k,L6,L18,[2],0.13333333333333333,0.19999999999999996,0.13333333333333333,0.13333333333333333,0.0,0.0,1,1
ruler_vt_16k:0333,ruler_vt_16k,L6,L24,"[1, 2, 3, 4, 5, 6, 7, 8, 9, 10, 11, 12, 13, 14]",0.5,0.0,,,,0.0,0,0
ruler_vt_16k:0333,ruler_vt_16k,L6,ALL,"[1, 2, 4, 5, 6, 7, 8, 9, 10, 11, 12, 13, 14]",0.5230769230769231,0.0,,,,0.0,0,0
ruler_vt_16k:0333,ruler_vt_16k,L12,OFF,"[1, 2, 3, 4, 5, 6, 7, 8, 9, 10, 11, 12, 13, 14]",0.5,0.0,,,,0.0,0,0
ruler_vt_16k:0333,ruler_vt_16k,L12,L0,[2],0.13333333333333333,0.19999999999999996,0.13333333333333333,0.13333333333333333,0.0,0.0,1,1
ruler_vt_16k:0333,ruler_vt_16k,L12,L6,"[1, 2, 3, 4, 5, 6, 7, 8, 9, 10, 11, 12, 13, 14]",0.5,0.0,,,,0.0,0,0
ruler_vt_16k:0333,ruler_vt_16k,L12,L18,[1],0.06666666666666667,0.19999999999999996,0.06666666666666667,0.06666666666666667,0.0,0.0,1,1
ruler_vt_16k:0333,ruler_vt_16k,L12,L24,"[1, 2, 3, 4, 5, 6, 7, 8, 9, 10, 11, 12, 13, 14]",0.5,0.0,,,,0.0,0,0
ruler_vt_16k:0333,ruler_vt_16k,L12,ALL,[2],0.13333333333333333,0.19999999999999996,0.13333333333333333,0.13333333333333333,0.0,0.0,1,1
ruler_vt_16k:0333,ruler_vt_16k,L18,OFF,[6],0.4,0.19999999999999996,0.4,0.4,0.0,0.0,1,1
ruler_vt_16k:0333,ruler_vt_16k,L18,L0,"[2, 9]",0.36666666666666664,0.0,0.13333333333333333,0.6,0.4666666666666667,0.0,2,2
ruler_vt_16k:0333,ruler_vt_16k,L18,L6,"[1, 2, 4, 5, 6, 7, 8, 9, 10, 11, 12, 13, 14]",0.5230769230769231,0.0,,,,0.0,0,0
ruler_vt_16k:0333,ruler_vt_16k,L18,L12,"[6, 12]",0.6,0.0,0.4,0.8,0.4,0.0,2,2
ruler_vt_16k:0333,ruler_vt_16k,L18,L24,"[1, 2, 3, 4, 5, 6, 7, 8, 9, 10, 11, 12, 13, 14]",0.5,0.0,,,,0.0,0,0
ruler_vt_16k:0333,ruler_vt_16k,L18,ALL,[2],0.13333333333333333,0.19999999999999996,0.13333333333333333,0.13333333333333333,0.0,0.0,1,1
ruler_vt_16k:0333,ruler_vt_16k,L24,OFF,"[1, 2, 3, 4, 5, 6, 7, 8, 9, 10, 11, 12, 13, 14]",0.5,0.0,,,,0.0,0,0
ruler_vt_16k:0333,ruler_vt_16k,L24,L0,"[2, 7]",0.3,0.0,0.13333333333333333,0.4666666666666667,0.3333333333333333,0.0,2,2
ruler_vt_16k:0333,ruler_vt_16k,L24,L6,"[1, 2, 4, 5, 6, 7, 8, 9, 10, 11, 12, 13, 14]",0.5230769230769231,0.0,,,,0.0,0,0
ruler_vt_16k:0333,ruler_vt_16k,L24,L12,[12],0.8,0.19999999999999996,0.8,0.8,0.0,0.0,1,1
ruler_vt_16k:0333,ruler_vt_16k,L24,L18,"[1, 2, 3, 4, 5, 6, 7, 8, 9, 10, 11, 12, 13, 14]",0.5,0.0,,,,0.0,0,0
ruler_vt_16k:0333,ruler_vt_16k,L24,ALL,[2],0.13333333333333333,0.19999999999999996,0.13333333333333333,0.13333333333333333,0.0,0.0,1,1
ruler_vt_16k:0333,ruler_vt_16k,ALL,OFF,"[1, 2, 3, 4, 5, 6, 7, 8, 9, 10, 11, 12, 13, 14]",0.5,0.0,,,,0.0,0,0
ruler_vt_16k:0333,ruler_vt_16k,ALL,L0,[12],0.8,0.19999999999999996,0.8,0.8,0.0,0.0,1,1
ruler_vt_16k:0333,ruler_vt_16k,ALL,L6,"[7, 8, 9]",0.5333333333333333,0.0,0.4666666666666667,0.6,0.13333333333333333,0.13333333333333333,3,3
ruler_vt_16k:0333,ruler_vt_16k,ALL,L12,"[5, 9, 11]",0.5555555555555556,0.0,0.3333333333333333,0.7333333333333333,0.4,0.0,3,3
ruler_vt_16k:0333,ruler_vt_16k,ALL,L18,"[1, 2, 3, 4, 5, 6, 7, 8, 9, 10, 11, 12, 13, 14]",0.5,0.0,,,,0.0,0,0
ruler_vt_16k:0333,ruler_vt_16k,ALL,L24,[14],0.9333333333333333,0.19999999999999996,0.9333333333333333,0.9333333333333333,0.0,0.0,1,1
ruler_vt_16k:0342,ruler_vt_16k,OFF,L0,"[6, 11]",0.5666666666666667,0.0,0.4,0.7333333333333333,0.3333333333333333,0.0,2,0
ruler_vt_16k:0342,ruler_vt_16k,OFF,L6,"[1, 2, 3, 4, 5, 6, 7, 8, 9, 10, 11, 12, 13, 14]",0.5,0.0,,,,0.0,0,0
ruler_vt_16k:0342,ruler_vt_16k,OFF,L12,"[7, 8, 11]",0.5777777777777777,0.0,0.4666666666666667,0.7333333333333333,0.26666666666666666,0.06666666666666667,3,0
ruler_vt_16k:0342,ruler_vt_16k,OFF,L18,[5],0.3333333333333333,0.4,0.3333333333333333,0.3333333333333333,0.0,0.0,1,0
ruler_vt_16k:0342,ruler_vt_16k,OFF,L24,"[1, 2, 3, 4, 5, 6, 7, 8, 9, 10, 11, 12, 13, 14]",0.5,0.0,,,,0.0,0,0
ruler_vt_16k:0342,ruler_vt_16k,OFF,ALL,"[4, 12]",0.5333333333333333,0.0,0.26666666666666666,0.8,0.5333333333333333,0.0,2,0
ruler_vt_16k:0342,ruler_vt_16k,L0,OFF,"[1, 2, 4, 5]",0.2,0.0,0.06666666666666667,0.3333333333333333,0.26666666666666666,0.06666666666666667,4,0
ruler_vt_16k:0342,ruler_vt_16k,L0,L6,"[3, 6, 9, 11]",0.48333333333333334,0.0,0.2,0.7333333333333333,0.5333333333333333,0.0,4,0
ruler_vt_16k:0342,ruler_vt_16k,L0,L12,"[1, 9, 10]",0.4444444444444445,0.0,0.06666666666666667,0.6666666666666666,0.6,0.06666666666666667,3,0
ruler_vt_16k:0342,ruler_vt_16k,L0,L18,"[1, 3, 4, 9, 12, 14]",0.4777777777777778,0.0,0.06666666666666667,0.9333333333333333,0.8666666666666667,0.06666666666666667,6,0
ruler_vt_16k:0342,ruler_vt_16k,L0,L24,"[1, 2, 11]",0.3111111111111111,0.0,0.06666666666666667,0.7333333333333333,0.6666666666666666,0.06666666666666667,3,0
ruler_vt_16k:0342,ruler_vt_16k,L0,ALL,"[3, 4, 8, 9, 14]",0.5066666666666666,0.0,0.2,0.9333333333333333,0.7333333333333333,0.06666666666666667,5,0
ruler_vt_16k:0342,ruler_vt_16k,L6,OFF,"[6, 8, 10]",0.5333333333333333,0.0,0.4,0.6666666666666666,0.26666666666666666,0.0,3,0
ruler_vt_16k:0342,ruler_vt_16k,L6,L0,"[1, 4, 7, 11, 12]",0.4666666666666667,0.0,0.06666666666666667,0.8,0.7333333333333333,0.06666666666666667,5,0
ruler_vt_16k:0342,ruler_vt_16k,L6,L12,"[3, 6]",0.3,0.0,0.2,0.4,0.2,0.0,2,0
ruler_vt_16k:0342,ruler_vt_16k,L6,L18,"[3, 5, 6, 7, 8]",0.38666666666666666,0.0,0.2,0.5333333333333333,0.3333333333333333,0.2,5,0
ruler_vt_16k:0342,ruler_vt_16k,L6,L24,"[6, 8, 12, 13]",0.65,0.0,0.4,0.8666666666666667,0.4666666666666667,0.06666666666666667,4,0
ruler_vt_16k:0342,ruler_vt_16k,L6,ALL,"[1, 8, 11]",0.4444444444444445,0.0,0.06666666666666667,0.7333333333333333,0.6666666666666666,0.0,3,0
ruler_vt_16k:0342,ruler_vt_16k,L12,OFF,[1],0.06666666666666667,0.4,0.06666666666666667,0.06666666666666667,0.0,0.0,1,0
ruler_vt_16k:0342,ruler_vt_16k,L12,L0,[6],0.4,0.4,0.4,0.4,0.0,0.0,1,0
ruler_vt_16k:0342,ruler_vt_16k,L12,L6,[1],0.06666666666666667,0.4,0.06666666666666667,0.06666666666666667,0.0,0.0,1,0
ruler_vt_16k:0342,ruler_vt_16k,L12,L18,[6],0.4,0.4,0.4,0.4,0.0,0.0,1,0
ruler_vt_16k:0342,ruler_vt_16k,L12,L24,[1],0.06666666666666667,0.4,0.06666666666666667,0.06666666666666667,0.0,0.0,1,0
ruler_vt_16k:0342,ruler_vt_16k,L12,ALL,"[3, 4, 11]",0.4,0.0,0.2,0.7333333333333333,0.5333333333333333,0.06666666666666667,3,0
ruler_vt_16k:0342,ruler_vt_16k,L18,OFF,"[5, 6]",0.36666666666666664,0.0,0.3333333333333333,0.4,0.06666666666666667,0.06666666666666667,2,0
ruler_vt_16k:0342,ruler_vt_16k,L18,L0,"[1, 5, 11]",0.3777777777777778,0.0,0.06666666666666667,0.7333333333333333,0.6666666666666666,0.0,3,0
ruler_vt_16k:0342,ruler_vt_16k,L18,L6,"[1, 2, 3, 4, 5, 6, 7, 8, 9, 10, 11, 12, 13, 14]",0.5,0.0,,,,0.0,0,0
ruler_vt_16k:0342,ruler_vt_16k,L18,L12,"[2, 6, 9, 10]",0.45,0.0,0.13333333333333333,0.6666666666666666,0.5333333333333333,0.06666666666666667,4,0
ruler_vt_16k:0342,ruler_vt_16k,L18,L24,[1],0.06666666666666667,0.4,0.06666666666666667,0.06666666666666667,0.0,0.0,1,0
ruler_vt_16k:0342,ruler_vt_16k,L18,ALL,"[1, 9]",0.3333333333333333,0.0,0.06666666666666667,0.6,0.5333333333333333,0.0,2,0
ruler_vt_16k:0342,ruler_vt_16k,L24,OFF,[11],0.7333333333333333,0.4,0.7333333333333333,0.7333333333333333,0.0,0.0,1,0
ruler_vt_16k:0342,ruler_vt_16k,L24,L0,"[1, 2, 3, 4, 5, 6, 7, 8, 9, 10, 11, 12, 13, 14]",0.5,0.0,,,,0.0,0,0
ruler_vt_16k:0342,ruler_vt_16k,L24,L6,"[2, 4, 9, 10, 11, 12]",0.5333333333333333,0.0,0.13333333333333333,0.8,0.6666666666666666,0.2,6,0
ruler_vt_16k:0342,ruler_vt_16k,L24,L12,"[7, 8]",0.5,0.0,0.4666666666666667,0.5333333333333333,0.06666666666666667,0.06666666666666667,2,0
ruler_vt_16k:0342,ruler_vt_16k,L24,L18,"[5, 10]",0.5,0.0,0.3333333333333333,0.6666666666666666,0.3333333333333333,0.0,2,0
ruler_vt_16k:0342,ruler_vt_16k,L24,ALL,"[1, 2, 3, 4, 5, 6, 7, 8, 9, 10, 11, 12, 13, 14]",0.5,0.0,,,,0.0,0,0
ruler_vt_16k:0342,ruler_vt_16k,ALL,OFF,"[4, 6, 7, 10, 11, 12]",0.5555555555555556,0.0,0.26666666666666666,0.8,0.5333333333333333,0.13333333333333333,6,0
ruler_vt_16k:0342,ruler_vt_16k,ALL,L0,"[1, 3, 7, 10]",0.35,0.0,0.06666666666666667,0.6666666666666666,0.6,0.0,4,0
ruler_vt_16k:0342,ruler_vt_16k,ALL,L6,"[1, 2, 3, 11, 12]",0.38666666666666666,0.0,0.06666666666666667,0.8,0.7333333333333333,0.13333333333333333,5,0
ruler_vt_16k:0342,ruler_vt_16k,ALL,L12,"[1, 4, 7, 8, 9, 13]",0.4666666666666667,0.0,0.06666666666666667,0.8666666666666667,0.8,0.13333333333333333,6,0
ruler_vt_16k:0342,ruler_vt_16k,ALL,L18,"[1, 5, 8, 10]",0.4,0.0,0.06666666666666667,0.6666666666666666,0.6,0.0,4,0
ruler_vt_16k:0342,ruler_vt_16k,ALL,L24,"[6, 7, 10, 11, 12]",0.6133333333333333,0.0,0.4,0.8,0.4,0.13333333333333333,5,0
ruler_vt_16k:0352,ruler_vt_16k,OFF,L0,"[2, 3, 4, 5, 7, 8]",0.3222222222222222,0.0,0.13333333333333333,0.5333333333333333,0.4,0.2,6,0
ruler_vt_16k:0352,ruler_vt_16k,OFF,L6,"[2, 6, 9, 14]",0.5166666666666667,0.0,0.13333333333333333,0.9333333333333333,0.8,0.0,4,0
ruler_vt_16k:0352,ruler_vt_16k,OFF,L12,[6],0.4,0.4,0.4,0.4,0.0,0.0,1,0
ruler_vt_16k:0352,ruler_vt_16k,OFF,L18,"[1, 2, 3, 4, 5, 6, 7, 8, 9, 10, 11, 12, 13, 14]",0.5,0.0,,,,0.0,0,0
ruler_vt_16k:0352,ruler_vt_16k,OFF,L24,"[1, 2, 3, 4, 5, 6, 7, 8, 9, 10, 11, 12, 13, 14]",0.5,0.0,,,,0.0,0,0
ruler_vt_16k:0352,ruler_vt_16k,OFF,ALL,"[1, 2, 4, 5, 7, 10]",0.3222222222222222,0.0,0.06666666666666667,0.6666666666666666,0.6,0.06666666666666667,6,0
ruler_vt_16k:0352,ruler_vt_16k,L0,OFF,"[3, 7, 12, 13]",0.5833333333333334,0.0,0.2,0.8666666666666667,0.6666666666666666,0.06666666666666667,4,0
ruler_vt_16k:0352,ruler_vt_16k,L0,L6,"[4, 5, 7, 8, 13]",0.49333333333333335,0.0,0.26666666666666666,0.8666666666666667,0.6,0.06666666666666667,5,0
ruler_vt_16k:0352,ruler_vt_16k,L0,L12,"[5, 7, 12, 13]",0.6166666666666667,0.0,0.3333333333333333,0.8666666666666667,0.5333333333333333,0.06666666666666667,4,0
ruler_vt_16k:0352,ruler_vt_16k,L0,L18,"[2, 3, 7, 12]",0.4,0.0,0.13333333333333333,0.8,0.6666666666666666,0.06666666666666667,4,0
ruler_vt_16k:0352,ruler_vt_16k,L0,L24,"[7, 12]",0.6333333333333333,0.0,0.4666666666666667,0.8,0.3333333333333333,0.0,2,0
ruler_vt_16k:0352,ruler_vt_16k,L0,ALL,"[3, 6, 7, 13]",0.48333333333333334,0.0,0.2,0.8666666666666667,0.6666666666666666,0.06666666666666667,4,0
ruler_vt_16k:0352,ruler_vt_16k,L6,OFF,"[5, 8, 11, 13]",0.6166666666666667,0.0,0.3333333333333333,0.8666666666666667,0.5333333333333333,0.0,4,0
ruler_vt_16k:0352,ruler_vt_16k,L6,L0,"[3, 4, 5, 6, 7, 8, 13]",0.4380952380952381,0.0,0.2,0.8666666666666667,0.6666666666666666,0.3333333333333333,7,0
ruler_vt_16k:0352,ruler_vt_16k,L6,L12,"[11, 13]",0.8,0.0,0.7333333333333333,0.8666666666666667,0.13333333333333333,0.0,2,0
ruler_vt_16k:0352,ruler_vt_16k,L6,L18,"[1, 5, 8, 10, 12, 13]",0.5444444444444444,0.0,0.06666666666666667,0.8666666666666667,0.8,0.06666666666666667,6,0
ruler_vt_16k:0352,ruler_vt_16k,L6,L24,"[5, 8, 11, 13]",0.6166666666666667,0.0,0.3333333333333333,0.8666666666666667,0.5333333333333333,0.0,4,0
ruler_vt_16k:0352,ruler_vt_16k,L6,ALL,"[1, 3, 5, 6]",0.25,0.0,0.06666666666666667,0.4,0.3333333333333333,0.06666666666666667,4,0
ruler_vt_16k:0352,ruler_vt_16k,L12,OFF,[2],0.13333333333333333,0.4,0.13333333333333333,0.13333333333333333,0.0,0.0,1,0
ruler_vt_16k:0352,ruler_vt_16k,L12,L0,"[4, 5, 7]",0.3555555555555555,0.0,0.26666666666666666,0.4666666666666667,0.2,0.06666666666666667,3,0
ruler_vt_16k:0352,ruler_vt_16k,L12,L6,"[1, 4, 5, 10]",0.3333333333333333,0.0,0.06666666666666667,0.6666666666666666,0.6,0.06666666666666667,4,0
ruler_vt_16k:0352,ruler_vt_16k,L12,L18,"[1, 2, 3, 4, 5, 6, 7, 8, 9, 10, 11, 12, 13, 14]",0.5,0.0,,,,0.0,0,0
ruler_vt_16k:0352,ruler_vt_16k,L12,L24,[2],0.13333333333333333,0.4,0.13333333333333333,0.13333333333333333,0.0,0.0,1,0
ruler_vt_16k:0352,ruler_vt_16k,L12,ALL,"[1, 2, 3, 5, 6, 7]",0.26666666666666666,0.0,0.06666666666666667,0.4666666666666667,0.4,0.13333333333333333,6,0
ruler_vt_16k:0352,ruler_vt_16k,L18,OFF,"[1, 2, 3, 4, 5, 6, 7, 8, 9, 10, 11, 12, 13, 14]",0.5,0.0,,,,0.0,0,0
ruler_vt_16k:0352,ruler_vt_16k,L18,L0,"[1, 4, 5, 6, 7, 8, 11]",0.4,0.0,0.06666666666666667,0.7333333333333333,0.6666666666666666,0.26666666666666666,7,0
ruler_vt_16k:0352,ruler_vt_16k,L18,L6,[13],0.8666666666666667,0.4,0.8666666666666667,0.8666666666666667,0.0,0.0,1,0
ruler_vt_16k:0352,ruler_vt_16k,L18,L12,[5],0.3333333333333333,0.4,0.3333333333333333,0.3333333333333333,0.0,0.0,1,0
ruler_vt_16k:0352,ruler_vt_16k,L18,L24,[14],0.9333333333333333,0.4,0.9333333333333333,0.9333333333333333,0.0,0.0,1,0
ruler_vt_16k:0352,ruler_vt_16k,L18,ALL,"[4, 5, 7, 10]",0.43333333333333335,0.0,0.26666666666666666,0.6666666666666666,0.4,0.06666666666666667,4,0
ruler_vt_16k:0352,ruler_vt_16k,L24,OFF,[7],0.4666666666666667,0.4,0.4666666666666667,0.4666666666666667,0.0,0.0,1,0
ruler_vt_16k:0352,ruler_vt_16k,L24,L0,"[4, 5, 7, 8]",0.4,0.0,0.26666666666666666,0.5333333333333333,0.26666666666666666,0.06666666666666667,4,0
ruler_vt_16k:0352,ruler_vt_16k,L24,L6,"[2, 3, 6, 8, 9, 14]",0.4666666666666667,0.0,0.13333333333333333,0.9333333333333333,0.8,0.06666666666666667,6,0
ruler_vt_16k:0352,ruler_vt_16k,L24,L12,"[11, 12]",0.7666666666666667,0.0,0.7333333333333333,0.8,0.06666666666666667,0.06666666666666667,2,0
ruler_vt_16k:0352,ruler_vt_16k,L24,L18,[14],0.9333333333333333,0.4,0.9333333333333333,0.9333333333333333,0.0,0.0,1,0
ruler_vt_16k:0352,ruler_vt_16k,L24,ALL,"[4, 5, 7, 11]",0.45,0.0,0.26666666666666666,0.7333333333333333,0.4666666666666667,0.06666666666666667,4,0
ruler_vt_16k:0352,ruler_vt_16k,ALL,OFF,"[4, 5, 7, 9, 11, 12, 13]",0.5809523809523809,0.0,0.26666666666666666,0.8666666666666667,0.6,0.13333333333333333,7,0
ruler_vt_16k:0352,ruler_vt_16k,ALL,L0,"[3, 5, 12]",0.4444444444444445,0.0,0.2,0.8,0.6,0.0,3,0
ruler_vt_16k:0352,ruler_vt_16k,ALL,L6,"[1, 3, 7, 10, 12]",0.44,0.0,0.06666666666666667,0.8,0.7333333333333333,0.0,5,0
ruler_vt_16k:0352,ruler_vt_16k,ALL,L12,"[7, 8, 10, 13]",0.6333333333333333,0.0,0.4666666666666667,0.8666666666666667,0.4,0.06666666666666667,4,0
ruler_vt_16k:0352,ruler_vt_16k,ALL,L18,[7],0.4666666666666667,0.4,0.4666666666666667,0.4666666666666667,0.0,0.0,1,0
ruler_vt_16k:0352,ruler_vt_16k,ALL,L24,"[3, 5, 7, 9, 12, 13]",0.5444444444444444,0.0,0.2,0.8666666666666667,0.6666666666666666,0.06666666666666667,6,0
ruler_vt_16k:0358,ruler_vt_16k,OFF,L0,[1],0.06666666666666667,0.19999999999999996,0.06666666666666667,0.06666666666666667,0.0,0.0,1,1
ruler_vt_16k:0358,ruler_vt_16k,OFF,L6,"[1, 5, 9, 12]",0.45,0.0,0.06666666666666667,0.8,0.7333333333333333,0.0,4,4
ruler_vt_16k:0358,ruler_vt_16k,OFF,L12,[4],0.26666666666666666,0.19999999999999996,0.26666666666666666,0.26666666666666666,0.0,0.0,1,1
ruler_vt_16k:0358,ruler_vt_16k,OFF,L18,"[2, 6, 10, 11]",0.48333333333333334,0.0,0.13333333333333333,0.7333333333333333,0.6,0.06666666666666667,4,4
ruler_vt_16k:0358,ruler_vt_16k,OFF,L24,"[1, 2, 3, 4, 5, 6, 7, 8, 9, 10, 11, 12, 13, 14]",0.5,0.0,,,,0.0,0,0
ruler_vt_16k:0358,ruler_vt_16k,OFF,ALL,[4],0.26666666666666666,0.19999999999999996,0.26666666666666666,0.26666666666666666,0.0,0.0,1,1
ruler_vt_16k:0358,ruler_vt_16k,L0,OFF,[7],0.4666666666666667,0.19999999999999996,0.4666666666666667,0.4666666666666667,0.0,0.0,1,1
ruler_vt_16k:0358,ruler_vt_16k,L0,L6,"[1, 2, 3, 4, 5, 6, 7, 8, 9, 10, 11, 12, 13, 14]",0.5,0.0,,,,0.0,0,0
ruler_vt_16k:0358,ruler_vt_16k,L0,L12,[2],0.13333333333333333,0.19999999999999996,0.13333333333333333,0.13333333333333333,0.0,0.0,1,1
ruler_vt_16k:0358,ruler_vt_16k,L0,L18,"[1, 2, 3, 4, 5, 6, 7, 8, 9, 10, 11, 12, 13, 14]",0.5,0.0,,,,0.0,0,0
ruler_vt_16k:0358,ruler_vt_16k,L0,L24,"[1, 2, 3, 4, 5, 6, 7, 8, 9, 10, 11, 12, 13, 14]",0.5,0.0,,,,0.0,0,0
ruler_vt_16k:0358,ruler_vt_16k,L0,ALL,[2],0.13333333333333333,0.19999999999999996,0.13333333333333333,0.13333333333333333,0.0,0.0,1,1
ruler_vt_16k:0358,ruler_vt_16k,L6,OFF,[5],0.3333333333333333,0.19999999999999996,0.3333333333333333,0.3333333333333333,0.0,0.0,1,1
ruler_vt_16k:0358,ruler_vt_16k,L6,L0,[4],0.26666666666666666,0.19999999999999996,0.26666666666666666,0.26666666666666666,0.0,0.0,1,1
ruler_vt_16k:0358,ruler_vt_16k,L6,L12,"[2, 4, 5, 7]",0.3,0.0,0.13333333333333333,0.4666666666666667,0.3333333333333333,0.06666666666666667,4,4
ruler_vt_16k:0358,ruler_vt_16k,L6,L18,[5],0.3333333333333333,0.19999999999999996,0.3333333333333333,0.3333333333333333,0.0,0.0,1,1
ruler_vt_16k:0358,ruler_vt_16k,L6,L24,[4],0.26666666666666666,0.19999999999999996,0.26666666666666666,0.26666666666666666,0.0,0.0,1,1
ruler_vt_16k:0358,ruler_vt_16k,L6,ALL,"[1, 2, 3, 4, 5, 6, 7, 8, 9, 10, 11, 12, 13, 14]",0.5,0.0,,,,0.0,0,0
ruler_vt_16k:0358,ruler_vt_16k,L12,OFF,"[1, 2, 3, 4, 5, 6, 7, 8, 9, 10, 11, 12, 13, 14]",0.5,0.0,,,,0.0,0,0
ruler_vt_16k:0358,ruler_vt_16k,L12,L0,"[1, 2, 3, 4, 5, 6, 7, 8, 9, 10, 11, 12, 13, 14]",0.5,0.0,,,,0.0,0,0
ruler_vt_16k:0358,ruler_vt_16k,L12,L6,"[3, 13]",0.5333333333333333,0.0,0.2,0.8666666666666667,0.6666666666666666,0.0,2,2
ruler_vt_16k:0358,ruler_vt_16k,L12,L18,"[7, 11, 12]",0.6666666666666666,0.0,0.4666666666666667,0.8,0.3333333333333333,0.06666666666666667,3,3
ruler_vt_16k:0358,ruler_vt_16k,L12,L24,"[2, 11, 13]",0.5777777777777777,0.0,0.13333333333333333,0.8666666666666667,0.7333333333333333,0.0,3,3
ruler_vt_16k:0358,ruler_vt_16k,L12,ALL,"[5, 11]",0.5333333333333333,0.0,0.3333333333333333,0.7333333333333333,0.4,0.0,2,2
ruler_vt_16k:0358,ruler_vt_16k,L18,OFF,"[1, 4, 7, 8, 9, 10, 13, 14]",0.55,0.0,0.06666666666666667,0.9333333333333333,0.8666666666666667,0.2,8,8
ruler_vt_16k:0358,ruler_vt_16k,L18,L0,"[5, 13, 14]",0.711111111111111,0.0,0.3333333333333333,0.9333333333333333,0.6,0.06666666666666667,3,3
ruler_vt_16k:0358,ruler_vt_16k,L18,L6,"[5, 11, 13, 14]",0.7166666666666667,0.0,0.3333333333333333,0.9333333333333333,0.6,0.06666666666666667,4,4
ruler_vt_16k:0358,ruler_vt_16k,L18,L12,"[1, 2, 3, 4, 5, 6, 7, 8, 9, 10, 11, 12, 13, 14]",0.5,0.0,,,,0.0,0,0
ruler_vt_16k:0358,ruler_vt_16k,L18,L24,"[1, 2, 8, 12]",0.38333333333333336,0.0,0.06666666666666667,0.8,0.7333333333333333,0.06666666666666667,4,4
ruler_vt_16k:0358,ruler_vt_16k,L18,ALL,"[9, 13]",0.7333333333333333,0.0,0.6,0.8666666666666667,0.26666666666666666,0.0,2,2
ruler_vt_16k:0358,ruler_vt_16k,L24,OFF,"[1, 2, 3, 4, 5, 6, 7, 8, 9, 10, 11, 12, 13, 14]",0.5,0.0,,,,0.0,0,0
ruler_vt_16k:0358,ruler_vt_16k,L24,L0,"[1, 4, 5, 9]",0.31666666666666665,0.0,0.06666666666666667,0.6,0.5333333333333333,0.06666666666666667,4,4
ruler_vt_16k:0358,ruler_vt_16k,L24,L6,"[1, 3, 5, 12]",0.35,0.0,0.06666666666666667,0.8,0.7333333333333333,0.0,4,4
ruler_vt_16k:0358,ruler_vt_16k,L24,L12,"[1, 4]",0.16666666666666666,0.0,0.06666666666666667,0.26666666666666666,0.2,0.0,2,2
ruler_vt_16k:0358,ruler_vt_16k,L24,L18,"[1, 10, 12]",0.5111111111111112,0.0,0.06666666666666667,0.8,0.7333333333333333,0.0,3,3
ruler_vt_16k:0358,ruler_vt_16k,L24,ALL,[4],0.26666666666666666,0.19999999999999996,0.26666666666666666,0.26666666666666666,0.0,0.0,1,1
ruler_vt_16k:0358,ruler_vt_16k,ALL,OFF,"[1, 2, 3, 4, 5, 6, 7, 8, 9, 10, 11, 12, 13, 14]",0.5,0.0,,,,0.0,0,0
ruler_vt_16k:0358,ruler_vt_16k,ALL,L0,"[7, 8]",0.5,0.0,0.4666666666666667,0.5333333333333333,0.06666666666666667,0.06666666666666667,2,2
ruler_vt_16k:0358,ruler_vt_16k,ALL,L6,"[1, 2, 3, 4, 5, 6, 7, 8, 9, 10, 11, 12, 13, 14]",0.5,0.0,,,,0.0,0,0
ruler_vt_16k:0358,ruler_vt_16k,ALL,L12,"[1, 2, 3, 4, 5, 6, 7, 8, 9, 10, 11, 12, 13, 14]",0.5,0.0,,,,0.0,0,0
ruler_vt_16k:0358,ruler_vt_16k,ALL,L18,"[1, 2, 3, 4, 5, 6, 7, 8, 9, 10, 11, 12, 13, 14]",0.5,0.0,,,,0.0,0,0
ruler_vt_16k:0358,ruler_vt_16k,ALL,L24,"[1, 2, 3, 4, 5, 6, 7, 8, 9, 10, 11, 12, 13, 14]",0.5,0.0,,,,0.0,0,0
ruler_vt_16k:0362,ruler_vt_16k,OFF,L0,"[1, 2, 3, 4, 5, 6, 7, 8, 9, 10, 11, 12, 13, 14]",0.5,0.0,,,,0.0,0,0
ruler_vt_16k:0362,ruler_vt_16k,OFF,L6,"[1, 2, 3, 4, 5, 6, 7, 8, 9, 10, 11, 12, 13, 14]",0.5,0.0,,,,0.0,0,0
ruler_vt_16k:0362,ruler_vt_16k,OFF,L12,"[1, 2, 3, 4, 5, 6, 7, 8, 9, 10, 11, 12, 13, 14]",0.5,0.0,,,,0.0,0,0
ruler_vt_16k:0362,ruler_vt_16k,OFF,L18,"[1, 2, 3, 4, 5, 6, 7, 8, 9, 10, 11, 12, 13, 14]",0.5,0.0,,,,0.0,0,0
ruler_vt_16k:0362,ruler_vt_16k,OFF,L24,"[1, 2, 3, 4, 5, 6, 7, 8, 9, 10, 11, 12, 13, 14]",0.5,0.0,,,,0.0,0,0
ruler_vt_16k:0362,ruler_vt_16k,OFF,ALL,[9],0.6,0.4,0.6,0.6,0.0,0.0,1,0
ruler_vt_16k:0362,ruler_vt_16k,L0,OFF,[4],0.26666666666666666,0.4,0.26666666666666666,0.26666666666666666,0.0,0.0,1,0
ruler_vt_16k:0362,ruler_vt_16k,L0,L6,"[6, 11]",0.5666666666666667,0.0,0.4,0.7333333333333333,0.3333333333333333,0.0,2,0
ruler_vt_16k:0362,ruler_vt_16k,L0,L12,"[1, 2, 3, 4, 5, 6, 7, 8, 9, 10, 11, 12, 13, 14]",0.5,0.0,,,,0.0,0,0
ruler_vt_16k:0362,ruler_vt_16k,L0,L18,"[1, 4, 10]",0.3333333333333333,0.0,0.06666666666666667,0.6666666666666666,0.6,0.0,3,0
ruler_vt_16k:0362,ruler_vt_16k,L0,L24,"[2, 4, 8]",0.3111111111111111,0.0,0.13333333333333333,0.5333333333333333,0.4,0.0,3,0
ruler_vt_16k:0362,ruler_vt_16k,L0,ALL,"[2, 7]",0.3,0.0,0.13333333333333333,0.4666666666666667,0.3333333333333333,0.0,2,0
ruler_vt_16k:0362,ruler_vt_16k,L6,OFF,"[1, 2, 3, 4, 5, 6, 7, 8, 9, 10, 11, 12, 13, 14]",0.5,0.0,,,,0.0,0,0
ruler_vt_16k:0362,ruler_vt_16k,L6,L0,"[1, 2, 3, 4, 5, 6, 7, 8, 9, 10, 11, 12, 13, 14]",0.5,0.0,,,,0.0,0,0
ruler_vt_16k:0362,ruler_vt_16k,L6,L12,"[1, 2, 3, 4, 5, 6, 7, 8, 9, 10, 11, 12, 13, 14]",0.5,0.0,,,,0.0,0,0
ruler_vt_16k:0362,ruler_vt_16k,L6,L18,"[1, 2, 3, 4, 5, 6, 7, 8, 9, 10, 11, 12, 13, 14]",0.5,0.0,,,,0.0,0,0
ruler_vt_16k:0362,ruler_vt_16k,L6,L24,"[1, 2, 3, 4, 5, 6, 7, 8, 9, 10, 11, 12, 13, 14]",0.5,0.0,,,,0.0,0,0
ruler_vt_16k:0362,ruler_vt_16k,L6,ALL,"[1, 2, 3, 4, 5, 6, 7, 8, 9, 10, 11, 12, 13, 14]",0.5,0.0,,,,0.0,0,0
ruler_vt_16k:0362,ruler_vt_16k,L12,OFF,"[1, 2, 3, 4, 5, 6, 7, 8, 9, 10, 11, 12, 13, 14]",0.5,0.0,,,,0.0,0,0
ruler_vt_16k:0362,ruler_vt_16k,L12,L0,[11],0.7333333333333333,0.4,0.7333333333333333,0.7333333333333333,0.0,0.0,1,0
ruler_vt_16k:0362,ruler_vt_16k,L12,L6,"[1, 2, 3, 4, 5, 6, 7, 8, 9, 10, 11, 12, 13, 14]",0.5,0.0,,,,0.0,0,0
ruler_vt_16k:0362,ruler_vt_16k,L12,L18,"[1, 2, 3, 4, 5, 6, 7, 8, 9, 10, 11, 12, 13, 14]",0.5,0.0,,,,0.0,0,0
ruler_vt_16k:0362,ruler_vt_16k,L12,L24,"[1, 2, 3, 4, 5, 6, 7, 8, 9, 10, 11, 12, 13, 14]",0.5,0.0,,,,0.0,0,0
ruler_vt_16k:0362,ruler_vt_16k,L12,ALL,[9],0.6,0.4,0.6,0.6,0.0,0.0,1,0
ruler_vt_16k:0362,ruler_vt_16k,L18,OFF,"[1, 2, 3, 4, 5, 6, 7, 8, 9, 10, 11, 12, 13, 14]",0.5,0.0,,,,0.0,0,0
ruler_vt_16k:0362,ruler_vt_16k,L18,L0,"[4, 11]",0.5,0.0,0.26666666666666666,0.7333333333333333,0.4666666666666667,0.0,2,0
ruler_vt_16k:0362,ruler_vt_16k,L18,L6,"[1, 2, 3, 4, 5, 6, 7, 8, 9, 10, 11, 12, 13, 14]",0.5,0.0,,,,0.0,0,0
ruler_vt_16k:0362,ruler_vt_16k,L18,L12,"[1, 2, 3, 4, 5, 6, 7, 8, 9, 10, 11, 12, 13, 14]",0.5,0.0,,,,0.0,0,0
ruler_vt_16k:0362,ruler_vt_16k,L18,L24,"[1, 2, 3, 4, 5, 6, 7, 8, 9, 10, 11, 12, 13, 14]",0.5,0.0,,,,0.0,0,0
ruler_vt_16k:0362,ruler_vt_16k,L18,ALL,"[1, 2, 3, 4, 5, 6, 7, 8, 9, 10, 11, 12, 13, 14]",0.5,0.0,,,,0.0,0,0
ruler_vt_16k:0362,ruler_vt_16k,L24,OFF,"[1, 2, 3, 4, 5, 6, 7, 8, 9, 10, 11, 12, 13, 14]",0.5,0.0,,,,0.0,0,0
ruler_vt_16k:0362,ruler_vt_16k,L24,L0,[4],0.26666666666666666,0.4,0.26666666666666666,0.26666666666666666,0.0,0.0,1,0
ruler_vt_16k:0362,ruler_vt_16k,L24,L6,"[1, 2, 3, 4, 5, 6, 7, 8, 9, 10, 11, 12, 13, 14]",0.5,0.0,,,,0.0,0,0
ruler_vt_16k:0362,ruler_vt_16k,L24,L12,"[1, 2, 3, 4, 5, 6, 7, 8, 9, 10, 11, 12, 13, 14]",0.5,0.0,,,,0.0,0,0
ruler_vt_16k:0362,ruler_vt_16k,L24,L18,"[1, 2, 3, 4, 5, 6, 7, 8, 9, 10, 11, 12, 13, 14]",0.5,0.0,,,,0.0,0,0
ruler_vt_16k:0362,ruler_vt_16k,L24,ALL,"[1, 2, 3, 4, 5, 6, 7, 8, 9, 10, 11, 12, 13, 14]",0.5,0.0,,,,0.0,0,0
ruler_vt_16k:0362,ruler_vt_16k,ALL,OFF,"[1, 2, 3, 4, 5, 6, 7, 8, 9, 10, 11, 12, 13, 14]",0.5,0.0,,,,0.0,0,0
ruler_vt_16k:0362,ruler_vt_16k,ALL,L0,[10],0.6666666666666666,0.4,0.6666666666666666,0.6666666666666666,0.0,0.0,1,0
ruler_vt_16k:0362,ruler_vt_16k,ALL,L6,"[1, 2, 3, 4, 5, 6, 7, 8, 9, 10, 11, 12, 13, 14]",0.5,0.0,,,,0.0,0,0
ruler_vt_16k:0362,ruler_vt_16k,ALL,L12,[1],0.06666666666666667,0.4,0.06666666666666667,0.06666666666666667,0.0,0.0,1,0
ruler_vt_16k:0362,ruler_vt_16k,ALL,L18,"[1, 2, 3, 4, 5, 6, 7, 8, 9, 10, 11, 12, 13, 14]",0.5,0.0,,,,0.0,0,0
ruler_vt_16k:0362,ruler_vt_16k,ALL,L24,"[1, 2, 3, 4, 5, 6, 7, 8, 9, 10, 11, 12, 13, 14]",0.5,0.0,,,,0.0,0,0
ruler_vt_16k:0372,ruler_vt_16k,OFF,L0,[10],0.6666666666666666,0.19999999999999996,0.6666666666666666,0.6666666666666666,0.0,0.0,1,1
ruler_vt_16k:0372,ruler_vt_16k,OFF,L6,"[1, 2, 3, 4, 5, 6, 7, 8, 9, 10, 11, 12, 13, 14]",0.5,0.0,,,,0.0,0,0
ruler_vt_16k:0372,ruler_vt_16k,OFF,L12,"[1, 2, 3, 4, 5, 6, 7, 8, 9, 10, 11, 12, 13, 14]",0.5,0.0,,,,0.0,0,0
ruler_vt_16k:0372,ruler_vt_16k,OFF,L18,[13],0.8666666666666667,0.19999999999999996,0.8666666666666667,0.8666666666666667,0.0,0.0,1,1
ruler_vt_16k:0372,ruler_vt_16k,OFF,L24,"[1, 2, 3, 4, 5, 6, 7, 8, 9, 10, 11, 12, 13, 14]",0.5,0.0,,,,0.0,0,0
ruler_vt_16k:0372,ruler_vt_16k,OFF,ALL,[4],0.26666666666666666,0.19999999999999996,0.26666666666666666,0.26666666666666666,0.0,0.0,1,1
ruler_vt_16k:0372,ruler_vt_16k,L0,OFF,"[1, 2, 3, 4, 5, 6, 7, 8, 9, 10, 11, 12, 13, 14]",0.5,0.0,,,,0.0,0,0
ruler_vt_16k:0372,ruler_vt_16k,L0,L6,[1],0.06666666666666667,0.19999999999999996,0.06666666666666667,0.06666666666666667,0.0,0.0,1,1
ruler_vt_16k:0372,ruler_vt_16k,L0,L12,[1],0.06666666666666667,0.19999999999999996,0.06666666666666667,0.06666666666666667,0.0,0.0,1,1
ruler_vt_16k:0372,ruler_vt_16k,L0,L18,"[1, 2, 3, 4, 6, 7, 8, 9, 10, 11, 12, 13, 14]",0.5128205128205129,0.0,,,,0.0,0,0
ruler_vt_16k:0372,ruler_vt_16k,L0,L24,[11],0.7333333333333333,0.19999999999999996,0.7333333333333333,0.7333333333333333,0.0,0.0,1,1
ruler_vt_16k:0372,ruler_vt_16k,L0,ALL,[13],0.8666666666666667,0.19999999999999996,0.8666666666666667,0.8666666666666667,0.0,0.0,1,1
ruler_vt_16k:0372,ruler_vt_16k,L6,OFF,"[1, 2, 3, 4, 5, 6, 7, 8, 9, 10, 11, 12, 13, 14]",0.5,0.0,,,,0.0,0,0
ruler_vt_16k:0372,ruler_vt_16k,L6,L0,"[1, 2, 3, 4, 5, 6, 7, 8, 9, 10, 11, 12, 13, 14]",0.5,0.0,,,,0.0,0,0
ruler_vt_16k:0372,ruler_vt_16k,L6,L12,"[1, 2, 3, 4, 5, 6, 7, 8, 9, 10, 11, 12, 13, 14]",0.5,0.0,,,,0.0,0,0
ruler_vt_16k:0372,ruler_vt_16k,L6,L18,"[1, 2, 3, 4, 5, 6, 7, 8, 9, 10, 11, 12, 13, 14]",0.5,0.0,,,,0.0,0,0
ruler_vt_16k:0372,ruler_vt_16k,L6,L24,"[1, 2, 3, 4, 5, 6, 7, 8, 9, 10, 11, 12, 13, 14]",0.5,0.0,,,,0.0,0,0
ruler_vt_16k:0372,ruler_vt_16k,L6,ALL,"[1, 2, 3, 4, 5, 6, 7, 8, 9, 10, 11, 12, 13, 14]",0.5,0.0,,,,0.0,0,0
ruler_vt_16k:0372,ruler_vt_16k,L12,OFF,"[1, 2, 3, 4, 5, 6, 7, 8, 9, 10, 11, 12, 13, 14]",0.5,0.0,,,,0.0,0,0
ruler_vt_16k:0372,ruler_vt_16k,L12,L0,[4],0.26666666666666666,0.19999999999999996,0.26666666666666666,0.26666666666666666,0.0,0.0,1,1
ruler_vt_16k:0372,ruler_vt_16k,L12,L6,"[1, 2, 3, 4, 5, 6, 7, 8, 9, 10, 11, 12, 13, 14]",0.5,0.0,,,,0.0,0,0
ruler_vt_16k:0372,ruler_vt_16k,L12,L18,"[1, 2, 3, 4, 5, 6, 7, 8, 9, 10, 11, 12, 13, 14]",0.5,0.0,,,,0.0,0,0
ruler_vt_16k:0372,ruler_vt_16k,L12,L24,[7],0.4666666666666667,0.19999999999999996,0.4666666666666667,0.4666666666666667,0.0,0.0,1,1
ruler_vt_16k:0372,ruler_vt_16k,L12,ALL,[14],0.9333333333333333,0.19999999999999996,0.9333333333333333,0.9333333333333333,0.0,0.0,1,1
ruler_vt_16k:0372,ruler_vt_16k,L18,OFF,[4],0.26666666666666666,0.19999999999999996,0.26666666666666666,0.26666666666666666,0.0,0.0,1,1
ruler_vt_16k:0372,ruler_vt_16k,L18,L0,"[10, 12]",0.7333333333333333,0.0,0.6666666666666666,0.8,0.13333333333333333,0.0,2,2
ruler_vt_16k:0372,ruler_vt_16k,L18,L6,"[3, 9]",0.4,0.0,0.2,0.6,0.4,0.0,2,2
ruler_vt_16k:0372,ruler_vt_16k,L18,L12,"[1, 2, 3, 4, 5, 6, 7, 8, 9, 10, 11, 12, 13, 14]",0.5,0.0,,,,0.0,0,0
ruler_vt_16k:0372,ruler_vt_16k,L18,L24,"[1, 2, 3, 4, 5, 6, 7, 8, 9, 10, 11, 12, 13, 14]",0.5,0.0,,,,0.0,0,0
ruler_vt_16k:0372,ruler_vt_16k,L18,ALL,"[12, 13, 14]",0.8666666666666667,0.0,0.8,0.9333333333333333,0.13333333333333333,0.13333333333333333,3,3
ruler_vt_16k:0372,ruler_vt_16k,L24,OFF,"[1, 2, 3, 4, 5, 6, 7, 8, 9, 10, 11, 12, 13, 14]",0.5,0.0,,,,0.0,0,0
ruler_vt_16k:0372,ruler_vt_16k,L24,L0,"[10, 14]",0.8,0.0,0.6666666666666666,0.9333333333333333,0.26666666666666666,0.0,2,2
ruler_vt_16k:0372,ruler_vt_16k,L24,L6,"[1, 2, 3, 4, 5, 6, 7, 8, 9, 10, 11, 12, 13, 14]",0.5,0.0,,,,0.0,0,0
ruler_vt_16k:0372,ruler_vt_16k,L24,L12,"[1, 2, 3, 4, 5, 6, 7, 8, 9, 10, 11, 12, 13, 14]",0.5,0.0,,,,0.0,0,0
ruler_vt_16k:0372,ruler_vt_16k,L24,L18,[5],0.3333333333333333,0.19999999999999996,0.3333333333333333,0.3333333333333333,0.0,0.0,1,1
ruler_vt_16k:0372,ruler_vt_16k,L24,ALL,"[4, 12, 14]",0.6666666666666666,0.0,0.26666666666666666,0.9333333333333333,0.6666666666666666,0.0,3,3
ruler_vt_16k:0372,ruler_vt_16k,ALL,OFF,[4],0.26666666666666666,0.19999999999999996,0.26666666666666666,0.26666666666666666,0.0,0.0,1,1
ruler_vt_16k:0372,ruler_vt_16k,ALL,L0,[4],0.26666666666666666,0.19999999999999996,0.26666666666666666,0.26666666666666666,0.0,0.0,1,1
ruler_vt_16k:0372,ruler_vt_16k,ALL,L6,"[1, 2, 3, 4, 5, 6, 7, 8, 9, 10, 11, 12, 13, 14]",0.5,0.0,,,,0.0,0,0
ruler_vt_16k:0372,ruler_vt_16k,ALL,L12,"[1, 2, 3, 4, 5, 6, 7, 8, 9, 10, 11, 12, 13, 14]",0.5,0.0,,,,0.0,0,0
ruler_vt_16k:0372,ruler_vt_16k,ALL,L18,[2],0.13333333333333333,0.19999999999999996,0.13333333333333333,0.13333333333333333,0.0,0.0,1,1
ruler_vt_16k:0372,ruler_vt_16k,ALL,L24,[4],0.26666666666666666,0.19999999999999996,0.26666666666666666,0.26666666666666666,0.0,0.0,1,1
ruler_vt_16k:0373,ruler_vt_16k,OFF,L0,"[3, 4, 7]",0.3111111111111111,0.0,0.2,0.4666666666666667,0.26666666666666666,0.06666666666666667,3,0
ruler_vt_16k:0373,ruler_vt_16k,OFF,L6,"[1, 2, 3, 4, 5, 6, 7, 8, 9, 10, 11, 12, 13, 14]",0.5,0.0,,,,0.0,0,0
ruler_vt_16k:0373,ruler_vt_16k,OFF,L12,[1],0.06666666666666667,0.6000000000000001,0.06666666666666667,0.06666666666666667,0.0,0.0,1,0
ruler_vt_16k:0373,ruler_vt_16k,OFF,L18,[8],0.5333333333333333,0.6000000000000001,0.5333333333333333,0.5333333333333333,0.0,0.0,1,0
ruler_vt_16k:0373,ruler_vt_16k,OFF,L24,"[1, 2, 3, 4, 5, 6, 7, 8, 9, 10, 11, 12, 13, 14]",0.5,0.0,,,,0.0,0,0
ruler_vt_16k:0373,ruler_vt_16k,OFF,ALL,"[1, 2, 3, 4, 5, 6, 7, 8, 9, 10, 11, 12, 13, 14]",0.5,0.0,,,,0.0,0,0
ruler_vt_16k:0373,ruler_vt_16k,L0,OFF,"[1, 2, 3, 4, 5, 6, 7, 8, 9, 10, 11, 12, 13, 14]",0.5,0.0,,,,0.0,0,0
ruler_vt_16k:0373,ruler_vt_16k,L0,L6,"[1, 2, 3, 4, 5, 6, 7, 8, 9, 10, 11, 12, 13, 14]",0.5,0.0,,,,0.0,0,0
ruler_vt_16k:0373,ruler_vt_16k,L0,L12,"[1, 2, 3, 4, 5, 6, 7, 8, 9, 10, 11, 12, 13, 14]",0.5,0.0,,,,0.0,0,0
ruler_vt_16k:0373,ruler_vt_16k,L0,L18,"[3, 8, 9, 10]",0.5,0.0,0.2,0.6666666666666666,0.4666666666666667,0.13333333333333333,4,0
ruler_vt_16k:0373,ruler_vt_16k,L0,L24,"[1, 2, 3, 4, 5, 6, 7, 8, 9, 10, 11, 12, 13, 14]",0.5,0.0,,,,0.0,0,0
ruler_vt_16k:0373,ruler_vt_16k,L0,ALL,[12],0.8,0.6000000000000001,0.8,0.8,0.0,0.0,1,0
ruler_vt_16k:0373,ruler_vt_16k,L6,OFF,"[1, 2, 3, 4, 5, 6, 7, 8, 9, 10, 11, 12, 13, 14]",0.5,0.0,,,,0.0,0,0
ruler_vt_16k:0373,ruler_vt_16k,L6,L0,[8],0.5333333333333333,0.6000000000000001,0.5333333333333333,0.5333333333333333,0.0,0.0,1,0
ruler_vt_16k:0373,ruler_vt_16k,L6,L12,"[1, 2, 3, 4, 5, 6, 7, 8, 9, 10, 11, 12, 13, 14]",0.5,0.0,,,,0.0,0,0
ruler_vt_16k:0373,ruler_vt_16k,L6,L18,[3],0.2,0.6000000000000001,0.2,0.2,0.0,0.0,1,0
ruler_vt_16k:0373,ruler_vt_16k,L6,L24,"[1, 2, 3, 4, 5, 6, 7, 8, 9, 10, 11, 12, 13, 14]",0.5,0.0,,,,0.0,0,0
ruler_vt_16k:0373,ruler_vt_16k,L6,ALL,[7],0.4666666666666667,0.6000000000000001,0.4666666666666667,0.4666666666666667,0.0,0.0,1,0
ruler_vt_16k:0373,ruler_vt_16k,L12,OFF,"[1, 2, 3, 4, 5, 6, 7, 8, 9, 10, 11, 12, 13, 14]",0.5,0.0,,,,0.0,0,0
ruler_vt_16k:0373,ruler_vt_16k,L12,L0,"[4, 12, 13]",0.6444444444444444,0.0,0.26666666666666666,0.8666666666666667,0.6,0.06666666666666667,3,0
ruler_vt_16k:0373,ruler_vt_16k,L12,L6,[2],0.13333333333333333,0.6000000000000001,0.13333333333333333,0.13333333333333333,0.0,0.0,1,0
ruler_vt_16k:0373,ruler_vt_16k,L12,L18,"[1, 2, 3, 4, 5, 6, 7, 8, 9, 10, 11, 12, 13, 14]",0.5,0.0,,,,0.0,0,0
ruler_vt_16k:0373,ruler_vt_16k,L12,L24,"[1, 2, 3, 4, 5, 6, 7, 8, 9, 10, 11, 12, 13, 14]",0.5,0.0,,,,0.0,0,0
ruler_vt_16k:0373,ruler_vt_16k,L12,ALL,"[11, 14]",0.8333333333333334,0.0,0.7333333333333333,0.9333333333333333,0.2,0.0,2,0
ruler_vt_16k:0373,ruler_vt_16k,L18,OFF,[1],0.06666666666666667,0.6000000000000001,0.06666666666666667,0.06666666666666667,0.0,0.0,1,0
ruler_vt_16k:0373,ruler_vt_16k,L18,L0,"[7, 14]",0.7,0.0,0.4666666666666667,0.9333333333333333,0.4666666666666667,0.0,2,0
ruler_vt_16k:0373,ruler_vt_16k,L18,L6,"[1, 2, 3, 4, 5, 6, 7, 8, 9, 10, 11, 12, 13, 14]",0.5,0.0,,,,0.0,0,0
ruler_vt_16k:0373,ruler_vt_16k,L18,L12,[4],0.26666666666666666,0.6000000000000001,0.26666666666666666,0.26666666666666666,0.0,0.0,1,0
ruler_vt_16k:0373,ruler_vt_16k,L18,L24,"[1, 2, 3, 4, 5, 6, 7, 8, 9, 10, 11, 12, 13, 14]",0.5,0.0,,,,0.0,0,0
ruler_vt_16k:0373,ruler_vt_16k,L18,ALL,[14],0.9333333333333333,0.6000000000000001,0.9333333333333333,0.9333333333333333,0.0,0.0,1,0
ruler_vt_16k:0373,ruler_vt_16k,L24,OFF,"[1, 2, 3, 4, 5, 6, 7, 8, 9, 10, 11, 12, 13, 14]",0.5,0.0,,,,0.0,0,0
ruler_vt_16k:0373,ruler_vt_16k,L24,L0,[4],0.26666666666666666,0.6000000000000001,0.26666666666666666,0.26666666666666666,0.0,0.0,1,0
ruler_vt_16k:0373,ruler_vt_16k,L24,L6,[10],0.6666666666666666,0.6000000000000001,0.6666666666666666,0.6666666666666666,0.0,0.0,1,0
ruler_vt_16k:0373,ruler_vt_16k,L24,L12,"[1, 2, 3, 4, 5, 6, 7, 8, 9, 10, 11, 12, 13, 14]",0.5,0.0,,,,0.0,0,0
ruler_vt_16k:0373,ruler_vt_16k,L24,L18,[8],0.5333333333333333,0.6000000000000001,0.5333333333333333,0.5333333333333333,0.0,0.0,1,0
ruler_vt_16k:0373,ruler_vt_16k,L24,ALL,"[1, 2, 3, 4, 5, 6, 7, 8, 9, 10, 11, 12, 13, 14]",0.5,0.0,,,,0.0,0,0
ruler_vt_16k:0373,ruler_vt_16k,ALL,OFF,[2],0.13333333333333333,0.6000000000000001,0.13333333333333333,0.13333333333333333,0.0,0.0,1,0
ruler_vt_16k:0373,ruler_vt_16k,ALL,L0,"[1, 8, 9]",0.4,0.0,0.06666666666666667,0.6,0.5333333333333333,0.06666666666666667,3,0
ruler_vt_16k:0373,ruler_vt_16k,ALL,L6,"[5, 7]",0.4,0.0,0.3333333333333333,0.4666666666666667,0.13333333333333333,0.0,2,0
ruler_vt_16k:0373,ruler_vt_16k,ALL,L12,"[1, 13]",0.4666666666666667,0.0,0.06666666666666667,0.8666666666666667,0.8,0.0,2,0
ruler_vt_16k:0373,ruler_vt_16k,ALL,L18,[11],0.7333333333333333,0.6000000000000001,0.7333333333333333,0.7333333333333333,0.0,0.0,1,0
ruler_vt_16k:0373,ruler_vt_16k,ALL,L24,[2],0.13333333333333333,0.6000000000000001,0.13333333333333333,0.13333333333333333,0.0,0.0,1,0
ruler_vt_16k:0376,ruler_vt_16k,OFF,L0,"[1, 2, 3, 4, 5, 6, 7, 8, 9, 10, 11, 12, 13, 14]",0.5,0.0,,,,0.0,0,0
ruler_vt_16k:0376,ruler_vt_16k,OFF,L6,"[1, 2, 3, 4, 5, 6, 7, 8, 9, 10, 11, 12, 13, 14]",0.5,0.0,,,,0.0,0,0
ruler_vt_16k:0376,ruler_vt_16k,OFF,L12,"[1, 2, 3, 4, 5, 6, 7, 8, 9, 10, 11, 12, 13, 14]",0.5,0.0,,,,0.0,0,0
ruler_vt_16k:0376,ruler_vt_16k,OFF,L18,"[1, 2, 3, 4, 5, 6, 7, 8, 9, 10, 11, 12, 13, 14]",0.5,0.0,,,,0.0,0,0
ruler_vt_16k:0376,ruler_vt_16k,OFF,L24,"[1, 2, 3, 4, 5, 6, 7, 8, 9, 10, 11, 12, 13, 14]",0.5,0.0,,,,0.0,0,0
ruler_vt_16k:0376,ruler_vt_16k,OFF,ALL,"[1, 2, 3, 4, 5, 6, 7, 8, 9, 10, 11, 12, 13, 14]",0.5,0.0,,,,0.0,0,0
ruler_vt_16k:0376,ruler_vt_16k,L0,OFF,"[1, 2, 3, 4, 5, 6, 7, 8, 9, 10, 11, 12, 13, 14]",0.5,0.0,,,,0.0,0,0
ruler_vt_16k:0376,ruler_vt_16k,L0,L6,[8],0.5333333333333333,0.4,0.5333333333333333,0.5333333333333333,0.0,0.0,1,0
ruler_vt_16k:0376,ruler_vt_16k,L0,L12,"[1, 2, 3, 4, 5, 6, 7, 8, 9, 10, 11, 12, 13, 14]",0.5,0.0,,,,0.0,0,0
ruler_vt_16k:0376,ruler_vt_16k,L0,L18,"[1, 2, 3, 4, 5, 6, 7, 8, 9, 10, 11, 12, 13, 14]",0.5,0.0,,,,0.0,0,0
ruler_vt_16k:0376,ruler_vt_16k,L0,L24,"[1, 2, 3, 4, 5, 6, 7, 8, 9, 10, 11, 12, 13, 14]",0.5,0.0,,,,0.0,0,0
ruler_vt_16k:0376,ruler_vt_16k,L0,ALL,"[1, 2, 3, 4, 5, 6, 7, 8, 9, 10, 11, 12, 13, 14]",0.5,0.0,,,,0.0,0,0
ruler_vt_16k:0376,ruler_vt_16k,L6,OFF,"[1, 2, 3, 4, 5, 6, 7, 8, 9, 10, 11, 12, 13, 14]",0.5,0.0,,,,0.0,0,0
ruler_vt_16k:0376,ruler_vt_16k,L6,L0,"[1, 2, 3, 4, 5, 6, 7, 8, 9, 10, 11, 12, 13, 14]",0.5,0.0,,,,0.0,0,0
ruler_vt_16k:0376,ruler_vt_16k,L6,L12,"[1, 2, 3, 4, 5, 6, 7, 8, 9, 10, 11, 12, 13, 14]",0.5,0.0,,,,0.0,0,0
ruler_vt_16k:0376,ruler_vt_16k,L6,L18,"[1, 2, 3, 4, 5, 6, 7, 8, 9, 10, 11, 12, 13, 14]",0.5,0.0,,,,0.0,0,0
ruler_vt_16k:0376,ruler_vt_16k,L6,L24,"[1, 2, 3, 4, 5, 6, 7, 8, 9, 10, 11, 12, 13, 14]",0.5,0.0,,,,0.0,0,0
ruler_vt_16k:0376,ruler_vt_16k,L6,ALL,"[1, 2, 3, 4, 5, 6, 7, 8, 9, 10, 11, 12, 13, 14]",0.5,0.0,,,,0.0,0,0
ruler_vt_16k:0376,ruler_vt_16k,L12,OFF,"[1, 2, 3, 4, 5, 6, 7, 8, 9, 10, 11, 12, 13, 14]",0.5,0.0,,,,0.0,0,0
ruler_vt_16k:0376,ruler_vt_16k,L12,L0,"[1, 2, 3, 4, 5, 6, 7, 8, 9, 10, 11, 12, 13, 14]",0.5,0.0,,,,0.0,0,0
ruler_vt_16k:0376,ruler_vt_16k,L12,L6,[11],0.7333333333333333,0.4,0.7333333333333333,0.7333333333333333,0.0,0.0,1,0
ruler_vt_16k:0376,ruler_vt_16k,L12,L18,"[1, 2, 3, 4, 5, 6, 7, 8, 9, 10, 11, 12, 13, 14]",0.5,0.0,,,,0.0,0,0
ruler_vt_16k:0376,ruler_vt_16k,L12,L24,"[1, 2, 3, 4, 5, 6, 7, 8, 9, 10, 11, 12, 13, 14]",0.5,0.0,,,,0.0,0,0
ruler_vt_16k:0376,ruler_vt_16k,L12,ALL,"[1, 2, 3, 4, 5, 6, 7, 8, 9, 10, 11, 12, 13, 14]",0.5,0.0,,,,0.0,0,0
ruler_vt_16k:0376,ruler_vt_16k,L18,OFF,"[1, 2, 3, 4, 5, 6, 7, 8, 9, 10, 11, 12, 13, 14]",0.5,0.0,,,,0.0,0,0
ruler_vt_16k:0376,ruler_vt_16k,L18,L0,"[1, 2, 3, 4, 5, 6, 7, 8, 9, 10, 11, 12, 13, 14]",0.5,0.0,,,,0.0,0,0
ruler_vt_16k:0376,ruler_vt_16k,L18,L6,"[1, 2, 3, 4, 5, 6, 7, 8, 9, 10, 11, 12, 13, 14]",0.5,0.0,,,,0.0,0,0
ruler_vt_16k:0376,ruler_vt_16k,L18,L12,"[1, 2, 3, 4, 5, 6, 7, 8, 9, 10, 11, 12, 13, 14]",0.5,0.0,,,,0.0,0,0
ruler_vt_16k:0376,ruler_vt_16k,L18,L24,"[1, 2, 3, 4, 5, 6, 7, 8, 9, 10, 11, 12, 13, 14]",0.5,0.0,,,,0.0,0,0
ruler_vt_16k:0376,ruler_vt_16k,L18,ALL,"[1, 2, 3, 4, 5, 6, 7, 8, 9, 10, 11, 12, 13, 14]",0.5,0.0,,,,0.0,0,0
ruler_vt_16k:0376,ruler_vt_16k,L24,OFF,"[1, 2, 3, 4, 5, 6, 7, 8, 9, 10, 11, 12, 13, 14]",0.5,0.0,,,,0.0,0,0
ruler_vt_16k:0376,ruler_vt_16k,L24,L0,"[1, 2, 3, 4, 5, 6, 7, 8, 9, 10, 11, 12, 13, 14]",0.5,0.0,,,,0.0,0,0
ruler_vt_16k:0376,ruler_vt_16k,L24,L6,"[1, 2, 3, 4, 5, 6, 7, 8, 9, 10, 11, 12, 13, 14]",0.5,0.0,,,,0.0,0,0
ruler_vt_16k:0376,ruler_vt_16k,L24,L12,"[1, 2, 3, 4, 5, 6, 7, 8, 9, 10, 11, 12, 13, 14]",0.5,0.0,,,,0.0,0,0
ruler_vt_16k:0376,ruler_vt_16k,L24,L18,"[1, 2, 3, 4, 5, 6, 7, 8, 9, 10, 11, 12, 13, 14]",0.5,0.0,,,,0.0,0,0
ruler_vt_16k:0376,ruler_vt_16k,L24,ALL,"[1, 2, 3, 4, 5, 6, 7, 8, 9, 10, 11, 12, 13, 14]",0.5,0.0,,,,0.0,0,0
ruler_vt_16k:0376,ruler_vt_16k,ALL,OFF,"[1, 2, 3, 4, 5, 6, 7, 8, 9, 10, 11, 12, 13, 14]",0.5,0.0,,,,0.0,0,0
ruler_vt_16k:0376,ruler_vt_16k,ALL,L0,[2],0.13333333333333333,0.4,0.13333333333333333,0.13333333333333333,0.0,0.0,1,0
ruler_vt_16k:0376,ruler_vt_16k,ALL,L6,[2],0.13333333333333333,0.4,0.13333333333333333,0.13333333333333333,0.0,0.0,1,0
ruler_vt_16k:0376,ruler_vt_16k,ALL,L12,"[1, 2, 3, 4, 5, 6, 7, 8, 9, 10, 11, 12, 13, 14]",0.5,0.0,,,,0.0,0,0
ruler_vt_16k:0376,ruler_vt_16k,ALL,L18,"[1, 2, 3, 4, 5, 6, 7, 8, 9, 10, 11, 12, 13, 14]",0.5,0.0,,,,0.0,0,0
ruler_vt_16k:0376,ruler_vt_16k,ALL,L24,"[1, 2, 3, 4, 5, 6, 7, 8, 9, 10, 11, 12, 13, 14]",0.5,0.0,,,,0.0,0,0
ruler_vt_16k:0381,ruler_vt_16k,OFF,L0,"[1, 2, 3, 4, 5, 6, 7, 8, 9, 10, 11, 12, 13, 14]",0.5,0.0,,,,0.0,0,0
ruler_vt_16k:0381,ruler_vt_16k,OFF,L6,"[1, 2, 3, 4, 5, 6, 7, 8, 9, 10, 11, 12, 13, 14]",0.5,0.0,,,,0.0,0,0
ruler_vt_16k:0381,ruler_vt_16k,OFF,L12,"[1, 2, 3, 4, 5, 6, 7, 8, 9, 10, 11, 12, 13, 14]",0.5,0.0,,,,0.0,0,0
ruler_vt_16k:0381,ruler_vt_16k,OFF,L18,"[1, 2, 3, 4, 5, 6, 7, 8, 9, 10, 11, 12, 13, 14]",0.5,0.0,,,,0.0,0,0
ruler_vt_16k:0381,ruler_vt_16k,OFF,L24,"[1, 2, 3, 4, 5, 6, 7, 8, 9, 10, 11, 12, 13, 14]",0.5,0.0,,,,0.0,0,0
ruler_vt_16k:0381,ruler_vt_16k,OFF,ALL,"[1, 2, 3, 4, 5, 6, 7, 8, 9, 10, 11, 12, 13, 14]",0.5,0.0,,,,0.0,0,0
ruler_vt_16k:0381,ruler_vt_16k,L0,OFF,[13],0.8666666666666667,0.4,0.8666666666666667,0.8666666666666667,0.0,0.0,1,0
ruler_vt_16k:0381,ruler_vt_16k,L0,L6,"[1, 2, 3, 4, 5, 6, 7, 8, 9, 10, 11, 12, 13, 14]",0.5,0.0,,,,0.0,0,0
ruler_vt_16k:0381,ruler_vt_16k,L0,L12,"[3, 4]",0.23333333333333334,0.0,0.2,0.26666666666666666,0.06666666666666667,0.06666666666666667,2,0
ruler_vt_16k:0381,ruler_vt_16k,L0,L18,"[1, 2, 3, 4, 5, 6, 7, 8, 9, 10, 11, 12, 13, 14]",0.5,0.0,,,,0.0,0,0
ruler_vt_16k:0381,ruler_vt_16k,L0,L24,"[1, 2, 3, 4, 5, 6, 7, 8, 9, 10, 11, 12, 13, 14]",0.5,0.0,,,,0.0,0,0
ruler_vt_16k:0381,ruler_vt_16k,L0,ALL,[1],0.06666666666666667,0.4,0.06666666666666667,0.06666666666666667,0.0,0.0,1,0
ruler_vt_16k:0381,ruler_vt_16k,L6,OFF,[4],0.26666666666666666,0.4,0.26666666666666666,0.26666666666666666,0.0,0.0,1,0
ruler_vt_16k:0381,ruler_vt_16k,L6,L0,"[1, 2, 3, 4, 5, 6, 7, 8, 9, 10, 11, 12, 13, 14]",0.5,0.0,,,,0.0,0,0
ruler_vt_16k:0381,ruler_vt_16k,L6,L12,"[1, 2]",0.1,0.0,0.06666666666666667,0.13333333333333333,0.06666666666666667,0.06666666666666667,2,0
ruler_vt_16k:0381,ruler_vt_16k,L6,L18,"[4, 6]",0.3333333333333333,0.0,0.26666666666666666,0.4,0.13333333333333333,0.0,2,0
ruler_vt_16k:0381,ruler_vt_16k,L6,L24,"[1, 2, 3, 4, 5, 6, 7, 8, 9, 10, 11, 12, 13, 14]",0.5,0.0,,,,0.0,0,0
ruler_vt_16k:0381,ruler_vt_16k,L6,ALL,"[1, 2, 3, 4, 5, 6, 7, 8, 9, 10, 11, 12, 13, 14]",0.5,0.0,,,,0.0,0,0
ruler_vt_16k:0381,ruler_vt_16k,L12,OFF,"[1, 2, 3, 4, 5, 6, 7, 8, 9, 10, 11, 12, 13, 14]",0.5,0.0,,,,0.0,0,0
ruler_vt_16k:0381,ruler_vt_16k,L12,L0,"[1, 2, 3, 4, 5, 6, 7, 8, 9, 10, 11, 12, 13, 14]",0.5,0.0,,,,0.0,0,0
ruler_vt_16k:0381,ruler_vt_16k,L12,L6,"[1, 2, 3, 4, 5, 6, 7, 8, 9, 10, 11, 12, 13, 14]",0.5,0.0,,,,0.0,0,0
ruler_vt_16k:0381,ruler_vt_16k,L12,L18,"[1, 2, 3, 4, 5, 6, 7, 8, 9, 10, 11, 12, 13, 14]",0.5,0.0,,,,0.0,0,0
ruler_vt_16k:0381,ruler_vt_16k,L12,L24,"[1, 2, 3, 4, 5, 6, 7, 8, 9, 10, 11, 12, 13, 14]",0.5,0.0,,,,0.0,0,0
ruler_vt_16k:0381,ruler_vt_16k,L12,ALL,"[1, 2, 3, 4, 5, 6, 7, 8, 9, 10, 11, 12, 13, 14]",0.5,0.0,,,,0.0,0,0
ruler_vt_16k:0381,ruler_vt_16k,L18,OFF,[12],0.8,0.4,0.8,0.8,0.0,0.0,1,0
ruler_vt_16k:0381,ruler_vt_16k,L18,L0,[6],0.4,0.4,0.4,0.4,0.0,0.0,1,0
ruler_vt_16k:0381,ruler_vt_16k,L18,L6,"[1, 2, 3, 4, 5, 6, 7, 8, 9, 10, 11, 12, 13, 14]",0.5,0.0,,,,0.0,0,0
ruler_vt_16k:0381,ruler_vt_16k,L18,L12,"[1, 2, 3, 4, 5, 6, 7, 8, 9, 10, 11, 12, 13, 14]",0.5,0.0,,,,0.0,0,0
ruler_vt_16k:0381,ruler_vt_16k,L18,L24,"[1, 2, 3, 4, 5, 6, 7, 8, 9, 10, 11, 12, 13, 14]",0.5,0.0,,,,0.0,0,0
ruler_vt_16k:0381,ruler_vt_16k,L18,ALL,"[1, 2, 3, 4, 5, 6, 7, 8, 9, 10, 11, 12, 13, 14]",0.5,0.0,,,,0.0,0,0
ruler_vt_16k:0381,ruler_vt_16k,L24,OFF,"[1, 2, 3, 4, 5, 6, 7, 8, 9, 10, 11, 12, 13, 14]",0.5,0.0,,,,0.0,0,0
ruler_vt_16k:0381,ruler_vt_16k,L24,L0,"[1, 2, 3, 4, 5, 6, 7, 8, 9, 10, 11, 12, 13, 14]",0.5,0.0,,,,0.0,0,0
ruler_vt_16k:0381,ruler_vt_16k,L24,L6,"[1, 2, 3, 4, 5, 6, 7, 8, 9, 10, 11, 12, 13, 14]",0.5,0.0,,,,0.0,0,0
ruler_vt_16k:0381,ruler_vt_16k,L24,L12,"[1, 2, 3, 4, 5, 6, 7, 8, 9, 10, 11, 12, 13, 14]",0.5,0.0,,,,0.0,0,0
ruler_vt_16k:0381,ruler_vt_16k,L24,L18,"[1, 2, 3, 4, 5, 6, 7, 8, 9, 10, 11, 12, 13, 14]",0.5,0.0,,,,0.0,0,0
ruler_vt_16k:0381,ruler_vt_16k,L24,ALL,"[1, 2, 3, 4, 5, 6, 7, 8, 9, 10, 11, 12, 13, 14]",0.5,0.0,,,,0.0,0,0
ruler_vt_16k:0381,ruler_vt_16k,ALL,OFF,[5],0.3333333333333333,0.4,0.3333333333333333,0.3333333333333333,0.0,0.0,1,0
ruler_vt_16k:0381,ruler_vt_16k,ALL,L0,"[1, 2, 3, 4, 5, 6, 7, 8, 9, 10, 11, 12, 13, 14]",0.5,0.0,,,,0.0,0,0
ruler_vt_16k:0381,ruler_vt_16k,ALL,L6,"[1, 2, 3, 4, 5, 6, 7, 8, 9, 10, 11, 12, 13, 14]",0.5,0.0,,,,0.0,0,0
ruler_vt_16k:0381,ruler_vt_16k,ALL,L12,"[1, 2, 3, 4, 5, 6, 7, 8, 9, 10, 11, 12, 13, 14]",0.5,0.0,,,,0.0,0,0
ruler_vt_16k:0381,ruler_vt_16k,ALL,L18,[5],0.3333333333333333,0.4,0.3333333333333333,0.3333333333333333,0.0,0.0,1,0
ruler_vt_16k:0381,ruler_vt_16k,ALL,L24,[1],0.06666666666666667,0.4,0.06666666666666667,0.06666666666666667,0.0,0.0,1,0
ruler_vt_16k:0394,ruler_vt_16k,OFF,L0,"[1, 2, 3, 4, 5, 6, 7, 8, 9, 10, 11, 12, 13, 14]",0.5,0.0,,,,0.0,0,0
ruler_vt_16k:0394,ruler_vt_16k,OFF,L6,"[1, 2, 3, 4, 5, 6, 7, 8, 9, 10, 11, 12, 13, 14]",0.5,0.0,,,,0.0,0,0
ruler_vt_16k:0394,ruler_vt_16k,OFF,L12,"[1, 2, 3, 4, 5, 6, 7, 8, 9, 10, 11, 12, 13, 14]",0.5,0.0,,,,0.0,0,0
ruler_vt_16k:0394,ruler_vt_16k,OFF,L18,"[1, 2, 3, 4, 5, 6, 7, 8, 9, 10, 11, 12, 13, 14]",0.5,0.0,,,,0.0,0,0
ruler_vt_16k:0394,ruler_vt_16k,OFF,L24,"[1, 2, 3, 4, 5, 6, 7, 8, 9, 10, 11, 12, 13, 14]",0.5,0.0,,,,0.0,0,0
ruler_vt_16k:0394,ruler_vt_16k,OFF,ALL,"[1, 2, 3, 4, 5, 6, 7, 8, 9, 10, 11, 12, 13, 14]",0.5,0.0,,,,0.0,0,0
ruler_vt_16k:0394,ruler_vt_16k,L0,OFF,"[1, 2, 3, 4, 5, 6, 7, 8, 9, 10, 11, 12, 13, 14]",0.5,0.0,,,,0.0,0,0
ruler_vt_16k:0394,ruler_vt_16k,L0,L6,"[1, 2, 3, 4, 5, 6, 7, 8, 9, 10, 11, 12, 13, 14]",0.5,0.0,,,,0.0,0,0
ruler_vt_16k:0394,ruler_vt_16k,L0,L12,"[1, 2, 3, 4, 5, 6, 7, 8, 9, 10, 11, 12, 13, 14]",0.5,0.0,,,,0.0,0,0
ruler_vt_16k:0394,ruler_vt_16k,L0,L18,"[1, 2, 3, 4, 5, 6, 7, 8, 9, 10, 11, 12, 13, 14]",0.5,0.0,,,,0.0,0,0
ruler_vt_16k:0394,ruler_vt_16k,L0,L24,"[1, 2, 3, 4, 5, 6, 7, 8, 9, 10, 11, 12, 13, 14]",0.5,0.0,,,,0.0,0,0
ruler_vt_16k:0394,ruler_vt_16k,L0,ALL,"[1, 2, 3, 4, 5, 6, 7, 8, 9, 10, 11, 12, 13, 14]",0.5,0.0,,,,0.0,0,0
ruler_vt_16k:0394,ruler_vt_16k,L6,OFF,"[1, 2, 3, 4, 5, 6, 7, 8, 9, 10, 11, 12, 13, 14]",0.5,0.0,,,,0.0,0,0
ruler_vt_16k:0394,ruler_vt_16k,L6,L0,"[1, 2, 3, 4, 5, 6, 7, 8, 9, 10, 11, 12, 13, 14]",0.5,0.0,,,,0.0,0,0
ruler_vt_16k:0394,ruler_vt_16k,L6,L12,"[1, 2, 3, 4, 5, 6, 7, 8, 9, 10, 11, 12, 13, 14]",0.5,0.0,,,,0.0,0,0
ruler_vt_16k:0394,ruler_vt_16k,L6,L18,"[1, 2, 3, 4, 5, 6, 7, 8, 9, 10, 11, 12, 13, 14]",0.5,0.0,,,,0.0,0,0
ruler_vt_16k:0394,ruler_vt_16k,L6,L24,"[1, 2, 3, 4, 5, 6, 7, 8, 9, 10, 11, 12, 13, 14]",0.5,0.0,,,,0.0,0,0
ruler_vt_16k:0394,ruler_vt_16k,L6,ALL,"[1, 2, 3, 4, 5, 6, 7, 8, 9, 10, 11, 12, 13, 14]",0.5,0.0,,,,0.0,0,0
ruler_vt_16k:0394,ruler_vt_16k,L12,OFF,"[1, 2, 3, 4, 5, 6, 7, 8, 9, 10, 11, 12, 13, 14]",0.5,0.0,,,,0.0,0,0
ruler_vt_16k:0394,ruler_vt_16k,L12,L0,"[1, 2, 3, 4, 5, 6, 7, 8, 9, 10, 11, 12, 13, 14]",0.5,0.0,,,,0.0,0,0
ruler_vt_16k:0394,ruler_vt_16k,L12,L6,"[1, 2, 3, 4, 5, 6, 7, 8, 9, 10, 11, 12, 13, 14]",0.5,0.0,,,,0.0,0,0
ruler_vt_16k:0394,ruler_vt_16k,L12,L18,"[1, 2, 3, 4, 5, 6, 7, 8, 9, 10, 11, 12, 13, 14]",0.5,0.0,,,,0.0,0,0
ruler_vt_16k:0394,ruler_vt_16k,L12,L24,"[1, 2, 3, 4, 5, 6, 7, 8, 9, 10, 11, 12, 13, 14]",0.5,0.0,,,,0.0,0,0
ruler_vt_16k:0394,ruler_vt_16k,L12,ALL,"[1, 2, 3, 4, 5, 6, 7, 8, 9, 10, 11, 12, 13, 14]",0.5,0.0,,,,0.0,0,0
ruler_vt_16k:0394,ruler_vt_16k,L18,OFF,"[1, 2, 3, 4, 5, 6, 7, 8, 9, 10, 11, 12, 13, 14]",0.5,0.0,,,,0.0,0,0
ruler_vt_16k:0394,ruler_vt_16k,L18,L0,"[1, 2, 3, 4, 5, 6, 7, 8, 9, 10, 11, 12, 13, 14]",0.5,0.0,,,,0.0,0,0
ruler_vt_16k:0394,ruler_vt_16k,L18,L6,"[1, 2, 3, 4, 5, 6, 7, 8, 9, 10, 11, 12, 13, 14]",0.5,0.0,,,,0.0,0,0
ruler_vt_16k:0394,ruler_vt_16k,L18,L12,"[1, 2, 3, 4, 5, 6, 7, 8, 9, 10, 11, 12, 13, 14]",0.5,0.0,,,,0.0,0,0
ruler_vt_16k:0394,ruler_vt_16k,L18,L24,"[1, 2, 3, 4, 5, 6, 7, 8, 9, 10, 11, 12, 13, 14]",0.5,0.0,,,,0.0,0,0
ruler_vt_16k:0394,ruler_vt_16k,L18,ALL,"[1, 2, 3, 4, 5, 6, 7, 8, 9, 10, 11, 12, 13, 14]",0.5,0.0,,,,0.0,0,0
ruler_vt_16k:0394,ruler_vt_16k,L24,OFF,"[1, 2, 3, 4, 5, 6, 7, 8, 9, 10, 11, 12, 13, 14]",0.5,0.0,,,,0.0,0,0
ruler_vt_16k:0394,ruler_vt_16k,L24,L0,"[1, 2, 3, 4, 5, 6, 7, 8, 9, 10, 11, 12, 13, 14]",0.5,0.0,,,,0.0,0,0
ruler_vt_16k:0394,ruler_vt_16k,L24,L6,"[1, 2, 3, 4, 5, 6, 7, 8, 9, 10, 11, 12, 13, 14]",0.5,0.0,,,,0.0,0,0
ruler_vt_16k:0394,ruler_vt_16k,L24,L12,"[1, 2, 3, 4, 5, 6, 7, 8, 9, 10, 11, 12, 13, 14]",0.5,0.0,,,,0.0,0,0
ruler_vt_16k:0394,ruler_vt_16k,L24,L18,"[1, 2, 3, 4, 5, 6, 7, 8, 9, 10, 11, 12, 13, 14]",0.5,0.0,,,,0.0,0,0
ruler_vt_16k:0394,ruler_vt_16k,L24,ALL,"[1, 2, 3, 4, 5, 6, 7, 8, 9, 10, 11, 12, 13, 14]",0.5,0.0,,,,0.0,0,0
ruler_vt_16k:0394,ruler_vt_16k,ALL,OFF,"[1, 2, 3, 4, 5, 6, 7, 8, 9, 10, 11, 12, 13, 14]",0.5,0.0,,,,0.0,0,0
ruler_vt_16k:0394,ruler_vt_16k,ALL,L0,[7],0.4666666666666667,0.4,0.4666666666666667,0.4666666666666667,0.0,0.0,1,0
ruler_vt_16k:0394,ruler_vt_16k,ALL,L6,"[1, 2, 3, 4, 5, 6, 7, 8, 9, 10, 11, 12, 13, 14]",0.5,0.0,,,,0.0,0,0
ruler_vt_16k:0394,ruler_vt_16k,ALL,L12,"[1, 2, 3, 4, 5, 6, 7, 8, 9, 10, 11, 12, 13, 14]",0.5,0.0,,,,0.0,0,0
ruler_vt_16k:0394,ruler_vt_16k,ALL,L18,"[1, 2, 3, 4, 5, 6, 7, 8, 9, 10, 11, 12, 13, 14]",0.5,0.0,,,,0.0,0,0
ruler_vt_16k:0394,ruler_vt_16k,ALL,L24,"[1, 2, 3, 4, 5, 6, 7, 8, 9, 10, 11, 12, 13, 14]",0.5,0.0,,,,0.0,0,0
ruler_vt_16k:0396,ruler_vt_16k,OFF,L0,"[1, 2, 3, 4, 5, 6, 7, 8, 9, 10, 11, 12, 13, 14]",0.5,0.0,,,,0.0,0,0
ruler_vt_16k:0396,ruler_vt_16k,OFF,L6,"[1, 2, 3, 4, 5, 6, 7, 8, 9, 10, 11, 12, 13, 14]",0.5,0.0,,,,0.0,0,0
ruler_vt_16k:0396,ruler_vt_16k,OFF,L12,"[1, 2, 3, 4, 5, 6, 7, 8, 9, 10, 11, 12, 13, 14]",0.5,0.0,,,,0.0,0,0
ruler_vt_16k:0396,ruler_vt_16k,OFF,L18,"[1, 2, 3, 4, 5, 6, 7, 8, 9, 10, 11, 12, 13, 14]",0.5,0.0,,,,0.0,0,0
ruler_vt_16k:0396,ruler_vt_16k,OFF,L24,"[1, 2, 3, 4, 5, 6, 7, 8, 9, 10, 11, 12, 13, 14]",0.5,0.0,,,,0.0,0,0
ruler_vt_16k:0396,ruler_vt_16k,OFF,ALL,"[1, 2, 3, 4, 5, 6, 7, 8, 9, 10, 11, 12, 13, 14]",0.5,0.0,,,,0.0,0,0
ruler_vt_16k:0396,ruler_vt_16k,L0,OFF,"[1, 2, 3, 4, 5, 6, 7, 8, 9, 10, 11, 12, 13, 14]",0.5,0.0,,,,0.0,0,0
ruler_vt_16k:0396,ruler_vt_16k,L0,L6,"[1, 2, 3, 4, 5, 6, 7, 8, 9, 10, 11, 12, 13, 14]",0.5,0.0,,,,0.0,0,0
ruler_vt_16k:0396,ruler_vt_16k,L0,L12,"[1, 2, 3, 4, 5, 6, 7, 8, 9, 10, 11, 12, 13, 14]",0.5,0.0,,,,0.0,0,0
ruler_vt_16k:0396,ruler_vt_16k,L0,L18,"[1, 2, 3, 4, 5, 6, 7, 8, 9, 10, 11, 12, 13, 14]",0.5,0.0,,,,0.0,0,0
ruler_vt_16k:0396,ruler_vt_16k,L0,L24,"[1, 2, 3, 4, 5, 6, 7, 8, 9, 10, 11, 12, 13, 14]",0.5,0.0,,,,0.0,0,0
ruler_vt_16k:0396,ruler_vt_16k,L0,ALL,[6],0.4,0.19999999999999996,0.4,0.4,0.0,0.0,1,1
ruler_vt_16k:0396,ruler_vt_16k,L6,OFF,"[1, 2, 3, 4, 5, 6, 7, 8, 9, 10, 11, 12, 13, 14]",0.5,0.0,,,,0.0,0,0
ruler_vt_16k:0396,ruler_vt_16k,L6,L0,"[1, 2, 3, 4, 5, 6, 7, 8, 9, 10, 11, 12, 13, 14]",0.5,0.0,,,,0.0,0,0
ruler_vt_16k:0396,ruler_vt_16k,L6,L12,"[1, 2, 3, 4, 5, 6, 7, 8, 9, 10, 11, 12, 13, 14]",0.5,0.0,,,,0.0,0,0
ruler_vt_16k:0396,ruler_vt_16k,L6,L18,"[1, 2, 3, 4, 5, 6, 7, 8, 9, 10, 11, 12, 13, 14]",0.5,0.0,,,,0.0,0,0
ruler_vt_16k:0396,ruler_vt_16k,L6,L24,"[1, 2, 3, 4, 5, 6, 7, 8, 9, 10, 11, 12, 13, 14]",0.5,0.0,,,,0.0,0,0
ruler_vt_16k:0396,ruler_vt_16k,L6,ALL,"[1, 2, 3, 4, 5, 6, 7, 8, 9, 10, 11, 12, 13, 14]",0.5,0.0,,,,0.0,0,0
ruler_vt_16k:0396,ruler_vt_16k,L12,OFF,"[1, 2, 3, 4, 5, 6, 7, 8, 9, 10, 11, 12, 13, 14]",0.5,0.0,,,,0.0,0,0
ruler_vt_16k:0396,ruler_vt_16k,L12,L0,"[1, 2, 3, 4, 5, 6, 7, 8, 9, 10, 11, 12, 13, 14]",0.5,0.0,,,,0.0,0,0
ruler_vt_16k:0396,ruler_vt_16k,L12,L6,"[1, 2, 3, 4, 5, 6, 7, 8, 9, 10, 11, 12, 13, 14]",0.5,0.0,,,,0.0,0,0
ruler_vt_16k:0396,ruler_vt_16k,L12,L18,"[1, 2, 3, 4, 5, 6, 7, 8, 9, 10, 11, 12, 13, 14]",0.5,0.0,,,,0.0,0,0
ruler_vt_16k:0396,ruler_vt_16k,L12,L24,"[1, 2, 3, 4, 5, 6, 7, 8, 9, 10, 11, 12, 13, 14]",0.5,0.0,,,,0.0,0,0
ruler_vt_16k:0396,ruler_vt_16k,L12,ALL,"[1, 2, 3, 4, 5, 6, 7, 8, 9, 10, 11, 12, 13, 14]",0.5,0.0,,,,0.0,0,0
ruler_vt_16k:0396,ruler_vt_16k,L18,OFF,"[1, 2, 3, 4, 5, 6, 7, 8, 9, 10, 11, 12, 13, 14]",0.5,0.0,,,,0.0,0,0
ruler_vt_16k:0396,ruler_vt_16k,L18,L0,"[1, 2, 3, 4, 5, 6, 7, 8, 9, 10, 11, 12, 13, 14]",0.5,0.0,,,,0.0,0,0
ruler_vt_16k:0396,ruler_vt_16k,L18,L6,"[1, 2, 3, 4, 5, 6, 7, 8, 9, 10, 11, 12, 13, 14]",0.5,0.0,,,,0.0,0,0
ruler_vt_16k:0396,ruler_vt_16k,L18,L12,"[1, 2, 3, 4, 5, 6, 7, 8, 9, 10, 11, 12, 13, 14]",0.5,0.0,,,,0.0,0,0
ruler_vt_16k:0396,ruler_vt_16k,L18,L24,"[1, 2, 3, 4, 5, 6, 7, 8, 9, 10, 11, 12, 13, 14]",0.5,0.0,,,,0.0,0,0
ruler_vt_16k:0396,ruler_vt_16k,L18,ALL,"[1, 2, 3, 4, 5, 6, 7, 8, 9, 10, 11, 12, 13, 14]",0.5,0.0,,,,0.0,0,0
ruler_vt_16k:0396,ruler_vt_16k,L24,OFF,"[1, 2, 3, 4, 5, 6, 7, 8, 9, 10, 11, 12, 13, 14]",0.5,0.0,,,,0.0,0,0
ruler_vt_16k:0396,ruler_vt_16k,L24,L0,"[1, 2, 3, 4, 5, 6, 7, 8, 9, 10, 11, 12, 13, 14]",0.5,0.0,,,,0.0,0,0
ruler_vt_16k:0396,ruler_vt_16k,L24,L6,"[1, 2, 3, 4, 5, 6, 7, 8, 9, 10, 11, 12, 13, 14]",0.5,0.0,,,,0.0,0,0
ruler_vt_16k:0396,ruler_vt_16k,L24,L12,"[1, 2, 3, 4, 5, 6, 7, 8, 9, 10, 11, 12, 13, 14]",0.5,0.0,,,,0.0,0,0
ruler_vt_16k:0396,ruler_vt_16k,L24,L18,"[1, 2, 3, 4, 5, 6, 7, 8, 9, 10, 11, 12, 13, 14]",0.5,0.0,,,,0.0,0,0
ruler_vt_16k:0396,ruler_vt_16k,L24,ALL,"[1, 2, 3, 4, 5, 6, 7, 8, 9, 10, 11, 12, 13, 14]",0.5,0.0,,,,0.0,0,0
ruler_vt_16k:0396,ruler_vt_16k,ALL,OFF,"[1, 2, 3, 4, 5, 6, 7, 8, 9, 10, 11, 12, 13, 14]",0.5,0.0,,,,0.0,0,0
ruler_vt_16k:0396,ruler_vt_16k,ALL,L0,"[1, 2, 3, 4, 5, 6, 7, 8, 9, 10, 11, 12, 13, 14]",0.5,0.0,,,,0.0,0,0
ruler_vt_16k:0396,ruler_vt_16k,ALL,L6,"[1, 2, 3, 4, 5, 6, 7, 8, 9, 10, 11, 12, 13, 14]",0.5,0.0,,,,0.0,0,0
ruler_vt_16k:0396,ruler_vt_16k,ALL,L12,"[1, 2, 3, 4, 5, 6, 7, 8, 9, 10, 11, 12, 13, 14]",0.5,0.0,,,,0.0,0,0
ruler_vt_16k:0396,ruler_vt_16k,ALL,L18,"[1, 2, 3, 4, 5, 6, 7, 8, 9, 10, 11, 12, 13, 14]",0.5,0.0,,,,0.0,0,0
ruler_vt_16k:0396,ruler_vt_16k,ALL,L24,"[1, 2, 3, 4, 5, 6, 7, 8, 9, 10, 11, 12, 13, 14]",0.5,0.0,,,,0.0,0,0
ruler_vt_16k:0400,ruler_vt_16k,OFF,L0,[6],0.4,0.4,0.4,0.4,0.0,0.0,1,1
ruler_vt_16k:0400,ruler_vt_16k,OFF,L6,"[1, 4, 6, 13, 14]",0.5066666666666666,0.0,,,,0.0,0,0
ruler_vt_16k:0400,ruler_vt_16k,OFF,L12,[2],0.13333333333333333,0.4,0.13333333333333333,0.13333333333333333,0.0,0.0,1,1
ruler_vt_16k:0400,ruler_vt_16k,OFF,L18,"[2, 3, 8, 9, 11, 12, 14]",0.5619047619047619,0.0,,,,0.0,0,0
ruler_vt_16k:0400,ruler_vt_16k,OFF,L24,"[1, 2, 4, 6, 7, 8, 9, 11, 12, 13]",0.48666666666666664,0.0,,,,0.0,0,0
ruler_vt_16k:0400,ruler_vt_16k,OFF,ALL,[11],0.7333333333333333,0.4,0.7333333333333333,0.7333333333333333,0.0,0.0,1,1
ruler_vt_16k:0400,ruler_vt_16k,L0,OFF,"[2, 4, 7]",0.28888888888888886,0.0,,,,0.0,0,0
ruler_vt_16k:0400,ruler_vt_16k,L0,L6,"[1, 7]",0.26666666666666666,0.0,0.06666666666666667,0.4666666666666667,0.4,0.0,2,2
ruler_vt_16k:0400,ruler_vt_16k,L0,L12,[3],0.2,0.4,0.2,0.2,0.0,0.0,1,1
ruler_vt_16k:0400,ruler_vt_16k,L0,L18,"[9, 11]",0.6666666666666666,0.0,0.6,0.7333333333333333,0.13333333333333333,0.0,2,2
ruler_vt_16k:0400,ruler_vt_16k,L0,L24,"[2, 5]",0.23333333333333334,0.0,,,,0.0,0,0
ruler_vt_16k:0400,ruler_vt_16k,L0,ALL,"[2, 8, 10, 12]",0.5333333333333333,0.0,,,,0.0,0,0
ruler_vt_16k:0400,ruler_vt_16k,L6,OFF,"[5, 11, 14]",0.6666666666666666,0.0,0.3333333333333333,0.9333333333333333,0.6,0.0,3,3
ruler_vt_16k:0400,ruler_vt_16k,L6,L0,"[3, 11, 13, 14]",0.6833333333333333,0.0,0.2,0.9333333333333333,0.7333333333333333,0.06666666666666667,4,4
ruler_vt_16k:0400,ruler_vt_16k,L6,L12,"[5, 11, 14]",0.6666666666666666,0.0,0.3333333333333333,0.9333333333333333,0.6,0.0,3,3
ruler_vt_16k:0400,ruler_vt_16k,L6,L18,"[6, 11, 14]",0.6888888888888889,0.0,0.4,0.9333333333333333,0.5333333333333333,0.0,3,3
ruler_vt_16k:0400,ruler_vt_16k,L6,L24,"[5, 11, 14]",0.6666666666666666,0.0,0.3333333333333333,0.9333333333333333,0.6,0.0,3,3
ruler_vt_16k:0400,ruler_vt_16k,L6,ALL,"[3, 9, 11, 14]",0.6166666666666667,0.0,0.2,0.9333333333333333,0.7333333333333333,0.0,4,4
ruler_vt_16k:0400,ruler_vt_16k,L12,OFF,[9],0.6,0.4,0.6,0.6,0.0,0.0,1,1
ruler_vt_16k:0400,ruler_vt_16k,L12,L0,[9],0.6,0.4,0.6,0.6,0.0,0.0,1,1
ruler_vt_16k:0400,ruler_vt_16k,L12,L6,"[8, 10, 11, 13]",0.7,0.0,0.5333333333333333,0.8666666666666667,0.3333333333333333,0.06666666666666667,4,4
ruler_vt_16k:0400,ruler_vt_16k,L12,L18,[4],0.26666666666666666,0.4,0.26666666666666666,0.26666666666666666,0.0,0.0,1,1
ruler_vt_16k:0400,ruler_vt_16k,L12,L24,"[9, 13]",0.7333333333333333,0.0,0.6,0.8666666666666667,0.26666666666666666,0.0,2,2
ruler_vt_16k:0400,ruler_vt_16k,L12,ALL,"[8, 11, 14]",0.7333333333333333,0.0,0.5333333333333333,0.9333333333333333,0.4,0.0,3,3
ruler_vt_16k:0400,ruler_vt_16k,L18,OFF,[7],0.4666666666666667,0.4,0.4666666666666667,0.4666666666666667,0.0,0.0,1,1
ruler_vt_16k:0400,ruler_vt_16k,L18,L0,"[6, 13]",0.6333333333333333,0.0,0.4,0.8666666666666667,0.4666666666666667,0.0,2,2
ruler_vt_16k:0400,ruler_vt_16k,L18,L6,"[1, 2, 5, 14]",0.36666666666666664,0.0,,,,0.0,0,0
ruler_vt_16k:0400,ruler_vt_16k,L18,L12,"[2, 6, 7, 11, 12, 13]",0.5666666666666667,0.0,,,,0.0,0,0
ruler_vt_16k:0400,ruler_vt_16k,L18,L24,"[2, 3, 6, 11, 12, 13]",0.5222222222222223,0.0,,,,0.0,0,0
ruler_vt_16k:0400,ruler_vt_16k,L18,ALL,[11],0.7333333333333333,0.4,0.7333333333333333,0.7333333333333333,0.0,0.0,1,1
ruler_vt_16k:0400,ruler_vt_16k,L24,OFF,"[1, 3, 6, 10, 12]",0.4266666666666667,0.0,,,,0.0,0,0
ruler_vt_16k:0400,ruler_vt_16k,L24,L0,[6],0.4,0.4,0.4,0.4,0.0,0.0,1,1
ruler_vt_16k:0400,ruler_vt_16k,L24,L6,"[1, 5, 6, 13, 14]",0.52,0.0,,,,0.0,0,0
ruler_vt_16k:0400,ruler_vt_16k,L24,L12,[7],0.4666666666666667,0.4,0.4666666666666667,0.4666666666666667,0.0,0.0,1,1
ruler_vt_16k:0400,ruler_vt_16k,L24,L18,[13],0.8666666666666667,0.4,0.8666666666666667,0.8666666666666667,0.0,0.0,1,1
ruler_vt_16k:0400,ruler_vt_16k,L24,ALL,"[3, 7]",0.3333333333333333,0.0,,,,0.0,0,0
ruler_vt_16k:0400,ruler_vt_16k,ALL,OFF,"[2, 10]",0.4,0.0,0.13333333333333333,0.6666666666666666,0.5333333333333333,0.0,2,2
ruler_vt_16k:0400,ruler_vt_16k,ALL,L0,[6],0.4,0.39999999999999997,,,,0.0,0,0
ruler_vt_16k:0400,ruler_vt_16k,ALL,L6,"[7, 8, 11]",0.5777777777777777,0.0,0.4666666666666667,0.7333333333333333,0.26666666666666666,0.06666666666666667,3,3
ruler_vt_16k:0400,ruler_vt_16k,ALL,L12,[12],0.8,0.4,0.8,0.8,0.0,0.0,1,1
ruler_vt_16k:0400,ruler_vt_16k,ALL,L18,"[2, 3, 9, 12]",0.43333333333333335,0.0,0.13333333333333333,0.8,0.6666666666666666,0.06666666666666667,4,4
ruler_vt_16k:0400,ruler_vt_16k,ALL,L24,"[2, 5, 7, 9]",0.38333333333333336,0.0,,,,0.0,0,0
ruler_vt_16k:0404,ruler_vt_16k,OFF,L0,"[1, 2, 3, 4, 5, 6, 7, 8, 9, 10, 11, 12, 13, 14]",0.5,0.0,,,,0.0,0,0
ruler_vt_16k:0404,ruler_vt_16k,OFF,L6,"[1, 2, 3, 4, 5, 6, 7, 8, 9, 10, 11, 12, 13, 14]",0.5,0.0,,,,0.0,0,0
ruler_vt_16k:0404,ruler_vt_16k,OFF,L12,"[1, 2, 3, 4, 5, 6, 7, 8, 9, 10, 11, 12, 13, 14]",0.5,0.0,,,,0.0,0,0
ruler_vt_16k:0404,ruler_vt_16k,OFF,L18,"[1, 2, 3, 4, 5, 6, 7, 8, 9, 10, 11, 12, 13, 14]",0.5,0.0,,,,0.0,0,0
ruler_vt_16k:0404,ruler_vt_16k,OFF,L24,"[1, 2, 3, 4, 5, 6, 7, 8, 9, 10, 11, 12, 13, 14]",0.5,0.0,,,,0.0,0,0
ruler_vt_16k:0404,ruler_vt_16k,OFF,ALL,"[1, 2, 3, 4, 5, 6, 7, 8, 9, 10, 11, 12, 13, 14]",0.5,0.0,,,,0.0,0,0
ruler_vt_16k:0404,ruler_vt_16k,L0,OFF,"[1, 2, 3, 4, 5, 6, 7, 8, 9, 10, 11, 12, 13, 14]",0.5,0.0,,,,0.0,0,0
ruler_vt_16k:0404,ruler_vt_16k,L0,L6,"[1, 2, 3, 4, 5, 6, 7, 8, 9, 10, 11, 12, 13, 14]",0.5,0.0,,,,0.0,0,0
ruler_vt_16k:0404,ruler_vt_16k,L0,L12,"[1, 2, 3, 4, 5, 6, 7, 8, 9, 10, 11, 12, 13, 14]",0.5,0.0,,,,0.0,0,0
ruler_vt_16k:0404,ruler_vt_16k,L0,L18,"[1, 2, 3, 4, 5, 6, 7, 8, 9, 10, 11, 12, 13, 14]",0.5,0.0,,,,0.0,0,0
ruler_vt_16k:0404,ruler_vt_16k,L0,L24,"[1, 2, 3, 4, 5, 6, 7, 8, 9, 10, 11, 12, 13, 14]",0.5,0.0,,,,0.0,0,0
ruler_vt_16k:0404,ruler_vt_16k,L0,ALL,"[1, 2, 3, 4, 5, 6, 7, 8, 9, 10, 11, 12, 13, 14]",0.5,0.0,,,,0.0,0,0
ruler_vt_16k:0404,ruler_vt_16k,L6,OFF,"[1, 2, 3, 4, 5, 6, 7, 8, 9, 10, 11, 12, 13, 14]",0.5,0.0,,,,0.0,0,0
ruler_vt_16k:0404,ruler_vt_16k,L6,L0,"[1, 2, 3, 4, 5, 6, 7, 8, 9, 10, 11, 12, 13, 14]",0.5,0.0,,,,0.0,0,0
ruler_vt_16k:0404,ruler_vt_16k,L6,L12,"[1, 2, 3, 4, 5, 6, 7, 8, 9, 10, 11, 12, 13, 14]",0.5,0.0,,,,0.0,0,0
ruler_vt_16k:0404,ruler_vt_16k,L6,L18,"[1, 2, 3, 4, 5, 6, 7, 8, 9, 10, 11, 12, 13, 14]",0.5,0.0,,,,0.0,0,0
ruler_vt_16k:0404,ruler_vt_16k,L6,L24,"[1, 2, 3, 4, 5, 6, 7, 8, 9, 10, 11, 12, 13, 14]",0.5,0.0,,,,0.0,0,0
ruler_vt_16k:0404,ruler_vt_16k,L6,ALL,"[1, 2, 3, 4, 5, 6, 7, 8, 9, 10, 11, 12, 13, 14]",0.5,0.0,,,,0.0,0,0
ruler_vt_16k:0404,ruler_vt_16k,L12,OFF,"[1, 2, 3, 4, 5, 6, 7, 8, 9, 10, 11, 12, 13, 14]",0.5,0.0,,,,0.0,0,0
ruler_vt_16k:0404,ruler_vt_16k,L12,L0,"[1, 2, 3, 4, 5, 6, 7, 8, 9, 10, 11, 12, 13, 14]",0.5,0.0,,,,0.0,0,0
ruler_vt_16k:0404,ruler_vt_16k,L12,L6,"[1, 2, 3, 4, 5, 6, 7, 8, 9, 10, 11, 12, 13, 14]",0.5,0.0,,,,0.0,0,0
ruler_vt_16k:0404,ruler_vt_16k,L12,L18,"[1, 2, 3, 4, 5, 6, 7, 8, 9, 10, 11, 12, 13, 14]",0.5,0.0,,,,0.0,0,0
ruler_vt_16k:0404,ruler_vt_16k,L12,L24,"[1, 2, 3, 4, 5, 6, 7, 8, 9, 10, 11, 12, 13, 14]",0.5,0.0,,,,0.0,0,0
ruler_vt_16k:0404,ruler_vt_16k,L12,ALL,"[1, 2, 3, 4, 5, 6, 7, 8, 9, 10, 11, 12, 13, 14]",0.5,0.0,,,,0.0,0,0
ruler_vt_16k:0404,ruler_vt_16k,L18,OFF,"[1, 2, 3, 4, 5, 6, 7, 8, 9, 10, 11, 12, 13, 14]",0.5,0.0,,,,0.0,0,0
ruler_vt_16k:0404,ruler_vt_16k,L18,L0,"[1, 2, 3, 4, 5, 6, 7, 8, 9, 10, 11, 12, 13, 14]",0.5,0.0,,,,0.0,0,0
ruler_vt_16k:0404,ruler_vt_16k,L18,L6,"[1, 2, 3, 4, 5, 6, 7, 8, 9, 10, 11, 12, 13, 14]",0.5,0.0,,,,0.0,0,0
ruler_vt_16k:0404,ruler_vt_16k,L18,L12,"[1, 2, 3, 4, 5, 6, 7, 8, 9, 10, 11, 12, 13, 14]",0.5,0.0,,,,0.0,0,0
ruler_vt_16k:0404,ruler_vt_16k,L18,L24,"[1, 2, 3, 4, 5, 6, 7, 8, 9, 10, 11, 12, 13, 14]",0.5,0.0,,,,0.0,0,0
ruler_vt_16k:0404,ruler_vt_16k,L18,ALL,"[1, 2, 3, 4, 5, 6, 7, 8, 9, 10, 11, 12, 13, 14]",0.5,0.0,,,,0.0,0,0
ruler_vt_16k:0404,ruler_vt_16k,L24,OFF,"[1, 2, 3, 4, 5, 6, 7, 8, 9, 10, 11, 12, 13, 14]",0.5,0.0,,,,0.0,0,0
ruler_vt_16k:0404,ruler_vt_16k,L24,L0,"[1, 2, 3, 4, 5, 6, 7, 8, 9, 10, 11, 12, 13, 14]",0.5,0.0,,,,0.0,0,0
ruler_vt_16k:0404,ruler_vt_16k,L24,L6,"[1, 2, 3, 4, 5, 6, 7, 8, 9, 10, 11, 12, 13, 14]",0.5,0.0,,,,0.0,0,0
ruler_vt_16k:0404,ruler_vt_16k,L24,L12,"[1, 2, 3, 4, 5, 6, 7, 8, 9, 10, 11, 12, 13, 14]",0.5,0.0,,,,0.0,0,0
ruler_vt_16k:0404,ruler_vt_16k,L24,L18,"[1, 2, 3, 4, 5, 6, 7, 8, 9, 10, 11, 12, 13, 14]",0.5,0.0,,,,0.0,0,0
ruler_vt_16k:0404,ruler_vt_16k,L24,ALL,"[1, 2, 3, 4, 5, 6, 7, 8, 9, 10, 11, 12, 13, 14]",0.5,0.0,,,,0.0,0,0
ruler_vt_16k:0404,ruler_vt_16k,ALL,OFF,"[1, 2, 3, 4, 5, 6, 7, 8, 9, 10, 11, 12, 13, 14]",0.5,0.0,,,,0.0,0,0
ruler_vt_16k:0404,ruler_vt_16k,ALL,L0,"[1, 2, 3, 4, 5, 6, 7, 8, 9, 10, 11, 12, 13, 14]",0.5,0.0,,,,0.0,0,0
ruler_vt_16k:0404,ruler_vt_16k,ALL,L6,"[1, 2, 3, 4, 5, 6, 7, 8, 9, 10, 11, 12, 13, 14]",0.5,0.0,,,,0.0,0,0
ruler_vt_16k:0404,ruler_vt_16k,ALL,L12,"[1, 2, 3, 4, 5, 6, 7, 8, 9, 10, 11, 12, 13, 14]",0.5,0.0,,,,0.0,0,0
ruler_vt_16k:0404,ruler_vt_16k,ALL,L18,"[1, 2, 3, 4, 5, 6, 7, 8, 9, 10, 11, 12, 13, 14]",0.5,0.0,,,,0.0,0,0
ruler_vt_16k:0404,ruler_vt_16k,ALL,L24,"[1, 2, 3, 4, 5, 6, 7, 8, 9, 10, 11, 12, 13, 14]",0.5,0.0,,,,0.0,0,0
ruler_vt_16k:0405,ruler_vt_16k,OFF,L0,"[1, 3, 4, 5, 6, 7, 8, 9, 10, 11, 12, 13, 14]",0.5282051282051282,0.0,,,,0.0,0,0
ruler_vt_16k:0405,ruler_vt_16k,OFF,L6,"[2, 3, 4, 5, 6, 7, 8, 9, 10, 11, 12]",0.4666666666666667,0.0,,,,0.0,0,0
ruler_vt_16k:0405,ruler_vt_16k,OFF,L12,"[1, 3, 5, 7]",0.26666666666666666,0.0,,,,0.0,0,0
ruler_vt_16k:0405,ruler_vt_16k,OFF,L18,"[4, 11, 12]",0.6,0.0,,,,0.0,0,0
ruler_vt_16k:0405,ruler_vt_16k,OFF,L24,"[1, 2, 3, 4, 5, 6, 7, 8, 9, 10, 11, 12, 13, 14]",0.5,0.0,,,,0.0,0,0
ruler_vt_16k:0405,ruler_vt_16k,OFF,ALL,"[4, 5, 7, 9, 11, 12, 13, 14]",0.625,0.0,,,,0.0,0,0
ruler_vt_16k:0405,ruler_vt_16k,L0,OFF,[4],0.26666666666666666,0.20000000000000007,0.26666666666666666,0.26666666666666666,0.0,0.0,1,0
ruler_vt_16k:0405,ruler_vt_16k,L0,L6,"[2, 3, 4, 6, 7, 8, 9, 10, 11, 12, 13, 14]",0.55,0.0,,,,0.0,0,0
ruler_vt_16k:0405,ruler_vt_16k,L0,L12,"[1, 2, 3, 4, 6, 7, 8, 9, 10, 13, 14]",0.4666666666666667,0.0,,,,0.0,0,0
ruler_vt_16k:0405,ruler_vt_16k,L0,L18,"[1, 2, 3, 6, 9, 10, 12, 13]",0.4666666666666667,0.0,,,,0.0,0,0
ruler_vt_16k:0405,ruler_vt_16k,L0,L24,"[1, 2, 6, 8, 10, 11, 14]",0.49523809523809526,0.0,,,,0.0,0,0
ruler_vt_16k:0405,ruler_vt_16k,L0,ALL,"[3, 4, 5, 6, 10, 11, 12, 13, 14]",0.5777777777777777,0.0,,,,0.0,0,0
ruler_vt_16k:0405,ruler_vt_16k,L6,OFF,"[2, 3, 4, 7, 8, 9, 10, 11, 12, 14]",0.5333333333333333,0.0,,,,0.0,0,0
ruler_vt_16k:0405,ruler_vt_16k,L6,L0,"[1, 2, 4, 5, 6, 7, 8, 9, 10, 11, 12, 13, 14]",0.5230769230769231,0.0,,,,0.0,0,0
ruler_vt_16k:0405,ruler_vt_16k,L6,L12,"[1, 3, 4, 5, 7, 8, 9, 10, 11, 12, 14]",0.5090909090909091,0.0,,,,0.0,0,0
ruler_vt_16k:0405,ruler_vt_16k,L6,L18,"[1, 4, 5, 10, 11, 12, 13, 14]",0.5833333333333334,0.0,,,,0.0,0,0
ruler_vt_16k:0405,ruler_vt_16k,L6,L24,"[1, 3, 4, 5, 7, 8, 9, 10, 11, 12, 14]",0.5090909090909091,0.0,,,,0.0,0,0
ruler_vt_16k:0405,ruler_vt_16k,L6,ALL,"[2, 4, 5, 6, 7, 8, 9, 10, 12, 13]",0.5066666666666666,0.0,,,,0.0,0,0
ruler_vt_16k:0405,ruler_vt_16k,L12,OFF,"[3, 8, 9]",0.4444444444444445,0.0,,,,0.0,0,0
ruler_vt_16k:0405,ruler_vt_16k,L12,L0,"[3, 5, 6, 7, 8, 9, 12, 13]",0.525,0.0,,,,0.0,0,0
ruler_vt_16k:0405,ruler_vt_16k,L12,L6,"[3, 4, 5, 6, 7, 8, 9, 10, 12, 14]",0.52,0.0,,,,0.0,0,0
ruler_vt_16k:0405,ruler_vt_16k,L12,L18,"[6, 8, 9, 10, 12]",0.6,0.0,,,,0.0,0,0
ruler_vt_16k:0405,ruler_vt_16k,L12,L24,"[3, 6, 8, 9, 10]",0.48000000000000004,0.0,,,,0.0,0,0
ruler_vt_16k:0405,ruler_vt_16k,L12,ALL,"[1, 3, 4, 5, 6, 7, 8, 9, 10, 13]",0.44,0.0,,,,0.0,0,0
ruler_vt_16k:0405,ruler_vt_16k,L18,OFF,"[1, 3, 9]",0.28888888888888886,0.0,,,,0.0,0,0
ruler_vt_16k:0405,ruler_vt_16k,L18,L0,"[2, 3, 4, 5, 6, 7, 8, 9, 10, 11, 12, 13]",0.5,0.0,,,,0.0,0,0
ruler_vt_16k:0405,ruler_vt_16k,L18,L6,"[2, 3, 4, 5, 8, 9, 10, 11, 12]",0.47407407407407404,0.0,,,,0.0,0,0
ruler_vt_16k:0405,ruler_vt_16k,L18,L12,"[3, 5, 6, 8, 10, 11, 12, 13]",0.5666666666666667,0.0,,,,0.0,0,0
ruler_vt_16k:0405,ruler_vt_16k,L18,L24,"[7, 13]",0.6666666666666666,0.0,,,,0.0,0,0
ruler_vt_16k:0405,ruler_vt_16k,L18,ALL,"[5, 6, 7, 8, 9]",0.4666666666666667,0.0,,,,0.0,0,0
ruler_vt_16k:0405,ruler_vt_16k,L24,OFF,[7],0.4666666666666667,0.2,,,,0.0,0,0
ruler_vt_16k:0405,ruler_vt_16k,L24,L0,"[1, 2, 4, 5, 6, 7, 8, 9, 12, 13]",0.44666666666666666,0.0,,,,0.0,0,0
ruler_vt_16k:0405,ruler_vt_16k,L24,L6,"[3, 4, 6, 7, 8, 9, 10, 11, 12, 13]",0.5533333333333333,0.0,,,,0.0,0,0
ruler_vt_16k:0405,ruler_vt_16k,L24,L12,"[1, 3, 5, 7, 8, 9]",0.36666666666666664,0.0,,,,0.0,0,0
ruler_vt_16k:0405,ruler_vt_16k,L24,L18,"[7, 11]",0.6,0.0,,,,0.0,0,0
ruler_vt_16k:0405,ruler_vt_16k,L24,ALL,"[4, 7, 9, 10, 11, 12, 13]",0.6285714285714286,0.0,,,,0.0,0,0
ruler_vt_16k:0405,ruler_vt_16k,ALL,OFF,[2],0.13333333333333333,0.20000000000000007,0.13333333333333333,0.13333333333333333,0.0,0.0,1,0
ruler_vt_16k:0405,ruler_vt_16k,ALL,L0,"[1, 5, 6, 7, 8, 11, 13]",0.4857142857142857,0.0,,,,0.0,0,0
ruler_vt_16k:0405,ruler_vt_16k,ALL,L6,"[1, 4, 7, 8, 9, 10]",0.43333333333333335,0.0,,,,0.0,0,0
ruler_vt_16k:0405,ruler_vt_16k,ALL,L12,"[1, 2, 3, 4, 6, 8, 9, 10, 12]",0.4074074074074074,0.0,,,,0.0,0,0
ruler_vt_16k:0405,ruler_vt_16k,ALL,L18,[11],0.7333333333333333,0.20000000000000007,0.7333333333333333,0.7333333333333333,0.0,0.0,1,0
ruler_vt_16k:0405,ruler_vt_16k,ALL,L24,"[1, 3, 5, 7, 8, 9, 12, 13]",0.48333333333333334,0.0,,,,0.0,0,0
ruler_vt_16k:0416,ruler_vt_16k,OFF,L0,"[1, 2, 12]",0.3333333333333333,0.0,0.06666666666666667,0.8,0.7333333333333333,0.06666666666666667,3,0
ruler_vt_16k:0416,ruler_vt_16k,OFF,L6,[5],0.3333333333333333,0.4,0.3333333333333333,0.3333333333333333,0.0,0.0,1,0
ruler_vt_16k:0416,ruler_vt_16k,OFF,L12,[9],0.6,0.19999999999999996,,,,0.0,0,0
ruler_vt_16k:0416,ruler_vt_16k,OFF,L18,"[1, 2, 3, 4, 5, 6, 7, 8, 9, 10, 11, 12, 13, 14]",0.5,0.0,,,,0.0,0,0
ruler_vt_16k:0416,ruler_vt_16k,OFF,L24,"[1, 2, 3, 4, 5, 6, 7, 8, 9, 10, 11, 12, 13, 14]",0.5,0.0,,,,0.0,0,0
ruler_vt_16k:0416,ruler_vt_16k,OFF,ALL,"[1, 2, 3, 4, 5, 6, 7, 8, 9, 10, 11, 12, 13, 14]",0.5,0.0,,,,0.0,0,0
ruler_vt_16k:0416,ruler_vt_16k,L0,OFF,[9],0.6,0.4,0.6,0.6,0.0,0.0,1,0
ruler_vt_16k:0416,ruler_vt_16k,L0,L6,"[6, 7, 10, 12]",0.5833333333333334,0.0,0.4,0.8,0.4,0.06666666666666667,4,0
ruler_vt_16k:0416,ruler_vt_16k,L0,L12,[10],0.6666666666666666,0.4,0.6666666666666666,0.6666666666666666,0.0,0.0,1,0
ruler_vt_16k:0416,ruler_vt_16k,L0,L18,"[4, 10]",0.4666666666666667,0.0,0.26666666666666666,0.6666666666666666,0.4,0.0,2,0
ruler_vt_16k:0416,ruler_vt_16k,L0,L24,"[6, 9, 14]",0.6444444444444444,0.0,0.4,0.9333333333333333,0.5333333333333333,0.0,3,0
ruler_vt_16k:0416,ruler_vt_16k,L0,ALL,"[6, 7, 9, 14]",0.6,0.0,0.4,0.9333333333333333,0.5333333333333333,0.06666666666666667,4,0
ruler_vt_16k:0416,ruler_vt_16k,L6,OFF,[6],0.4,0.19999999999999996,,,,0.0,0,0
ruler_vt_16k:0416,ruler_vt_16k,L6,L0,[5],0.3333333333333333,0.4,0.3333333333333333,0.3333333333333333,0.0,0.0,1,0
ruler_vt_16k:0416,ruler_vt_16k,L6,L12,"[4, 9, 11]",0.5333333333333333,0.0,0.26666666666666666,0.7333333333333333,0.4666666666666667,0.0,3,0
ruler_vt_16k:0416,ruler_vt_16k,L6,L18,"[1, 2, 3, 4, 5, 6, 7, 8, 9, 10, 11, 12, 13, 14]",0.5,0.0,,,,0.0,0,0
ruler_vt_16k:0416,ruler_vt_16k,L6,L24,"[1, 4]",0.16666666666666666,0.0,0.06666666666666667,0.26666666666666666,0.2,0.0,2,0
ruler_vt_16k:0416,ruler_vt_16k,L6,ALL,"[1, 2, 3, 4, 5, 6, 7, 8, 9, 10, 11, 12, 13, 14]",0.5,0.0,,,,0.0,0,0
ruler_vt_16k:0416,ruler_vt_16k,L12,OFF,"[1, 2, 3, 4, 5, 6, 7, 8, 9, 10, 11, 12, 13, 14]",0.5,0.0,,,,0.0,0,0
ruler_vt_16k:0416,ruler_vt_16k,L12,L0,[1],0.06666666666666667,0.4,0.06666666666666667,0.06666666666666667,0.0,0.0,1,0
ruler_vt_16k:0416,ruler_vt_16k,L12,L6,[5],0.3333333333333333,0.20000000000000007,0.3333333333333333,0.3333333333333333,0.0,0.0,1,0
ruler_vt_16k:0416,ruler_vt_16k,L12,L18,"[4, 6]",0.3333333333333333,0.0,0.26666666666666666,0.4,0.13333333333333333,0.0,2,0
ruler_vt_16k:0416,ruler_vt_16k,L12,L24,"[8, 14]",0.7333333333333333,0.0,0.5333333333333333,0.9333333333333333,0.4,0.0,2,0
ruler_vt_16k:0416,ruler_vt_16k,L12,ALL,[11],0.7333333333333333,0.4,0.7333333333333333,0.7333333333333333,0.0,0.0,1,0
ruler_vt_16k:0416,ruler_vt_16k,L18,OFF,"[1, 2, 3, 4, 5, 6, 7, 8, 9, 10, 11, 12, 13, 14]",0.5,0.0,,,,0.0,0,0
ruler_vt_16k:0416,ruler_vt_16k,L18,L0,"[1, 2, 3, 4, 5, 6, 7, 8, 9, 10, 11, 12, 13, 14]",0.5,0.0,,,,0.0,0,0
ruler_vt_16k:0416,ruler_vt_16k,L18,L6,"[1, 2, 3, 4, 5, 6, 7, 8, 9, 10, 11, 12, 13, 14]",0.5,0.0,,,,0.0,0,0
ruler_vt_16k:0416,ruler_vt_16k,L18,L12,"[1, 2, 3, 4, 5, 6, 7, 8, 9, 10, 11, 12, 13, 14]",0.5,0.0,,,,0.0,0,0
ruler_vt_16k:0416,ruler_vt_16k,L18,L24,"[1, 2, 3, 4, 5, 6, 7, 8, 9, 10, 11, 12, 13, 14]",0.5,0.0,,,,0.0,0,0
ruler_vt_16k:0416,ruler_vt_16k,L18,ALL,"[2, 9]",0.36666666666666664,0.0,0.13333333333333333,0.6,0.4666666666666667,0.0,2,0
ruler_vt_16k:0416,ruler_vt_16k,L24,OFF,"[1, 2, 3, 4, 5, 6, 7, 8, 9, 10, 11, 12, 13, 14]",0.5,0.0,,,,0.0,0,0
ruler_vt_16k:0416,ruler_vt_16k,L24,L0,"[1, 2, 5, 12]",0.3333333333333333,0.0,0.06666666666666667,0.8,0.7333333333333333,0.06666666666666667,4,0
ruler_vt_16k:0416,ruler_vt_16k,L24,L6,[5],0.3333333333333333,0.4,0.3333333333333333,0.3333333333333333,0.0,0.0,1,0
ruler_vt_16k:0416,ruler_vt_16k,L24,L12,"[1, 2, 3, 4, 5, 6, 7, 8, 9, 10, 11, 12, 13, 14]",0.5,0.0,,,,0.0,0,0
ruler_vt_16k:0416,ruler_vt_16k,L24,L18,"[1, 2, 3, 4, 5, 6, 7, 8, 9, 10, 11, 12, 13, 14]",0.5,0.0,,,,0.0,0,0
ruler_vt_16k:0416,ruler_vt_16k,L24,ALL,[10],0.6666666666666666,0.4,0.6666666666666666,0.6666666666666666,0.0,0.0,1,0
ruler_vt_16k:0416,ruler_vt_16k,ALL,OFF,"[9, 13]",0.7333333333333333,0.0,0.6,0.8666666666666667,0.26666666666666666,0.0,2,0
ruler_vt_16k:0416,ruler_vt_16k,ALL,L0,"[8, 10, 13]",0.6888888888888889,0.0,0.5333333333333333,0.8666666666666667,0.3333333333333333,0.0,3,0
ruler_vt_16k:0416,ruler_vt_16k,ALL,L6,"[4, 8, 13]",0.5555555555555556,0.0,0.26666666666666666,0.8666666666666667,0.6,0.0,3,0
ruler_vt_16k:0416,ruler_vt_16k,ALL,L12,"[10, 11, 12, 13]",0.7666666666666667,0.0,0.6666666666666666,0.8666666666666667,0.2,0.2,4,0
ruler_vt_16k:0416,ruler_vt_16k,ALL,L18,"[10, 11, 12, 13]",0.7666666666666667,0.0,0.6666666666666666,0.8666666666666667,0.2,0.2,4,0
ruler_vt_16k:0416,ruler_vt_16k,ALL,L24,[14],0.9333333333333333,0.4,0.9333333333333333,0.9333333333333333,0.0,0.0,1,0
ruler_vt_16k:0418,ruler_vt_16k,OFF,L0,"[1, 2, 3, 4, 5, 6, 7, 8, 9, 10, 11, 12, 13, 14]",0.5,0.0,,,,0.0,0,0
ruler_vt_16k:0418,ruler_vt_16k,OFF,L6,"[1, 2, 3, 4, 5, 6, 7, 8, 9, 10, 11, 12, 13, 14]",0.5,0.0,,,,0.0,0,0
ruler_vt_16k:0418,ruler_vt_16k,OFF,L12,"[1, 2, 3, 4, 5, 6, 7, 8, 9, 10, 11, 12, 13, 14]",0.5,0.0,,,,0.0,0,0
ruler_vt_16k:0418,ruler_vt_16k,OFF,L18,"[1, 2, 3, 4, 5, 6, 7, 8, 9, 10, 11, 12, 13, 14]",0.5,0.0,,,,0.0,0,0
ruler_vt_16k:0418,ruler_vt_16k,OFF,L24,"[1, 2, 3, 4, 5, 6, 7, 8, 9, 10, 11, 12, 13, 14]",0.5,0.0,,,,0.0,0,0
ruler_vt_16k:0418,ruler_vt_16k,OFF,ALL,"[1, 2, 3, 4, 5, 6, 7, 8, 9, 10, 11, 12, 13, 14]",0.5,0.0,,,,0.0,0,0
ruler_vt_16k:0418,ruler_vt_16k,L0,OFF,"[1, 2, 3, 4, 5, 6, 7, 8, 9, 10, 11, 12, 13, 14]",0.5,0.0,,,,0.0,0,0
ruler_vt_16k:0418,ruler_vt_16k,L0,L6,"[1, 2, 3, 4, 5, 6, 7, 8, 9, 10, 11, 12, 13, 14]",0.5,0.0,,,,0.0,0,0
ruler_vt_16k:0418,ruler_vt_16k,L0,L12,[1],0.06666666666666667,0.4,0.06666666666666667,0.06666666666666667,0.0,0.0,1,0
ruler_vt_16k:0418,ruler_vt_16k,L0,L18,"[1, 2, 3, 4, 5, 6, 7, 8, 9, 10, 11, 12, 13, 14]",0.5,0.0,,,,0.0,0,0
ruler_vt_16k:0418,ruler_vt_16k,L0,L24,"[1, 2, 3, 4, 5, 6, 7, 8, 9, 10, 11, 12, 13, 14]",0.5,0.0,,,,0.0,0,0
ruler_vt_16k:0418,ruler_vt_16k,L0,ALL,"[1, 2, 3, 4, 5, 6, 7, 8, 9, 10, 11, 12, 13, 14]",0.5,0.0,,,,0.0,0,0
ruler_vt_16k:0418,ruler_vt_16k,L6,OFF,"[1, 2, 3, 4, 5, 6, 7, 8, 9, 10, 11, 12, 13, 14]",0.5,0.0,,,,0.0,0,0
ruler_vt_16k:0418,ruler_vt_16k,L6,L0,"[1, 2, 3, 4, 5, 6, 7, 8, 9, 10, 11, 12, 13, 14]",0.5,0.0,,,,0.0,0,0
ruler_vt_16k:0418,ruler_vt_16k,L6,L12,"[1, 2, 3, 4, 5, 6, 7, 8, 9, 10, 11, 12, 13, 14]",0.5,0.0,,,,0.0,0,0
ruler_vt_16k:0418,ruler_vt_16k,L6,L18,"[1, 2, 3, 4, 5, 6, 7, 8, 9, 10, 11, 12, 13, 14]",0.5,0.0,,,,0.0,0,0
ruler_vt_16k:0418,ruler_vt_16k,L6,L24,"[1, 2, 3, 4, 5, 6, 7, 8, 9, 10, 11, 12, 13, 14]",0.5,0.0,,,,0.0,0,0
ruler_vt_16k:0418,ruler_vt_16k,L6,ALL,"[1, 2, 3, 4, 5, 6, 7, 8, 9, 10, 11, 12, 13, 14]",0.5,0.0,,,,0.0,0,0
ruler_vt_16k:0418,ruler_vt_16k,L12,OFF,"[1, 2, 3, 4, 5, 6, 7, 8, 9, 10, 11, 12, 13, 14]",0.5,0.0,,,,0.0,0,0
ruler_vt_16k:0418,ruler_vt_16k,L12,L0,"[1, 2, 3, 4, 5, 6, 7, 8, 9, 10, 11, 12, 13, 14]",0.5,0.0,,,,0.0,0,0
ruler_vt_16k:0418,ruler_vt_16k,L12,L6,"[1, 2, 3, 4, 5, 6, 7, 8, 9, 10, 11, 12, 13, 14]",0.5,0.0,,,,0.0,0,0
ruler_vt_16k:0418,ruler_vt_16k,L12,L18,"[1, 2, 3, 4, 5, 6, 7, 8, 9, 10, 11, 12, 13, 14]",0.5,0.0,,,,0.0,0,0
ruler_vt_16k:0418,ruler_vt_16k,L12,L24,"[1, 2, 3, 4, 5, 6, 7, 8, 9, 10, 11, 12, 13, 14]",0.5,0.0,,,,0.0,0,0
ruler_vt_16k:0418,ruler_vt_16k,L12,ALL,"[1, 2, 3, 4, 5, 6, 7, 8, 9, 10, 11, 12, 13, 14]",0.5,0.0,,,,0.0,0,0
ruler_vt_16k:0418,ruler_vt_16k,L18,OFF,"[1, 2, 3, 4, 5, 6, 7, 8, 9, 10, 11, 12, 13, 14]",0.5,0.0,,,,0.0,0,0
ruler_vt_16k:0418,ruler_vt_16k,L18,L0,"[1, 2, 3, 4, 5, 6, 7, 8, 9, 10, 11, 12, 13, 14]",0.5,0.0,,,,0.0,0,0
ruler_vt_16k:0418,ruler_vt_16k,L18,L6,"[1, 2, 3, 4, 5, 6, 7, 8, 9, 10, 11, 12, 13, 14]",0.5,0.0,,,,0.0,0,0
ruler_vt_16k:0418,ruler_vt_16k,L18,L12,"[1, 2, 3, 4, 5, 6, 7, 8, 9, 10, 11, 12, 13, 14]",0.5,0.0,,,,0.0,0,0
ruler_vt_16k:0418,ruler_vt_16k,L18,L24,"[1, 2, 3, 4, 5, 6, 7, 8, 9, 10, 11, 12, 13, 14]",0.5,0.0,,,,0.0,0,0
ruler_vt_16k:0418,ruler_vt_16k,L18,ALL,"[1, 2, 3, 4, 5, 6, 7, 8, 9, 10, 11, 12, 13, 14]",0.5,0.0,,,,0.0,0,0
ruler_vt_16k:0418,ruler_vt_16k,L24,OFF,"[1, 2, 3, 4, 5, 6, 7, 8, 9, 10, 11, 12, 13, 14]",0.5,0.0,,,,0.0,0,0
ruler_vt_16k:0418,ruler_vt_16k,L24,L0,"[1, 2, 3, 4, 5, 6, 7, 8, 9, 10, 11, 12, 13, 14]",0.5,0.0,,,,0.0,0,0
ruler_vt_16k:0418,ruler_vt_16k,L24,L6,"[1, 2, 3, 4, 5, 6, 7, 8, 9, 10, 11, 12, 13, 14]",0.5,0.0,,,,0.0,0,0
ruler_vt_16k:0418,ruler_vt_16k,L24,L12,"[1, 2, 3, 4, 5, 6, 7, 8, 9, 10, 11, 12, 13, 14]",0.5,0.0,,,,0.0,0,0
ruler_vt_16k:0418,ruler_vt_16k,L24,L18,"[1, 2, 3, 4, 5, 6, 7, 8, 9, 10, 11, 12, 13, 14]",0.5,0.0,,,,0.0,0,0
ruler_vt_16k:0418,ruler_vt_16k,L24,ALL,"[1, 2, 3, 4, 5, 6, 7, 8, 9, 10, 11, 12, 13, 14]",0.5,0.0,,,,0.0,0,0
ruler_vt_16k:0418,ruler_vt_16k,ALL,OFF,"[1, 2, 3, 4, 5, 6, 7, 8, 9, 10, 11, 12, 13, 14]",0.5,0.0,,,,0.0,0,0
ruler_vt_16k:0418,ruler_vt_16k,ALL,L0,"[1, 2, 3, 4, 5, 6, 7, 8, 9, 10, 11, 12, 13, 14]",0.5,0.0,,,,0.0,0,0
ruler_vt_16k:0418,ruler_vt_16k,ALL,L6,"[1, 2, 3, 4, 5, 6, 7, 8, 9, 10, 11, 12, 13, 14]",0.5,0.0,,,,0.0,0,0
ruler_vt_16k:0418,ruler_vt_16k,ALL,L12,"[1, 2, 3, 4, 5, 6, 7, 8, 9, 10, 11, 12, 13, 14]",0.5,0.0,,,,0.0,0,0
ruler_vt_16k:0418,ruler_vt_16k,ALL,L18,"[1, 2, 3, 4, 5, 6, 7, 8, 9, 10, 11, 12, 13, 14]",0.5,0.0,,,,0.0,0,0
ruler_vt_16k:0418,ruler_vt_16k,ALL,L24,"[1, 2, 3, 4, 5, 6, 7, 8, 9, 10, 11, 12, 13, 14]",0.5,0.0,,,,0.0,0,0
ruler_vt_16k:0420,ruler_vt_16k,OFF,L0,[2],0.13333333333333333,0.4,0.13333333333333333,0.13333333333333333,0.0,0.0,1,0
ruler_vt_16k:0420,ruler_vt_16k,OFF,L6,"[1, 5, 7]",0.28888888888888886,0.0,0.06666666666666667,0.4666666666666667,0.4,0.0,3,0
ruler_vt_16k:0420,ruler_vt_16k,OFF,L12,[3],0.2,0.4,0.2,0.2,0.0,0.0,1,0
ruler_vt_16k:0420,ruler_vt_16k,OFF,L18,[9],0.6,0.4,0.6,0.6,0.0,0.0,1,0
ruler_vt_16k:0420,ruler_vt_16k,OFF,L24,"[2, 4, 9, 12, 13]",0.5333333333333333,0.0,0.13333333333333333,0.8666666666666667,0.7333333333333333,0.06666666666666667,5,0
ruler_vt_16k:0420,ruler_vt_16k,OFF,ALL,"[2, 4, 5, 6, 13]",0.4,0.0,0.13333333333333333,0.8666666666666667,0.7333333333333333,0.13333333333333333,5,0
ruler_vt_16k:0420,ruler_vt_16k,L0,OFF,"[8, 9, 10, 11, 12, 13]",0.7,0.0,0.5333333333333333,0.8666666666666667,0.3333333333333333,0.3333333333333333,6,0
ruler_vt_16k:0420,ruler_vt_16k,L0,L6,"[4, 5, 10, 11]",0.5,0.0,0.26666666666666666,0.7333333333333333,0.4666666666666667,0.06666666666666667,4,0
ruler_vt_16k:0420,ruler_vt_16k,L0,L12,"[1, 2, 3, 4, 5, 6, 7, 8, 9, 10, 11, 12, 13, 14]",0.5,0.0,,,,0.0,0,0
ruler_vt_16k:0420,ruler_vt_16k,L0,L18,"[5, 9, 10]",0.5333333333333333,0.0,0.3333333333333333,0.6666666666666666,0.3333333333333333,0.06666666666666667,3,0
ruler_vt_16k:0420,ruler_vt_16k,L0,L24,"[10, 11, 13]",0.7555555555555556,0.0,0.6666666666666666,0.8666666666666667,0.2,0.06666666666666667,3,0
ruler_vt_16k:0420,ruler_vt_16k,L0,ALL,[6],0.4,0.4,0.4,0.4,0.0,0.0,1,0
ruler_vt_16k:0420,ruler_vt_16k,L6,OFF,[6],0.4,0.4,0.4,0.4,0.0,0.0,1,0
ruler_vt_16k:0420,ruler_vt_16k,L6,L0,"[2, 5, 9]",0.3555555555555555,0.0,0.13333333333333333,0.6,0.4666666666666667,0.0,3,0
ruler_vt_16k:0420,ruler_vt_16k,L6,L12,[13],0.8666666666666667,0.4,0.8666666666666667,0.8666666666666667,0.0,0.0,1,0
ruler_vt_16k:0420,ruler_vt_16k,L6,L18,"[2, 10]",0.4,0.0,0.13333333333333333,0.6666666666666666,0.5333333333333333,0.0,2,0
ruler_vt_16k:0420,ruler_vt_16k,L6,L24,[4],0.26666666666666666,0.4,0.26666666666666666,0.26666666666666666,0.0,0.0,1,0
ruler_vt_16k:0420,ruler_vt_16k,L6,ALL,"[8, 13]",0.7,0.0,0.5333333333333333,0.8666666666666667,0.3333333333333333,0.0,2,0
ruler_vt_16k:0420,ruler_vt_16k,L12,OFF,"[5, 13]",0.6,0.0,0.3333333333333333,0.8666666666666667,0.5333333333333333,0.0,2,0
ruler_vt_16k:0420,ruler_vt_16k,L12,L0,"[7, 13]",0.6666666666666666,0.0,0.4666666666666667,0.8666666666666667,0.4,0.0,2,0
ruler_vt_16k:0420,ruler_vt_16k,L12,L6,"[2, 9]",0.36666666666666664,0.0,0.13333333333333333,0.6,0.4666666666666667,0.0,2,0
ruler_vt_16k:0420,ruler_vt_16k,L12,L18,"[5, 7, 14]",0.5777777777777777,0.0,0.3333333333333333,0.9333333333333333,0.6,0.0,3,0
ruler_vt_16k:0420,ruler_vt_16k,L12,L24,"[5, 9, 10]",0.5333333333333333,0.0,0.3333333333333333,0.6666666666666666,0.3333333333333333,0.06666666666666667,3,0
ruler_vt_16k:0420,ruler_vt_16k,L12,ALL,"[10, 14]",0.8,0.0,0.6666666666666666,0.9333333333333333,0.26666666666666666,0.0,2,0
ruler_vt_16k:0420,ruler_vt_16k,L18,OFF,"[1, 2, 3, 4, 5, 6, 7, 8, 9, 10, 11, 12, 13, 14]",0.5,0.0,,,,0.0,0,0
ruler_vt_16k:0420,ruler_vt_16k,L18,L0,[10],0.6666666666666666,0.4,0.6666666666666666,0.6666666666666666,0.0,0.0,1,0
ruler_vt_16k:0420,ruler_vt_16k,L18,L6,[7],0.4666666666666667,0.4,0.4666666666666667,0.4666666666666667,0.0,0.0,1,0
ruler_vt_16k:0420,ruler_vt_16k,L18,L12,"[2, 9]",0.36666666666666664,0.0,0.13333333333333333,0.6,0.4666666666666667,0.0,2,0
ruler_vt_16k:0420,ruler_vt_16k,L18,L24,"[1, 2, 3, 4, 5, 6, 7, 8, 9, 10, 11, 12, 13, 14]",0.5,0.0,,,,0.0,0,0
ruler_vt_16k:0420,ruler_vt_16k,L18,ALL,"[11, 13]",0.8,0.0,0.7333333333333333,0.8666666666666667,0.13333333333333333,0.0,2,0
ruler_vt_16k:0420,ruler_vt_16k,L24,OFF,"[2, 3, 8, 10, 11, 12]",0.5111111111111112,0.0,0.13333333333333333,0.8,0.6666666666666666,0.13333333333333333,6,0
ruler_vt_16k:0420,ruler_vt_16k,L24,L0,"[4, 12]",0.5333333333333333,0.0,0.26666666666666666,0.8,0.5333333333333333,0.0,2,0
ruler_vt_16k:0420,ruler_vt_16k,L24,L6,"[5, 7, 12]",0.5333333333333333,0.0,0.3333333333333333,0.8,0.4666666666666667,0.0,3,0
ruler_vt_16k:0420,ruler_vt_16k,L24,L12,"[3, 10, 11, 12]",0.6,0.0,0.2,0.8,0.6,0.13333333333333333,4,0
ruler_vt_16k:0420,ruler_vt_16k,L24,L18,"[1, 2, 3, 4, 5, 6, 7, 8, 9, 10, 11, 12, 13, 14]",0.5,0.0,,,,0.0,0,0
ruler_vt_16k:0420,ruler_vt_16k,L24,ALL,[13],0.8666666666666667,0.4,0.8666666666666667,0.8666666666666667,0.0,0.0,1,0
ruler_vt_16k:0420,ruler_vt_16k,ALL,OFF,"[1, 3, 5, 6, 7, 13]",0.3888888888888889,0.0,0.06666666666666667,0.8666666666666667,0.8,0.13333333333333333,6,0
ruler_vt_16k:0420,ruler_vt_16k,ALL,L0,"[1, 7, 9]",0.3777777777777778,0.0,0.06666666666666667,0.6,0.5333333333333333,0.0,3,0
ruler_vt_16k:0420,ruler_vt_16k,ALL,L6,"[4, 7, 10, 13]",0.5666666666666667,0.0,0.26666666666666666,0.8666666666666667,0.6,0.0,4,0
ruler_vt_16k:0420,ruler_vt_16k,ALL,L12,"[3, 6, 13]",0.4888888888888889,0.0,0.2,0.8666666666666667,0.6666666666666666,0.0,3,0
ruler_vt_16k:0420,ruler_vt_16k,ALL,L18,"[5, 9, 13]",0.6,0.0,0.3333333333333333,0.8666666666666667,0.5333333333333333,0.0,3,0
ruler_vt_16k:0420,ruler_vt_16k,ALL,L24,"[1, 5, 9, 13]",0.4666666666666667,0.0,0.06666666666666667,0.8666666666666667,0.8,0.0,4,0
ruler_vt_16k:0421,ruler_vt_16k,OFF,L0,"[1, 2, 3, 4, 5, 6, 7, 8, 9, 10, 11, 12, 13, 14]",0.5,0.0,,,,0.0,0,0
ruler_vt_16k:0421,ruler_vt_16k,OFF,L6,"[1, 2, 3, 4, 5, 6, 7, 8, 9, 10, 11, 12, 13, 14]",0.5,0.0,,,,0.0,0,0
ruler_vt_16k:0421,ruler_vt_16k,OFF,L12,"[1, 2, 3, 4, 5, 6, 7, 8, 9, 10, 11, 12, 13, 14]",0.5,0.0,,,,0.0,0,0
ruler_vt_16k:0421,ruler_vt_16k,OFF,L18,"[1, 2, 3, 4, 5, 6, 7, 8, 9, 10, 11, 12, 13, 14]",0.5,0.0,,,,0.0,0,0
ruler_vt_16k:0421,ruler_vt_16k,OFF,L24,"[1, 2, 3, 4, 5, 6, 7, 8, 9, 10, 11, 12, 13, 14]",0.5,0.0,,,,0.0,0,0
ruler_vt_16k:0421,ruler_vt_16k,OFF,ALL,"[1, 2, 3, 4, 5, 6, 7, 8, 9, 10, 11, 12, 13, 14]",0.5,0.0,,,,0.0,0,0
ruler_vt_16k:0421,ruler_vt_16k,L0,OFF,"[1, 2, 3, 4, 5, 6, 7, 8, 9, 10, 11, 12, 13, 14]",0.5,0.0,,,,0.0,0,0
ruler_vt_16k:0421,ruler_vt_16k,L0,L6,"[1, 2, 3, 4, 5, 6, 7, 8, 9, 10, 11, 12, 13, 14]",0.5,0.0,,,,0.0,0,0
ruler_vt_16k:0421,ruler_vt_16k,L0,L12,"[1, 2, 3, 4, 5, 6, 7, 8, 9, 10, 11, 12, 13, 14]",0.5,0.0,,,,0.0,0,0
ruler_vt_16k:0421,ruler_vt_16k,L0,L18,"[1, 2, 3, 4, 5, 6, 7, 8, 9, 10, 11, 12, 13, 14]",0.5,0.0,,,,0.0,0,0
ruler_vt_16k:0421,ruler_vt_16k,L0,L24,"[1, 2, 3, 4, 5, 6, 7, 8, 9, 10, 11, 12, 13, 14]",0.5,0.0,,,,0.0,0,0
ruler_vt_16k:0421,ruler_vt_16k,L0,ALL,"[1, 2, 3, 4, 5, 6, 7, 8, 9, 10, 11, 12, 13, 14]",0.5,0.0,,,,0.0,0,0
ruler_vt_16k:0421,ruler_vt_16k,L6,OFF,"[1, 2, 3, 4, 5, 6, 7, 8, 9, 10, 11, 12, 13, 14]",0.5,0.0,,,,0.0,0,0
ruler_vt_16k:0421,ruler_vt_16k,L6,L0,"[1, 2, 3, 4, 5, 6, 7, 8, 9, 10, 11, 12, 13, 14]",0.5,0.0,,,,0.0,0,0
ruler_vt_16k:0421,ruler_vt_16k,L6,L12,"[1, 2, 3, 4, 5, 6, 7, 8, 9, 10, 11, 12, 13, 14]",0.5,0.0,,,,0.0,0,0
ruler_vt_16k:0421,ruler_vt_16k,L6,L18,"[1, 2, 3, 4, 5, 6, 7, 8, 9, 10, 11, 12, 13, 14]",0.5,0.0,,,,0.0,0,0
ruler_vt_16k:0421,ruler_vt_16k,L6,L24,"[1, 2, 3, 4, 5, 6, 7, 8, 9, 10, 11, 12, 13, 14]",0.5,0.0,,,,0.0,0,0
ruler_vt_16k:0421,ruler_vt_16k,L6,ALL,"[1, 2, 3, 4, 5, 6, 7, 8, 9, 10, 11, 12, 13, 14]",0.5,0.0,,,,0.0,0,0
ruler_vt_16k:0421,ruler_vt_16k,L12,OFF,"[1, 2, 3, 4, 5, 6, 7, 8, 9, 10, 11, 12, 13, 14]",0.5,0.0,,,,0.0,0,0
ruler_vt_16k:0421,ruler_vt_16k,L12,L0,"[1, 2, 3, 4, 5, 6, 7, 8, 9, 10, 11, 12, 13, 14]",0.5,0.0,,,,0.0,0,0
ruler_vt_16k:0421,ruler_vt_16k,L12,L6,"[1, 2, 3, 4, 5, 6, 7, 8, 9, 10, 11, 12, 13, 14]",0.5,0.0,,,,0.0,0,0
ruler_vt_16k:0421,ruler_vt_16k,L12,L18,"[1, 2, 3, 4, 5, 6, 7, 8, 9, 10, 11, 12, 13, 14]",0.5,0.0,,,,0.0,0,0
ruler_vt_16k:0421,ruler_vt_16k,L12,L24,"[1, 2, 3, 4, 5, 6, 7, 8, 9, 10, 11, 12, 13, 14]",0.5,0.0,,,,0.0,0,0
ruler_vt_16k:0421,ruler_vt_16k,L12,ALL,"[1, 2, 3, 4, 5, 6, 7, 8, 9, 10, 11, 12, 13, 14]",0.5,0.0,,,,0.0,0,0
ruler_vt_16k:0421,ruler_vt_16k,L18,OFF,"[1, 2, 3, 4, 5, 6, 7, 8, 9, 10, 11, 12, 13, 14]",0.5,0.0,,,,0.0,0,0
ruler_vt_16k:0421,ruler_vt_16k,L18,L0,[9],0.6,0.6000000000000001,0.6,0.6,0.0,0.0,1,0
ruler_vt_16k:0421,ruler_vt_16k,L18,L6,"[1, 2, 3, 4, 5, 6, 7, 8, 9, 10, 11, 12, 13, 14]",0.5,0.0,,,,0.0,0,0
ruler_vt_16k:0421,ruler_vt_16k,L18,L12,"[1, 2, 3, 4, 5, 6, 7, 8, 9, 10, 11, 12, 13, 14]",0.5,0.0,,,,0.0,0,0
ruler_vt_16k:0421,ruler_vt_16k,L18,L24,"[1, 2, 3, 4, 5, 6, 7, 8, 9, 10, 11, 12, 13, 14]",0.5,0.0,,,,0.0,0,0
ruler_vt_16k:0421,ruler_vt_16k,L18,ALL,[14],0.9333333333333333,0.6000000000000001,0.9333333333333333,0.9333333333333333,0.0,0.0,1,0
ruler_vt_16k:0421,ruler_vt_16k,L24,OFF,"[1, 2, 3, 4, 5, 6, 7, 8, 9, 10, 11, 12, 13, 14]",0.5,0.0,,,,0.0,0,0
ruler_vt_16k:0421,ruler_vt_16k,L24,L0,"[1, 2, 3, 4, 5, 6, 7, 8, 9, 10, 11, 12, 13, 14]",0.5,0.0,,,,0.0,0,0
ruler_vt_16k:0421,ruler_vt_16k,L24,L6,"[1, 2, 3, 4, 5, 6, 7, 8, 9, 10, 11, 12, 13, 14]",0.5,0.0,,,,0.0,0,0
ruler_vt_16k:0421,ruler_vt_16k,L24,L12,"[1, 2, 3, 4, 5, 6, 7, 8, 9, 10, 11, 12, 13, 14]",0.5,0.0,,,,0.0,0,0
ruler_vt_16k:0421,ruler_vt_16k,L24,L18,"[1, 2, 3, 4, 5, 6, 7, 8, 9, 10, 11, 12, 13, 14]",0.5,0.0,,,,0.0,0,0
ruler_vt_16k:0421,ruler_vt_16k,L24,ALL,"[1, 2, 3, 4, 5, 6, 7, 8, 9, 10, 11, 12, 13, 14]",0.5,0.0,,,,0.0,0,0
ruler_vt_16k:0421,ruler_vt_16k,ALL,OFF,"[1, 2, 3, 4, 5, 6, 7, 8, 9, 10, 11, 12, 13, 14]",0.5,0.0,,,,0.0,0,0
ruler_vt_16k:0421,ruler_vt_16k,ALL,L0,"[1, 2, 3, 4, 5, 6, 7, 8, 9, 10, 11, 12, 13, 14]",0.5,0.0,,,,0.0,0,0
ruler_vt_16k:0421,ruler_vt_16k,ALL,L6,"[1, 2, 3, 4, 5, 6, 7, 8, 9, 10, 11, 12, 13, 14]",0.5,0.0,,,,0.0,0,0
ruler_vt_16k:0421,ruler_vt_16k,ALL,L12,"[1, 2, 3, 4, 5, 6, 7, 8, 9, 10, 11, 12, 13, 14]",0.5,0.0,,,,0.0,0,0
ruler_vt_16k:0421,ruler_vt_16k,ALL,L18,"[1, 2, 3, 4, 5, 6, 7, 8, 9, 10, 11, 12, 13, 14]",0.5,0.0,,,,0.0,0,0
ruler_vt_16k:0421,ruler_vt_16k,ALL,L24,"[1, 2, 3, 4, 5, 6, 7, 8, 9, 10, 11, 12, 13, 14]",0.5,0.0,,,,0.0,0,0
ruler_vt_16k:0422,ruler_vt_16k,OFF,L0,[5],0.3333333333333333,0.4,,,,0.0,0,0
ruler_vt_16k:0422,ruler_vt_16k,OFF,L6,[8],0.5333333333333333,0.6,0.5333333333333333,0.5333333333333333,0.0,0.0,1,1
ruler_vt_16k:0422,ruler_vt_16k,OFF,L12,"[1, 2, 3, 4, 5, 6, 7, 8, 9, 10, 11, 12, 13, 14]",0.5,0.0,,,,0.0,0,0
ruler_vt_16k:0422,ruler_vt_16k,OFF,L18,[1],0.06666666666666667,0.4,,,,0.0,0,0
ruler_vt_16k:0422,ruler_vt_16k,OFF,L24,"[1, 2, 3, 4, 5, 6, 7, 8, 9, 10, 11, 12, 13, 14]",0.5,0.0,,,,0.0,0,0
ruler_vt_16k:0422,ruler_vt_16k,OFF,ALL,[13],0.8666666666666667,0.6,0.8666666666666667,0.8666666666666667,0.0,0.0,1,1
ruler_vt_16k:0422,ruler_vt_16k,L0,OFF,"[1, 2, 3, 4, 5, 6, 7, 8, 9, 10, 11, 12, 13, 14]",0.5,0.0,,,,0.0,0,0
ruler_vt_16k:0422,ruler_vt_16k,L0,L6,"[1, 2, 3, 4, 5, 6, 7, 8, 9, 10, 11, 12, 13, 14]",0.5,0.0,,,,0.0,0,0
ruler_vt_16k:0422,ruler_vt_16k,L0,L12,[6],0.4,0.6,0.4,0.4,0.0,0.0,1,1
ruler_vt_16k:0422,ruler_vt_16k,L0,L18,"[1, 2, 3, 4, 5, 6, 7, 8, 9, 10, 11, 12, 13, 14]",0.5,0.0,,,,0.0,0,0
ruler_vt_16k:0422,ruler_vt_16k,L0,L24,[11],0.7333333333333333,0.6,0.7333333333333333,0.7333333333333333,0.0,0.0,1,1
ruler_vt_16k:0422,ruler_vt_16k,L0,ALL,"[1, 2, 3, 4, 5, 6, 7, 8, 9, 10, 11, 12, 13, 14]",0.5,0.0,,,,0.0,0,0
ruler_vt_16k:0422,ruler_vt_16k,L6,OFF,"[1, 2, 3, 4, 5, 6, 7, 8, 9, 10, 11, 12, 13, 14]",0.5,0.0,,,,0.0,0,0
ruler_vt_16k:0422,ruler_vt_16k,L6,L0,"[1, 2, 3, 4, 5, 6, 7, 8, 9, 10, 11, 12, 13, 14]",0.5,0.0,,,,0.0,0,0
ruler_vt_16k:0422,ruler_vt_16k,L6,L12,"[1, 2, 3, 4, 5, 6, 7, 8, 9, 10, 11, 12, 13, 14]",0.5,0.0,,,,0.0,0,0
ruler_vt_16k:0422,ruler_vt_16k,L6,L18,"[1, 2, 3, 4, 5, 6, 7, 8, 9, 10, 11, 12, 13, 14]",0.5,0.0,,,,0.0,0,0
ruler_vt_16k:0422,ruler_vt_16k,L6,L24,[1],0.06666666666666667,0.4,,,,0.0,0,0
ruler_vt_16k:0422,ruler_vt_16k,L6,ALL,"[1, 2, 3, 4, 5, 6, 7, 8, 9, 10, 11, 12, 13, 14]",0.5,0.0,,,,0.0,0,0
ruler_vt_16k:0422,ruler_vt_16k,L12,OFF,[6],0.4,0.4,,,,0.0,0,0
ruler_vt_16k:0422,ruler_vt_16k,L12,L0,"[1, 2, 3, 4, 5, 6, 7, 8, 9, 10, 11, 12, 13, 14]",0.5,0.0,,,,0.0,0,0
ruler_vt_16k:0422,ruler_vt_16k,L12,L6,"[1, 2, 3, 4, 5, 6, 7, 8, 9, 10, 11, 12, 13, 14]",0.5,0.0,,,,0.0,0,0
ruler_vt_16k:0422,ruler_vt_16k,L12,L18,[9],0.6,0.19999999999999996,0.6,0.6,0.0,0.0,1,1
ruler_vt_16k:0422,ruler_vt_16k,L12,L24,[5],0.3333333333333333,0.4,,,,0.0,0,0
ruler_vt_16k:0422,ruler_vt_16k,L12,ALL,[7],0.4666666666666667,0.19999999999999996,0.4666666666666667,0.4666666666666667,0.0,0.0,1,1
ruler_vt_16k:0422,ruler_vt_16k,L18,OFF,"[4, 5]",0.3,0.0,,,,0.0,0,0
ruler_vt_16k:0422,ruler_vt_16k,L18,L0,[5],0.3333333333333333,0.19999999999999996,0.3333333333333333,0.3333333333333333,0.0,0.0,1,1
ruler_vt_16k:0422,ruler_vt_16k,L18,L6,"[1, 2, 3, 4, 5, 6, 7, 8, 9, 10, 11, 12, 13, 14]",0.5,0.0,,,,0.0,0,0
ruler_vt_16k:0422,ruler_vt_16k,L18,L12,[7],0.4666666666666667,0.4,,,,0.0,0,0
ruler_vt_16k:0422,ruler_vt_16k,L18,L24,[10],0.6666666666666666,0.6,0.6666666666666666,0.6666666666666666,0.0,0.0,1,1
ruler_vt_16k:0422,ruler_vt_16k,L18,ALL,"[1, 2, 3, 4, 5, 6, 7, 8, 9, 10, 11, 12, 13, 14]",0.5,0.0,,,,0.0,0,0
ruler_vt_16k:0422,ruler_vt_16k,L24,OFF,"[1, 2, 3, 4, 5, 6, 7, 8, 9, 10, 11, 12, 13, 14]",0.5,0.0,,,,0.0,0,0
ruler_vt_16k:0422,ruler_vt_16k,L24,L0,[1],0.06666666666666667,0.4,,,,0.0,0,0
ruler_vt_16k:0422,ruler_vt_16k,L24,L6,"[1, 2, 3, 4, 5, 6, 7, 8, 9, 10, 11, 12, 13, 14]",0.5,0.0,,,,0.0,0,0
ruler_vt_16k:0422,ruler_vt_16k,L24,L12,"[9, 10]",0.6333333333333333,0.0,,,,0.0,0,0
ruler_vt_16k:0422,ruler_vt_16k,L24,L18,"[1, 2, 3, 4, 5, 6, 7, 8, 9, 10, 11, 12, 13, 14]",0.5,0.0,,,,0.0,0,0
ruler_vt_16k:0422,ruler_vt_16k,L24,ALL,"[1, 2, 3, 4, 5, 6, 7, 8, 9, 10, 11, 12, 13, 14]",0.5,0.0,,,,0.0,0,0
ruler_vt_16k:0422,ruler_vt_16k,ALL,OFF,"[1, 2, 3, 4, 5, 6, 7, 8, 9, 10, 11, 12, 13, 14]",0.5,0.0,,,,0.0,0,0
ruler_vt_16k:0422,ruler_vt_16k,ALL,L0,"[1, 2, 3, 4, 5, 6, 7, 8, 9, 10, 11, 12, 13, 14]",0.5,0.0,,,,0.0,0,0
ruler_vt_16k:0422,ruler_vt_16k,ALL,L6,[1],0.06666666666666667,0.4,,,,0.0,0,0
ruler_vt_16k:0422,ruler_vt_16k,ALL,L12,[7],0.4666666666666667,0.6,0.4666666666666667,0.4666666666666667,0.0,0.0,1,1
ruler_vt_16k:0422,ruler_vt_16k,ALL,L18,"[1, 2, 3, 4, 5, 6, 7, 8, 9, 10, 11, 12, 13, 14]",0.5,0.0,,,,0.0,0,0
ruler_vt_16k:0422,ruler_vt_16k,ALL,L24,"[1, 2, 3, 4, 5, 6, 7, 8, 9, 10, 11, 12, 13, 14]",0.5,0.0,,,,0.0,0,0
ruler_vt_16k:0425,ruler_vt_16k,OFF,L0,"[1, 3, 4]",0.17777777777777776,0.0,0.06666666666666667,0.26666666666666666,0.2,0.06666666666666667,3,0
ruler_vt_16k:0425,ruler_vt_16k,OFF,L6,"[1, 2, 3, 4, 5, 6, 7, 8, 9, 10, 11, 12, 13, 14]",0.5,0.0,,,,0.0,0,0
ruler_vt_16k:0425,ruler_vt_16k,OFF,L12,"[1, 2, 3, 4, 5, 6, 7, 8, 9, 10, 11, 12, 13, 14]",0.5,0.0,,,,0.0,0,0
ruler_vt_16k:0425,ruler_vt_16k,OFF,L18,"[1, 2, 3, 4, 5, 6, 7, 8, 9, 10, 11, 12, 13, 14]",0.5,0.0,,,,0.0,0,0
ruler_vt_16k:0425,ruler_vt_16k,OFF,L24,"[1, 2, 3, 4, 5, 6, 7, 8, 9, 10, 11, 12, 13, 14]",0.5,0.0,,,,0.0,0,0
ruler_vt_16k:0425,ruler_vt_16k,OFF,ALL,"[1, 2, 3, 4, 5, 6, 7, 8, 9, 10, 11, 12, 13, 14]",0.5,0.0,,,,0.0,0,0
ruler_vt_16k:0425,ruler_vt_16k,L0,OFF,"[1, 2, 3, 4, 5, 6, 7, 8, 9, 10, 11, 12, 13, 14]",0.5,0.0,,,,0.0,0,0
ruler_vt_16k:0425,ruler_vt_16k,L0,L6,[6],0.4,0.4,0.4,0.4,0.0,0.0,1,0
ruler_vt_16k:0425,ruler_vt_16k,L0,L12,"[1, 2, 3, 4, 5, 6, 7, 8, 9, 10, 11, 12, 13, 14]",0.5,0.0,,,,0.0,0,0
ruler_vt_16k:0425,ruler_vt_16k,L0,L18,[14],0.9333333333333333,0.4,0.9333333333333333,0.9333333333333333,0.0,0.0,1,0
ruler_vt_16k:0425,ruler_vt_16k,L0,L24,"[1, 2, 3, 4, 5, 6, 7, 8, 9, 10, 11, 12, 13, 14]",0.5,0.0,,,,0.0,0,0
ruler_vt_16k:0425,ruler_vt_16k,L0,ALL,"[1, 2, 3, 4, 5, 6, 7, 8, 9, 10, 11, 12, 13, 14]",0.5,0.0,,,,0.0,0,0
ruler_vt_16k:0425,ruler_vt_16k,L6,OFF,"[1, 2, 3, 4, 5, 6, 7, 8, 9, 10, 11, 12, 13, 14]",0.5,0.0,,,,0.0,0,0
ruler_vt_16k:0425,ruler_vt_16k,L6,L0,[1],0.06666666666666667,0.4,0.06666666666666667,0.06666666666666667,0.0,0.0,1,0
ruler_vt_16k:0425,ruler_vt_16k,L6,L12,[9],0.6,0.4,0.6,0.6,0.0,0.0,1,0
ruler_vt_16k:0425,ruler_vt_16k,L6,L18,[3],0.2,0.4,0.2,0.2,0.0,0.0,1,0
ruler_vt_16k:0425,ruler_vt_16k,L6,L24,[8],0.5333333333333333,0.4,0.5333333333333333,0.5333333333333333,0.0,0.0,1,0
ruler_vt_16k:0425,ruler_vt_16k,L6,ALL,"[1, 2, 3, 4, 5, 6, 7, 8, 9, 10, 11, 12, 13, 14]",0.5,0.0,,,,0.0,0,0
ruler_vt_16k:0425,ruler_vt_16k,L12,OFF,[9],0.6,0.4,0.6,0.6,0.0,0.0,1,0
ruler_vt_16k:0425,ruler_vt_16k,L12,L0,"[1, 7, 12]",0.4444444444444445,0.0,0.06666666666666667,0.8,0.7333333333333333,0.0,3,0
ruler_vt_16k:0425,ruler_vt_16k,L12,L6,"[2, 3]",0.16666666666666666,0.0,0.13333333333333333,0.2,0.06666666666666667,0.06666666666666667,2,0
ruler_vt_16k:0425,ruler_vt_16k,L12,L18,"[1, 2, 3, 4, 5, 6, 7, 8, 9, 10, 11, 12, 13, 14]",0.5,0.0,,,,0.0,0,0
ruler_vt_16k:0425,ruler_vt_16k,L12,L24,[7],0.4666666666666667,0.4,0.4666666666666667,0.4666666666666667,0.0,0.0,1,0
ruler_vt_16k:0425,ruler_vt_16k,L12,ALL,"[6, 12]",0.6,0.0,0.4,0.8,0.4,0.0,2,0
ruler_vt_16k:0425,ruler_vt_16k,L18,OFF,"[5, 7]",0.4,0.0,0.3333333333333333,0.4666666666666667,0.13333333333333333,0.0,2,0
ruler_vt_16k:0425,ruler_vt_16k,L18,L0,"[3, 8, 12]",0.5111111111111112,0.0,0.2,0.8,0.6,0.0,3,0
ruler_vt_16k:0425,ruler_vt_16k,L18,L6,"[2, 11, 13]",0.5777777777777777,0.0,0.13333333333333333,0.8666666666666667,0.7333333333333333,0.0,3,0
ruler_vt_16k:0425,ruler_vt_16k,L18,L12,[10],0.6666666666666666,0.4,0.6666666666666666,0.6666666666666666,0.0,0.0,1,0
ruler_vt_16k:0425,ruler_vt_16k,L18,L24,"[1, 2, 3, 4, 5, 6, 7, 8, 9, 10, 11, 12, 13, 14]",0.5,0.0,,,,0.0,0,0
ruler_vt_16k:0425,ruler_vt_16k,L18,ALL,"[1, 2, 3, 4, 5, 6, 7, 8, 9, 10, 11, 12, 13, 14]",0.5,0.0,,,,0.0,0,0
ruler_vt_16k:0425,ruler_vt_16k,L24,OFF,"[1, 2, 3, 4, 5, 6, 7, 8, 9, 10, 11, 12, 13, 14]",0.5,0.0,,,,0.0,0,0
ruler_vt_16k:0425,ruler_vt_16k,L24,L0,"[1, 2, 3, 4, 5, 6, 7, 8, 9, 10, 11, 12, 13, 14]",0.5,0.0,,,,0.0,0,0
ruler_vt_16k:0425,ruler_vt_16k,L24,L6,[13],0.8666666666666667,0.4,0.8666666666666667,0.8666666666666667,0.0,0.0,1,0
ruler_vt_16k:0425,ruler_vt_16k,L24,L12,"[1, 2, 3, 4, 5, 6, 7, 8, 9, 10, 11, 12, 13, 14]",0.5,0.0,,,,0.0,0,0
ruler_vt_16k:0425,ruler_vt_16k,L24,L18,"[1, 2, 3, 4, 5, 6, 7, 8, 9, 10, 11, 12, 13, 14]",0.5,0.0,,,,0.0,0,0
ruler_vt_16k:0425,ruler_vt_16k,L24,ALL,"[1, 2, 3, 4, 5, 6, 7, 8, 9, 10, 11, 12, 13, 14]",0.5,0.0,,,,0.0,0,0
ruler_vt_16k:0425,ruler_vt_16k,ALL,OFF,[3],0.2,0.4,0.2,0.2,0.0,0.0,1,0
ruler_vt_16k:0425,ruler_vt_16k,ALL,L0,[6],0.4,0.4,0.4,0.4,0.0,0.0,1,0
ruler_vt_16k:0425,ruler_vt_16k,ALL,L6,"[1, 2, 3, 4, 5, 6, 7, 8, 9, 10, 11, 12, 13, 14]",0.5,0.0,,,,0.0,0,0
ruler_vt_16k:0425,ruler_vt_16k,ALL,L12,[8],0.5333333333333333,0.4,0.5333333333333333,0.5333333333333333,0.0,0.0,1,0
ruler_vt_16k:0425,ruler_vt_16k,ALL,L18,"[1, 2, 3, 4, 5, 6, 7, 8, 9, 10, 11, 12, 13, 14]",0.5,0.0,,,,0.0,0,0
ruler_vt_16k:0425,ruler_vt_16k,ALL,L24,"[3, 7]",0.3333333333333333,0.0,0.2,0.4666666666666667,0.26666666666666666,0.0,2,0
ruler_vt_16k:0445,ruler_vt_16k,OFF,L0,"[11, 12]",0.7666666666666667,0.0,0.7333333333333333,0.8,0.06666666666666667,0.06666666666666667,2,0
ruler_vt_16k:0445,ruler_vt_16k,OFF,L6,"[1, 2, 5, 9, 10, 13]",0.4444444444444445,0.0,0.06666666666666667,0.8666666666666667,0.8,0.06666666666666667,6,0
ruler_vt_16k:0445,ruler_vt_16k,OFF,L12,[8],0.5333333333333333,0.4,0.5333333333333333,0.5333333333333333,0.0,0.0,1,0
ruler_vt_16k:0445,ruler_vt_16k,OFF,L18,"[1, 2, 3, 4, 5, 6, 7, 8, 9, 10, 11, 12, 13, 14]",0.5,0.0,,,,0.0,0,0
ruler_vt_16k:0445,ruler_vt_16k,OFF,L24,"[1, 2, 3, 4, 5, 6, 7, 8, 9, 10, 11, 12, 13, 14]",0.5,0.0,,,,0.0,0,0
ruler_vt_16k:0445,ruler_vt_16k,OFF,ALL,[1],0.06666666666666667,0.4,0.06666666666666667,0.06666666666666667,0.0,0.0,1,0
ruler_vt_16k:0445,ruler_vt_16k,L0,OFF,[1],0.06666666666666667,0.4,0.06666666666666667,0.06666666666666667,0.0,0.0,1,0
ruler_vt_16k:0445,ruler_vt_16k,L0,L6,[1],0.06666666666666667,0.4,0.06666666666666667,0.06666666666666667,0.0,0.0,1,0
ruler_vt_16k:0445,ruler_vt_16k,L0,L12,"[1, 2, 3, 4, 5, 6, 7, 8, 9, 10, 11, 12, 13, 14]",0.5,0.0,,,,0.0,0,0
ruler_vt_16k:0445,ruler_vt_16k,L0,L18,"[1, 2, 3, 4, 5, 6, 7, 8, 9, 10, 11, 12, 13, 14]",0.5,0.0,,,,0.0,0,0
ruler_vt_16k:0445,ruler_vt_16k,L0,L24,[1],0.06666666666666667,0.4,0.06666666666666667,0.06666666666666667,0.0,0.0,1,0
ruler_vt_16k:0445,ruler_vt_16k,L0,ALL,"[1, 2, 3, 4, 5, 6, 7, 8, 9, 10, 11, 12, 13, 14]",0.5,0.0,,,,0.0,0,0
ruler_vt_16k:0445,ruler_vt_16k,L6,OFF,"[1, 3, 6]",0.22222222222222224,0.0,0.06666666666666667,0.4,0.3333333333333333,0.0,3,0
ruler_vt_16k:0445,ruler_vt_16k,L6,L0,"[7, 8, 10, 12]",0.6166666666666667,0.0,0.4666666666666667,0.8,0.3333333333333333,0.06666666666666667,4,0
ruler_vt_16k:0445,ruler_vt_16k,L6,L12,"[2, 9, 13]",0.5333333333333333,0.0,0.13333333333333333,0.8666666666666667,0.7333333333333333,0.0,3,0
ruler_vt_16k:0445,ruler_vt_16k,L6,L18,"[2, 3, 6, 9, 11]",0.41333333333333333,0.0,0.13333333333333333,0.7333333333333333,0.6,0.06666666666666667,5,0
ruler_vt_16k:0445,ruler_vt_16k,L6,L24,"[3, 6, 9, 11]",0.48333333333333334,0.0,0.2,0.7333333333333333,0.5333333333333333,0.0,4,0
ruler_vt_16k:0445,ruler_vt_16k,L6,ALL,[11],0.7333333333333333,0.4,0.7333333333333333,0.7333333333333333,0.0,0.0,1,0
ruler_vt_16k:0445,ruler_vt_16k,L12,OFF,"[4, 8, 9]",0.4666666666666667,0.0,0.26666666666666666,0.6,0.3333333333333333,0.06666666666666667,3,0
ruler_vt_16k:0445,ruler_vt_16k,L12,L0,"[9, 11]",0.6666666666666666,0.0,0.6,0.7333333333333333,0.13333333333333333,0.0,2,0
ruler_vt_16k:0445,ruler_vt_16k,L12,L6,"[2, 5, 8, 11]",0.43333333333333335,0.0,0.13333333333333333,0.7333333333333333,0.6,0.0,4,0
ruler_vt_16k:0445,ruler_vt_16k,L12,L18,"[4, 8]",0.4,0.0,0.26666666666666666,0.5333333333333333,0.26666666666666666,0.0,2,0
ruler_vt_16k:0445,ruler_vt_16k,L12,L24,[8],0.5333333333333333,0.4,0.5333333333333333,0.5333333333333333,0.0,0.0,1,0
ruler_vt_16k:0445,ruler_vt_16k,L12,ALL,"[4, 13]",0.5666666666666667,0.0,0.26666666666666666,0.8666666666666667,0.6,0.0,2,0
ruler_vt_16k:0445,ruler_vt_16k,L18,OFF,"[1, 2, 3, 4, 5, 6, 7, 8, 9, 10, 11, 12, 13, 14]",0.5,0.0,,,,0.0,0,0
ruler_vt_16k:0445,ruler_vt_16k,L18,L0,[12],0.8,0.4,0.8,0.8,0.0,0.0,1,0
ruler_vt_16k:0445,ruler_vt_16k,L18,L6,"[5, 9, 10]",0.5333333333333333,0.0,0.3333333333333333,0.6666666666666666,0.3333333333333333,0.06666666666666667,3,0
ruler_vt_16k:0445,ruler_vt_16k,L18,L12,"[12, 13]",0.8333333333333334,0.0,0.8,0.8666666666666667,0.06666666666666667,0.06666666666666667,2,0
ruler_vt_16k:0445,ruler_vt_16k,L18,L24,"[1, 2, 3, 4, 5, 6, 7, 8, 9, 10, 11, 12, 13, 14]",0.5,0.0,,,,0.0,0,0
ruler_vt_16k:0445,ruler_vt_16k,L18,ALL,[9],0.6,0.4,0.6,0.6,0.0,0.0,1,0
ruler_vt_16k:0445,ruler_vt_16k,L24,OFF,"[1, 2, 3, 4, 5, 6, 7, 8, 9, 10, 11, 12, 13, 14]",0.5,0.0,,,,0.0,0,0
ruler_vt_16k:0445,ruler_vt_16k,L24,L0,"[11, 12]",0.7666666666666667,0.0,0.7333333333333333,0.8,0.06666666666666667,0.06666666666666667,2,0
ruler_vt_16k:0445,ruler_vt_16k,L24,L6,"[1, 4, 5, 9, 13]",0.4266666666666667,0.0,0.06666666666666667,0.8666666666666667,0.8,0.06666666666666667,5,0
ruler_vt_16k:0445,ruler_vt_16k,L24,L12,"[2, 3, 13]",0.4,0.0,0.13333333333333333,0.8666666666666667,0.7333333333333333,0.06666666666666667,3,0
ruler_vt_16k:0445,ruler_vt_16k,L24,L18,"[9, 14]",0.7666666666666667,0.0,0.6,0.9333333333333333,0.3333333333333333,0.0,2,0
ruler_vt_16k:0445,ruler_vt_16k,L24,ALL,[4],0.26666666666666666,0.4,0.26666666666666666,0.26666666666666666,0.0,0.0,1,0
ruler_vt_16k:0445,ruler_vt_16k,ALL,OFF,[1],0.06666666666666667,0.4,0.06666666666666667,0.06666666666666667,0.0,0.0,1,0
ruler_vt_16k:0445,ruler_vt_16k,ALL,L0,"[2, 5, 7, 10, 13]",0.49333333333333335,0.0,0.13333333333333333,0.8666666666666667,0.7333333333333333,0.0,5,0
ruler_vt_16k:0445,ruler_vt_16k,ALL,L6,"[4, 6, 7]",0.3777777777777778,0.0,0.26666666666666666,0.4666666666666667,0.2,0.06666666666666667,3,0
ruler_vt_16k:0445,ruler_vt_16k,ALL,L12,[12],0.8,0.4,0.8,0.8,0.0,0.0,1,0
ruler_vt_16k:0445,ruler_vt_16k,ALL,L18,"[1, 8, 9, 10]",0.4666666666666667,0.0,0.06666666666666667,0.6666666666666666,0.6,0.13333333333333333,4,0
ruler_vt_16k:0445,ruler_vt_16k,ALL,L24,"[1, 9]",0.3333333333333333,0.0,0.06666666666666667,0.6,0.5333333333333333,0.0,2,0
ruler_vt_16k:0451,ruler_vt_16k,OFF,L0,"[1, 2, 3, 4, 5, 6, 7, 8, 9, 10, 11, 12, 13, 14]",0.5,0.0,,,,0.0,0,0
ruler_vt_16k:0451,ruler_vt_16k,OFF,L6,"[1, 2, 3, 4, 5, 6, 7, 8, 9, 10, 11, 12, 13, 14]",0.5,0.0,,,,0.0,0,0
ruler_vt_16k:0451,ruler_vt_16k,OFF,L12,"[1, 2, 3, 4, 5, 6, 7, 8, 9, 10, 11, 12, 13, 14]",0.5,0.0,,,,0.0,0,0
ruler_vt_16k:0451,ruler_vt_16k,OFF,L18,"[1, 2, 3, 4, 5, 6, 7, 8, 9, 10, 11, 12, 13, 14]",0.5,0.0,,,,0.0,0,0
ruler_vt_16k:0451,ruler_vt_16k,OFF,L24,"[1, 2, 3, 4, 5, 6, 7, 8, 9, 10, 11, 12, 13, 14]",0.5,0.0,,,,0.0,0,0
ruler_vt_16k:0451,ruler_vt_16k,OFF,ALL,[5],0.3333333333333333,0.4,0.3333333333333333,0.3333333333333333,0.0,0.0,1,0
ruler_vt_16k:0451,ruler_vt_16k,L0,OFF,"[1, 2, 3, 4, 5, 6, 7, 8, 9, 10, 11, 12, 13, 14]",0.5,0.0,,,,0.0,0,0
ruler_vt_16k:0451,ruler_vt_16k,L0,L6,"[1, 2, 3, 4, 5, 6, 7, 8, 9, 10, 11, 12, 13, 14]",0.5,0.0,,,,0.0,0,0
ruler_vt_16k:0451,ruler_vt_16k,L0,L12,"[1, 2, 3, 4, 5, 6, 7, 8, 9, 10, 11, 12, 13, 14]",0.5,0.0,,,,0.0,0,0
ruler_vt_16k:0451,ruler_vt_16k,L0,L18,[1],0.06666666666666667,0.4,0.06666666666666667,0.06666666666666667,0.0,0.0,1,0
ruler_vt_16k:0451,ruler_vt_16k,L0,L24,"[1, 2, 3, 4, 5, 6, 7, 8, 9, 10, 11, 12, 13, 14]",0.5,0.0,,,,0.0,0,0
ruler_vt_16k:0451,ruler_vt_16k,L0,ALL,"[1, 2, 3, 4, 5, 6, 7, 8, 9, 10, 11, 12, 13, 14]",0.5,0.0,,,,0.0,0,0
ruler_vt_16k:0451,ruler_vt_16k,L6,OFF,"[1, 2, 3, 4, 5, 6, 7, 8, 9, 10, 11, 12, 13, 14]",0.5,0.0,,,,0.0,0,0
ruler_vt_16k:0451,ruler_vt_16k,L6,L0,"[1, 2, 3, 4, 5, 6, 7, 8, 9, 10, 11, 12, 13, 14]",0.5,0.0,,,,0.0,0,0
ruler_vt_16k:0451,ruler_vt_16k,L6,L12,"[1, 2, 3, 4, 5, 6, 7, 8, 9, 10, 11, 12, 13, 14]",0.5,0.0,,,,0.0,0,0
ruler_vt_16k:0451,ruler_vt_16k,L6,L18,"[1, 2, 3, 4, 5, 6, 7, 8, 9, 10, 11, 12, 13, 14]",0.5,0.0,,,,0.0,0,0
ruler_vt_16k:0451,ruler_vt_16k,L6,L24,"[1, 2, 3, 4, 5, 6, 7, 8, 9, 10, 11, 12, 13, 14]",0.5,0.0,,,,0.0,0,0
ruler_vt_16k:0451,ruler_vt_16k,L6,ALL,"[1, 2, 3, 4, 5, 6, 7, 8, 9, 10, 11, 12, 13, 14]",0.5,0.0,,,,0.0,0,0
ruler_vt_16k:0451,ruler_vt_16k,L12,OFF,"[1, 2, 3, 4, 5, 6, 7, 8, 9, 10, 11, 12, 13, 14]",0.5,0.0,,,,0.0,0,0
ruler_vt_16k:0451,ruler_vt_16k,L12,L0,"[1, 2, 3, 4, 5, 6, 7, 8, 9, 10, 11, 12, 13, 14]",0.5,0.0,,,,0.0,0,0
ruler_vt_16k:0451,ruler_vt_16k,L12,L6,"[1, 2, 3, 4, 5, 6, 7, 8, 9, 10, 11, 12, 13, 14]",0.5,0.0,,,,0.0,0,0
ruler_vt_16k:0451,ruler_vt_16k,L12,L18,"[1, 2, 3, 4, 5, 6, 7, 8, 9, 10, 11, 12, 13, 14]",0.5,0.0,,,,0.0,0,0
ruler_vt_16k:0451,ruler_vt_16k,L12,L24,"[1, 2, 3, 4, 5, 6, 7, 8, 9, 10, 11, 12, 13, 14]",0.5,0.0,,,,0.0,0,0
ruler_vt_16k:0451,ruler_vt_16k,L12,ALL,"[1, 2, 3, 4, 5, 6, 7, 8, 9, 10, 11, 12, 13, 14]",0.5,0.0,,,,0.0,0,0
ruler_vt_16k:0451,ruler_vt_16k,L18,OFF,"[1, 2, 3, 4, 5, 6, 7, 8, 9, 10, 11, 12, 13, 14]",0.5,0.0,,,,0.0,0,0
ruler_vt_16k:0451,ruler_vt_16k,L18,L0,"[1, 2, 3, 4, 5, 6, 7, 8, 9, 10, 11, 12, 13, 14]",0.5,0.0,,,,0.0,0,0
ruler_vt_16k:0451,ruler_vt_16k,L18,L6,"[1, 2, 3, 4, 5, 6, 7, 8, 9, 10, 11, 12, 13, 14]",0.5,0.0,,,,0.0,0,0
ruler_vt_16k:0451,ruler_vt_16k,L18,L12,"[1, 2, 3, 4, 5, 6, 7, 8, 9, 10, 11, 12, 13, 14]",0.5,0.0,,,,0.0,0,0
ruler_vt_16k:0451,ruler_vt_16k,L18,L24,"[1, 2, 3, 4, 5, 6, 7, 8, 9, 10, 11, 12, 13, 14]",0.5,0.0,,,,0.0,0,0
ruler_vt_16k:0451,ruler_vt_16k,L18,ALL,"[1, 2, 3, 4, 5, 6, 7, 8, 9, 10, 11, 12, 13, 14]",0.5,0.0,,,,0.0,0,0
ruler_vt_16k:0451,ruler_vt_16k,L24,OFF,"[1, 2, 3, 4, 5, 6, 7, 8, 9, 10, 11, 12, 13, 14]",0.5,0.0,,,,0.0,0,0
ruler_vt_16k:0451,ruler_vt_16k,L24,L0,"[1, 2, 3, 4, 5, 6, 7, 8, 9, 10, 11, 12, 13, 14]",0.5,0.0,,,,0.0,0,0
ruler_vt_16k:0451,ruler_vt_16k,L24,L6,"[1, 2, 3, 4, 5, 6, 7, 8, 9, 10, 11, 12, 13, 14]",0.5,0.0,,,,0.0,0,0
ruler_vt_16k:0451,ruler_vt_16k,L24,L12,"[1, 2, 3, 4, 5, 6, 7, 8, 9, 10, 11, 12, 13, 14]",0.5,0.0,,,,0.0,0,0
ruler_vt_16k:0451,ruler_vt_16k,L24,L18,"[1, 2, 3, 4, 5, 6, 7, 8, 9, 10, 11, 12, 13, 14]",0.5,0.0,,,,0.0,0,0
ruler_vt_16k:0451,ruler_vt_16k,L24,ALL,"[1, 2, 3, 4, 5, 6, 7, 8, 9, 10, 11, 12, 13, 14]",0.5,0.0,,,,0.0,0,0
ruler_vt_16k:0451,ruler_vt_16k,ALL,OFF,"[1, 2, 3, 4, 5, 6, 7, 8, 9, 10, 11, 12, 13, 14]",0.5,0.0,,,,0.0,0,0
ruler_vt_16k:0451,ruler_vt_16k,ALL,L0,"[1, 2, 3, 4, 5, 6, 7, 8, 9, 10, 11, 12, 13, 14]",0.5,0.0,,,,0.0,0,0
ruler_vt_16k:0451,ruler_vt_16k,ALL,L6,"[1, 2, 3, 4, 5, 6, 7, 8, 9, 10, 11, 12, 13, 14]",0.5,0.0,,,,0.0,0,0
ruler_vt_16k:0451,ruler_vt_16k,ALL,L12,"[1, 2, 3, 4, 5, 6, 7, 8, 9, 10, 11, 12, 13, 14]",0.5,0.0,,,,0.0,0,0
ruler_vt_16k:0451,ruler_vt_16k,ALL,L18,"[1, 2, 3, 4, 5, 6, 7, 8, 9, 10, 11, 12, 13, 14]",0.5,0.0,,,,0.0,0,0
ruler_vt_16k:0451,ruler_vt_16k,ALL,L24,"[1, 2, 3, 4, 5, 6, 7, 8, 9, 10, 11, 12, 13, 14]",0.5,0.0,,,,0.0,0,0
ruler_vt_16k:0454,ruler_vt_16k,OFF,L0,"[3, 5, 6, 7, 9, 10, 11, 12, 13]",0.562962962962963,0.0,0.2,0.8666666666666667,0.6666666666666666,0.26666666666666666,9,9
ruler_vt_16k:0454,ruler_vt_16k,OFF,L6,"[1, 2, 3, 5, 6, 7, 8, 9, 11, 12, 13]",0.4666666666666667,0.0,,,,0.0,0,0
ruler_vt_16k:0454,ruler_vt_16k,OFF,L12,"[3, 8]",0.36666666666666664,0.0,0.2,0.5333333333333333,0.3333333333333333,0.0,2,2
ruler_vt_16k:0454,ruler_vt_16k,OFF,L18,"[6, 14]",0.6666666666666666,0.0,0.4,0.9333333333333333,0.5333333333333333,0.0,2,2
ruler_vt_16k:0454,ruler_vt_16k,OFF,L24,"[1, 2, 3, 4, 5, 6, 7, 8, 9, 10, 11, 12, 13, 14]",0.5,0.0,,,,0.0,0,0
ruler_vt_16k:0454,ruler_vt_16k,OFF,ALL,"[3, 4, 5, 8]",0.3333333333333333,0.0,0.2,0.5333333333333333,0.3333333333333333,0.13333333333333333,4,4
ruler_vt_16k:0454,ruler_vt_16k,L0,OFF,"[3, 4, 7, 12]",0.43333333333333335,0.0,0.2,0.8,0.6,0.06666666666666667,4,4
ruler_vt_16k:0454,ruler_vt_16k,L0,L6,"[5, 12, 13]",0.6666666666666666,0.0,0.3333333333333333,0.8666666666666667,0.5333333333333333,0.06666666666666667,3,3
ruler_vt_16k:0454,ruler_vt_16k,L0,L12,"[2, 4, 5, 7, 12]",0.4,0.0,0.13333333333333333,0.8,0.6666666666666666,0.06666666666666667,5,5
ruler_vt_16k:0454,ruler_vt_16k,L0,L18,"[2, 4, 6, 7, 12]",0.41333333333333333,0.0,0.13333333333333333,0.8,0.6666666666666666,0.06666666666666667,5,5
ruler_vt_16k:0454,ruler_vt_16k,L0,L24,"[3, 4, 6, 7, 11, 12, 13]",0.5333333333333333,0.0,0.2,0.8666666666666667,0.6666666666666666,0.13333333333333333,7,7
ruler_vt_16k:0454,ruler_vt_16k,L0,ALL,"[9, 10]",0.6333333333333333,0.0,0.6,0.6666666666666666,0.06666666666666667,0.06666666666666667,2,2
ruler_vt_16k:0454,ruler_vt_16k,L6,OFF,"[3, 6, 8, 10, 12, 13]",0.5777777777777777,0.0,0.2,0.8666666666666667,0.6666666666666666,0.06666666666666667,6,6
ruler_vt_16k:0454,ruler_vt_16k,L6,L0,"[1, 4, 6, 11]",0.36666666666666664,0.0,0.06666666666666667,0.7333333333333333,0.6666666666666666,0.0,4,4
ruler_vt_16k:0454,ruler_vt_16k,L6,L12,"[9, 14]",0.7666666666666667,0.0,0.6,0.9333333333333333,0.3333333333333333,0.0,2,2
ruler_vt_16k:0454,ruler_vt_16k,L6,L18,"[3, 11, 12]",0.5777777777777777,0.0,0.2,0.8,0.6,0.06666666666666667,3,3
ruler_vt_16k:0454,ruler_vt_16k,L6,L24,"[3, 7, 8, 10, 12]",0.5333333333333333,0.0,0.2,0.8,0.6,0.06666666666666667,5,5
ruler_vt_16k:0454,ruler_vt_16k,L6,ALL,[2],0.13333333333333333,0.19999999999999996,0.13333333333333333,0.13333333333333333,0.0,0.0,1,1
ruler_vt_16k:0454,ruler_vt_16k,L12,OFF,"[8, 9]",0.5666666666666667,0.0,0.5333333333333333,0.6,0.06666666666666667,0.06666666666666667,2,2
ruler_vt_16k:0454,ruler_vt_16k,L12,L0,"[5, 6, 11]",0.4888888888888889,0.0,0.3333333333333333,0.7333333333333333,0.4,0.06666666666666667,3,3
ruler_vt_16k:0454,ruler_vt_16k,L12,L6,"[8, 10]",0.6,0.0,0.5333333333333333,0.6666666666666666,0.13333333333333333,0.0,2,2
ruler_vt_16k:0454,ruler_vt_16k,L12,L18,[1],0.06666666666666667,0.19999999999999996,0.06666666666666667,0.06666666666666667,0.0,0.0,1,1
ruler_vt_16k:0454,ruler_vt_16k,L12,L24,"[1, 2, 3, 4, 6, 7, 8, 9, 10, 11, 13, 14]",0.4888888888888889,0.0,,,,0.0,0,0
ruler_vt_16k:0454,ruler_vt_16k,L12,ALL,"[1, 2, 12, 13, 14]",0.56,0.0,0.06666666666666667,0.9333333333333333,0.8666666666666667,0.13333333333333333,5,5
ruler_vt_16k:0454,ruler_vt_16k,L18,OFF,"[5, 6, 7, 8, 12]",0.5066666666666666,0.0,0.3333333333333333,0.8,0.4666666666666667,0.2,5,5
ruler_vt_16k:0454,ruler_vt_16k,L18,L0,"[2, 4, 6, 12]",0.4,0.0,0.13333333333333333,0.8,0.6666666666666666,0.0,4,4
ruler_vt_16k:0454,ruler_vt_16k,L18,L6,[8],0.5333333333333333,0.19999999999999996,0.5333333333333333,0.5333333333333333,0.0,0.0,1,1
ruler_vt_16k:0454,ruler_vt_16k,L18,L12,[10],0.6666666666666666,0.19999999999999996,0.6666666666666666,0.6666666666666666,0.0,0.0,1,1
ruler_vt_16k:0454,ruler_vt_16k,L18,L24,"[7, 8]",0.5,0.0,0.4666666666666667,0.5333333333333333,0.06666666666666667,0.06666666666666667,2,2
ruler_vt_16k:0454,ruler_vt_16k,L18,ALL,"[4, 6, 9, 10]",0.48333333333333334,0.0,0.26666666666666666,0.6666666666666666,0.4,0.06666666666666667,4,4
ruler_vt_16k:0454,ruler_vt_16k,L24,OFF,"[1, 2, 3, 4, 5, 6, 7, 8, 9, 10, 11, 12, 13, 14]",0.5,0.0,,,,0.0,0,0
ruler_vt_16k:0454,ruler_vt_16k,L24,L0,[13],0.8666666666666667,0.19999999999999996,0.8666666666666667,0.8666666666666667,0.0,0.0,1,1
ruler_vt_16k:0454,ruler_vt_16k,L24,L6,[8],0.5333333333333333,0.19999999999999996,0.5333333333333333,0.5333333333333333,0.0,0.0,1,1
ruler_vt_16k:0454,ruler_vt_16k,L24,L12,[3],0.2,0.19999999999999996,0.2,0.2,0.0,0.0,1,1
ruler_vt_16k:0454,ruler_vt_16k,L24,L18,[2],0.13333333333333333,0.19999999999999996,0.13333333333333333,0.13333333333333333,0.0,0.0,1,1
ruler_vt_16k:0454,ruler_vt_16k,L24,ALL,"[4, 5, 7, 8]",0.4,0.0,0.26666666666666666,0.5333333333333333,0.26666666666666666,0.06666666666666667,4,4
ruler_vt_16k:0454,ruler_vt_16k,ALL,OFF,[10],0.6666666666666666,0.19999999999999996,0.6666666666666666,0.6666666666666666,0.0,0.0,1,1
ruler_vt_16k:0454,ruler_vt_16k,ALL,L0,[8],0.5333333333333333,0.19999999999999996,0.5333333333333333,0.5333333333333333,0.0,0.0,1,1
ruler_vt_16k:0454,ruler_vt_16k,ALL,L6,"[7, 12]",0.6333333333333333,0.0,0.4666666666666667,0.8,0.3333333333333333,0.0,2,2
ruler_vt_16k:0454,ruler_vt_16k,ALL,L12,"[7, 8, 9]",0.5333333333333333,0.0,0.4666666666666667,0.6,0.13333333333333333,0.13333333333333333,3,3
ruler_vt_16k:0454,ruler_vt_16k,ALL,L18,[7],0.4666666666666667,0.19999999999999996,0.4666666666666667,0.4666666666666667,0.0,0.0,1,1
ruler_vt_16k:0454,ruler_vt_16k,ALL,L24,"[6, 10]",0.5333333333333333,0.0,0.4,0.6666666666666666,0.26666666666666666,0.0,2,2
ruler_vt_16k:0456,ruler_vt_16k,OFF,L0,"[1, 2, 3, 4, 5, 6, 7, 8, 9, 10, 11, 12, 13, 14]",0.5,0.0,,,,0.0,0,0
ruler_vt_16k:0456,ruler_vt_16k,OFF,L6,"[1, 2, 3, 4, 5, 6, 7, 8, 9, 10, 11, 12, 13, 14]",0.5,0.0,,,,0.0,0,0
ruler_vt_16k:0456,ruler_vt_16k,OFF,L12,"[1, 2, 3, 4, 5, 6, 7, 8, 9, 10, 11, 12, 13, 14]",0.5,0.0,,,,0.0,0,0
ruler_vt_16k:0456,ruler_vt_16k,OFF,L18,"[1, 2, 3, 4, 5, 6, 7, 8, 9, 10, 11, 12, 13, 14]",0.5,0.0,,,,0.0,0,0
ruler_vt_16k:0456,ruler_vt_16k,OFF,L24,"[1, 2, 3, 4, 5, 6, 7, 8, 9, 10, 11, 12, 13, 14]",0.5,0.0,,,,0.0,0,0
ruler_vt_16k:0456,ruler_vt_16k,OFF,ALL,"[1, 2, 3, 4, 5, 6, 7, 8, 9, 10, 11, 12, 13, 14]",0.5,0.0,,,,0.0,0,0
ruler_vt_16k:0456,ruler_vt_16k,L0,OFF,"[1, 2, 3, 4, 5, 6, 7, 8, 9, 10, 11, 12, 13, 14]",0.5,0.0,,,,0.0,0,0
ruler_vt_16k:0456,ruler_vt_16k,L0,L6,"[1, 2, 3, 4, 5, 6, 7, 8, 9, 10, 11, 12, 13, 14]",0.5,0.0,,,,0.0,0,0
ruler_vt_16k:0456,ruler_vt_16k,L0,L12,[9],0.6,0.4,0.6,0.6,0.0,0.0,1,0
ruler_vt_16k:0456,ruler_vt_16k,L0,L18,"[1, 2, 3, 4, 5, 6, 7, 8, 9, 10, 11, 12, 13, 14]",0.5,0.0,,,,0.0,0,0
ruler_vt_16k:0456,ruler_vt_16k,L0,L24,[9],0.6,0.4,0.6,0.6,0.0,0.0,1,0
ruler_vt_16k:0456,ruler_vt_16k,L0,ALL,"[1, 2, 3, 4, 5, 6, 7, 8, 9, 10, 11, 12, 13, 14]",0.5,0.0,,,,0.0,0,0
ruler_vt_16k:0456,ruler_vt_16k,L6,OFF,"[1, 2, 3, 4, 5, 6, 7, 8, 9, 10, 11, 12, 13, 14]",0.5,0.0,,,,0.0,0,0
ruler_vt_16k:0456,ruler_vt_16k,L6,L0,"[1, 2, 3, 4, 5, 6, 7, 8, 9, 10, 11, 12, 13, 14]",0.5,0.0,,,,0.0,0,0
ruler_vt_16k:0456,ruler_vt_16k,L6,L12,"[1, 2, 3, 4, 5, 6, 7, 8, 9, 10, 11, 12, 13, 14]",0.5,0.0,,,,0.0,0,0
ruler_vt_16k:0456,ruler_vt_16k,L6,L18,"[1, 2, 3, 4, 5, 6, 7, 8, 9, 10, 11, 12, 13, 14]",0.5,0.0,,,,0.0,0,0
ruler_vt_16k:0456,ruler_vt_16k,L6,L24,"[1, 2, 3, 4, 5, 6, 7, 8, 9, 10, 11, 12, 13, 14]",0.5,0.0,,,,0.0,0,0
ruler_vt_16k:0456,ruler_vt_16k,L6,ALL,"[1, 2, 3, 4, 5, 6, 7, 8, 9, 10, 11, 12, 13, 14]",0.5,0.0,,,,0.0,0,0
ruler_vt_16k:0456,ruler_vt_16k,L12,OFF,"[1, 2, 3, 4, 5, 6, 7, 8, 9, 10, 11, 12, 13, 14]",0.5,0.0,,,,0.0,0,0
ruler_vt_16k:0456,ruler_vt_16k,L12,L0,"[1, 2, 3, 4, 5, 6, 7, 8, 9, 10, 11, 12, 13, 14]",0.5,0.0,,,,0.0,0,0
ruler_vt_16k:0456,ruler_vt_16k,L12,L6,"[1, 2, 3, 4, 5, 6, 7, 8, 9, 10, 11, 12, 13, 14]",0.5,0.0,,,,0.0,0,0
ruler_vt_16k:0456,ruler_vt_16k,L12,L18,"[1, 2, 3, 4, 5, 6, 7, 8, 9, 10, 11, 12, 13, 14]",0.5,0.0,,,,0.0,0,0
ruler_vt_16k:0456,ruler_vt_16k,L12,L24,"[1, 2, 3, 4, 5, 6, 7, 8, 9, 10, 11, 12, 13, 14]",0.5,0.0,,,,0.0,0,0
ruler_vt_16k:0456,ruler_vt_16k,L12,ALL,"[1, 2, 3, 4, 5, 6, 7, 8, 9, 10, 11, 12, 13, 14]",0.5,0.0,,,,0.0,0,0
ruler_vt_16k:0456,ruler_vt_16k,L18,OFF,"[1, 2, 3, 4, 5, 6, 7, 8, 9, 10, 11, 12, 13, 14]",0.5,0.0,,,,0.0,0,0
ruler_vt_16k:0456,ruler_vt_16k,L18,L0,"[1, 2, 3, 4, 5, 6, 7, 8, 9, 10, 11, 12, 13, 14]",0.5,0.0,,,,0.0,0,0
ruler_vt_16k:0456,ruler_vt_16k,L18,L6,"[1, 2, 3, 4, 5, 6, 7, 8, 9, 10, 11, 12, 13, 14]",0.5,0.0,,,,0.0,0,0
ruler_vt_16k:0456,ruler_vt_16k,L18,L12,"[1, 2, 3, 4, 5, 6, 7, 8, 9, 10, 11, 12, 13, 14]",0.5,0.0,,,,0.0,0,0
ruler_vt_16k:0456,ruler_vt_16k,L18,L24,"[1, 2, 3, 4, 5, 6, 7, 8, 9, 10, 11, 12, 13, 14]",0.5,0.0,,,,0.0,0,0
ruler_vt_16k:0456,ruler_vt_16k,L18,ALL,"[1, 2, 3, 4, 5, 6, 7, 8, 9, 10, 11, 12, 13, 14]",0.5,0.0,,,,0.0,0,0
ruler_vt_16k:0456,ruler_vt_16k,L24,OFF,"[1, 2, 3, 4, 5, 6, 7, 8, 9, 10, 11, 12, 13, 14]",0.5,0.0,,,,0.0,0,0
ruler_vt_16k:0456,ruler_vt_16k,L24,L0,"[1, 2, 3, 4, 5, 6, 7, 8, 9, 10, 11, 12, 13, 14]",0.5,0.0,,,,0.0,0,0
ruler_vt_16k:0456,ruler_vt_16k,L24,L6,"[1, 2, 3, 4, 5, 6, 7, 8, 9, 10, 11, 12, 13, 14]",0.5,0.0,,,,0.0,0,0
ruler_vt_16k:0456,ruler_vt_16k,L24,L12,"[1, 2, 3, 4, 5, 6, 7, 8, 9, 10, 11, 12, 13, 14]",0.5,0.0,,,,0.0,0,0
ruler_vt_16k:0456,ruler_vt_16k,L24,L18,"[1, 2, 3, 4, 5, 6, 7, 8, 9, 10, 11, 12, 13, 14]",0.5,0.0,,,,0.0,0,0
ruler_vt_16k:0456,ruler_vt_16k,L24,ALL,"[1, 2, 3, 4, 5, 6, 7, 8, 9, 10, 11, 12, 13, 14]",0.5,0.0,,,,0.0,0,0
ruler_vt_16k:0456,ruler_vt_16k,ALL,OFF,[1],0.06666666666666667,0.4,0.06666666666666667,0.06666666666666667,0.0,0.0,1,0
ruler_vt_16k:0456,ruler_vt_16k,ALL,L0,"[1, 2, 3, 4, 5, 6, 7, 8, 9, 10, 11, 12, 13, 14]",0.5,0.0,,,,0.0,0,0
ruler_vt_16k:0456,ruler_vt_16k,ALL,L6,"[1, 2, 3, 4, 5, 6, 7, 8, 9, 10, 11, 12, 13, 14]",0.5,0.0,,,,0.0,0,0
ruler_vt_16k:0456,ruler_vt_16k,ALL,L12,"[1, 2, 3, 4, 5, 6, 7, 8, 9, 10, 11, 12, 13, 14]",0.5,0.0,,,,0.0,0,0
ruler_vt_16k:0456,ruler_vt_16k,ALL,L18,"[1, 2, 3, 4, 5, 6, 7, 8, 9, 10, 11, 12, 13, 14]",0.5,0.0,,,,0.0,0,0
ruler_vt_16k:0456,ruler_vt_16k,ALL,L24,"[1, 2, 3, 4, 5, 6, 7, 8, 9, 10, 11, 12, 13, 14]",0.5,0.0,,,,0.0,0,0
ruler_vt_16k:0470,ruler_vt_16k,OFF,L0,"[1, 2, 3, 4, 5, 6, 7, 8, 9, 10, 11, 12, 13, 14]",0.5,0.0,,,,0.0,0,0
ruler_vt_16k:0470,ruler_vt_16k,OFF,L6,"[1, 2, 3, 4, 5, 6, 7, 8, 9, 10, 11, 12, 13, 14]",0.5,0.0,,,,0.0,0,0
ruler_vt_16k:0470,ruler_vt_16k,OFF,L12,"[1, 2, 3, 4, 5, 6, 7, 8, 9, 10, 11, 12, 13, 14]",0.5,0.0,,,,0.0,0,0
ruler_vt_16k:0470,ruler_vt_16k,OFF,L18,"[1, 2, 3, 4, 5, 6, 7, 8, 9, 10, 11, 12, 13, 14]",0.5,0.0,,,,0.0,0,0
ruler_vt_16k:0470,ruler_vt_16k,OFF,L24,"[1, 2, 3, 4, 5, 6, 7, 8, 9, 10, 11, 12, 13, 14]",0.5,0.0,,,,0.0,0,0
ruler_vt_16k:0470,ruler_vt_16k,OFF,ALL,"[1, 2, 3, 4, 5, 6, 7, 8, 9, 10, 11, 12, 13, 14]",0.5,0.0,,,,0.0,0,0
ruler_vt_16k:0470,ruler_vt_16k,L0,OFF,"[1, 2, 3, 4, 5, 6, 7, 8, 9, 10, 11, 12, 13, 14]",0.5,0.0,,,,0.0,0,0
ruler_vt_16k:0470,ruler_vt_16k,L0,L6,"[1, 2, 3, 4, 5, 6, 7, 8, 9, 10, 11, 12, 13, 14]",0.5,0.0,,,,0.0,0,0
ruler_vt_16k:0470,ruler_vt_16k,L0,L12,"[1, 2, 3, 4, 5, 6, 7, 8, 9, 10, 11, 12, 13, 14]",0.5,0.0,,,,0.0,0,0
ruler_vt_16k:0470,ruler_vt_16k,L0,L18,"[1, 2, 3, 4, 5, 6, 7, 8, 9, 10, 11, 12, 13, 14]",0.5,0.0,,,,0.0,0,0
ruler_vt_16k:0470,ruler_vt_16k,L0,L24,"[1, 2, 3, 4, 5, 6, 7, 8, 9, 10, 11, 12, 13, 14]",0.5,0.0,,,,0.0,0,0
ruler_vt_16k:0470,ruler_vt_16k,L0,ALL,"[1, 2, 3, 4, 5, 6, 7, 8, 9, 10, 11, 12, 13, 14]",0.5,0.0,,,,0.0,0,0
ruler_vt_16k:0470,ruler_vt_16k,L6,OFF,[1],0.06666666666666667,0.4,0.06666666666666667,0.06666666666666667,0.0,0.0,1,0
ruler_vt_16k:0470,ruler_vt_16k,L6,L0,"[1, 2, 3, 4, 5, 6, 7, 8, 9, 10, 11, 12, 13, 14]",0.5,0.0,,,,0.0,0,0
ruler_vt_16k:0470,ruler_vt_16k,L6,L12,"[1, 2, 3, 4, 5, 6, 7, 8, 9, 10, 11, 12, 13, 14]",0.5,0.0,,,,0.0,0,0
ruler_vt_16k:0470,ruler_vt_16k,L6,L18,"[1, 2, 3, 4, 5, 6, 7, 8, 9, 10, 11, 12, 13, 14]",0.5,0.0,,,,0.0,0,0
ruler_vt_16k:0470,ruler_vt_16k,L6,L24,"[1, 2, 3, 4, 5, 6, 7, 8, 9, 10, 11, 12, 13, 14]",0.5,0.0,,,,0.0,0,0
ruler_vt_16k:0470,ruler_vt_16k,L6,ALL,"[1, 2, 3, 4, 5, 6, 7, 8, 9, 10, 11, 12, 13, 14]",0.5,0.0,,,,0.0,0,0
ruler_vt_16k:0470,ruler_vt_16k,L12,OFF,"[1, 2, 3, 4, 5, 6, 7, 8, 9, 10, 11, 12, 13, 14]",0.5,0.0,,,,0.0,0,0
ruler_vt_16k:0470,ruler_vt_16k,L12,L0,"[1, 2, 3, 4, 5, 6, 7, 8, 9, 10, 11, 12, 13, 14]",0.5,0.0,,,,0.0,0,0
ruler_vt_16k:0470,ruler_vt_16k,L12,L6,"[1, 2, 3, 4, 5, 6, 7, 8, 9, 10, 11, 12, 13, 14]",0.5,0.0,,,,0.0,0,0
ruler_vt_16k:0470,ruler_vt_16k,L12,L18,"[1, 2, 3, 4, 5, 6, 7, 8, 9, 10, 11, 12, 13, 14]",0.5,0.0,,,,0.0,0,0
ruler_vt_16k:0470,ruler_vt_16k,L12,L24,"[1, 2, 3, 4, 5, 6, 7, 8, 9, 10, 11, 12, 13, 14]",0.5,0.0,,,,0.0,0,0
ruler_vt_16k:0470,ruler_vt_16k,L12,ALL,"[1, 2, 3, 4, 5, 6, 7, 8, 9, 10, 11, 12, 13, 14]",0.5,0.0,,,,0.0,0,0
ruler_vt_16k:0470,ruler_vt_16k,L18,OFF,"[1, 2, 3, 4, 5, 6, 7, 8, 9, 10, 11, 12, 13, 14]",0.5,0.0,,,,0.0,0,0
ruler_vt_16k:0470,ruler_vt_16k,L18,L0,"[1, 2, 3, 4, 5, 6, 7, 8, 9, 10, 11, 12, 13, 14]",0.5,0.0,,,,0.0,0,0
ruler_vt_16k:0470,ruler_vt_16k,L18,L6,"[1, 2, 3, 4, 5, 6, 7, 8, 9, 10, 11, 12, 13, 14]",0.5,0.0,,,,0.0,0,0
ruler_vt_16k:0470,ruler_vt_16k,L18,L12,"[1, 2, 3, 4, 5, 6, 7, 8, 9, 10, 11, 12, 13, 14]",0.5,0.0,,,,0.0,0,0
ruler_vt_16k:0470,ruler_vt_16k,L18,L24,"[1, 2, 3, 4, 5, 6, 7, 8, 9, 10, 11, 12, 13, 14]",0.5,0.0,,,,0.0,0,0
ruler_vt_16k:0470,ruler_vt_16k,L18,ALL,"[1, 2, 3, 4, 5, 6, 7, 8, 9, 10, 11, 12, 13, 14]",0.5,0.0,,,,0.0,0,0
ruler_vt_16k:0470,ruler_vt_16k,L24,OFF,"[1, 2, 3, 4, 5, 6, 7, 8, 9, 10, 11, 12, 13, 14]",0.5,0.0,,,,0.0,0,0
ruler_vt_16k:0470,ruler_vt_16k,L24,L0,"[1, 2, 3, 4, 5, 6, 7, 8, 9, 10, 11, 12, 13, 14]",0.5,0.0,,,,0.0,0,0
ruler_vt_16k:0470,ruler_vt_16k,L24,L6,"[1, 2, 3, 4, 5, 6, 7, 8, 9, 10, 11, 12, 13, 14]",0.5,0.0,,,,0.0,0,0
ruler_vt_16k:0470,ruler_vt_16k,L24,L12,"[1, 2, 3, 4, 5, 6, 7, 8, 9, 10, 11, 12, 13, 14]",0.5,0.0,,,,0.0,0,0
ruler_vt_16k:0470,ruler_vt_16k,L24,L18,"[1, 2, 3, 4, 5, 6, 7, 8, 9, 10, 11, 12, 13, 14]",0.5,0.0,,,,0.0,0,0
ruler_vt_16k:0470,ruler_vt_16k,L24,ALL,"[1, 2, 3, 4, 5, 6, 7, 8, 9, 10, 11, 12, 13, 14]",0.5,0.0,,,,0.0,0,0
ruler_vt_16k:0470,ruler_vt_16k,ALL,OFF,"[1, 2, 3, 4, 5, 6, 7, 8, 9, 10, 11, 12, 13, 14]",0.5,0.0,,,,0.0,0,0
ruler_vt_16k:0470,ruler_vt_16k,ALL,L0,"[1, 2, 3, 4, 5, 6, 7, 8, 9, 10, 11, 12, 13, 14]",0.5,0.0,,,,0.0,0,0
ruler_vt_16k:0470,ruler_vt_16k,ALL,L6,"[1, 2, 3, 4, 5, 6, 7, 8, 9, 10, 11, 12, 13, 14]",0.5,0.0,,,,0.0,0,0
ruler_vt_16k:0470,ruler_vt_16k,ALL,L12,"[1, 2, 3, 4, 5, 6, 7, 8, 9, 10, 11, 12, 13, 14]",0.5,0.0,,,,0.0,0,0
ruler_vt_16k:0470,ruler_vt_16k,ALL,L18,"[1, 2, 3, 4, 5, 6, 7, 8, 9, 10, 11, 12, 13, 14]",0.5,0.0,,,,0.0,0,0
ruler_vt_16k:0470,ruler_vt_16k,ALL,L24,"[1, 2, 3, 4, 5, 6, 7, 8, 9, 10, 11, 12, 13, 14]",0.5,0.0,,,,0.0,0,0
ruler_vt_16k:0477,ruler_vt_16k,OFF,L0,"[2, 7, 10]",0.4222222222222222,0.0,0.13333333333333333,0.6666666666666666,0.5333333333333333,0.0,3,3
ruler_vt_16k:0477,ruler_vt_16k,OFF,L6,"[6, 11]",0.5666666666666667,0.0,0.4,0.7333333333333333,0.3333333333333333,0.0,2,2
ruler_vt_16k:0477,ruler_vt_16k,OFF,L12,"[3, 5]",0.26666666666666666,0.0,0.2,0.3333333333333333,0.13333333333333333,0.0,2,2
ruler_vt_16k:0477,ruler_vt_16k,OFF,L18,"[1, 9, 11, 13, 14]",0.64,0.0,0.06666666666666667,0.9333333333333333,0.8666666666666667,0.06666666666666667,5,5
ruler_vt_16k:0477,ruler_vt_16k,OFF,L24,[7],0.4666666666666667,0.19999999999999996,0.4666666666666667,0.4666666666666667,0.0,0.0,1,1
ruler_vt_16k:0477,ruler_vt_16k,OFF,ALL,"[4, 11, 13]",0.6222222222222222,0.0,0.26666666666666666,0.8666666666666667,0.6,0.0,3,3
ruler_vt_16k:0477,ruler_vt_16k,L0,OFF,"[6, 10, 11]",0.6,0.0,0.4,0.7333333333333333,0.3333333333333333,0.06666666666666667,3,3
ruler_vt_16k:0477,ruler_vt_16k,L0,L6,"[4, 8, 12]",0.5333333333333333,0.0,0.26666666666666666,0.8,0.5333333333333333,0.0,3,3
ruler_vt_16k:0477,ruler_vt_16k,L0,L12,"[1, 2, 3, 4, 5, 6, 7, 8, 9, 10, 11, 12, 13, 14]",0.5,0.0,,,,0.0,0,0
ruler_vt_16k:0477,ruler_vt_16k,L0,L18,[1],0.06666666666666667,0.19999999999999996,0.06666666666666667,0.06666666666666667,0.0,0.0,1,1
ruler_vt_16k:0477,ruler_vt_16k,L0,L24,"[1, 12]",0.43333333333333335,0.0,0.06666666666666667,0.8,0.7333333333333333,0.0,2,2
ruler_vt_16k:0477,ruler_vt_16k,L0,ALL,[7],0.4666666666666667,0.19999999999999996,0.4666666666666667,0.4666666666666667,0.0,0.0,1,1
ruler_vt_16k:0477,ruler_vt_16k,L6,OFF,[6],0.4,0.19999999999999996,0.4,0.4,0.0,0.0,1,1
ruler_vt_16k:0477,ruler_vt_16k,L6,L0,"[3, 7, 11]",0.4666666666666667,0.0,0.2,0.7333333333333333,0.5333333333333333,0.0,3,3
ruler_vt_16k:0477,ruler_vt_16k,L6,L12,"[1, 13]",0.4666666666666667,0.0,0.06666666666666667,0.8666666666666667,0.8,0.0,2,2
ruler_vt_16k:0477,ruler_vt_16k,L6,L18,"[1, 3, 6]",0.22222222222222224,0.0,0.06666666666666667,0.4,0.3333333333333333,0.0,3,3
ruler_vt_16k:0477,ruler_vt_16k,L6,L24,[3],0.2,0.19999999999999996,0.2,0.2,0.0,0.0,1,1
ruler_vt_16k:0477,ruler_vt_16k,L6,ALL,"[8, 10, 14]",0.711111111111111,0.0,0.5333333333333333,0.9333333333333333,0.4,0.0,3,3
ruler_vt_16k:0477,ruler_vt_16k,L12,OFF,[11],0.7333333333333333,0.19999999999999996,0.7333333333333333,0.7333333333333333,0.0,0.0,1,1
ruler_vt_16k:0477,ruler_vt_16k,L12,L0,"[1, 4, 7, 10]",0.36666666666666664,0.0,0.06666666666666667,0.6666666666666666,0.6,0.0,4,4
ruler_vt_16k:0477,ruler_vt_16k,L12,L6,"[1, 3, 4, 8]",0.26666666666666666,0.0,0.06666666666666667,0.5333333333333333,0.4666666666666667,0.06666666666666667,4,4
ruler_vt_16k:0477,ruler_vt_16k,L12,L18,"[4, 8, 11]",0.5111111111111112,0.0,0.26666666666666666,0.7333333333333333,0.4666666666666667,0.0,3,3
ruler_vt_16k:0477,ruler_vt_16k,L12,L24,"[1, 10]",0.36666666666666664,0.0,0.06666666666666667,0.6666666666666666,0.6,0.0,2,2
ruler_vt_16k:0477,ruler_vt_16k,L12,ALL,"[4, 10, 12]",0.5777777777777777,0.0,0.26666666666666666,0.8,0.5333333333333333,0.0,3,3
ruler_vt_16k:0477,ruler_vt_16k,L18,OFF,[7],0.4666666666666667,0.19999999999999996,0.4666666666666667,0.4666666666666667,0.0,0.0,1,1
ruler_vt_16k:0477,ruler_vt_16k,L18,L0,"[6, 7]",0.43333333333333335,0.0,0.4,0.4666666666666667,0.06666666666666667,0.06666666666666667,2,2
ruler_vt_16k:0477,ruler_vt_16k,L18,L6,"[10, 11, 14]",0.7777777777777778,0.0,0.6666666666666666,0.9333333333333333,0.26666666666666666,0.06666666666666667,3,3
ruler_vt_16k:0477,ruler_vt_16k,L18,L12,"[1, 3, 8]",0.26666666666666666,0.0,0.06666666666666667,0.5333333333333333,0.4666666666666667,0.0,3,3
ruler_vt_16k:0477,ruler_vt_16k,L18,L24,"[7, 8, 10]",0.5555555555555556,0.0,0.4666666666666667,0.6666666666666666,0.2,0.06666666666666667,3,3
ruler_vt_16k:0477,ruler_vt_16k,L18,ALL,"[6, 8]",0.4666666666666667,0.0,0.4,0.5333333333333333,0.13333333333333333,0.0,2,2
ruler_vt_16k:0477,ruler_vt_16k,L24,OFF,"[1, 2, 3, 4, 5, 6, 7, 8, 9, 10, 11, 12, 13, 14]",0.5,0.0,,,,0.0,0,0
ruler_vt_16k:0477,ruler_vt_16k,L24,L0,"[2, 3, 8]",0.28888888888888886,0.0,0.13333333333333333,0.5333333333333333,0.4,0.06666666666666667,3,3
ruler_vt_16k:0477,ruler_vt_16k,L24,L6,[11],0.7333333333333333,0.19999999999999996,0.7333333333333333,0.7333333333333333,0.0,0.0,1,1
ruler_vt_16k:0477,ruler_vt_16k,L24,L12,[9],0.6,0.19999999999999996,0.6,0.6,0.0,0.0,1,1
ruler_vt_16k:0477,ruler_vt_16k,L24,L18,"[1, 5, 13]",0.4222222222222222,0.0,0.06666666666666667,0.8666666666666667,0.8,0.0,3,3
ruler_vt_16k:0477,ruler_vt_16k,L24,ALL,"[3, 13]",0.5333333333333333,0.0,0.2,0.8666666666666667,0.6666666666666666,0.0,2,2
ruler_vt_16k:0477,ruler_vt_16k,ALL,OFF,"[1, 2, 3, 4, 5, 6, 7, 8, 9, 10, 11, 12, 13, 14]",0.5,0.0,,,,0.0,0,0
ruler_vt_16k:0477,ruler_vt_16k,ALL,L0,"[1, 2, 3, 4, 5, 6, 7, 8, 9, 10, 11, 12, 13, 14]",0.5,0.0,,,,0.0,0,0
ruler_vt_16k:0477,ruler_vt_16k,ALL,L6,[7],0.4666666666666667,0.19999999999999996,0.4666666666666667,0.4666666666666667,0.0,0.0,1,1
ruler_vt_16k:0477,ruler_vt_16k,ALL,L12,"[4, 11]",0.5,0.0,0.26666666666666666,0.7333333333333333,0.4666666666666667,0.0,2,2
ruler_vt_16k:0477,ruler_vt_16k,ALL,L18,[12],0.8,0.19999999999999996,0.8,0.8,0.0,0.0,1,1
ruler_vt_16k:0477,ruler_vt_16k,ALL,L24,[1],0.06666666666666667,0.19999999999999996,0.06666666666666667,0.06666666666666667,0.0,0.0,1,1
ruler_vt_16k:0485,ruler_vt_16k,OFF,L0,"[2, 4, 10, 11, 12, 13, 14]",0.6285714285714286,0.0,,,,0.0,0,0
ruler_vt_16k:0485,ruler_vt_16k,OFF,L6,"[9, 14]",0.7666666666666667,0.0,,,,0.0,0,0
ruler_vt_16k:0485,ruler_vt_16k,OFF,L12,"[11, 12, 13, 14]",0.8333333333333334,0.0,,,,0.0,0,0
ruler_vt_16k:0485,ruler_vt_16k,OFF,L18,"[3, 5, 9, 11, 12, 13]",0.5888888888888889,0.0,,,,0.0,0,0
ruler_vt_16k:0485,ruler_vt_16k,OFF,L24,"[1, 2, 3, 4, 5, 6, 7, 8, 9, 10, 11, 12, 13, 14]",0.5,0.0,,,,0.0,0,0
ruler_vt_16k:0485,ruler_vt_16k,OFF,ALL,"[1, 4, 8, 10, 12, 13]",0.5333333333333333,0.0,,,,0.0,0,0
ruler_vt_16k:0485,ruler_vt_16k,L0,OFF,"[1, 2, 3, 4, 5, 6, 7, 8, 9, 10, 11, 12, 13, 14]",0.5,0.0,,,,0.0,0,0
ruler_vt_16k:0485,ruler_vt_16k,L0,L6,"[2, 12]",0.4666666666666667,0.0,,,,0.0,0,0
ruler_vt_16k:0485,ruler_vt_16k,L0,L12,"[1, 6]",0.23333333333333334,0.0,,,,0.0,0,0
ruler_vt_16k:0485,ruler_vt_16k,L0,L18,"[1, 13, 14]",0.6222222222222222,0.0,,,,0.0,0,0
ruler_vt_16k:0485,ruler_vt_16k,L0,L24,"[1, 2]",0.1,0.0,,,,0.0,0,0
ruler_vt_16k:0485,ruler_vt_16k,L0,ALL,[3],0.2,0.39999999999999997,,,,0.0,0,0
ruler_vt_16k:0485,ruler_vt_16k,L6,OFF,[3],0.2,0.39999999999999997,,,,0.0,0,0
ruler_vt_16k:0485,ruler_vt_16k,L6,L0,"[1, 6]",0.23333333333333334,0.0,,,,0.0,0,0
ruler_vt_16k:0485,ruler_vt_16k,L6,L12,"[3, 7]",0.3333333333333333,0.0,,,,0.0,0,0
ruler_vt_16k:0485,ruler_vt_16k,L6,L18,[3],0.2,0.39999999999999997,,,,0.0,0,0
ruler_vt_16k:0485,ruler_vt_16k,L6,L24,"[1, 2, 3, 4, 5, 6, 7, 8, 9, 10, 11, 12, 13, 14]",0.5,0.0,,,,0.0,0,0
ruler_vt_16k:0485,ruler_vt_16k,L6,ALL,[8],0.5333333333333333,0.39999999999999997,,,,0.0,0,0
ruler_vt_16k:0485,ruler_vt_16k,L12,OFF,"[4, 5, 8, 13, 14]",0.5866666666666667,0.0,,,,0.0,0,0
ruler_vt_16k:0485,ruler_vt_16k,L12,L0,"[4, 6, 8, 11, 13, 14]",0.6222222222222222,0.0,,,,0.0,0,0
ruler_vt_16k:0485,ruler_vt_16k,L12,L6,[14],0.9333333333333333,0.39999999999999997,,,,0.0,0,0
ruler_vt_16k:0485,ruler_vt_16k,L12,L18,"[1, 2, 3, 4, 5, 6, 7, 8, 9, 10, 11, 12, 13, 14]",0.5,0.0,,,,0.0,0,0
ruler_vt_16k:0485,ruler_vt_16k,L12,L24,"[5, 8, 10, 13, 14]",0.6666666666666666,0.0,,,,0.0,0,0
ruler_vt_16k:0485,ruler_vt_16k,L12,ALL,"[2, 9, 10, 14]",0.5833333333333334,0.0,,,,0.0,0,0
ruler_vt_16k:0485,ruler_vt_16k,L18,OFF,"[2, 5, 6, 7, 8, 9]",0.41111111111111115,0.0,,,,0.0,0,0
ruler_vt_16k:0485,ruler_vt_16k,L18,L0,"[4, 5, 7]",0.3555555555555555,0.0,,,,0.0,0,0
ruler_vt_16k:0485,ruler_vt_16k,L18,L6,"[3, 10]",0.43333333333333335,0.0,,,,0.0,0,0
ruler_vt_16k:0485,ruler_vt_16k,L18,L12,"[1, 2, 3, 4, 5, 6, 7, 8, 9, 10, 11, 12, 13, 14]",0.5,0.0,,,,0.0,0,0
ruler_vt_16k:0485,ruler_vt_16k,L18,L24,"[1, 2, 3, 8, 10]",0.32,0.0,,,,0.0,0,0
ruler_vt_16k:0485,ruler_vt_16k,L18,ALL,"[2, 7, 14]",0.5111111111111112,0.0,,,,0.0,0,0
ruler_vt_16k:0485,ruler_vt_16k,L24,OFF,"[1, 2, 3, 4, 5, 6, 7, 8, 9, 10, 11, 12, 13, 14]",0.5,0.0,,,,0.0,0,0
ruler_vt_16k:0485,ruler_vt_16k,L24,L0,"[11, 12, 13, 14]",0.8333333333333334,0.0,,,,0.0,0,0
ruler_vt_16k:0485,ruler_vt_16k,L24,L6,"[4, 9, 12, 13, 14]",0.6933333333333334,0.0,,,,0.0,0,0
ruler_vt_16k:0485,ruler_vt_16k,L24,L12,"[7, 12, 13, 14]",0.7666666666666667,0.0,,,,0.0,0,0
ruler_vt_16k:0485,ruler_vt_16k,L24,L18,"[1, 2, 3, 5, 7, 8, 9, 11, 12]",0.42962962962962964,0.0,,,,0.0,0,0
ruler_vt_16k:0485,ruler_vt_16k,L24,ALL,"[1, 4, 8, 10, 12, 13]",0.5333333333333333,0.0,,,,0.0,0,0
ruler_vt_16k:0485,ruler_vt_16k,ALL,OFF,"[1, 2, 5, 9, 10, 12, 13]",0.49523809523809526,0.0,,,,0.0,0,0
ruler_vt_16k:0485,ruler_vt_16k,ALL,L0,"[5, 8, 12, 13]",0.6333333333333333,0.0,,,,0.0,0,0
ruler_vt_16k:0485,ruler_vt_16k,ALL,L6,"[1, 2, 3, 5, 6, 11, 12]",0.380952380952381,0.0,,,,0.0,0,0
ruler_vt_16k:0485,ruler_vt_16k,ALL,L12,"[8, 12, 13]",0.7333333333333333,0.0,,,,0.0,0,0
ruler_vt_16k:0485,ruler_vt_16k,ALL,L18,"[1, 5, 10, 11, 13]",0.5333333333333333,0.0,,,,0.0,0,0
ruler_vt_16k:0485,ruler_vt_16k,ALL,L24,"[1, 9, 10, 11, 13]",0.5866666666666667,0.0,,,,0.0,0,0
ruler_vt_16k:0499,ruler_vt_16k,OFF,L0,"[1, 2, 3, 4, 5, 6, 7, 8, 9, 10, 11, 12, 13, 14]",0.5,0.0,,,,0.0,0,0
ruler_vt_16k:0499,ruler_vt_16k,OFF,L6,"[1, 2, 3, 4, 5, 6, 7, 8, 9, 10, 11, 12, 13, 14]",0.5,0.0,,,,0.0,0,0
ruler_vt_16k:0499,ruler_vt_16k,OFF,L12,"[1, 2, 3, 4, 5, 6, 7, 8, 9, 10, 11, 12, 13, 14]",0.5,0.0,,,,0.0,0,0
ruler_vt_16k:0499,ruler_vt_16k,OFF,L18,"[1, 2, 3, 4, 5, 6, 7, 8, 9, 10, 11, 12, 13, 14]",0.5,0.0,,,,0.0,0,0
ruler_vt_16k:0499,ruler_vt_16k,OFF,L24,"[1, 2, 3, 4, 5, 6, 7, 8, 9, 10, 11, 12, 13, 14]",0.5,0.0,,,,0.0,0,0
ruler_vt_16k:0499,ruler_vt_16k,OFF,ALL,"[1, 2, 3, 4, 5, 6, 7, 8, 9, 10, 11, 12, 13, 14]",0.5,0.0,,,,0.0,0,0
ruler_vt_16k:0499,ruler_vt_16k,L0,OFF,"[1, 2, 3, 4, 5, 6, 7, 8, 9, 10, 11, 12, 13, 14]",0.5,0.0,,,,0.0,0,0
ruler_vt_16k:0499,ruler_vt_16k,L0,L6,"[1, 2, 3, 4, 5, 6, 7, 8, 9, 10, 11, 12, 13, 14]",0.5,0.0,,,,0.0,0,0
ruler_vt_16k:0499,ruler_vt_16k,L0,L12,"[1, 2, 3, 4, 5, 6, 7, 8, 9, 10, 11, 12, 13, 14]",0.5,0.0,,,,0.0,0,0
ruler_vt_16k:0499,ruler_vt_16k,L0,L18,"[1, 2, 3, 4, 5, 6, 7, 8, 9, 10, 11, 12, 13, 14]",0.5,0.0,,,,0.0,0,0
ruler_vt_16k:0499,ruler_vt_16k,L0,L24,"[1, 2, 3, 4, 5, 6, 7, 8, 9, 10, 11, 12, 13, 14]",0.5,0.0,,,,0.0,0,0
ruler_vt_16k:0499,ruler_vt_16k,L0,ALL,[11],0.7333333333333333,0.4,0.7333333333333333,0.7333333333333333,0.0,0.0,1,0
ruler_vt_16k:0499,ruler_vt_16k,L6,OFF,"[1, 2, 3, 4, 5, 6, 7, 8, 9, 10, 11, 12, 13, 14]",0.5,0.0,,,,0.0,0,0
ruler_vt_16k:0499,ruler_vt_16k,L6,L0,[2],0.13333333333333333,0.4,0.13333333333333333,0.13333333333333333,0.0,0.0,1,0
ruler_vt_16k:0499,ruler_vt_16k,L6,L12,"[1, 2, 3, 4, 5, 6, 7, 8, 9, 10, 11, 12, 13, 14]",0.5,0.0,,,,0.0,0,0
ruler_vt_16k:0499,ruler_vt_16k,L6,L18,"[1, 2, 3, 4, 5, 6, 7, 8, 9, 10, 11, 12, 13, 14]",0.5,0.0,,,,0.0,0,0
ruler_vt_16k:0499,ruler_vt_16k,L6,L24,"[1, 2, 3, 4, 5, 6, 7, 8, 9, 10, 11, 12, 13, 14]",0.5,0.0,,,,0.0,0,0
ruler_vt_16k:0499,ruler_vt_16k,L6,ALL,[6],0.4,0.4,0.4,0.4,0.0,0.0,1,0
ruler_vt_16k:0499,ruler_vt_16k,L12,OFF,"[1, 2, 3, 4, 5, 6, 7, 8, 9, 10, 11, 12, 13, 14]",0.5,0.0,,,,0.0,0,0
ruler_vt_16k:0499,ruler_vt_16k,L12,L0,"[1, 2, 3, 4, 5, 6, 7, 8, 9, 10, 11, 12, 13, 14]",0.5,0.0,,,,0.0,0,0
ruler_vt_16k:0499,ruler_vt_16k,L12,L6,"[1, 2, 3, 4, 5, 6, 7, 8, 9, 10, 11, 12, 13, 14]",0.5,0.0,,,,0.0,0,0
ruler_vt_16k:0499,ruler_vt_16k,L12,L18,"[1, 2, 3, 4, 5, 6, 7, 8, 9, 10, 11, 12, 13, 14]",0.5,0.0,,,,0.0,0,0
ruler_vt_16k:0499,ruler_vt_16k,L12,L24,[12],0.8,0.4,0.8,0.8,0.0,0.0,1,0
ruler_vt_16k:0499,ruler_vt_16k,L12,ALL,"[1, 2, 3, 4, 5, 6, 7, 8, 9, 10, 11, 12, 13, 14]",0.5,0.0,,,,0.0,0,0
ruler_vt_16k:0499,ruler_vt_16k,L18,OFF,"[1, 2, 3, 4, 5, 6, 7, 8, 9, 10, 11, 12, 13, 14]",0.5,0.0,,,,0.0,0,0
ruler_vt_16k:0499,ruler_vt_16k,L18,L0,[1],0.06666666666666667,0.4,0.06666666666666667,0.06666666666666667,0.0,0.0,1,0
ruler_vt_16k:0499,ruler_vt_16k,L18,L6,"[1, 2, 3, 4, 5, 6, 7, 8, 9, 10, 11, 12, 13, 14]",0.5,0.0,,,,0.0,0,0
ruler_vt_16k:0499,ruler_vt_16k,L18,L12,"[1, 2, 3, 4, 5, 6, 7, 8, 9, 10, 11, 12, 13, 14]",0.5,0.0,,,,0.0,0,0
ruler_vt_16k:0499,ruler_vt_16k,L18,L24,"[1, 2, 3, 4, 5, 6, 7, 8, 9, 10, 11, 12, 13, 14]",0.5,0.0,,,,0.0,0,0
ruler_vt_16k:0499,ruler_vt_16k,L18,ALL,"[1, 2, 3, 4, 5, 6, 7, 8, 9, 10, 11, 12, 13, 14]",0.5,0.0,,,,0.0,0,0
ruler_vt_16k:0499,ruler_vt_16k,L24,OFF,"[1, 2, 3, 4, 5, 6, 7, 8, 9, 10, 11, 12, 13, 14]",0.5,0.0,,,,0.0,0,0
ruler_vt_16k:0499,ruler_vt_16k,L24,L0,"[1, 2, 3, 4, 5, 6, 7, 8, 9, 10, 11, 12, 13, 14]",0.5,0.0,,,,0.0,0,0
ruler_vt_16k:0499,ruler_vt_16k,L24,L6,"[1, 2, 3, 4, 5, 6, 7, 8, 9, 10, 11, 12, 13, 14]",0.5,0.0,,,,0.0,0,0
ruler_vt_16k:0499,ruler_vt_16k,L24,L12,"[1, 2, 3, 4, 5, 6, 7, 8, 9, 10, 11, 12, 13, 14]",0.5,0.0,,,,0.0,0,0
ruler_vt_16k:0499,ruler_vt_16k,L24,L18,"[1, 2, 3, 4, 5, 6, 7, 8, 9, 10, 11, 12, 13, 14]",0.5,0.0,,,,0.0,0,0
ruler_vt_16k:0499,ruler_vt_16k,L24,ALL,"[1, 2, 3, 4, 5, 6, 7, 8, 9, 10, 11, 12, 13, 14]",0.5,0.0,,,,0.0,0,0
ruler_vt_16k:0499,ruler_vt_16k,ALL,OFF,"[1, 2, 3, 4, 5, 6, 7, 8, 9, 10, 11, 12, 13, 14]",0.5,0.0,,,,0.0,0,0
ruler_vt_16k:0499,ruler_vt_16k,ALL,L0,[2],0.13333333333333333,0.4,0.13333333333333333,0.13333333333333333,0.0,0.0,1,0
ruler_vt_16k:0499,ruler_vt_16k,ALL,L6,"[1, 2, 3, 4, 5, 6, 7, 8, 9, 10, 11, 12, 13, 14]",0.5,0.0,,,,0.0,0,0
ruler_vt_16k:0499,ruler_vt_16k,ALL,L12,"[1, 2, 3, 4, 5, 6, 7, 8, 9, 10, 11, 12, 13, 14]",0.5,0.0,,,,0.0,0,0
ruler_vt_16k:0499,ruler_vt_16k,ALL,L18,"[1, 2, 3, 4, 5, 6, 7, 8, 9, 10, 11, 12, 13, 14]",0.5,0.0,,,,0.0,0,0
ruler_vt_16k:0499,ruler_vt_16k,ALL,L24,[11],0.7333333333333333,0.4,0.7333333333333333,0.7333333333333333,0.0,0.0,1,0
