sample_id,task,improved,T,candidate_n,duplicate_sequence_n,observed_one_switch_n,full_R2_expected_n,R2_coverage,complete_R2,reverse_available_n
ruler_fwe_16k:0000,ruler_fwe_16k,False,15,385,0,45,588,0.07653061224489796,False,0
ruler_fwe_16k:0001,ruler_fwe_16k,False,15,385,0,45,588,0.07653061224489796,False,0
ruler_fwe_16k:0003,ruler_fwe_16k,False,15,385,0,45,588,0.07653061224489796,False,0
ruler_fwe_16k:0004,ruler_fwe_16k,False,15,385,0,45,588,0.07653061224489796,False,0
ruler_fwe_16k:0008,ruler_fwe_16k,False,15,385,0,45,588,0.07653061224489796,False,0
ruler_fwe_16k:0010,ruler_fwe_16k,True,15,385,0,45,588,0.07653061224489796,False,0
ruler_fwe_16k:0011,ruler_fwe_16k,False,15,385,0,45,588,0.07653061224489796,False,0
ruler_fwe_16k:0013,ruler_fwe_16k,False,14,361,0,44,546,0.08058608058608059,False,0
ruler_fwe_16k:0015,ruler_fwe_16k,False,14,361,0,44,546,0.08058608058608059,False,0
ruler_fwe_16k:0016,ruler_fwe_16k,False,14,361,0,44,546,0.08058608058608059,False,0
ruler_fwe_16k:0020,ruler_fwe_16k,False,15,385,0,45,588,0.07653061224489796,False,0
ruler_fwe_16k:0021,ruler_fwe_16k,False,15,385,0,45,588,0.07653061224489796,False,0
ruler_fwe_16k:0022,ruler_fwe_16k,False,15,385,0,45,588,0.07653061224489796,False,0
ruler_fwe_16k:0025,ruler_fwe_16k,False,15,385,0,45,588,0.07653061224489796,False,0
ruler_fwe_16k:0026,ruler_fwe_16k,False,14,361,0,44,546,0.08058608058608059,False,0
ruler_fwe_16k:0030,ruler_fwe_16k,False,15,385,0,45,588,0.07653061224489796,False,0
ruler_fwe_16k:0032,ruler_fwe_16k,False,15,385,0,45,588,0.07653061224489796,False,0
ruler_fwe_16k:0033,ruler_fwe_16k,False,15,385,0,45,588,0.07653061224489796,False,0
ruler_fwe_16k:0035,ruler_fwe_16k,False,15,385,0,45,588,0.07653061224489796,False,0
ruler_fwe_16k:0036,ruler_fwe_16k,False,14,361,0,44,546,0.08058608058608059,False,0
ruler_fwe_16k:0037,ruler_fwe_16k,False,15,385,0,45,588,0.07653061224489796,False,0
ruler_fwe_16k:0038,ruler_fwe_16k,False,14,361,0,44,546,0.08058608058608059,False,0
ruler_fwe_16k:0040,ruler_fwe_16k,False,15,385,0,45,588,0.07653061224489796,False,0
ruler_fwe_16k:0041,ruler_fwe_16k,False,14,361,0,44,546,0.08058608058608059,False,0
ruler_fwe_16k:0043,ruler_fwe_16k,False,15,385,0,45,588,0.07653061224489796,False,0
ruler_fwe_16k:0049,ruler_fwe_16k,False,15,385,0,45,588,0.07653061224489796,False,0
ruler_fwe_16k:0050,ruler_fwe_16k,False,15,385,0,45,588,0.07653061224489796,False,0
ruler_fwe_16k:0051,ruler_fwe_16k,False,14,361,0,44,546,0.08058608058608059,False,0
ruler_fwe_16k:0052,ruler_fwe_16k,False,15,385,0,45,588,0.07653061224489796,False,0
ruler_fwe_16k:0055,ruler_fwe_16k,False,15,385,0,45,588,0.07653061224489796,False,0
ruler_fwe_16k:0057,ruler_fwe_16k,False,15,385,0,45,588,0.07653061224489796,False,0
ruler_fwe_16k:0058,ruler_fwe_16k,False,15,385,0,45,588,0.07653061224489796,False,0
ruler_fwe_16k:0059,ruler_fwe_16k,False,14,361,0,44,546,0.08058608058608059,False,0
ruler_fwe_16k:0064,ruler_fwe_16k,False,15,385,0,45,588,0.07653061224489796,False,0
ruler_fwe_16k:0065,ruler_fwe_16k,False,15,385,0,45,588,0.07653061224489796,False,0
ruler_fwe_16k:0066,ruler_fwe_16k,False,15,385,0,45,588,0.07653061224489796,False,0
ruler_fwe_16k:0067,ruler_fwe_16k,False,15,385,0,45,588,0.07653061224489796,False,0
ruler_fwe_16k:0068,ruler_fwe_16k,False,15,385,0,45,588,0.07653061224489796,False,0
ruler_fwe_16k:0069,ruler_fwe_16k,False,15,385,0,45,588,0.07653061224489796,False,0
ruler_fwe_16k:0070,ruler_fwe_16k,False,15,385,0,45,588,0.07653061224489796,False,0
ruler_fwe_16k:0071,ruler_fwe_16k,False,15,385,0,45,588,0.07653061224489796,False,0
ruler_fwe_16k:0072,ruler_fwe_16k,False,15,385,0,45,588,0.07653061224489796,False,0
ruler_fwe_16k:0073,ruler_fwe_16k,False,14,361,0,44,546,0.08058608058608059,False,0
ruler_fwe_16k:0078,ruler_fwe_16k,False,14,361,0,44,546,0.08058608058608059,False,0
ruler_fwe_16k:0079,ruler_fwe_16k,False,15,385,0,45,588,0.07653061224489796,False,0
ruler_fwe_16k:0080,ruler_fwe_16k,False,15,385,0,45,588,0.07653061224489796,False,0
ruler_fwe_16k:0081,ruler_fwe_16k,False,15,385,0,45,588,0.07653061224489796,False,0
ruler_fwe_16k:0082,ruler_fwe_16k,False,14,361,0,44,546,0.08058608058608059,False,0
ruler_fwe_16k:0083,ruler_fwe_16k,False,15,385,0,45,588,0.07653061224489796,False,0
ruler_fwe_16k:0084,ruler_fwe_16k,False,15,385,0,45,588,0.07653061224489796,False,0
ruler_fwe_16k:0085,ruler_fwe_16k,False,15,385,0,45,588,0.07653061224489796,False,0
ruler_fwe_16k:0088,ruler_fwe_16k,True,15,385,0,45,588,0.07653061224489796,False,0
ruler_fwe_16k:0090,ruler_fwe_16k,False,15,385,0,45,588,0.07653061224489796,False,0
ruler_fwe_16k:0091,ruler_fwe_16k,False,15,385,0,45,588,0.07653061224489796,False,0
ruler_fwe_16k:0092,ruler_fwe_16k,False,15,385,0,45,588,0.07653061224489796,False,0
ruler_fwe_16k:0093,ruler_fwe_16k,False,15,385,0,45,588,0.07653061224489796,False,0
ruler_fwe_16k:0094,ruler_fwe_16k,False,15,385,0,45,588,0.07653061224489796,False,0
ruler_fwe_16k:0095,ruler_fwe_16k,False,15,385,0,45,588,0.07653061224489796,False,0
ruler_fwe_16k:0096,ruler_fwe_16k,False,15,385,0,45,588,0.07653061224489796,False,0
ruler_fwe_16k:0097,ruler_fwe_16k,False,15,385,0,45,588,0.07653061224489796,False,0
ruler_fwe_16k:0098,ruler_fwe_16k,False,15,385,0,45,588,0.07653061224489796,False,0
ruler_fwe_16k:0099,ruler_fwe_16k,False,15,385,0,45,588,0.07653061224489796,False,0
ruler_fwe_16k:0100,ruler_fwe_16k,False,14,361,0,44,546,0.08058608058608059,False,0
ruler_fwe_16k:0102,ruler_fwe_16k,False,14,361,0,44,546,0.08058608058608059,False,0
ruler_fwe_16k:0104,ruler_fwe_16k,False,15,385,0,45,588,0.07653061224489796,False,0
ruler_fwe_16k:0105,ruler_fwe_16k,False,14,361,0,44,546,0.08058608058608059,False,0
ruler_fwe_16k:0106,ruler_fwe_16k,False,14,361,0,44,546,0.08058608058608059,False,0
ruler_fwe_16k:0108,ruler_fwe_16k,True,15,385,0,45,588,0.07653061224489796,False,0
ruler_fwe_16k:0110,ruler_fwe_16k,False,15,385,0,44,588,0.07482993197278912,False,0
ruler_fwe_16k:0111,ruler_fwe_16k,False,15,385,0,45,588,0.07653061224489796,False,0
ruler_fwe_16k:0114,ruler_fwe_16k,False,14,361,0,44,546,0.08058608058608059,False,0
ruler_fwe_16k:0116,ruler_fwe_16k,False,15,385,0,45,588,0.07653061224489796,False,0
ruler_fwe_16k:0117,ruler_fwe_16k,False,15,385,0,45,588,0.07653061224489796,False,0
ruler_fwe_16k:0118,ruler_fwe_16k,False,15,385,0,45,588,0.07653061224489796,False,0
ruler_fwe_16k:0119,ruler_fwe_16k,False,15,385,0,45,588,0.07653061224489796,False,0
ruler_fwe_16k:0120,ruler_fwe_16k,False,15,385,0,45,588,0.07653061224489796,False,0
ruler_fwe_16k:0123,ruler_fwe_16k,False,15,385,0,45,588,0.07653061224489796,False,0
ruler_fwe_16k:0125,ruler_fwe_16k,False,15,385,0,45,588,0.07653061224489796,False,0
ruler_fwe_16k:0126,ruler_fwe_16k,False,15,385,0,45,588,0.07653061224489796,False,0
ruler_fwe_16k:0127,ruler_fwe_16k,False,15,385,0,45,588,0.07653061224489796,False,0
ruler_fwe_16k:0132,ruler_fwe_16k,False,15,385,0,45,588,0.07653061224489796,False,0
ruler_fwe_16k:0133,ruler_fwe_16k,False,14,361,0,44,546,0.08058608058608059,False,0
ruler_fwe_16k:0135,ruler_fwe_16k,False,15,385,0,45,588,0.07653061224489796,False,0
ruler_fwe_16k:0136,ruler_fwe_16k,False,14,361,0,44,546,0.08058608058608059,False,0
ruler_fwe_16k:0137,ruler_fwe_16k,False,14,361,0,44,546,0.08058608058608059,False,0
ruler_fwe_16k:0138,ruler_fwe_16k,False,15,385,0,45,588,0.07653061224489796,False,0
ruler_fwe_16k:0139,ruler_fwe_16k,False,15,385,0,45,588,0.07653061224489796,False,0
ruler_fwe_16k:0140,ruler_fwe_16k,False,15,385,0,45,588,0.07653061224489796,False,0
ruler_fwe_16k:0142,ruler_fwe_16k,False,15,385,0,45,588,0.07653061224489796,False,0
ruler_fwe_16k:0143,ruler_fwe_16k,False,15,385,0,45,588,0.07653061224489796,False,0
ruler_fwe_16k:0144,ruler_fwe_16k,False,15,385,0,45,588,0.07653061224489796,False,0
ruler_fwe_16k:0146,ruler_fwe_16k,False,15,385,0,45,588,0.07653061224489796,False,0
ruler_fwe_16k:0148,ruler_fwe_16k,False,15,385,0,45,588,0.07653061224489796,False,0
ruler_fwe_16k:0149,ruler_fwe_16k,False,14,361,0,44,546,0.08058608058608059,False,0
ruler_fwe_16k:0150,ruler_fwe_16k,False,14,361,0,44,546,0.08058608058608059,False,0
ruler_fwe_16k:0151,ruler_fwe_16k,False,15,385,0,45,588,0.07653061224489796,False,0
ruler_fwe_16k:0156,ruler_fwe_16k,False,14,361,0,44,546,0.08058608058608059,False,0
ruler_fwe_16k:0157,ruler_fwe_16k,False,15,385,0,45,588,0.07653061224489796,False,0
ruler_fwe_16k:0159,ruler_fwe_16k,False,15,385,0,45,588,0.07653061224489796,False,0
ruler_fwe_16k:0160,ruler_fwe_16k,False,15,385,0,45,588,0.07653061224489796,False,0
ruler_fwe_16k:0161,ruler_fwe_16k,False,14,361,0,44,546,0.08058608058608059,False,0
ruler_fwe_16k:0164,ruler_fwe_16k,False,14,361,0,44,546,0.08058608058608059,False,0
ruler_fwe_16k:0166,ruler_fwe_16k,False,15,385,0,45,588,0.07653061224489796,False,0
ruler_fwe_16k:0167,ruler_fwe_16k,False,15,385,0,45,588,0.07653061224489796,False,0
ruler_fwe_16k:0168,ruler_fwe_16k,False,15,385,0,45,588,0.07653061224489796,False,0
ruler_fwe_16k:0169,ruler_fwe_16k,False,15,385,0,45,588,0.07653061224489796,False,0
ruler_fwe_16k:0170,ruler_fwe_16k,False,15,385,0,45,588,0.07653061224489796,False,0
ruler_fwe_16k:0171,ruler_fwe_16k,False,15,385,0,45,588,0.07653061224489796,False,0
ruler_fwe_16k:0175,ruler_fwe_16k,False,15,385,0,45,588,0.07653061224489796,False,0
ruler_fwe_16k:0176,ruler_fwe_16k,False,15,385,0,45,588,0.07653061224489796,False,0
ruler_fwe_16k:0177,ruler_fwe_16k,False,15,385,0,45,588,0.07653061224489796,False,0
ruler_fwe_16k:0178,ruler_fwe_16k,False,15,385,0,45,588,0.07653061224489796,False,0
ruler_fwe_16k:0179,ruler_fwe_16k,False,15,385,0,45,588,0.07653061224489796,False,0
ruler_fwe_16k:0180,ruler_fwe_16k,False,15,385,0,45,588,0.07653061224489796,False,0
ruler_fwe_16k:0184,ruler_fwe_16k,False,15,385,0,45,588,0.07653061224489796,False,0
ruler_fwe_16k:0188,ruler_fwe_16k,False,15,385,0,45,588,0.07653061224489796,False,0
ruler_fwe_16k:0189,ruler_fwe_16k,False,15,385,0,45,588,0.07653061224489796,False,0
ruler_fwe_16k:0190,ruler_fwe_16k,False,15,385,0,45,588,0.07653061224489796,False,0
ruler_fwe_16k:0191,ruler_fwe_16k,False,15,385,0,45,588,0.07653061224489796,False,0
ruler_fwe_16k:0192,ruler_fwe_16k,False,15,385,0,45,588,0.07653061224489796,False,0
ruler_fwe_16k:0194,ruler_fwe_16k,False,15,385,0,45,588,0.07653061224489796,False,0
ruler_fwe_16k:0196,ruler_fwe_16k,False,15,385,0,45,588,0.07653061224489796,False,0
ruler_fwe_16k:0197,ruler_fwe_16k,False,15,385,0,45,588,0.07653061224489796,False,0
ruler_fwe_16k:0198,ruler_fwe_16k,False,15,385,0,45,588,0.07653061224489796,False,0
ruler_fwe_16k:0200,ruler_fwe_16k,False,15,385,0,45,588,0.07653061224489796,False,0
ruler_fwe_16k:0203,ruler_fwe_16k,False,14,361,0,44,546,0.08058608058608059,False,0
ruler_fwe_16k:0204,ruler_fwe_16k,False,15,385,0,45,588,0.07653061224489796,False,0
ruler_fwe_16k:0205,ruler_fwe_16k,False,15,385,0,45,588,0.07653061224489796,False,0
ruler_fwe_16k:0206,ruler_fwe_16k,False,15,385,0,45,588,0.07653061224489796,False,0
ruler_fwe_16k:0207,ruler_fwe_16k,False,15,385,0,45,588,0.07653061224489796,False,0
ruler_fwe_16k:0208,ruler_fwe_16k,False,15,385,0,45,588,0.07653061224489796,False,0
ruler_fwe_16k:0209,ruler_fwe_16k,False,14,361,0,44,546,0.08058608058608059,False,0
ruler_fwe_16k:0210,ruler_fwe_16k,False,15,385,0,45,588,0.07653061224489796,False,0
ruler_fwe_16k:0211,ruler_fwe_16k,False,15,385,0,45,588,0.07653061224489796,False,0
ruler_fwe_16k:0212,ruler_fwe_16k,False,15,385,0,45,588,0.07653061224489796,False,0
ruler_fwe_16k:0213,ruler_fwe_16k,False,14,361,0,44,546,0.08058608058608059,False,0
ruler_fwe_16k:0215,ruler_fwe_16k,False,15,385,0,45,588,0.07653061224489796,False,0
ruler_fwe_16k:0216,ruler_fwe_16k,False,14,361,0,44,546,0.08058608058608059,False,0
ruler_fwe_16k:0218,ruler_fwe_16k,False,15,385,0,45,588,0.07653061224489796,False,0
ruler_fwe_16k:0219,ruler_fwe_16k,False,15,385,0,45,588,0.07653061224489796,False,0
ruler_fwe_16k:0221,ruler_fwe_16k,False,15,385,0,45,588,0.07653061224489796,False,0
ruler_fwe_16k:0222,ruler_fwe_16k,False,15,385,0,45,588,0.07653061224489796,False,0
ruler_fwe_16k:0224,ruler_fwe_16k,False,15,385,0,45,588,0.07653061224489796,False,0
ruler_fwe_16k:0226,ruler_fwe_16k,False,14,361,0,44,546,0.08058608058608059,False,0
ruler_fwe_16k:0227,ruler_fwe_16k,True,15,385,0,45,588,0.07653061224489796,False,0
ruler_fwe_16k:0228,ruler_fwe_16k,False,15,385,0,45,588,0.07653061224489796,False,0
ruler_fwe_16k:0229,ruler_fwe_16k,False,15,385,0,45,588,0.07653061224489796,False,0
ruler_fwe_16k:0231,ruler_fwe_16k,False,15,385,0,45,588,0.07653061224489796,False,0
ruler_fwe_16k:0232,ruler_fwe_16k,False,15,385,0,45,588,0.07653061224489796,False,0
ruler_fwe_16k:0233,ruler_fwe_16k,False,15,385,0,45,588,0.07653061224489796,False,0
ruler_fwe_16k:0235,ruler_fwe_16k,False,15,385,0,45,588,0.07653061224489796,False,0
ruler_fwe_16k:0237,ruler_fwe_16k,False,15,385,0,45,588,0.07653061224489796,False,0
ruler_fwe_16k:0238,ruler_fwe_16k,False,15,385,0,45,588,0.07653061224489796,False,0
ruler_fwe_16k:0240,ruler_fwe_16k,False,14,361,0,44,546,0.08058608058608059,False,0
ruler_fwe_16k:0241,ruler_fwe_16k,False,15,385,0,45,588,0.07653061224489796,False,0
ruler_fwe_16k:0242,ruler_fwe_16k,True,15,385,0,44,588,0.07482993197278912,False,0
ruler_fwe_16k:0246,ruler_fwe_16k,False,15,385,0,45,588,0.07653061224489796,False,0
ruler_fwe_16k:0247,ruler_fwe_16k,False,15,385,0,45,588,0.07653061224489796,False,0
ruler_fwe_16k:0248,ruler_fwe_16k,False,15,385,0,45,588,0.07653061224489796,False,0
ruler_fwe_16k:0249,ruler_fwe_16k,False,14,361,0,44,546,0.08058608058608059,False,0
ruler_fwe_16k:0253,ruler_fwe_16k,False,15,385,0,45,588,0.07653061224489796,False,0
ruler_fwe_16k:0254,ruler_fwe_16k,True,14,361,0,44,546,0.08058608058608059,False,0
ruler_fwe_16k:0255,ruler_fwe_16k,False,15,385,0,45,588,0.07653061224489796,False,0
ruler_fwe_16k:0256,ruler_fwe_16k,True,15,385,0,45,588,0.07653061224489796,False,0
ruler_fwe_16k:0257,ruler_fwe_16k,False,15,385,0,45,588,0.07653061224489796,False,0
ruler_fwe_16k:0259,ruler_fwe_16k,False,15,385,0,45,588,0.07653061224489796,False,0
ruler_fwe_16k:0260,ruler_fwe_16k,True,15,385,0,45,588,0.07653061224489796,False,0
ruler_fwe_16k:0261,ruler_fwe_16k,False,15,385,0,45,588,0.07653061224489796,False,0
ruler_fwe_16k:0262,ruler_fwe_16k,False,15,385,0,45,588,0.07653061224489796,False,0
ruler_fwe_16k:0263,ruler_fwe_16k,False,15,385,0,46,588,0.0782312925170068,False,0
ruler_fwe_16k:0264,ruler_fwe_16k,False,14,361,0,44,546,0.08058608058608059,False,0
ruler_fwe_16k:0265,ruler_fwe_16k,False,15,385,0,45,588,0.07653061224489796,False,0
ruler_fwe_16k:0269,ruler_fwe_16k,False,13,337,0,46,504,0.09126984126984126,False,0
ruler_fwe_16k:0273,ruler_fwe_16k,False,14,361,0,44,546,0.08058608058608059,False,0
ruler_fwe_16k:0274,ruler_fwe_16k,False,15,385,0,45,588,0.07653061224489796,False,0
ruler_fwe_16k:0278,ruler_fwe_16k,False,15,385,0,45,588,0.07653061224489796,False,0
ruler_fwe_16k:0279,ruler_fwe_16k,False,15,385,0,45,588,0.07653061224489796,False,0
ruler_fwe_16k:0280,ruler_fwe_16k,False,14,361,0,44,546,0.08058608058608059,False,0
ruler_fwe_16k:0283,ruler_fwe_16k,False,15,385,0,45,588,0.07653061224489796,False,0
ruler_fwe_16k:0284,ruler_fwe_16k,False,15,385,0,45,588,0.07653061224489796,False,0
ruler_fwe_16k:0285,ruler_fwe_16k,False,15,385,0,45,588,0.07653061224489796,False,0
ruler_fwe_16k:0286,ruler_fwe_16k,False,15,385,0,45,588,0.07653061224489796,False,0
ruler_fwe_16k:0287,ruler_fwe_16k,False,15,385,0,45,588,0.07653061224489796,False,0
ruler_fwe_16k:0288,ruler_fwe_16k,False,14,361,0,44,546,0.08058608058608059,False,0
ruler_fwe_16k:0289,ruler_fwe_16k,False,15,385,0,45,588,0.07653061224489796,False,0
ruler_fwe_16k:0290,ruler_fwe_16k,False,15,385,0,45,588,0.07653061224489796,False,0
ruler_fwe_16k:0291,ruler_fwe_16k,False,15,385,0,45,588,0.07653061224489796,False,0
ruler_fwe_16k:0292,ruler_fwe_16k,False,15,385,0,45,588,0.07653061224489796,False,0
ruler_fwe_16k:0293,ruler_fwe_16k,True,14,361,0,45,546,0.08241758241758242,False,0
ruler_fwe_16k:0295,ruler_fwe_16k,False,14,361,0,44,546,0.08058608058608059,False,0
ruler_fwe_16k:0296,ruler_fwe_16k,False,15,385,0,45,588,0.07653061224489796,False,0
ruler_fwe_16k:0297,ruler_fwe_16k,False,14,361,0,44,546,0.08058608058608059,False,0
ruler_fwe_16k:0298,ruler_fwe_16k,True,15,385,0,45,588,0.07653061224489796,False,0
ruler_fwe_16k:0299,ruler_fwe_16k,False,15,385,0,45,588,0.07653061224489796,False,0
ruler_fwe_16k:0301,ruler_fwe_16k,False,15,385,0,45,588,0.07653061224489796,False,0
ruler_fwe_16k:0303,ruler_fwe_16k,False,15,385,0,45,588,0.07653061224489796,False,0
ruler_fwe_16k:0304,ruler_fwe_16k,False,14,361,0,44,546,0.08058608058608059,False,0
ruler_fwe_16k:0305,ruler_fwe_16k,False,15,385,0,45,588,0.07653061224489796,False,0
ruler_fwe_16k:0306,ruler_fwe_16k,False,15,385,0,45,588,0.07653061224489796,False,0
ruler_fwe_16k:0308,ruler_fwe_16k,False,15,385,0,45,588,0.07653061224489796,False,0
ruler_fwe_16k:0310,ruler_fwe_16k,False,15,385,0,45,588,0.07653061224489796,False,0
ruler_fwe_16k:0311,ruler_fwe_16k,False,14,361,0,44,546,0.08058608058608059,False,0
ruler_fwe_16k:0312,ruler_fwe_16k,False,15,385,0,45,588,0.07653061224489796,False,0
ruler_fwe_16k:0313,ruler_fwe_16k,False,14,361,0,44,546,0.08058608058608059,False,0
ruler_fwe_16k:0315,ruler_fwe_16k,False,15,385,0,45,588,0.07653061224489796,False,0
ruler_fwe_16k:0317,ruler_fwe_16k,False,15,385,0,45,588,0.07653061224489796,False,0
ruler_fwe_16k:0320,ruler_fwe_16k,False,15,385,0,45,588,0.07653061224489796,False,0
ruler_fwe_16k:0321,ruler_fwe_16k,True,14,361,0,44,546,0.08058608058608059,False,0
ruler_fwe_16k:0322,ruler_fwe_16k,False,15,385,0,45,588,0.07653061224489796,False,0
ruler_fwe_16k:0323,ruler_fwe_16k,False,15,385,0,45,588,0.07653061224489796,False,0
ruler_fwe_16k:0324,ruler_fwe_16k,True,15,385,0,45,588,0.07653061224489796,False,0
ruler_fwe_16k:0326,ruler_fwe_16k,False,15,385,0,45,588,0.07653061224489796,False,0
ruler_fwe_16k:0327,ruler_fwe_16k,False,15,385,0,45,588,0.07653061224489796,False,0
ruler_fwe_16k:0332,ruler_fwe_16k,False,15,385,0,45,588,0.07653061224489796,False,0
ruler_fwe_16k:0333,ruler_fwe_16k,False,15,385,0,45,588,0.07653061224489796,False,0
ruler_fwe_16k:0334,ruler_fwe_16k,False,15,385,0,45,588,0.07653061224489796,False,0
ruler_fwe_16k:0335,ruler_fwe_16k,False,15,385,0,45,588,0.07653061224489796,False,0
ruler_fwe_16k:0336,ruler_fwe_16k,False,14,361,0,44,546,0.08058608058608059,False,0
ruler_fwe_16k:0337,ruler_fwe_16k,False,14,361,0,44,546,0.08058608058608059,False,0
ruler_fwe_16k:0341,ruler_fwe_16k,False,14,361,0,44,546,0.08058608058608059,False,0
ruler_fwe_16k:0342,ruler_fwe_16k,False,15,385,0,45,588,0.07653061224489796,False,0
ruler_fwe_16k:0343,ruler_fwe_16k,False,15,385,0,45,588,0.07653061224489796,False,0
ruler_fwe_16k:0344,ruler_fwe_16k,False,15,385,0,45,588,0.07653061224489796,False,0
ruler_fwe_16k:0345,ruler_fwe_16k,False,14,361,0,44,546,0.08058608058608059,False,0
ruler_fwe_16k:0346,ruler_fwe_16k,False,14,361,0,44,546,0.08058608058608059,False,0
ruler_fwe_16k:0347,ruler_fwe_16k,False,15,385,0,45,588,0.07653061224489796,False,0
ruler_fwe_16k:0348,ruler_fwe_16k,False,14,361,0,44,546,0.08058608058608059,False,0
ruler_fwe_16k:0349,ruler_fwe_16k,False,15,385,0,45,588,0.07653061224489796,False,0
ruler_fwe_16k:0350,ruler_fwe_16k,False,15,385,0,45,588,0.07653061224489796,False,0
ruler_fwe_16k:0351,ruler_fwe_16k,True,15,385,0,45,588,0.07653061224489796,False,0
ruler_fwe_16k:0353,ruler_fwe_16k,False,14,361,0,44,546,0.08058608058608059,False,0
ruler_fwe_16k:0354,ruler_fwe_16k,False,14,361,0,45,546,0.08241758241758242,False,0
ruler_fwe_16k:0356,ruler_fwe_16k,False,15,385,0,45,588,0.07653061224489796,False,0
ruler_fwe_16k:0358,ruler_fwe_16k,False,15,385,0,45,588,0.07653061224489796,False,0
ruler_fwe_16k:0359,ruler_fwe_16k,False,15,385,0,45,588,0.07653061224489796,False,0
ruler_fwe_16k:0361,ruler_fwe_16k,False,15,385,0,45,588,0.07653061224489796,False,0
ruler_fwe_16k:0362,ruler_fwe_16k,False,15,385,0,45,588,0.07653061224489796,False,0
ruler_fwe_16k:0363,ruler_fwe_16k,False,15,385,0,45,588,0.07653061224489796,False,0
ruler_fwe_16k:0365,ruler_fwe_16k,False,15,385,0,45,588,0.07653061224489796,False,0
ruler_fwe_16k:0369,ruler_fwe_16k,False,15,385,0,45,588,0.07653061224489796,False,0
ruler_fwe_16k:0370,ruler_fwe_16k,False,15,385,0,45,588,0.07653061224489796,False,0
ruler_fwe_16k:0371,ruler_fwe_16k,False,15,385,0,45,588,0.07653061224489796,False,0
ruler_fwe_16k:0372,ruler_fwe_16k,True,15,385,0,46,588,0.0782312925170068,False,0
ruler_fwe_16k:0373,ruler_fwe_16k,True,15,385,0,45,588,0.07653061224489796,False,0
ruler_fwe_16k:0376,ruler_fwe_16k,False,15,385,0,45,588,0.07653061224489796,False,0
ruler_fwe_16k:0377,ruler_fwe_16k,False,15,385,0,45,588,0.07653061224489796,False,0
ruler_fwe_16k:0380,ruler_fwe_16k,False,15,385,0,45,588,0.07653061224489796,False,0
ruler_fwe_16k:0382,ruler_fwe_16k,False,15,385,0,45,588,0.07653061224489796,False,0
ruler_fwe_16k:0386,ruler_fwe_16k,True,15,385,0,45,588,0.07653061224489796,False,0
ruler_fwe_16k:0387,ruler_fwe_16k,False,15,385,0,45,588,0.07653061224489796,False,0
ruler_fwe_16k:0391,ruler_fwe_16k,False,15,385,0,45,588,0.07653061224489796,False,0
ruler_fwe_16k:0392,ruler_fwe_16k,False,15,385,0,45,588,0.07653061224489796,False,0
ruler_fwe_16k:0393,ruler_fwe_16k,False,15,385,0,45,588,0.07653061224489796,False,0
ruler_fwe_16k:0395,ruler_fwe_16k,False,14,361,0,44,546,0.08058608058608059,False,0
ruler_fwe_16k:0396,ruler_fwe_16k,False,15,385,0,45,588,0.07653061224489796,False,0
ruler_fwe_16k:0397,ruler_fwe_16k,False,14,361,0,44,546,0.08058608058608059,False,0
ruler_fwe_16k:0398,ruler_fwe_16k,False,15,385,0,45,588,0.07653061224489796,False,0
ruler_fwe_16k:0401,ruler_fwe_16k,False,14,361,0,44,546,0.08058608058608059,False,0
ruler_fwe_16k:0402,ruler_fwe_16k,True,14,361,0,44,546,0.08058608058608059,False,0
ruler_fwe_16k:0404,ruler_fwe_16k,False,15,385,0,45,588,0.07653061224489796,False,0
ruler_fwe_16k:0405,ruler_fwe_16k,False,15,385,0,45,588,0.07653061224489796,False,0
ruler_fwe_16k:0406,ruler_fwe_16k,False,15,385,0,45,588,0.07653061224489796,False,0
ruler_fwe_16k:0409,ruler_fwe_16k,False,15,385,0,45,588,0.07653061224489796,False,0
ruler_fwe_16k:0410,ruler_fwe_16k,False,14,361,0,44,546,0.08058608058608059,False,0
ruler_fwe_16k:0412,ruler_fwe_16k,False,15,385,0,45,588,0.07653061224489796,False,0
ruler_fwe_16k:0415,ruler_fwe_16k,False,15,385,0,45,588,0.07653061224489796,False,0
ruler_fwe_16k:0417,ruler_fwe_16k,False,15,385,0,45,588,0.07653061224489796,False,0
ruler_fwe_16k:0418,ruler_fwe_16k,False,14,361,0,44,546,0.08058608058608059,False,0
ruler_fwe_16k:0419,ruler_fwe_16k,False,15,385,0,45,588,0.07653061224489796,False,0
ruler_fwe_16k:0421,ruler_fwe_16k,False,15,385,0,45,588,0.07653061224489796,False,0
ruler_fwe_16k:0422,ruler_fwe_16k,False,15,385,0,45,588,0.07653061224489796,False,0
ruler_fwe_16k:0428,ruler_fwe_16k,False,14,361,0,43,546,0.07875457875457875,False,0
ruler_fwe_16k:0431,ruler_fwe_16k,False,15,385,0,45,588,0.07653061224489796,False,0
ruler_fwe_16k:0436,ruler_fwe_16k,False,15,385,0,45,588,0.07653061224489796,False,0
ruler_fwe_16k:0437,ruler_fwe_16k,False,15,385,0,45,588,0.07653061224489796,False,0
ruler_fwe_16k:0440,ruler_fwe_16k,False,15,385,0,45,588,0.07653061224489796,False,0
ruler_fwe_16k:0442,ruler_fwe_16k,False,14,361,0,44,546,0.08058608058608059,False,0
ruler_fwe_16k:0445,ruler_fwe_16k,False,15,385,0,45,588,0.07653061224489796,False,0
ruler_fwe_16k:0447,ruler_fwe_16k,False,15,385,0,45,588,0.07653061224489796,False,0
ruler_fwe_16k:0448,ruler_fwe_16k,False,15,385,0,45,588,0.07653061224489796,False,0
ruler_fwe_16k:0452,ruler_fwe_16k,False,15,385,0,45,588,0.07653061224489796,False,0
ruler_fwe_16k:0460,ruler_fwe_16k,False,14,361,0,44,546,0.08058608058608059,False,0
ruler_fwe_16k:0461,ruler_fwe_16k,False,14,361,0,44,546,0.08058608058608059,False,0
ruler_fwe_16k:0464,ruler_fwe_16k,False,15,385,0,45,588,0.07653061224489796,False,0
ruler_fwe_16k:0465,ruler_fwe_16k,False,15,385,0,45,588,0.07653061224489796,False,0
ruler_fwe_16k:0466,ruler_fwe_16k,False,15,385,0,45,588,0.07653061224489796,False,0
ruler_fwe_16k:0467,ruler_fwe_16k,False,15,385,0,45,588,0.07653061224489796,False,0
ruler_fwe_16k:0470,ruler_fwe_16k,False,15,385,0,45,588,0.07653061224489796,False,0
ruler_fwe_16k:0471,ruler_fwe_16k,False,15,385,0,45,588,0.07653061224489796,False,0
ruler_fwe_16k:0472,ruler_fwe_16k,True,14,361,0,44,546,0.08058608058608059,False,0
ruler_fwe_16k:0473,ruler_fwe_16k,False,15,385,0,45,588,0.07653061224489796,False,0
ruler_fwe_16k:0474,ruler_fwe_16k,False,14,361,0,44,546,0.08058608058608059,False,0
ruler_fwe_16k:0477,ruler_fwe_16k,False,15,385,0,45,588,0.07653061224489796,False,0
ruler_fwe_16k:0478,ruler_fwe_16k,True,15,385,0,46,588,0.0782312925170068,False,0
ruler_fwe_16k:0479,ruler_fwe_16k,False,15,385,0,45,588,0.07653061224489796,False,0
ruler_fwe_16k:0480,ruler_fwe_16k,False,15,385,0,45,588,0.07653061224489796,False,0
ruler_fwe_16k:0481,ruler_fwe_16k,False,15,385,0,45,588,0.07653061224489796,False,0
ruler_fwe_16k:0483,ruler_fwe_16k,False,15,385,0,45,588,0.07653061224489796,False,0
ruler_fwe_16k:0484,ruler_fwe_16k,False,14,361,0,44,546,0.08058608058608059,False,0
ruler_fwe_16k:0485,ruler_fwe_16k,False,15,385,0,45,588,0.07653061224489796,False,0
ruler_fwe_16k:0486,ruler_fwe_16k,False,14,361,0,44,546,0.08058608058608059,False,0
ruler_fwe_16k:0487,ruler_fwe_16k,False,15,385,0,45,588,0.07653061224489796,False,0
ruler_fwe_16k:0488,ruler_fwe_16k,True,15,385,0,46,588,0.0782312925170068,False,0
ruler_fwe_16k:0490,ruler_fwe_16k,False,15,385,0,45,588,0.07653061224489796,False,0
ruler_fwe_16k:0492,ruler_fwe_16k,False,15,385,0,44,588,0.07482993197278912,False,0
ruler_fwe_16k:0493,ruler_fwe_16k,False,15,385,0,45,588,0.07653061224489796,False,0
ruler_fwe_16k:0494,ruler_fwe_16k,False,15,385,0,45,588,0.07653061224489796,False,0
ruler_fwe_16k:0495,ruler_fwe_16k,False,15,385,0,45,588,0.07653061224489796,False,0
ruler_fwe_16k:0496,ruler_fwe_16k,False,15,385,0,45,588,0.07653061224489796,False,0
ruler_fwe_16k:0497,ruler_fwe_16k,False,14,361,0,44,546,0.08058608058608059,False,0
ruler_fwe_16k:0498,ruler_fwe_16k,True,15,385,0,47,588,0.07993197278911565,False,0
ruler_niah_multikey_1_16k:0088,ruler_niah_multikey_1_16k,False,15,385,0,45,588,0.07653061224489796,False,0
ruler_niah_multikey_1_16k:0100,ruler_niah_multikey_1_16k,False,15,385,0,45,588,0.07653061224489796,False,0
ruler_niah_multikey_1_16k:0179,ruler_niah_multikey_1_16k,False,15,385,0,45,588,0.07653061224489796,False,0
ruler_niah_multikey_1_16k:0295,ruler_niah_multikey_1_16k,False,15,385,0,45,588,0.07653061224489796,False,0
ruler_niah_multikey_1_16k:0355,ruler_niah_multikey_1_16k,False,15,385,0,45,588,0.07653061224489796,False,0
ruler_niah_multikey_1_16k:0432,ruler_niah_multikey_1_16k,True,15,385,0,46,588,0.0782312925170068,False,0
ruler_niah_multikey_2_16k:0027,ruler_niah_multikey_2_16k,False,15,385,0,45,588,0.07653061224489796,False,0
ruler_niah_multikey_2_16k:0032,ruler_niah_multikey_2_16k,False,15,385,0,45,588,0.07653061224489796,False,0
ruler_niah_multikey_2_16k:0042,ruler_niah_multikey_2_16k,False,15,385,0,45,588,0.07653061224489796,False,0
ruler_niah_multikey_2_16k:0045,ruler_niah_multikey_2_16k,True,15,385,0,45,588,0.07653061224489796,False,0
ruler_niah_multikey_2_16k:0050,ruler_niah_multikey_2_16k,False,15,385,0,45,588,0.07653061224489796,False,0
ruler_niah_multikey_2_16k:0106,ruler_niah_multikey_2_16k,False,15,385,0,45,588,0.07653061224489796,False,0
ruler_niah_multikey_2_16k:0116,ruler_niah_multikey_2_16k,True,15,385,0,46,588,0.0782312925170068,False,0
ruler_niah_multikey_2_16k:0127,ruler_niah_multikey_2_16k,False,15,385,0,45,588,0.07653061224489796,False,0
ruler_niah_multikey_2_16k:0139,ruler_niah_multikey_2_16k,False,15,385,0,45,588,0.07653061224489796,False,0
ruler_niah_multikey_2_16k:0156,ruler_niah_multikey_2_16k,False,15,385,0,45,588,0.07653061224489796,False,0
ruler_niah_multikey_2_16k:0157,ruler_niah_multikey_2_16k,False,15,385,0,45,588,0.07653061224489796,False,0
ruler_niah_multikey_2_16k:0205,ruler_niah_multikey_2_16k,False,15,385,0,45,588,0.07653061224489796,False,0
ruler_niah_multikey_2_16k:0208,ruler_niah_multikey_2_16k,False,15,385,0,45,588,0.07653061224489796,False,0
ruler_niah_multikey_2_16k:0231,ruler_niah_multikey_2_16k,False,15,385,0,45,588,0.07653061224489796,False,0
ruler_niah_multikey_2_16k:0242,ruler_niah_multikey_2_16k,False,15,385,0,45,588,0.07653061224489796,False,0
ruler_niah_multikey_2_16k:0313,ruler_niah_multikey_2_16k,False,15,385,0,45,588,0.07653061224489796,False,0
ruler_niah_multikey_2_16k:0330,ruler_niah_multikey_2_16k,False,15,385,0,45,588,0.07653061224489796,False,0
ruler_niah_multikey_2_16k:0331,ruler_niah_multikey_2_16k,True,15,385,0,46,588,0.0782312925170068,False,0
ruler_niah_multikey_2_16k:0431,ruler_niah_multikey_2_16k,False,15,385,0,45,588,0.07653061224489796,False,0
ruler_niah_multikey_2_16k:0457,ruler_niah_multikey_2_16k,False,15,385,0,45,588,0.07653061224489796,False,0
ruler_niah_multikey_2_16k:0469,ruler_niah_multikey_2_16k,False,15,385,0,45,588,0.07653061224489796,False,0
ruler_niah_multikey_2_16k:0476,ruler_niah_multikey_2_16k,False,15,385,0,45,588,0.07653061224489796,False,0
ruler_niah_multikey_2_16k:0482,ruler_niah_multikey_2_16k,True,15,385,0,46,588,0.0782312925170068,False,0
ruler_niah_multikey_3_16k:0000,ruler_niah_multikey_3_16k,False,14,361,0,44,546,0.08058608058608059,False,0
ruler_niah_multikey_3_16k:0006,ruler_niah_multikey_3_16k,False,15,385,0,45,588,0.07653061224489796,False,0
ruler_niah_multikey_3_16k:0012,ruler_niah_multikey_3_16k,False,14,361,0,44,546,0.08058608058608059,False,0
ruler_niah_multikey_3_16k:0020,ruler_niah_multikey_3_16k,False,15,385,0,45,588,0.07653061224489796,False,0
ruler_niah_multikey_3_16k:0027,ruler_niah_multikey_3_16k,False,15,385,0,45,588,0.07653061224489796,False,0
ruler_niah_multikey_3_16k:0035,ruler_niah_multikey_3_16k,False,15,385,0,45,588,0.07653061224489796,False,0
ruler_niah_multikey_3_16k:0039,ruler_niah_multikey_3_16k,False,14,361,0,44,546,0.08058608058608059,False,0
ruler_niah_multikey_3_16k:0051,ruler_niah_multikey_3_16k,False,15,385,0,45,588,0.07653061224489796,False,0
ruler_niah_multikey_3_16k:0052,ruler_niah_multikey_3_16k,False,15,385,0,45,588,0.07653061224489796,False,0
ruler_niah_multikey_3_16k:0056,ruler_niah_multikey_3_16k,False,15,385,0,45,588,0.07653061224489796,False,0
ruler_niah_multikey_3_16k:0057,ruler_niah_multikey_3_16k,False,15,385,0,45,588,0.07653061224489796,False,0
ruler_niah_multikey_3_16k:0058,ruler_niah_multikey_3_16k,False,15,385,0,45,588,0.07653061224489796,False,0
ruler_niah_multikey_3_16k:0059,ruler_niah_multikey_3_16k,False,15,385,0,45,588,0.07653061224489796,False,0
ruler_niah_multikey_3_16k:0060,ruler_niah_multikey_3_16k,False,14,361,0,44,546,0.08058608058608059,False,0
ruler_niah_multikey_3_16k:0069,ruler_niah_multikey_3_16k,False,15,385,0,45,588,0.07653061224489796,False,0
ruler_niah_multikey_3_16k:0070,ruler_niah_multikey_3_16k,False,15,385,0,45,588,0.07653061224489796,False,0
ruler_niah_multikey_3_16k:0071,ruler_niah_multikey_3_16k,True,14,361,0,44,546,0.08058608058608059,False,0
ruler_niah_multikey_3_16k:0073,ruler_niah_multikey_3_16k,False,14,361,0,44,546,0.08058608058608059,False,0
ruler_niah_multikey_3_16k:0074,ruler_niah_multikey_3_16k,True,15,385,0,47,588,0.07993197278911565,False,0
ruler_niah_multikey_3_16k:0076,ruler_niah_multikey_3_16k,False,14,361,0,44,546,0.08058608058608059,False,0
ruler_niah_multikey_3_16k:0087,ruler_niah_multikey_3_16k,False,14,361,0,44,546,0.08058608058608059,False,0
ruler_niah_multikey_3_16k:0093,ruler_niah_multikey_3_16k,False,15,385,0,45,588,0.07653061224489796,False,0
ruler_niah_multikey_3_16k:0108,ruler_niah_multikey_3_16k,True,15,385,0,46,588,0.0782312925170068,False,0
ruler_niah_multikey_3_16k:0111,ruler_niah_multikey_3_16k,False,14,361,0,44,546,0.08058608058608059,False,0
ruler_niah_multikey_3_16k:0112,ruler_niah_multikey_3_16k,False,15,385,0,45,588,0.07653061224489796,False,0
ruler_niah_multikey_3_16k:0116,ruler_niah_multikey_3_16k,False,15,385,0,45,588,0.07653061224489796,False,0
ruler_niah_multikey_3_16k:0122,ruler_niah_multikey_3_16k,False,14,361,0,44,546,0.08058608058608059,False,0
ruler_niah_multikey_3_16k:0126,ruler_niah_multikey_3_16k,False,14,361,0,44,546,0.08058608058608059,False,0
ruler_niah_multikey_3_16k:0128,ruler_niah_multikey_3_16k,False,14,361,0,44,546,0.08058608058608059,False,0
ruler_niah_multikey_3_16k:0132,ruler_niah_multikey_3_16k,False,15,385,0,45,588,0.07653061224489796,False,0
ruler_niah_multikey_3_16k:0133,ruler_niah_multikey_3_16k,False,14,361,0,44,546,0.08058608058608059,False,0
ruler_niah_multikey_3_16k:0134,ruler_niah_multikey_3_16k,False,15,385,0,45,588,0.07653061224489796,False,0
ruler_niah_multikey_3_16k:0136,ruler_niah_multikey_3_16k,False,15,385,0,45,588,0.07653061224489796,False,0
ruler_niah_multikey_3_16k:0138,ruler_niah_multikey_3_16k,True,15,385,0,48,588,0.08163265306122448,False,0
ruler_niah_multikey_3_16k:0140,ruler_niah_multikey_3_16k,False,15,385,0,45,588,0.07653061224489796,False,0
ruler_niah_multikey_3_16k:0142,ruler_niah_multikey_3_16k,False,15,385,0,45,588,0.07653061224489796,False,0
ruler_niah_multikey_3_16k:0143,ruler_niah_multikey_3_16k,False,14,361,0,44,546,0.08058608058608059,False,0
ruler_niah_multikey_3_16k:0145,ruler_niah_multikey_3_16k,True,14,361,0,44,546,0.08058608058608059,False,0
ruler_niah_multikey_3_16k:0146,ruler_niah_multikey_3_16k,False,15,385,0,45,588,0.07653061224489796,False,0
ruler_niah_multikey_3_16k:0155,ruler_niah_multikey_3_16k,False,15,385,0,45,588,0.07653061224489796,False,0
ruler_niah_multikey_3_16k:0159,ruler_niah_multikey_3_16k,False,15,385,0,45,588,0.07653061224489796,False,0
ruler_niah_multikey_3_16k:0168,ruler_niah_multikey_3_16k,False,15,385,0,45,588,0.07653061224489796,False,0
ruler_niah_multikey_3_16k:0173,ruler_niah_multikey_3_16k,False,15,385,0,45,588,0.07653061224489796,False,0
ruler_niah_multikey_3_16k:0179,ruler_niah_multikey_3_16k,False,15,385,0,45,588,0.07653061224489796,False,0
ruler_niah_multikey_3_16k:0182,ruler_niah_multikey_3_16k,False,14,361,0,44,546,0.08058608058608059,False,0
ruler_niah_multikey_3_16k:0189,ruler_niah_multikey_3_16k,False,14,361,0,44,546,0.08058608058608059,False,0
ruler_niah_multikey_3_16k:0190,ruler_niah_multikey_3_16k,False,15,385,0,45,588,0.07653061224489796,False,0
ruler_niah_multikey_3_16k:0193,ruler_niah_multikey_3_16k,False,15,385,0,45,588,0.07653061224489796,False,0
ruler_niah_multikey_3_16k:0196,ruler_niah_multikey_3_16k,False,15,385,0,45,588,0.07653061224489796,False,0
ruler_niah_multikey_3_16k:0198,ruler_niah_multikey_3_16k,False,15,385,0,45,588,0.07653061224489796,False,0
ruler_niah_multikey_3_16k:0202,ruler_niah_multikey_3_16k,True,15,385,0,45,588,0.07653061224489796,False,0
ruler_niah_multikey_3_16k:0204,ruler_niah_multikey_3_16k,False,14,361,0,44,546,0.08058608058608059,False,0
ruler_niah_multikey_3_16k:0205,ruler_niah_multikey_3_16k,False,15,385,0,45,588,0.07653061224489796,False,0
ruler_niah_multikey_3_16k:0207,ruler_niah_multikey_3_16k,False,14,361,0,44,546,0.08058608058608059,False,0
ruler_niah_multikey_3_16k:0208,ruler_niah_multikey_3_16k,True,15,385,0,45,588,0.07653061224489796,False,0
ruler_niah_multikey_3_16k:0210,ruler_niah_multikey_3_16k,False,15,385,0,45,588,0.07653061224489796,False,0
ruler_niah_multikey_3_16k:0212,ruler_niah_multikey_3_16k,True,14,361,0,46,546,0.08424908424908426,False,0
ruler_niah_multikey_3_16k:0213,ruler_niah_multikey_3_16k,False,14,361,0,44,546,0.08058608058608059,False,0
ruler_niah_multikey_3_16k:0216,ruler_niah_multikey_3_16k,False,15,385,0,45,588,0.07653061224489796,False,0
ruler_niah_multikey_3_16k:0217,ruler_niah_multikey_3_16k,True,15,385,0,46,588,0.0782312925170068,False,0
ruler_niah_multikey_3_16k:0220,ruler_niah_multikey_3_16k,True,15,385,0,46,588,0.0782312925170068,False,0
ruler_niah_multikey_3_16k:0233,ruler_niah_multikey_3_16k,False,15,385,0,45,588,0.07653061224489796,False,0
ruler_niah_multikey_3_16k:0235,ruler_niah_multikey_3_16k,False,15,385,0,45,588,0.07653061224489796,False,0
ruler_niah_multikey_3_16k:0237,ruler_niah_multikey_3_16k,False,15,385,0,45,588,0.07653061224489796,False,0
ruler_niah_multikey_3_16k:0238,ruler_niah_multikey_3_16k,False,15,385,0,45,588,0.07653061224489796,False,0
ruler_niah_multikey_3_16k:0239,ruler_niah_multikey_3_16k,False,15,385,0,45,588,0.07653061224489796,False,0
ruler_niah_multikey_3_16k:0244,ruler_niah_multikey_3_16k,False,15,385,0,45,588,0.07653061224489796,False,0
ruler_niah_multikey_3_16k:0245,ruler_niah_multikey_3_16k,False,15,385,0,45,588,0.07653061224489796,False,0
ruler_niah_multikey_3_16k:0250,ruler_niah_multikey_3_16k,False,15,385,0,45,588,0.07653061224489796,False,0
ruler_niah_multikey_3_16k:0251,ruler_niah_multikey_3_16k,True,15,385,0,45,588,0.07653061224489796,False,0
ruler_niah_multikey_3_16k:0253,ruler_niah_multikey_3_16k,True,14,361,0,44,546,0.08058608058608059,False,0
ruler_niah_multikey_3_16k:0254,ruler_niah_multikey_3_16k,False,15,385,0,45,588,0.07653061224489796,False,0
ruler_niah_multikey_3_16k:0256,ruler_niah_multikey_3_16k,False,15,385,0,45,588,0.07653061224489796,False,0
ruler_niah_multikey_3_16k:0260,ruler_niah_multikey_3_16k,False,14,361,0,44,546,0.08058608058608059,False,0
ruler_niah_multikey_3_16k:0262,ruler_niah_multikey_3_16k,False,14,361,0,44,546,0.08058608058608059,False,0
ruler_niah_multikey_3_16k:0270,ruler_niah_multikey_3_16k,False,15,385,0,45,588,0.07653061224489796,False,0
ruler_niah_multikey_3_16k:0272,ruler_niah_multikey_3_16k,False,14,361,0,44,546,0.08058608058608059,False,0
ruler_niah_multikey_3_16k:0275,ruler_niah_multikey_3_16k,False,15,385,0,45,588,0.07653061224489796,False,0
ruler_niah_multikey_3_16k:0279,ruler_niah_multikey_3_16k,False,15,385,0,45,588,0.07653061224489796,False,0
ruler_niah_multikey_3_16k:0287,ruler_niah_multikey_3_16k,False,15,385,0,45,588,0.07653061224489796,False,0
ruler_niah_multikey_3_16k:0289,ruler_niah_multikey_3_16k,False,15,385,0,45,588,0.07653061224489796,False,0
ruler_niah_multikey_3_16k:0290,ruler_niah_multikey_3_16k,False,15,385,0,45,588,0.07653061224489796,False,0
ruler_niah_multikey_3_16k:0291,ruler_niah_multikey_3_16k,False,15,385,0,45,588,0.07653061224489796,False,0
ruler_niah_multikey_3_16k:0304,ruler_niah_multikey_3_16k,False,15,385,0,45,588,0.07653061224489796,False,0
ruler_niah_multikey_3_16k:0310,ruler_niah_multikey_3_16k,False,14,361,0,44,546,0.08058608058608059,False,0
ruler_niah_multikey_3_16k:0311,ruler_niah_multikey_3_16k,False,14,361,0,44,546,0.08058608058608059,False,0
ruler_niah_multikey_3_16k:0312,ruler_niah_multikey_3_16k,False,15,385,0,45,588,0.07653061224489796,False,0
ruler_niah_multikey_3_16k:0315,ruler_niah_multikey_3_16k,False,14,361,0,44,546,0.08058608058608059,False,0
ruler_niah_multikey_3_16k:0317,ruler_niah_multikey_3_16k,False,15,385,0,45,588,0.07653061224489796,False,0
ruler_niah_multikey_3_16k:0318,ruler_niah_multikey_3_16k,False,14,361,0,44,546,0.08058608058608059,False,0
ruler_niah_multikey_3_16k:0319,ruler_niah_multikey_3_16k,False,15,385,0,45,588,0.07653061224489796,False,0
ruler_niah_multikey_3_16k:0336,ruler_niah_multikey_3_16k,False,14,361,0,44,546,0.08058608058608059,False,0
ruler_niah_multikey_3_16k:0341,ruler_niah_multikey_3_16k,False,15,385,0,45,588,0.07653061224489796,False,0
ruler_niah_multikey_3_16k:0346,ruler_niah_multikey_3_16k,False,15,385,0,45,588,0.07653061224489796,False,0
ruler_niah_multikey_3_16k:0348,ruler_niah_multikey_3_16k,False,14,361,0,44,546,0.08058608058608059,False,0
ruler_niah_multikey_3_16k:0355,ruler_niah_multikey_3_16k,False,14,361,0,44,546,0.08058608058608059,False,0
ruler_niah_multikey_3_16k:0360,ruler_niah_multikey_3_16k,False,14,361,0,44,546,0.08058608058608059,False,0
ruler_niah_multikey_3_16k:0362,ruler_niah_multikey_3_16k,True,15,385,0,45,588,0.07653061224489796,False,0
ruler_niah_multikey_3_16k:0367,ruler_niah_multikey_3_16k,False,15,385,0,45,588,0.07653061224489796,False,0
ruler_niah_multikey_3_16k:0370,ruler_niah_multikey_3_16k,False,15,385,0,45,588,0.07653061224489796,False,0
ruler_niah_multikey_3_16k:0372,ruler_niah_multikey_3_16k,False,14,361,0,44,546,0.08058608058608059,False,0
ruler_niah_multikey_3_16k:0380,ruler_niah_multikey_3_16k,False,14,361,0,44,546,0.08058608058608059,False,0
ruler_niah_multikey_3_16k:0384,ruler_niah_multikey_3_16k,False,15,385,0,45,588,0.07653061224489796,False,0
ruler_niah_multikey_3_16k:0385,ruler_niah_multikey_3_16k,False,15,385,0,45,588,0.07653061224489796,False,0
ruler_niah_multikey_3_16k:0387,ruler_niah_multikey_3_16k,False,15,385,0,45,588,0.07653061224489796,False,0
ruler_niah_multikey_3_16k:0393,ruler_niah_multikey_3_16k,False,14,361,0,44,546,0.08058608058608059,False,0
ruler_niah_multikey_3_16k:0394,ruler_niah_multikey_3_16k,True,15,385,0,45,588,0.07653061224489796,False,0
ruler_niah_multikey_3_16k:0399,ruler_niah_multikey_3_16k,False,15,385,0,45,588,0.07653061224489796,False,0
ruler_niah_multikey_3_16k:0400,ruler_niah_multikey_3_16k,False,15,385,0,45,588,0.07653061224489796,False,0
ruler_niah_multikey_3_16k:0406,ruler_niah_multikey_3_16k,False,15,385,0,45,588,0.07653061224489796,False,0
ruler_niah_multikey_3_16k:0410,ruler_niah_multikey_3_16k,False,15,385,0,45,588,0.07653061224489796,False,0
ruler_niah_multikey_3_16k:0413,ruler_niah_multikey_3_16k,False,15,385,0,45,588,0.07653061224489796,False,0
ruler_niah_multikey_3_16k:0418,ruler_niah_multikey_3_16k,False,14,361,0,44,546,0.08058608058608059,False,0
ruler_niah_multikey_3_16k:0419,ruler_niah_multikey_3_16k,False,15,385,0,45,588,0.07653061224489796,False,0
ruler_niah_multikey_3_16k:0420,ruler_niah_multikey_3_16k,False,15,385,0,45,588,0.07653061224489796,False,0
ruler_niah_multikey_3_16k:0424,ruler_niah_multikey_3_16k,False,15,385,0,45,588,0.07653061224489796,False,0
ruler_niah_multikey_3_16k:0425,ruler_niah_multikey_3_16k,False,14,361,0,44,546,0.08058608058608059,False,0
ruler_niah_multikey_3_16k:0429,ruler_niah_multikey_3_16k,True,14,361,0,47,546,0.08608058608058608,False,0
ruler_niah_multikey_3_16k:0432,ruler_niah_multikey_3_16k,False,15,385,0,45,588,0.07653061224489796,False,0
ruler_niah_multikey_3_16k:0451,ruler_niah_multikey_3_16k,False,14,361,0,44,546,0.08058608058608059,False,0
ruler_niah_multikey_3_16k:0457,ruler_niah_multikey_3_16k,False,14,361,0,44,546,0.08058608058608059,False,0
ruler_niah_multikey_3_16k:0458,ruler_niah_multikey_3_16k,False,15,385,0,45,588,0.07653061224489796,False,0
ruler_niah_multikey_3_16k:0464,ruler_niah_multikey_3_16k,True,15,385,0,45,588,0.07653061224489796,False,0
ruler_niah_multikey_3_16k:0466,ruler_niah_multikey_3_16k,False,14,361,0,44,546,0.08058608058608059,False,0
ruler_niah_multikey_3_16k:0469,ruler_niah_multikey_3_16k,False,15,385,0,45,588,0.07653061224489796,False,0
ruler_niah_multikey_3_16k:0473,ruler_niah_multikey_3_16k,False,15,385,0,45,588,0.07653061224489796,False,0
ruler_niah_multikey_3_16k:0474,ruler_niah_multikey_3_16k,False,15,385,0,45,588,0.07653061224489796,False,0
ruler_niah_multikey_3_16k:0482,ruler_niah_multikey_3_16k,False,15,385,0,45,588,0.07653061224489796,False,0
ruler_niah_multikey_3_16k:0483,ruler_niah_multikey_3_16k,False,15,385,0,45,588,0.07653061224489796,False,0
ruler_niah_multikey_3_16k:0484,ruler_niah_multikey_3_16k,False,15,385,0,45,588,0.07653061224489796,False,0
ruler_niah_multikey_3_16k:0487,ruler_niah_multikey_3_16k,False,15,385,0,45,588,0.07653061224489796,False,0
ruler_niah_multikey_3_16k:0494,ruler_niah_multikey_3_16k,False,15,385,0,45,588,0.07653061224489796,False,0
ruler_niah_multiquery_16k:0001,ruler_niah_multiquery_16k,True,15,385,0,45,588,0.07653061224489796,False,0
ruler_niah_multiquery_16k:0002,ruler_niah_multiquery_16k,False,15,385,0,45,588,0.07653061224489796,False,0
ruler_niah_multiquery_16k:0004,ruler_niah_multiquery_16k,False,15,385,0,45,588,0.07653061224489796,False,0
ruler_niah_multiquery_16k:0021,ruler_niah_multiquery_16k,False,15,385,0,45,588,0.07653061224489796,False,0
ruler_niah_multiquery_16k:0051,ruler_niah_multiquery_16k,False,15,385,0,45,588,0.07653061224489796,False,0
ruler_niah_multiquery_16k:0063,ruler_niah_multiquery_16k,True,15,385,0,45,588,0.07653061224489796,False,0
ruler_niah_multiquery_16k:0065,ruler_niah_multiquery_16k,False,15,385,0,45,588,0.07653061224489796,False,0
ruler_niah_multiquery_16k:0068,ruler_niah_multiquery_16k,True,15,385,0,45,588,0.07653061224489796,False,0
ruler_niah_multiquery_16k:0082,ruler_niah_multiquery_16k,True,15,385,0,45,588,0.07653061224489796,False,0
ruler_niah_multiquery_16k:0092,ruler_niah_multiquery_16k,False,15,385,0,45,588,0.07653061224489796,False,0
ruler_niah_multiquery_16k:0100,ruler_niah_multiquery_16k,True,15,385,0,46,588,0.0782312925170068,False,0
ruler_niah_multiquery_16k:0107,ruler_niah_multiquery_16k,False,15,385,0,45,588,0.07653061224489796,False,0
ruler_niah_multiquery_16k:0112,ruler_niah_multiquery_16k,False,15,385,0,45,588,0.07653061224489796,False,0
ruler_niah_multiquery_16k:0129,ruler_niah_multiquery_16k,True,15,385,0,44,588,0.07482993197278912,False,0
ruler_niah_multiquery_16k:0131,ruler_niah_multiquery_16k,True,15,385,0,46,588,0.0782312925170068,False,0
ruler_niah_multiquery_16k:0135,ruler_niah_multiquery_16k,False,15,385,0,45,588,0.07653061224489796,False,0
ruler_niah_multiquery_16k:0146,ruler_niah_multiquery_16k,False,15,385,0,45,588,0.07653061224489796,False,0
ruler_niah_multiquery_16k:0147,ruler_niah_multiquery_16k,True,15,385,0,46,588,0.0782312925170068,False,0
ruler_niah_multiquery_16k:0151,ruler_niah_multiquery_16k,False,15,385,0,45,588,0.07653061224489796,False,0
ruler_niah_multiquery_16k:0179,ruler_niah_multiquery_16k,False,15,385,0,45,588,0.07653061224489796,False,0
ruler_niah_multiquery_16k:0200,ruler_niah_multiquery_16k,False,15,385,0,45,588,0.07653061224489796,False,0
ruler_niah_multiquery_16k:0201,ruler_niah_multiquery_16k,True,15,385,0,46,588,0.0782312925170068,False,0
ruler_niah_multiquery_16k:0223,ruler_niah_multiquery_16k,False,15,385,0,45,588,0.07653061224489796,False,0
ruler_niah_multiquery_16k:0241,ruler_niah_multiquery_16k,False,15,385,0,45,588,0.07653061224489796,False,0
ruler_niah_multiquery_16k:0243,ruler_niah_multiquery_16k,False,15,385,0,45,588,0.07653061224489796,False,0
ruler_niah_multiquery_16k:0245,ruler_niah_multiquery_16k,False,15,385,0,45,588,0.07653061224489796,False,0
ruler_niah_multiquery_16k:0251,ruler_niah_multiquery_16k,False,15,385,0,45,588,0.07653061224489796,False,0
ruler_niah_multiquery_16k:0258,ruler_niah_multiquery_16k,False,15,385,0,45,588,0.07653061224489796,False,0
ruler_niah_multiquery_16k:0265,ruler_niah_multiquery_16k,False,15,385,0,45,588,0.07653061224489796,False,0
ruler_niah_multiquery_16k:0268,ruler_niah_multiquery_16k,False,15,385,0,45,588,0.07653061224489796,False,0
ruler_niah_multiquery_16k:0276,ruler_niah_multiquery_16k,False,15,385,0,45,588,0.07653061224489796,False,0
ruler_niah_multiquery_16k:0277,ruler_niah_multiquery_16k,False,15,385,0,45,588,0.07653061224489796,False,0
ruler_niah_multiquery_16k:0312,ruler_niah_multiquery_16k,False,15,385,0,45,588,0.07653061224489796,False,0
ruler_niah_multiquery_16k:0335,ruler_niah_multiquery_16k,False,15,385,0,45,588,0.07653061224489796,False,0
ruler_niah_multiquery_16k:0351,ruler_niah_multiquery_16k,False,15,385,0,45,588,0.07653061224489796,False,0
ruler_niah_multiquery_16k:0381,ruler_niah_multiquery_16k,True,15,385,0,46,588,0.0782312925170068,False,0
ruler_niah_multiquery_16k:0396,ruler_niah_multiquery_16k,False,15,385,0,45,588,0.07653061224489796,False,0
ruler_niah_multiquery_16k:0404,ruler_niah_multiquery_16k,True,15,385,0,45,588,0.07653061224489796,False,0
ruler_niah_multiquery_16k:0424,ruler_niah_multiquery_16k,False,15,385,0,45,588,0.07653061224489796,False,0
ruler_niah_multiquery_16k:0431,ruler_niah_multiquery_16k,False,15,385,0,45,588,0.07653061224489796,False,0
ruler_niah_multiquery_16k:0437,ruler_niah_multiquery_16k,False,15,385,0,45,588,0.07653061224489796,False,0
ruler_niah_multiquery_16k:0454,ruler_niah_multiquery_16k,True,15,385,0,46,588,0.0782312925170068,False,0
ruler_niah_multiquery_16k:0456,ruler_niah_multiquery_16k,False,15,385,0,45,588,0.07653061224489796,False,0
ruler_niah_multiquery_16k:0466,ruler_niah_multiquery_16k,False,15,385,0,45,588,0.07653061224489796,False,0
ruler_niah_multivalue_16k:0031,ruler_niah_multivalue_16k,False,15,385,0,45,588,0.07653061224489796,False,0
ruler_niah_multivalue_16k:0060,ruler_niah_multivalue_16k,True,15,385,0,46,588,0.0782312925170068,False,0
ruler_niah_multivalue_16k:0080,ruler_niah_multivalue_16k,False,15,385,0,45,588,0.07653061224489796,False,0
ruler_niah_multivalue_16k:0092,ruler_niah_multivalue_16k,False,15,385,0,45,588,0.07653061224489796,False,0
ruler_niah_multivalue_16k:0127,ruler_niah_multivalue_16k,False,15,385,0,45,588,0.07653061224489796,False,0
ruler_niah_multivalue_16k:0144,ruler_niah_multivalue_16k,True,15,385,0,45,588,0.07653061224489796,False,0
ruler_niah_multivalue_16k:0192,ruler_niah_multivalue_16k,True,15,385,0,46,588,0.0782312925170068,False,0
ruler_niah_multivalue_16k:0222,ruler_niah_multivalue_16k,False,15,385,0,45,588,0.07653061224489796,False,0
ruler_niah_multivalue_16k:0232,ruler_niah_multivalue_16k,False,15,385,0,45,588,0.07653061224489796,False,0
ruler_niah_multivalue_16k:0245,ruler_niah_multivalue_16k,True,15,385,0,45,588,0.07653061224489796,False,0
ruler_niah_multivalue_16k:0266,ruler_niah_multivalue_16k,True,15,385,0,45,588,0.07653061224489796,False,0
ruler_niah_multivalue_16k:0279,ruler_niah_multivalue_16k,False,15,385,0,45,588,0.07653061224489796,False,0
ruler_niah_multivalue_16k:0288,ruler_niah_multivalue_16k,True,15,385,0,47,588,0.07993197278911565,False,0
ruler_niah_multivalue_16k:0297,ruler_niah_multivalue_16k,False,15,385,0,45,588,0.07653061224489796,False,0
ruler_niah_multivalue_16k:0326,ruler_niah_multivalue_16k,False,15,385,0,45,588,0.07653061224489796,False,0
ruler_niah_multivalue_16k:0337,ruler_niah_multivalue_16k,False,15,385,0,45,588,0.07653061224489796,False,0
ruler_niah_multivalue_16k:0343,ruler_niah_multivalue_16k,False,15,385,0,45,588,0.07653061224489796,False,0
ruler_niah_multivalue_16k:0451,ruler_niah_multivalue_16k,False,15,385,0,45,588,0.07653061224489796,False,0
ruler_niah_multivalue_16k:0455,ruler_niah_multivalue_16k,False,15,385,0,45,588,0.07653061224489796,False,0
ruler_niah_multivalue_16k:0496,ruler_niah_multivalue_16k,True,15,385,0,45,588,0.07653061224489796,False,0
ruler_niah_multivalue_16k:0498,ruler_niah_multivalue_16k,True,15,385,0,45,588,0.07653061224489796,False,0
ruler_qa_hotpotqa_16k:0000,ruler_qa_hotpotqa_16k,False,14,361,0,44,546,0.08058608058608059,False,0
ruler_qa_hotpotqa_16k:0001,ruler_qa_hotpotqa_16k,False,15,385,0,45,588,0.07653061224489796,False,0
ruler_qa_hotpotqa_16k:0003,ruler_qa_hotpotqa_16k,False,14,361,0,44,546,0.08058608058608059,False,0
ruler_qa_hotpotqa_16k:0004,ruler_qa_hotpotqa_16k,False,14,361,0,44,546,0.08058608058608059,False,0
ruler_qa_hotpotqa_16k:0006,ruler_qa_hotpotqa_16k,True,14,361,0,44,546,0.08058608058608059,False,0
ruler_qa_hotpotqa_16k:0010,ruler_qa_hotpotqa_16k,False,14,361,0,44,546,0.08058608058608059,False,0
ruler_qa_hotpotqa_16k:0014,ruler_qa_hotpotqa_16k,False,15,385,0,45,588,0.07653061224489796,False,0
ruler_qa_hotpotqa_16k:0015,ruler_qa_hotpotqa_16k,False,15,385,0,45,588,0.07653061224489796,False,0
ruler_qa_hotpotqa_16k:0016,ruler_qa_hotpotqa_16k,False,15,385,0,45,588,0.07653061224489796,False,0
ruler_qa_hotpotqa_16k:0018,ruler_qa_hotpotqa_16k,False,15,385,0,45,588,0.07653061224489796,False,0
ruler_qa_hotpotqa_16k:0019,ruler_qa_hotpotqa_16k,False,14,361,0,44,546,0.08058608058608059,False,0
ruler_qa_hotpotqa_16k:0020,ruler_qa_hotpotqa_16k,False,15,385,0,45,588,0.07653061224489796,False,0
ruler_qa_hotpotqa_16k:0021,ruler_qa_hotpotqa_16k,False,15,385,0,45,588,0.07653061224489796,False,0
ruler_qa_hotpotqa_16k:0022,ruler_qa_hotpotqa_16k,False,15,385,0,45,588,0.07653061224489796,False,0
ruler_qa_hotpotqa_16k:0023,ruler_qa_hotpotqa_16k,True,14,361,0,44,546,0.08058608058608059,False,0
ruler_qa_hotpotqa_16k:0025,ruler_qa_hotpotqa_16k,False,13,337,0,46,504,0.09126984126984126,False,0
ruler_qa_hotpotqa_16k:0031,ruler_qa_hotpotqa_16k,True,14,361,0,44,546,0.08058608058608059,False,0
ruler_qa_hotpotqa_16k:0032,ruler_qa_hotpotqa_16k,False,13,337,0,46,504,0.09126984126984126,False,0
ruler_qa_hotpotqa_16k:0035,ruler_qa_hotpotqa_16k,False,14,361,0,44,546,0.08058608058608059,False,0
ruler_qa_hotpotqa_16k:0038,ruler_qa_hotpotqa_16k,False,15,385,0,45,588,0.07653061224489796,False,0
ruler_qa_hotpotqa_16k:0039,ruler_qa_hotpotqa_16k,False,13,337,0,46,504,0.09126984126984126,False,0
ruler_qa_hotpotqa_16k:0040,ruler_qa_hotpotqa_16k,False,15,385,0,45,588,0.07653061224489796,False,0
ruler_qa_hotpotqa_16k:0041,ruler_qa_hotpotqa_16k,False,14,361,0,44,546,0.08058608058608059,False,0
ruler_qa_hotpotqa_16k:0045,ruler_qa_hotpotqa_16k,False,13,337,0,46,504,0.09126984126984126,False,0
ruler_qa_hotpotqa_16k:0047,ruler_qa_hotpotqa_16k,False,15,385,0,45,588,0.07653061224489796,False,0
ruler_qa_hotpotqa_16k:0050,ruler_qa_hotpotqa_16k,False,14,361,0,44,546,0.08058608058608059,False,0
ruler_qa_hotpotqa_16k:0053,ruler_qa_hotpotqa_16k,False,15,385,0,45,588,0.07653061224489796,False,0
ruler_qa_hotpotqa_16k:0054,ruler_qa_hotpotqa_16k,False,14,361,0,44,546,0.08058608058608059,False,0
ruler_qa_hotpotqa_16k:0055,ruler_qa_hotpotqa_16k,False,15,385,0,45,588,0.07653061224489796,False,0
ruler_qa_hotpotqa_16k:0057,ruler_qa_hotpotqa_16k,False,14,361,0,44,546,0.08058608058608059,False,0
ruler_qa_hotpotqa_16k:0058,ruler_qa_hotpotqa_16k,False,14,361,0,44,546,0.08058608058608059,False,0
ruler_qa_hotpotqa_16k:0059,ruler_qa_hotpotqa_16k,True,14,361,0,44,546,0.08058608058608059,False,0
ruler_qa_hotpotqa_16k:0060,ruler_qa_hotpotqa_16k,False,15,385,0,45,588,0.07653061224489796,False,0
ruler_qa_hotpotqa_16k:0061,ruler_qa_hotpotqa_16k,False,15,385,0,45,588,0.07653061224489796,False,0
ruler_qa_hotpotqa_16k:0062,ruler_qa_hotpotqa_16k,False,14,361,0,44,546,0.08058608058608059,False,0
ruler_qa_hotpotqa_16k:0064,ruler_qa_hotpotqa_16k,False,13,337,0,46,504,0.09126984126984126,False,0
ruler_qa_hotpotqa_16k:0068,ruler_qa_hotpotqa_16k,False,13,337,0,46,504,0.09126984126984126,False,0
ruler_qa_hotpotqa_16k:0069,ruler_qa_hotpotqa_16k,False,14,361,0,44,546,0.08058608058608059,False,0
ruler_qa_hotpotqa_16k:0071,ruler_qa_hotpotqa_16k,False,14,361,0,44,546,0.08058608058608059,False,0
ruler_qa_hotpotqa_16k:0073,ruler_qa_hotpotqa_16k,False,14,361,0,44,546,0.08058608058608059,False,0
ruler_qa_hotpotqa_16k:0074,ruler_qa_hotpotqa_16k,False,13,337,0,46,504,0.09126984126984126,False,0
ruler_qa_hotpotqa_16k:0076,ruler_qa_hotpotqa_16k,False,13,337,0,46,504,0.09126984126984126,False,0
ruler_qa_hotpotqa_16k:0077,ruler_qa_hotpotqa_16k,False,15,385,0,45,588,0.07653061224489796,False,0
ruler_qa_hotpotqa_16k:0080,ruler_qa_hotpotqa_16k,False,15,385,0,45,588,0.07653061224489796,False,0
ruler_qa_hotpotqa_16k:0081,ruler_qa_hotpotqa_16k,False,15,385,0,45,588,0.07653061224489796,False,0
ruler_qa_hotpotqa_16k:0082,ruler_qa_hotpotqa_16k,False,13,337,0,46,504,0.09126984126984126,False,0
ruler_qa_hotpotqa_16k:0083,ruler_qa_hotpotqa_16k,False,14,361,0,44,546,0.08058608058608059,False,0
ruler_qa_hotpotqa_16k:0085,ruler_qa_hotpotqa_16k,True,14,361,0,44,546,0.08058608058608059,False,0
ruler_qa_hotpotqa_16k:0086,ruler_qa_hotpotqa_16k,False,15,385,0,45,588,0.07653061224489796,False,0
ruler_qa_hotpotqa_16k:0093,ruler_qa_hotpotqa_16k,False,14,361,0,44,546,0.08058608058608059,False,0
ruler_qa_hotpotqa_16k:0096,ruler_qa_hotpotqa_16k,False,14,361,0,44,546,0.08058608058608059,False,0
ruler_qa_hotpotqa_16k:0097,ruler_qa_hotpotqa_16k,False,14,361,0,44,546,0.08058608058608059,False,0
ruler_qa_hotpotqa_16k:0098,ruler_qa_hotpotqa_16k,False,13,337,0,46,504,0.09126984126984126,False,0
ruler_qa_hotpotqa_16k:0100,ruler_qa_hotpotqa_16k,False,14,361,0,44,546,0.08058608058608059,False,0
ruler_qa_hotpotqa_16k:0101,ruler_qa_hotpotqa_16k,False,14,361,0,44,546,0.08058608058608059,False,0
ruler_qa_hotpotqa_16k:0102,ruler_qa_hotpotqa_16k,False,15,385,0,45,588,0.07653061224489796,False,0
ruler_qa_hotpotqa_16k:0106,ruler_qa_hotpotqa_16k,False,15,385,0,45,588,0.07653061224489796,False,0
ruler_qa_hotpotqa_16k:0107,ruler_qa_hotpotqa_16k,False,14,361,0,44,546,0.08058608058608059,False,0
ruler_qa_hotpotqa_16k:0108,ruler_qa_hotpotqa_16k,False,13,337,0,46,504,0.09126984126984126,False,0
ruler_qa_hotpotqa_16k:0109,ruler_qa_hotpotqa_16k,False,13,337,0,46,504,0.09126984126984126,False,0
ruler_qa_hotpotqa_16k:0111,ruler_qa_hotpotqa_16k,False,13,337,0,46,504,0.09126984126984126,False,0
ruler_qa_hotpotqa_16k:0112,ruler_qa_hotpotqa_16k,False,14,361,0,44,546,0.08058608058608059,False,0
ruler_qa_hotpotqa_16k:0115,ruler_qa_hotpotqa_16k,False,14,361,0,44,546,0.08058608058608059,False,0
ruler_qa_hotpotqa_16k:0116,ruler_qa_hotpotqa_16k,False,15,385,0,45,588,0.07653061224489796,False,0
ruler_qa_hotpotqa_16k:0117,ruler_qa_hotpotqa_16k,False,14,361,0,44,546,0.08058608058608059,False,0
ruler_qa_hotpotqa_16k:0118,ruler_qa_hotpotqa_16k,True,14,361,0,45,546,0.08241758241758242,False,0
ruler_qa_hotpotqa_16k:0120,ruler_qa_hotpotqa_16k,False,13,337,0,46,504,0.09126984126984126,False,0
ruler_qa_hotpotqa_16k:0123,ruler_qa_hotpotqa_16k,False,15,385,0,45,588,0.07653061224489796,False,0
ruler_qa_hotpotqa_16k:0124,ruler_qa_hotpotqa_16k,False,14,361,0,44,546,0.08058608058608059,False,0
ruler_qa_hotpotqa_16k:0127,ruler_qa_hotpotqa_16k,False,13,337,0,46,504,0.09126984126984126,False,0
ruler_qa_hotpotqa_16k:0129,ruler_qa_hotpotqa_16k,False,14,361,0,44,546,0.08058608058608059,False,0
ruler_qa_hotpotqa_16k:0131,ruler_qa_hotpotqa_16k,False,14,361,0,44,546,0.08058608058608059,False,0
ruler_qa_hotpotqa_16k:0132,ruler_qa_hotpotqa_16k,False,14,361,0,44,546,0.08058608058608059,False,0
ruler_qa_hotpotqa_16k:0133,ruler_qa_hotpotqa_16k,False,14,361,0,44,546,0.08058608058608059,False,0
ruler_qa_hotpotqa_16k:0137,ruler_qa_hotpotqa_16k,False,14,361,0,44,546,0.08058608058608059,False,0
ruler_qa_hotpotqa_16k:0138,ruler_qa_hotpotqa_16k,False,15,385,0,45,588,0.07653061224489796,False,0
ruler_qa_hotpotqa_16k:0139,ruler_qa_hotpotqa_16k,False,15,385,0,45,588,0.07653061224489796,False,0
ruler_qa_hotpotqa_16k:0140,ruler_qa_hotpotqa_16k,True,13,337,0,49,504,0.09722222222222222,False,0
ruler_qa_hotpotqa_16k:0143,ruler_qa_hotpotqa_16k,False,14,361,0,44,546,0.08058608058608059,False,0
ruler_qa_hotpotqa_16k:0149,ruler_qa_hotpotqa_16k,False,14,361,0,44,546,0.08058608058608059,False,0
ruler_qa_hotpotqa_16k:0150,ruler_qa_hotpotqa_16k,False,13,337,0,46,504,0.09126984126984126,False,0
ruler_qa_hotpotqa_16k:0153,ruler_qa_hotpotqa_16k,False,15,385,0,45,588,0.07653061224489796,False,0
ruler_qa_hotpotqa_16k:0155,ruler_qa_hotpotqa_16k,False,14,361,0,44,546,0.08058608058608059,False,0
ruler_qa_hotpotqa_16k:0157,ruler_qa_hotpotqa_16k,False,15,385,0,45,588,0.07653061224489796,False,0
ruler_qa_hotpotqa_16k:0158,ruler_qa_hotpotqa_16k,False,15,385,0,45,588,0.07653061224489796,False,0
ruler_qa_hotpotqa_16k:0160,ruler_qa_hotpotqa_16k,False,14,361,0,44,546,0.08058608058608059,False,0
ruler_qa_hotpotqa_16k:0162,ruler_qa_hotpotqa_16k,False,13,337,0,46,504,0.09126984126984126,False,0
ruler_qa_hotpotqa_16k:0163,ruler_qa_hotpotqa_16k,False,15,385,0,45,588,0.07653061224489796,False,0
ruler_qa_hotpotqa_16k:0164,ruler_qa_hotpotqa_16k,False,15,385,0,45,588,0.07653061224489796,False,0
ruler_qa_hotpotqa_16k:0165,ruler_qa_hotpotqa_16k,False,15,385,0,45,588,0.07653061224489796,False,0
ruler_qa_hotpotqa_16k:0166,ruler_qa_hotpotqa_16k,False,15,385,0,45,588,0.07653061224489796,False,0
ruler_qa_hotpotqa_16k:0170,ruler_qa_hotpotqa_16k,False,12,313,0,45,462,0.09740259740259741,False,0
ruler_qa_hotpotqa_16k:0171,ruler_qa_hotpotqa_16k,False,15,385,0,45,588,0.07653061224489796,False,0
ruler_qa_hotpotqa_16k:0172,ruler_qa_hotpotqa_16k,False,14,361,0,44,546,0.08058608058608059,False,0
ruler_qa_hotpotqa_16k:0173,ruler_qa_hotpotqa_16k,False,15,385,0,45,588,0.07653061224489796,False,0
ruler_qa_hotpotqa_16k:0174,ruler_qa_hotpotqa_16k,False,15,385,0,45,588,0.07653061224489796,False,0
ruler_qa_hotpotqa_16k:0177,ruler_qa_hotpotqa_16k,False,15,385,0,45,588,0.07653061224489796,False,0
ruler_qa_hotpotqa_16k:0178,ruler_qa_hotpotqa_16k,False,13,337,0,46,504,0.09126984126984126,False,0
ruler_qa_hotpotqa_16k:0180,ruler_qa_hotpotqa_16k,False,15,385,0,45,588,0.07653061224489796,False,0
ruler_qa_hotpotqa_16k:0181,ruler_qa_hotpotqa_16k,False,15,385,0,45,588,0.07653061224489796,False,0
ruler_qa_hotpotqa_16k:0183,ruler_qa_hotpotqa_16k,False,13,337,0,46,504,0.09126984126984126,False,0
ruler_qa_hotpotqa_16k:0185,ruler_qa_hotpotqa_16k,False,15,385,0,45,588,0.07653061224489796,False,0
ruler_qa_hotpotqa_16k:0188,ruler_qa_hotpotqa_16k,False,14,361,0,44,546,0.08058608058608059,False,0
ruler_qa_hotpotqa_16k:0189,ruler_qa_hotpotqa_16k,False,15,385,0,45,588,0.07653061224489796,False,0
ruler_qa_hotpotqa_16k:0190,ruler_qa_hotpotqa_16k,False,14,361,0,44,546,0.08058608058608059,False,0
ruler_qa_hotpotqa_16k:0191,ruler_qa_hotpotqa_16k,True,13,337,0,46,504,0.09126984126984126,False,0
ruler_qa_hotpotqa_16k:0192,ruler_qa_hotpotqa_16k,False,14,361,0,44,546,0.08058608058608059,False,0
ruler_qa_hotpotqa_16k:0194,ruler_qa_hotpotqa_16k,False,15,385,0,45,588,0.07653061224489796,False,0
ruler_qa_hotpotqa_16k:0196,ruler_qa_hotpotqa_16k,False,15,385,0,45,588,0.07653061224489796,False,0
ruler_qa_hotpotqa_16k:0197,ruler_qa_hotpotqa_16k,False,15,385,0,45,588,0.07653061224489796,False,0
ruler_qa_hotpotqa_16k:0199,ruler_qa_hotpotqa_16k,False,15,385,0,45,588,0.07653061224489796,False,0
ruler_qa_hotpotqa_16k:0201,ruler_qa_hotpotqa_16k,False,15,385,0,45,588,0.07653061224489796,False,0
ruler_qa_hotpotqa_16k:0202,ruler_qa_hotpotqa_16k,False,14,361,0,44,546,0.08058608058608059,False,0
ruler_qa_hotpotqa_16k:0203,ruler_qa_hotpotqa_16k,False,15,385,0,45,588,0.07653061224489796,False,0
ruler_qa_hotpotqa_16k:0205,ruler_qa_hotpotqa_16k,False,14,361,0,44,546,0.08058608058608059,False,0
ruler_qa_hotpotqa_16k:0206,ruler_qa_hotpotqa_16k,False,14,361,0,44,546,0.08058608058608059,False,0
ruler_qa_hotpotqa_16k:0207,ruler_qa_hotpotqa_16k,False,14,361,0,44,546,0.08058608058608059,False,0
ruler_qa_hotpotqa_16k:0208,ruler_qa_hotpotqa_16k,False,14,361,0,44,546,0.08058608058608059,False,0
ruler_qa_hotpotqa_16k:0211,ruler_qa_hotpotqa_16k,False,14,361,0,44,546,0.08058608058608059,False,0
ruler_qa_hotpotqa_16k:0212,ruler_qa_hotpotqa_16k,False,14,361,0,44,546,0.08058608058608059,False,0
ruler_qa_hotpotqa_16k:0213,ruler_qa_hotpotqa_16k,False,14,361,0,44,546,0.08058608058608059,False,0
ruler_qa_hotpotqa_16k:0214,ruler_qa_hotpotqa_16k,False,15,385,0,45,588,0.07653061224489796,False,0
ruler_qa_hotpotqa_16k:0215,ruler_qa_hotpotqa_16k,False,15,385,0,45,588,0.07653061224489796,False,0
ruler_qa_hotpotqa_16k:0216,ruler_qa_hotpotqa_16k,False,15,385,0,45,588,0.07653061224489796,False,0
ruler_qa_hotpotqa_16k:0217,ruler_qa_hotpotqa_16k,False,15,385,0,45,588,0.07653061224489796,False,0
ruler_qa_hotpotqa_16k:0218,ruler_qa_hotpotqa_16k,False,15,385,0,45,588,0.07653061224489796,False,0
ruler_qa_hotpotqa_16k:0219,ruler_qa_hotpotqa_16k,False,14,361,0,44,546,0.08058608058608059,False,0
ruler_qa_hotpotqa_16k:0220,ruler_qa_hotpotqa_16k,False,13,337,0,46,504,0.09126984126984126,False,0
ruler_qa_hotpotqa_16k:0221,ruler_qa_hotpotqa_16k,False,14,361,0,44,546,0.08058608058608059,False,0
ruler_qa_hotpotqa_16k:0225,ruler_qa_hotpotqa_16k,False,15,385,0,45,588,0.07653061224489796,False,0
ruler_qa_hotpotqa_16k:0228,ruler_qa_hotpotqa_16k,False,15,385,0,45,588,0.07653061224489796,False,0
ruler_qa_hotpotqa_16k:0232,ruler_qa_hotpotqa_16k,False,15,385,0,45,588,0.07653061224489796,False,0
ruler_qa_hotpotqa_16k:0234,ruler_qa_hotpotqa_16k,False,15,385,0,45,588,0.07653061224489796,False,0
ruler_qa_hotpotqa_16k:0236,ruler_qa_hotpotqa_16k,False,15,385,0,45,588,0.07653061224489796,False,0
ruler_qa_hotpotqa_16k:0237,ruler_qa_hotpotqa_16k,False,15,385,0,45,588,0.07653061224489796,False,0
ruler_qa_hotpotqa_16k:0239,ruler_qa_hotpotqa_16k,False,14,361,0,44,546,0.08058608058608059,False,0
ruler_qa_hotpotqa_16k:0240,ruler_qa_hotpotqa_16k,False,15,385,0,45,588,0.07653061224489796,False,0
ruler_qa_hotpotqa_16k:0241,ruler_qa_hotpotqa_16k,False,13,337,0,46,504,0.09126984126984126,False,0
ruler_qa_hotpotqa_16k:0242,ruler_qa_hotpotqa_16k,False,15,385,0,45,588,0.07653061224489796,False,0
ruler_qa_hotpotqa_16k:0243,ruler_qa_hotpotqa_16k,False,15,385,0,45,588,0.07653061224489796,False,0
ruler_qa_hotpotqa_16k:0244,ruler_qa_hotpotqa_16k,False,15,385,0,45,588,0.07653061224489796,False,0
ruler_qa_hotpotqa_16k:0245,ruler_qa_hotpotqa_16k,False,15,385,0,45,588,0.07653061224489796,False,0
ruler_qa_hotpotqa_16k:0248,ruler_qa_hotpotqa_16k,False,14,361,0,44,546,0.08058608058608059,False,0
ruler_qa_hotpotqa_16k:0250,ruler_qa_hotpotqa_16k,False,14,361,0,44,546,0.08058608058608059,False,0
ruler_qa_hotpotqa_16k:0253,ruler_qa_hotpotqa_16k,False,14,361,0,44,546,0.08058608058608059,False,0
ruler_qa_hotpotqa_16k:0254,ruler_qa_hotpotqa_16k,False,14,361,0,44,546,0.08058608058608059,False,0
ruler_qa_hotpotqa_16k:0257,ruler_qa_hotpotqa_16k,False,15,385,0,45,588,0.07653061224489796,False,0
ruler_qa_hotpotqa_16k:0258,ruler_qa_hotpotqa_16k,False,14,361,0,44,546,0.08058608058608059,False,0
ruler_qa_hotpotqa_16k:0260,ruler_qa_hotpotqa_16k,False,15,385,0,45,588,0.07653061224489796,False,0
ruler_qa_hotpotqa_16k:0261,ruler_qa_hotpotqa_16k,False,15,385,0,45,588,0.07653061224489796,False,0
ruler_qa_hotpotqa_16k:0262,ruler_qa_hotpotqa_16k,False,15,385,0,45,588,0.07653061224489796,False,0
ruler_qa_hotpotqa_16k:0263,ruler_qa_hotpotqa_16k,False,15,385,0,45,588,0.07653061224489796,False,0
ruler_qa_hotpotqa_16k:0267,ruler_qa_hotpotqa_16k,False,14,361,0,44,546,0.08058608058608059,False,0
ruler_qa_hotpotqa_16k:0272,ruler_qa_hotpotqa_16k,False,14,361,0,44,546,0.08058608058608059,False,0
ruler_qa_hotpotqa_16k:0274,ruler_qa_hotpotqa_16k,False,15,385,0,45,588,0.07653061224489796,False,0
ruler_qa_hotpotqa_16k:0277,ruler_qa_hotpotqa_16k,False,14,361,0,44,546,0.08058608058608059,False,0
ruler_qa_hotpotqa_16k:0279,ruler_qa_hotpotqa_16k,False,15,385,0,45,588,0.07653061224489796,False,0
ruler_qa_hotpotqa_16k:0282,ruler_qa_hotpotqa_16k,False,15,385,0,45,588,0.07653061224489796,False,0
ruler_qa_hotpotqa_16k:0284,ruler_qa_hotpotqa_16k,False,15,385,0,45,588,0.07653061224489796,False,0
ruler_qa_hotpotqa_16k:0286,ruler_qa_hotpotqa_16k,False,14,361,0,44,546,0.08058608058608059,False,0
ruler_qa_hotpotqa_16k:0287,ruler_qa_hotpotqa_16k,False,14,361,0,44,546,0.08058608058608059,False,0
ruler_qa_hotpotqa_16k:0288,ruler_qa_hotpotqa_16k,False,14,361,0,44,546,0.08058608058608059,False,0
ruler_qa_hotpotqa_16k:0290,ruler_qa_hotpotqa_16k,False,14,361,0,44,546,0.08058608058608059,False,0
ruler_qa_hotpotqa_16k:0292,ruler_qa_hotpotqa_16k,False,15,385,0,45,588,0.07653061224489796,False,0
ruler_qa_hotpotqa_16k:0293,ruler_qa_hotpotqa_16k,False,14,361,0,44,546,0.08058608058608059,False,0
ruler_qa_hotpotqa_16k:0294,ruler_qa_hotpotqa_16k,False,13,337,0,46,504,0.09126984126984126,False,0
ruler_qa_hotpotqa_16k:0296,ruler_qa_hotpotqa_16k,False,13,337,0,46,504,0.09126984126984126,False,0
ruler_qa_hotpotqa_16k:0299,ruler_qa_hotpotqa_16k,False,13,337,0,46,504,0.09126984126984126,False,0
ruler_qa_hotpotqa_16k:0300,ruler_qa_hotpotqa_16k,False,15,385,0,45,588,0.07653061224489796,False,0
ruler_qa_hotpotqa_16k:0301,ruler_qa_hotpotqa_16k,False,15,385,0,45,588,0.07653061224489796,False,0
ruler_qa_hotpotqa_16k:0302,ruler_qa_hotpotqa_16k,False,12,313,0,45,462,0.09740259740259741,False,0
ruler_qa_hotpotqa_16k:0304,ruler_qa_hotpotqa_16k,False,14,361,0,44,546,0.08058608058608059,False,0
ruler_qa_hotpotqa_16k:0305,ruler_qa_hotpotqa_16k,False,14,361,0,44,546,0.08058608058608059,False,0
ruler_qa_hotpotqa_16k:0306,ruler_qa_hotpotqa_16k,False,15,385,0,45,588,0.07653061224489796,False,0
ruler_qa_hotpotqa_16k:0308,ruler_qa_hotpotqa_16k,False,15,385,0,45,588,0.07653061224489796,False,0
ruler_qa_hotpotqa_16k:0310,ruler_qa_hotpotqa_16k,False,15,385,0,45,588,0.07653061224489796,False,0
ruler_qa_hotpotqa_16k:0311,ruler_qa_hotpotqa_16k,False,15,385,0,45,588,0.07653061224489796,False,0
ruler_qa_hotpotqa_16k:0312,ruler_qa_hotpotqa_16k,True,14,361,0,44,546,0.08058608058608059,False,0
ruler_qa_hotpotqa_16k:0314,ruler_qa_hotpotqa_16k,False,15,385,0,45,588,0.07653061224489796,False,0
ruler_qa_hotpotqa_16k:0315,ruler_qa_hotpotqa_16k,False,14,361,0,44,546,0.08058608058608059,False,0
ruler_qa_hotpotqa_16k:0316,ruler_qa_hotpotqa_16k,False,13,337,0,46,504,0.09126984126984126,False,0
ruler_qa_hotpotqa_16k:0317,ruler_qa_hotpotqa_16k,False,15,385,0,45,588,0.07653061224489796,False,0
ruler_qa_hotpotqa_16k:0318,ruler_qa_hotpotqa_16k,False,13,337,0,46,504,0.09126984126984126,False,0
ruler_qa_hotpotqa_16k:0321,ruler_qa_hotpotqa_16k,False,14,361,0,44,546,0.08058608058608059,False,0
ruler_qa_hotpotqa_16k:0326,ruler_qa_hotpotqa_16k,False,14,361,0,44,546,0.08058608058608059,False,0
ruler_qa_hotpotqa_16k:0329,ruler_qa_hotpotqa_16k,False,15,385,0,45,588,0.07653061224489796,False,0
ruler_qa_hotpotqa_16k:0330,ruler_qa_hotpotqa_16k,False,15,385,0,45,588,0.07653061224489796,False,0
ruler_qa_hotpotqa_16k:0331,ruler_qa_hotpotqa_16k,False,14,361,0,44,546,0.08058608058608059,False,0
ruler_qa_hotpotqa_16k:0332,ruler_qa_hotpotqa_16k,False,14,361,0,44,546,0.08058608058608059,False,0
ruler_qa_hotpotqa_16k:0334,ruler_qa_hotpotqa_16k,False,14,361,0,44,546,0.08058608058608059,False,0
ruler_qa_hotpotqa_16k:0335,ruler_qa_hotpotqa_16k,False,15,385,0,45,588,0.07653061224489796,False,0
ruler_qa_hotpotqa_16k:0336,ruler_qa_hotpotqa_16k,False,14,361,0,44,546,0.08058608058608059,False,0
ruler_qa_hotpotqa_16k:0337,ruler_qa_hotpotqa_16k,True,14,361,0,46,546,0.08424908424908426,False,0
ruler_qa_hotpotqa_16k:0338,ruler_qa_hotpotqa_16k,False,13,337,0,46,504,0.09126984126984126,False,0
ruler_qa_hotpotqa_16k:0340,ruler_qa_hotpotqa_16k,False,15,385,0,45,588,0.07653061224489796,False,0
ruler_qa_hotpotqa_16k:0342,ruler_qa_hotpotqa_16k,False,15,385,0,45,588,0.07653061224489796,False,0
ruler_qa_hotpotqa_16k:0344,ruler_qa_hotpotqa_16k,False,15,385,0,45,588,0.07653061224489796,False,0
ruler_qa_hotpotqa_16k:0345,ruler_qa_hotpotqa_16k,False,13,337,0,46,504,0.09126984126984126,False,0
ruler_qa_hotpotqa_16k:0346,ruler_qa_hotpotqa_16k,False,14,361,0,44,546,0.08058608058608059,False,0
ruler_qa_hotpotqa_16k:0348,ruler_qa_hotpotqa_16k,True,14,361,0,46,546,0.08424908424908426,False,0
ruler_qa_hotpotqa_16k:0349,ruler_qa_hotpotqa_16k,False,15,385,0,45,588,0.07653061224489796,False,0
ruler_qa_hotpotqa_16k:0350,ruler_qa_hotpotqa_16k,False,13,337,0,46,504,0.09126984126984126,False,0
ruler_qa_hotpotqa_16k:0351,ruler_qa_hotpotqa_16k,False,14,361,0,44,546,0.08058608058608059,False,0
ruler_qa_hotpotqa_16k:0354,ruler_qa_hotpotqa_16k,False,14,361,0,44,546,0.08058608058608059,False,0
ruler_qa_hotpotqa_16k:0355,ruler_qa_hotpotqa_16k,False,14,361,0,44,546,0.08058608058608059,False,0
ruler_qa_hotpotqa_16k:0356,ruler_qa_hotpotqa_16k,False,13,337,0,46,504,0.09126984126984126,False,0
ruler_qa_hotpotqa_16k:0358,ruler_qa_hotpotqa_16k,False,15,385,0,45,588,0.07653061224489796,False,0
ruler_qa_hotpotqa_16k:0359,ruler_qa_hotpotqa_16k,False,15,385,0,45,588,0.07653061224489796,False,0
ruler_qa_hotpotqa_16k:0360,ruler_qa_hotpotqa_16k,False,15,385,0,45,588,0.07653061224489796,False,0
ruler_qa_hotpotqa_16k:0364,ruler_qa_hotpotqa_16k,True,15,385,0,45,588,0.07653061224489796,False,0
ruler_qa_hotpotqa_16k:0367,ruler_qa_hotpotqa_16k,False,14,361,0,44,546,0.08058608058608059,False,0
ruler_qa_hotpotqa_16k:0368,ruler_qa_hotpotqa_16k,False,15,385,0,45,588,0.07653061224489796,False,0
ruler_qa_hotpotqa_16k:0372,ruler_qa_hotpotqa_16k,False,14,361,0,44,546,0.08058608058608059,False,0
ruler_qa_hotpotqa_16k:0375,ruler_qa_hotpotqa_16k,False,14,361,0,44,546,0.08058608058608059,False,0
ruler_qa_hotpotqa_16k:0378,ruler_qa_hotpotqa_16k,False,15,385,0,45,588,0.07653061224489796,False,0
ruler_qa_hotpotqa_16k:0379,ruler_qa_hotpotqa_16k,False,14,361,0,44,546,0.08058608058608059,False,0
ruler_qa_hotpotqa_16k:0381,ruler_qa_hotpotqa_16k,False,12,313,0,45,462,0.09740259740259741,False,0
ruler_qa_hotpotqa_16k:0382,ruler_qa_hotpotqa_16k,False,15,385,0,45,588,0.07653061224489796,False,0
ruler_qa_hotpotqa_16k:0383,ruler_qa_hotpotqa_16k,False,15,385,0,45,588,0.07653061224489796,False,0
ruler_qa_hotpotqa_16k:0385,ruler_qa_hotpotqa_16k,False,13,337,0,46,504,0.09126984126984126,False,0
ruler_qa_hotpotqa_16k:0386,ruler_qa_hotpotqa_16k,False,13,337,0,46,504,0.09126984126984126,False,0
ruler_qa_hotpotqa_16k:0388,ruler_qa_hotpotqa_16k,False,13,337,0,46,504,0.09126984126984126,False,0
ruler_qa_hotpotqa_16k:0390,ruler_qa_hotpotqa_16k,False,15,385,0,45,588,0.07653061224489796,False,0
ruler_qa_hotpotqa_16k:0391,ruler_qa_hotpotqa_16k,False,14,361,0,44,546,0.08058608058608059,False,0
ruler_qa_hotpotqa_16k:0392,ruler_qa_hotpotqa_16k,False,14,361,0,44,546,0.08058608058608059,False,0
ruler_qa_hotpotqa_16k:0393,ruler_qa_hotpotqa_16k,False,13,337,0,46,504,0.09126984126984126,False,0
ruler_qa_hotpotqa_16k:0394,ruler_qa_hotpotqa_16k,False,13,337,0,46,504,0.09126984126984126,False,0
ruler_qa_hotpotqa_16k:0397,ruler_qa_hotpotqa_16k,False,14,361,0,44,546,0.08058608058608059,False,0
ruler_qa_hotpotqa_16k:0398,ruler_qa_hotpotqa_16k,False,15,385,0,45,588,0.07653061224489796,False,0
ruler_qa_hotpotqa_16k:0400,ruler_qa_hotpotqa_16k,False,14,361,0,44,546,0.08058608058608059,False,0
ruler_qa_hotpotqa_16k:0403,ruler_qa_hotpotqa_16k,False,15,385,0,45,588,0.07653061224489796,False,0
ruler_qa_hotpotqa_16k:0404,ruler_qa_hotpotqa_16k,False,15,385,0,45,588,0.07653061224489796,False,0
ruler_qa_hotpotqa_16k:0405,ruler_qa_hotpotqa_16k,False,14,361,0,44,546,0.08058608058608059,False,0
ruler_qa_hotpotqa_16k:0406,ruler_qa_hotpotqa_16k,False,14,361,0,44,546,0.08058608058608059,False,0
ruler_qa_hotpotqa_16k:0409,ruler_qa_hotpotqa_16k,False,13,337,0,46,504,0.09126984126984126,False,0
ruler_qa_hotpotqa_16k:0411,ruler_qa_hotpotqa_16k,False,15,385,0,45,588,0.07653061224489796,False,0
ruler_qa_hotpotqa_16k:0412,ruler_qa_hotpotqa_16k,False,15,385,0,45,588,0.07653061224489796,False,0
ruler_qa_hotpotqa_16k:0413,ruler_qa_hotpotqa_16k,False,14,361,0,44,546,0.08058608058608059,False,0
ruler_qa_hotpotqa_16k:0416,ruler_qa_hotpotqa_16k,False,15,385,0,45,588,0.07653061224489796,False,0
ruler_qa_hotpotqa_16k:0418,ruler_qa_hotpotqa_16k,False,14,361,0,44,546,0.08058608058608059,False,0
ruler_qa_hotpotqa_16k:0420,ruler_qa_hotpotqa_16k,False,15,385,0,45,588,0.07653061224489796,False,0
ruler_qa_hotpotqa_16k:0422,ruler_qa_hotpotqa_16k,False,15,385,0,45,588,0.07653061224489796,False,0
ruler_qa_hotpotqa_16k:0425,ruler_qa_hotpotqa_16k,False,15,385,0,45,588,0.07653061224489796,False,0
ruler_qa_hotpotqa_16k:0428,ruler_qa_hotpotqa_16k,False,14,361,0,44,546,0.08058608058608059,False,0
ruler_qa_hotpotqa_16k:0430,ruler_qa_hotpotqa_16k,False,15,385,0,45,588,0.07653061224489796,False,0
ruler_qa_hotpotqa_16k:0431,ruler_qa_hotpotqa_16k,False,13,337,0,46,504,0.09126984126984126,False,0
ruler_qa_hotpotqa_16k:0432,ruler_qa_hotpotqa_16k,False,12,313,0,45,462,0.09740259740259741,False,0
ruler_qa_hotpotqa_16k:0435,ruler_qa_hotpotqa_16k,False,14,361,0,44,546,0.08058608058608059,False,0
ruler_qa_hotpotqa_16k:0437,ruler_qa_hotpotqa_16k,False,14,361,0,44,546,0.08058608058608059,False,0
ruler_qa_hotpotqa_16k:0439,ruler_qa_hotpotqa_16k,False,14,361,0,44,546,0.08058608058608059,False,0
ruler_qa_hotpotqa_16k:0443,ruler_qa_hotpotqa_16k,False,15,385,0,45,588,0.07653061224489796,False,0
ruler_qa_hotpotqa_16k:0449,ruler_qa_hotpotqa_16k,False,14,361,0,44,546,0.08058608058608059,False,0
ruler_qa_hotpotqa_16k:0451,ruler_qa_hotpotqa_16k,False,15,385,0,45,588,0.07653061224489796,False,0
ruler_qa_hotpotqa_16k:0454,ruler_qa_hotpotqa_16k,True,15,385,0,45,588,0.07653061224489796,False,0
ruler_qa_hotpotqa_16k:0456,ruler_qa_hotpotqa_16k,False,14,361,0,44,546,0.08058608058608059,False,0
ruler_qa_hotpotqa_16k:0457,ruler_qa_hotpotqa_16k,False,15,385,0,45,588,0.07653061224489796,False,0
ruler_qa_hotpotqa_16k:0458,ruler_qa_hotpotqa_16k,False,14,361,0,44,546,0.08058608058608059,False,0
ruler_qa_hotpotqa_16k:0459,ruler_qa_hotpotqa_16k,False,15,385,0,45,588,0.07653061224489796,False,0
ruler_qa_hotpotqa_16k:0462,ruler_qa_hotpotqa_16k,False,15,385,0,45,588,0.07653061224489796,False,0
ruler_qa_hotpotqa_16k:0466,ruler_qa_hotpotqa_16k,False,13,337,0,46,504,0.09126984126984126,False,0
ruler_qa_hotpotqa_16k:0469,ruler_qa_hotpotqa_16k,False,14,361,0,44,546,0.08058608058608059,False,0
ruler_qa_hotpotqa_16k:0470,ruler_qa_hotpotqa_16k,False,15,385,0,45,588,0.07653061224489796,False,0
ruler_qa_hotpotqa_16k:0471,ruler_qa_hotpotqa_16k,False,14,361,0,44,546,0.08058608058608059,False,0
ruler_qa_hotpotqa_16k:0472,ruler_qa_hotpotqa_16k,False,14,361,0,44,546,0.08058608058608059,False,0
ruler_qa_hotpotqa_16k:0473,ruler_qa_hotpotqa_16k,False,15,385,0,45,588,0.07653061224489796,False,0
ruler_qa_hotpotqa_16k:0475,ruler_qa_hotpotqa_16k,False,14,361,0,44,546,0.08058608058608059,False,0
ruler_qa_hotpotqa_16k:0476,ruler_qa_hotpotqa_16k,False,14,361,0,44,546,0.08058608058608059,False,0
ruler_qa_hotpotqa_16k:0478,ruler_qa_hotpotqa_16k,False,15,385,0,45,588,0.07653061224489796,False,0
ruler_qa_hotpotqa_16k:0481,ruler_qa_hotpotqa_16k,False,14,361,0,44,546,0.08058608058608059,False,0
ruler_qa_hotpotqa_16k:0485,ruler_qa_hotpotqa_16k,False,14,361,0,44,546,0.08058608058608059,False,0
ruler_qa_hotpotqa_16k:0487,ruler_qa_hotpotqa_16k,False,15,385,0,45,588,0.07653061224489796,False,0
ruler_qa_hotpotqa_16k:0488,ruler_qa_hotpotqa_16k,False,14,361,0,44,546,0.08058608058608059,False,0
ruler_qa_hotpotqa_16k:0490,ruler_qa_hotpotqa_16k,False,15,385,0,45,588,0.07653061224489796,False,0
ruler_qa_hotpotqa_16k:0492,ruler_qa_hotpotqa_16k,False,13,337,0,46,504,0.09126984126984126,False,0
ruler_qa_hotpotqa_16k:0493,ruler_qa_hotpotqa_16k,True,15,385,0,46,588,0.0782312925170068,False,0
ruler_qa_hotpotqa_16k:0496,ruler_qa_hotpotqa_16k,False,15,385,0,45,588,0.07653061224489796,False,0
ruler_qa_hotpotqa_16k:0497,ruler_qa_hotpotqa_16k,False,15,385,0,45,588,0.07653061224489796,False,0
ruler_qa_hotpotqa_16k:0498,ruler_qa_hotpotqa_16k,False,14,361,0,44,546,0.08058608058608059,False,0
ruler_qa_squad_16k:0001,ruler_qa_squad_16k,False,14,361,0,44,546,0.08058608058608059,False,0
ruler_qa_squad_16k:0006,ruler_qa_squad_16k,False,14,361,0,44,546,0.08058608058608059,False,0
ruler_qa_squad_16k:0008,ruler_qa_squad_16k,False,13,337,0,46,504,0.09126984126984126,False,0
ruler_qa_squad_16k:0009,ruler_qa_squad_16k,False,14,361,0,44,546,0.08058608058608059,False,0
ruler_qa_squad_16k:0013,ruler_qa_squad_16k,False,14,361,0,44,546,0.08058608058608059,False,0
ruler_qa_squad_16k:0015,ruler_qa_squad_16k,False,13,337,0,46,504,0.09126984126984126,False,0
ruler_qa_squad_16k:0016,ruler_qa_squad_16k,False,14,361,0,44,546,0.08058608058608059,False,0
ruler_qa_squad_16k:0021,ruler_qa_squad_16k,False,13,337,0,46,504,0.09126984126984126,False,0
ruler_qa_squad_16k:0025,ruler_qa_squad_16k,False,15,385,0,45,588,0.07653061224489796,False,0
ruler_qa_squad_16k:0026,ruler_qa_squad_16k,False,14,361,0,44,546,0.08058608058608059,False,0
ruler_qa_squad_16k:0028,ruler_qa_squad_16k,False,14,361,0,44,546,0.08058608058608059,False,0
ruler_qa_squad_16k:0031,ruler_qa_squad_16k,False,13,337,0,46,504,0.09126984126984126,False,0
ruler_qa_squad_16k:0032,ruler_qa_squad_16k,False,14,361,0,44,546,0.08058608058608059,False,0
ruler_qa_squad_16k:0033,ruler_qa_squad_16k,True,14,361,0,44,546,0.08058608058608059,False,0
ruler_qa_squad_16k:0034,ruler_qa_squad_16k,False,14,361,0,44,546,0.08058608058608059,False,0
ruler_qa_squad_16k:0035,ruler_qa_squad_16k,False,14,361,0,44,546,0.08058608058608059,False,0
ruler_qa_squad_16k:0042,ruler_qa_squad_16k,False,15,385,0,45,588,0.07653061224489796,False,0
ruler_qa_squad_16k:0047,ruler_qa_squad_16k,False,14,361,0,44,546,0.08058608058608059,False,0
ruler_qa_squad_16k:0048,ruler_qa_squad_16k,False,13,337,0,46,504,0.09126984126984126,False,0
ruler_qa_squad_16k:0049,ruler_qa_squad_16k,False,14,361,0,44,546,0.08058608058608059,False,0
ruler_qa_squad_16k:0050,ruler_qa_squad_16k,False,14,361,0,44,546,0.08058608058608059,False,0
ruler_qa_squad_16k:0051,ruler_qa_squad_16k,False,14,361,0,44,546,0.08058608058608059,False,0
ruler_qa_squad_16k:0053,ruler_qa_squad_16k,False,14,361,0,44,546,0.08058608058608059,False,0
ruler_qa_squad_16k:0055,ruler_qa_squad_16k,False,14,361,0,44,546,0.08058608058608059,False,0
ruler_qa_squad_16k:0056,ruler_qa_squad_16k,True,13,337,0,46,504,0.09126984126984126,False,0
ruler_qa_squad_16k:0058,ruler_qa_squad_16k,False,14,361,0,44,546,0.08058608058608059,False,0
ruler_qa_squad_16k:0062,ruler_qa_squad_16k,False,14,361,0,44,546,0.08058608058608059,False,0
ruler_qa_squad_16k:0067,ruler_qa_squad_16k,False,13,337,0,46,504,0.09126984126984126,False,0
ruler_qa_squad_16k:0068,ruler_qa_squad_16k,False,14,361,0,44,546,0.08058608058608059,False,0
ruler_qa_squad_16k:0071,ruler_qa_squad_16k,False,14,361,0,44,546,0.08058608058608059,False,0
ruler_qa_squad_16k:0080,ruler_qa_squad_16k,False,14,361,0,44,546,0.08058608058608059,False,0
ruler_qa_squad_16k:0081,ruler_qa_squad_16k,False,14,361,0,44,546,0.08058608058608059,False,0
ruler_qa_squad_16k:0082,ruler_qa_squad_16k,False,14,361,0,44,546,0.08058608058608059,False,0
ruler_qa_squad_16k:0085,ruler_qa_squad_16k,True,15,385,0,46,588,0.0782312925170068,False,0
ruler_qa_squad_16k:0089,ruler_qa_squad_16k,False,14,361,0,44,546,0.08058608058608059,False,0
ruler_qa_squad_16k:0094,ruler_qa_squad_16k,False,15,385,0,45,588,0.07653061224489796,False,0
ruler_qa_squad_16k:0099,ruler_qa_squad_16k,False,13,337,0,46,504,0.09126984126984126,False,0
ruler_qa_squad_16k:0100,ruler_qa_squad_16k,False,13,337,0,46,504,0.09126984126984126,False,0
ruler_qa_squad_16k:0101,ruler_qa_squad_16k,False,13,337,0,46,504,0.09126984126984126,False,0
ruler_qa_squad_16k:0102,ruler_qa_squad_16k,False,13,337,0,46,504,0.09126984126984126,False,0
ruler_qa_squad_16k:0103,ruler_qa_squad_16k,False,13,337,0,46,504,0.09126984126984126,False,0
ruler_qa_squad_16k:0105,ruler_qa_squad_16k,False,13,337,0,46,504,0.09126984126984126,False,0
ruler_qa_squad_16k:0107,ruler_qa_squad_16k,False,12,313,0,45,462,0.09740259740259741,False,0
ruler_qa_squad_16k:0111,ruler_qa_squad_16k,False,12,313,0,45,462,0.09740259740259741,False,0
ruler_qa_squad_16k:0112,ruler_qa_squad_16k,False,12,313,0,45,462,0.09740259740259741,False,0
ruler_qa_squad_16k:0116,ruler_qa_squad_16k,False,12,313,0,45,462,0.09740259740259741,False,0
ruler_qa_squad_16k:0118,ruler_qa_squad_16k,False,13,337,0,46,504,0.09126984126984126,False,0
ruler_qa_squad_16k:0120,ruler_qa_squad_16k,False,12,313,0,45,462,0.09740259740259741,False,0
ruler_qa_squad_16k:0121,ruler_qa_squad_16k,False,12,313,0,45,462,0.09740259740259741,False,0
ruler_qa_squad_16k:0122,ruler_qa_squad_16k,False,13,337,0,46,504,0.09126984126984126,False,0
ruler_qa_squad_16k:0123,ruler_qa_squad_16k,False,13,337,0,46,504,0.09126984126984126,False,0
ruler_qa_squad_16k:0124,ruler_qa_squad_16k,False,12,313,0,45,462,0.09740259740259741,False,0
ruler_qa_squad_16k:0126,ruler_qa_squad_16k,False,12,313,0,45,462,0.09740259740259741,False,0
ruler_qa_squad_16k:0127,ruler_qa_squad_16k,False,12,313,0,45,462,0.09740259740259741,False,0
ruler_qa_squad_16k:0128,ruler_qa_squad_16k,False,13,337,0,46,504,0.09126984126984126,False,0
ruler_qa_squad_16k:0129,ruler_qa_squad_16k,False,12,313,0,45,462,0.09740259740259741,False,0
ruler_qa_squad_16k:0131,ruler_qa_squad_16k,False,14,361,0,44,546,0.08058608058608059,False,0
ruler_qa_squad_16k:0132,ruler_qa_squad_16k,False,12,313,0,45,462,0.09740259740259741,False,0
ruler_qa_squad_16k:0134,ruler_qa_squad_16k,False,13,337,0,46,504,0.09126984126984126,False,0
ruler_qa_squad_16k:0135,ruler_qa_squad_16k,False,12,313,0,45,462,0.09740259740259741,False,0
ruler_qa_squad_16k:0137,ruler_qa_squad_16k,False,13,337,0,46,504,0.09126984126984126,False,0
ruler_qa_squad_16k:0138,ruler_qa_squad_16k,False,12,313,0,45,462,0.09740259740259741,False,0
ruler_qa_squad_16k:0140,ruler_qa_squad_16k,False,12,313,0,45,462,0.09740259740259741,False,0
ruler_qa_squad_16k:0141,ruler_qa_squad_16k,True,12,313,0,46,462,0.09956709956709957,False,0
ruler_qa_squad_16k:0142,ruler_qa_squad_16k,False,12,313,0,45,462,0.09740259740259741,False,0
ruler_qa_squad_16k:0143,ruler_qa_squad_16k,False,13,337,0,46,504,0.09126984126984126,False,0
ruler_qa_squad_16k:0147,ruler_qa_squad_16k,False,12,313,0,45,462,0.09740259740259741,False,0
ruler_qa_squad_16k:0155,ruler_qa_squad_16k,False,12,313,0,45,462,0.09740259740259741,False,0
ruler_qa_squad_16k:0156,ruler_qa_squad_16k,False,13,337,0,46,504,0.09126984126984126,False,0
ruler_qa_squad_16k:0157,ruler_qa_squad_16k,False,12,313,0,45,462,0.09740259740259741,False,0
ruler_qa_squad_16k:0159,ruler_qa_squad_16k,False,12,313,0,45,462,0.09740259740259741,False,0
ruler_qa_squad_16k:0160,ruler_qa_squad_16k,False,13,337,0,46,504,0.09126984126984126,False,0
ruler_qa_squad_16k:0161,ruler_qa_squad_16k,True,12,313,0,45,462,0.09740259740259741,False,0
ruler_qa_squad_16k:0163,ruler_qa_squad_16k,False,13,337,0,46,504,0.09126984126984126,False,0
ruler_qa_squad_16k:0164,ruler_qa_squad_16k,False,12,313,0,45,462,0.09740259740259741,False,0
ruler_qa_squad_16k:0166,ruler_qa_squad_16k,False,12,313,0,45,462,0.09740259740259741,False,0
ruler_qa_squad_16k:0167,ruler_qa_squad_16k,False,12,313,0,45,462,0.09740259740259741,False,0
ruler_qa_squad_16k:0168,ruler_qa_squad_16k,False,13,337,0,46,504,0.09126984126984126,False,0
ruler_qa_squad_16k:0172,ruler_qa_squad_16k,True,12,313,0,45,462,0.09740259740259741,False,0
ruler_qa_squad_16k:0175,ruler_qa_squad_16k,False,12,313,0,45,462,0.09740259740259741,False,0
ruler_qa_squad_16k:0178,ruler_qa_squad_16k,False,12,313,0,45,462,0.09740259740259741,False,0
ruler_qa_squad_16k:0179,ruler_qa_squad_16k,False,12,313,0,45,462,0.09740259740259741,False,0
ruler_qa_squad_16k:0180,ruler_qa_squad_16k,False,12,313,0,45,462,0.09740259740259741,False,0
ruler_qa_squad_16k:0181,ruler_qa_squad_16k,False,13,337,0,46,504,0.09126984126984126,False,0
ruler_qa_squad_16k:0182,ruler_qa_squad_16k,False,14,361,0,44,546,0.08058608058608059,False,0
ruler_qa_squad_16k:0183,ruler_qa_squad_16k,False,13,337,0,46,504,0.09126984126984126,False,0
ruler_qa_squad_16k:0184,ruler_qa_squad_16k,True,12,313,0,45,462,0.09740259740259741,False,0
ruler_qa_squad_16k:0185,ruler_qa_squad_16k,False,11,289,0,46,420,0.10952380952380952,False,0
ruler_qa_squad_16k:0186,ruler_qa_squad_16k,False,12,313,0,45,462,0.09740259740259741,False,0
ruler_qa_squad_16k:0187,ruler_qa_squad_16k,False,12,313,0,45,462,0.09740259740259741,False,0
ruler_qa_squad_16k:0189,ruler_qa_squad_16k,False,13,337,0,46,504,0.09126984126984126,False,0
ruler_qa_squad_16k:0190,ruler_qa_squad_16k,False,12,313,0,45,462,0.09740259740259741,False,0
ruler_qa_squad_16k:0191,ruler_qa_squad_16k,False,12,313,0,45,462,0.09740259740259741,False,0
ruler_qa_squad_16k:0192,ruler_qa_squad_16k,False,12,313,0,45,462,0.09740259740259741,False,0
ruler_qa_squad_16k:0193,ruler_qa_squad_16k,False,12,313,0,45,462,0.09740259740259741,False,0
ruler_qa_squad_16k:0194,ruler_qa_squad_16k,False,11,289,0,46,420,0.10952380952380952,False,0
ruler_qa_squad_16k:0195,ruler_qa_squad_16k,False,13,337,0,46,504,0.09126984126984126,False,0
ruler_qa_squad_16k:0196,ruler_qa_squad_16k,False,13,337,0,46,504,0.09126984126984126,False,0
ruler_qa_squad_16k:0197,ruler_qa_squad_16k,False,12,313,0,45,462,0.09740259740259741,False,0
ruler_qa_squad_16k:0199,ruler_qa_squad_16k,False,13,337,0,46,504,0.09126984126984126,False,0
ruler_qa_squad_16k:0200,ruler_qa_squad_16k,False,12,313,0,45,462,0.09740259740259741,False,0
ruler_qa_squad_16k:0207,ruler_qa_squad_16k,False,12,313,0,45,462,0.09740259740259741,False,0
ruler_qa_squad_16k:0208,ruler_qa_squad_16k,False,12,313,0,45,462,0.09740259740259741,False,0
ruler_qa_squad_16k:0210,ruler_qa_squad_16k,False,13,337,0,46,504,0.09126984126984126,False,0
ruler_qa_squad_16k:0211,ruler_qa_squad_16k,False,12,313,0,45,462,0.09740259740259741,False,0
ruler_qa_squad_16k:0213,ruler_qa_squad_16k,False,12,313,0,45,462,0.09740259740259741,False,0
ruler_qa_squad_16k:0214,ruler_qa_squad_16k,False,13,337,0,46,504,0.09126984126984126,False,0
ruler_qa_squad_16k:0215,ruler_qa_squad_16k,False,13,337,0,46,504,0.09126984126984126,False,0
ruler_qa_squad_16k:0217,ruler_qa_squad_16k,False,12,313,0,45,462,0.09740259740259741,False,0
ruler_qa_squad_16k:0218,ruler_qa_squad_16k,False,12,313,0,45,462,0.09740259740259741,False,0
ruler_qa_squad_16k:0219,ruler_qa_squad_16k,False,12,313,0,45,462,0.09740259740259741,False,0
ruler_qa_squad_16k:0221,ruler_qa_squad_16k,False,12,313,0,45,462,0.09740259740259741,False,0
ruler_qa_squad_16k:0223,ruler_qa_squad_16k,False,13,337,0,46,504,0.09126984126984126,False,0
ruler_qa_squad_16k:0225,ruler_qa_squad_16k,False,12,313,0,45,462,0.09740259740259741,False,0
ruler_qa_squad_16k:0226,ruler_qa_squad_16k,False,13,337,0,46,504,0.09126984126984126,False,0
ruler_qa_squad_16k:0227,ruler_qa_squad_16k,False,12,313,0,45,462,0.09740259740259741,False,0
ruler_qa_squad_16k:0229,ruler_qa_squad_16k,False,13,337,0,46,504,0.09126984126984126,False,0
ruler_qa_squad_16k:0231,ruler_qa_squad_16k,False,13,337,0,46,504,0.09126984126984126,False,0
ruler_qa_squad_16k:0232,ruler_qa_squad_16k,False,12,313,0,45,462,0.09740259740259741,False,0
ruler_qa_squad_16k:0236,ruler_qa_squad_16k,False,12,313,0,45,462,0.09740259740259741,False,0
ruler_qa_squad_16k:0237,ruler_qa_squad_16k,False,13,337,0,46,504,0.09126984126984126,False,0
ruler_qa_squad_16k:0238,ruler_qa_squad_16k,False,13,337,0,46,504,0.09126984126984126,False,0
ruler_qa_squad_16k:0239,ruler_qa_squad_16k,False,13,337,0,46,504,0.09126984126984126,False,0
ruler_qa_squad_16k:0241,ruler_qa_squad_16k,False,12,313,0,45,462,0.09740259740259741,False,0
ruler_qa_squad_16k:0246,ruler_qa_squad_16k,False,13,337,0,46,504,0.09126984126984126,False,0
ruler_qa_squad_16k:0247,ruler_qa_squad_16k,False,11,289,0,46,420,0.10952380952380952,False,0
ruler_qa_squad_16k:0248,ruler_qa_squad_16k,False,12,313,0,45,462,0.09740259740259741,False,0
ruler_qa_squad_16k:0251,ruler_qa_squad_16k,False,13,337,0,46,504,0.09126984126984126,False,0
ruler_qa_squad_16k:0252,ruler_qa_squad_16k,False,12,313,0,45,462,0.09740259740259741,False,0
ruler_qa_squad_16k:0253,ruler_qa_squad_16k,False,12,313,0,45,462,0.09740259740259741,False,0
ruler_qa_squad_16k:0254,ruler_qa_squad_16k,False,13,337,0,46,504,0.09126984126984126,False,0
ruler_qa_squad_16k:0255,ruler_qa_squad_16k,False,12,313,0,45,462,0.09740259740259741,False,0
ruler_qa_squad_16k:0256,ruler_qa_squad_16k,False,13,337,0,46,504,0.09126984126984126,False,0
ruler_qa_squad_16k:0258,ruler_qa_squad_16k,False,13,337,0,46,504,0.09126984126984126,False,0
ruler_qa_squad_16k:0260,ruler_qa_squad_16k,False,12,313,0,45,462,0.09740259740259741,False,0
ruler_qa_squad_16k:0262,ruler_qa_squad_16k,False,12,313,0,45,462,0.09740259740259741,False,0
ruler_qa_squad_16k:0263,ruler_qa_squad_16k,False,13,337,0,46,504,0.09126984126984126,False,0
ruler_qa_squad_16k:0264,ruler_qa_squad_16k,False,13,337,0,46,504,0.09126984126984126,False,0
ruler_qa_squad_16k:0265,ruler_qa_squad_16k,False,12,313,0,45,462,0.09740259740259741,False,0
ruler_qa_squad_16k:0267,ruler_qa_squad_16k,False,13,337,0,46,504,0.09126984126984126,False,0
ruler_qa_squad_16k:0268,ruler_qa_squad_16k,False,12,313,0,45,462,0.09740259740259741,False,0
ruler_qa_squad_16k:0269,ruler_qa_squad_16k,False,13,337,0,46,504,0.09126984126984126,False,0
ruler_qa_squad_16k:0270,ruler_qa_squad_16k,False,13,337,0,46,504,0.09126984126984126,False,0
ruler_qa_squad_16k:0271,ruler_qa_squad_16k,False,12,313,0,45,462,0.09740259740259741,False,0
ruler_qa_squad_16k:0272,ruler_qa_squad_16k,False,12,313,0,45,462,0.09740259740259741,False,0
ruler_qa_squad_16k:0273,ruler_qa_squad_16k,False,13,337,0,46,504,0.09126984126984126,False,0
ruler_qa_squad_16k:0274,ruler_qa_squad_16k,False,12,313,0,45,462,0.09740259740259741,False,0
ruler_qa_squad_16k:0275,ruler_qa_squad_16k,False,14,361,0,44,546,0.08058608058608059,False,0
ruler_qa_squad_16k:0276,ruler_qa_squad_16k,False,12,313,0,45,462,0.09740259740259741,False,0
ruler_qa_squad_16k:0278,ruler_qa_squad_16k,False,12,313,0,45,462,0.09740259740259741,False,0
ruler_qa_squad_16k:0279,ruler_qa_squad_16k,False,13,337,0,46,504,0.09126984126984126,False,0
ruler_qa_squad_16k:0284,ruler_qa_squad_16k,False,13,337,0,46,504,0.09126984126984126,False,0
ruler_qa_squad_16k:0286,ruler_qa_squad_16k,False,12,313,0,45,462,0.09740259740259741,False,0
ruler_qa_squad_16k:0287,ruler_qa_squad_16k,False,12,313,0,45,462,0.09740259740259741,False,0
ruler_qa_squad_16k:0288,ruler_qa_squad_16k,False,13,337,0,46,504,0.09126984126984126,False,0
ruler_qa_squad_16k:0289,ruler_qa_squad_16k,False,12,313,0,45,462,0.09740259740259741,False,0
ruler_qa_squad_16k:0295,ruler_qa_squad_16k,False,13,337,0,46,504,0.09126984126984126,False,0
ruler_qa_squad_16k:0296,ruler_qa_squad_16k,False,12,313,0,45,462,0.09740259740259741,False,0
ruler_qa_squad_16k:0297,ruler_qa_squad_16k,False,12,313,0,45,462,0.09740259740259741,False,0
ruler_qa_squad_16k:0301,ruler_qa_squad_16k,False,12,313,0,45,462,0.09740259740259741,False,0
ruler_qa_squad_16k:0302,ruler_qa_squad_16k,False,13,337,0,46,504,0.09126984126984126,False,0
ruler_qa_squad_16k:0305,ruler_qa_squad_16k,True,12,313,0,45,462,0.09740259740259741,False,0
ruler_qa_squad_16k:0306,ruler_qa_squad_16k,False,11,289,0,46,420,0.10952380952380952,False,0
ruler_qa_squad_16k:0307,ruler_qa_squad_16k,False,12,313,0,45,462,0.09740259740259741,False,0
ruler_qa_squad_16k:0315,ruler_qa_squad_16k,False,13,337,0,46,504,0.09126984126984126,False,0
ruler_qa_squad_16k:0317,ruler_qa_squad_16k,False,13,337,0,46,504,0.09126984126984126,False,0
ruler_qa_squad_16k:0318,ruler_qa_squad_16k,False,13,337,0,46,504,0.09126984126984126,False,0
ruler_qa_squad_16k:0320,ruler_qa_squad_16k,False,12,313,0,45,462,0.09740259740259741,False,0
ruler_qa_squad_16k:0321,ruler_qa_squad_16k,False,12,313,0,45,462,0.09740259740259741,False,0
ruler_qa_squad_16k:0322,ruler_qa_squad_16k,False,13,337,0,46,504,0.09126984126984126,False,0
ruler_qa_squad_16k:0325,ruler_qa_squad_16k,False,13,337,0,46,504,0.09126984126984126,False,0
ruler_qa_squad_16k:0329,ruler_qa_squad_16k,False,12,313,0,45,462,0.09740259740259741,False,0
ruler_qa_squad_16k:0338,ruler_qa_squad_16k,False,12,313,0,45,462,0.09740259740259741,False,0
ruler_qa_squad_16k:0342,ruler_qa_squad_16k,False,12,313,0,45,462,0.09740259740259741,False,0
ruler_qa_squad_16k:0347,ruler_qa_squad_16k,False,12,313,0,45,462,0.09740259740259741,False,0
ruler_qa_squad_16k:0352,ruler_qa_squad_16k,False,12,313,0,45,462,0.09740259740259741,False,0
ruler_qa_squad_16k:0355,ruler_qa_squad_16k,False,12,313,0,45,462,0.09740259740259741,False,0
ruler_qa_squad_16k:0359,ruler_qa_squad_16k,False,12,313,0,45,462,0.09740259740259741,False,0
ruler_qa_squad_16k:0361,ruler_qa_squad_16k,False,13,337,0,46,504,0.09126984126984126,False,0
ruler_qa_squad_16k:0362,ruler_qa_squad_16k,False,13,337,0,46,504,0.09126984126984126,False,0
ruler_qa_squad_16k:0363,ruler_qa_squad_16k,True,13,337,0,46,504,0.09126984126984126,False,0
ruler_qa_squad_16k:0364,ruler_qa_squad_16k,False,12,313,0,45,462,0.09740259740259741,False,0
ruler_qa_squad_16k:0365,ruler_qa_squad_16k,False,12,313,0,45,462,0.09740259740259741,False,0
ruler_qa_squad_16k:0368,ruler_qa_squad_16k,False,13,337,0,46,504,0.09126984126984126,False,0
ruler_qa_squad_16k:0370,ruler_qa_squad_16k,False,12,313,0,45,462,0.09740259740259741,False,0
ruler_qa_squad_16k:0373,ruler_qa_squad_16k,False,13,337,0,46,504,0.09126984126984126,False,0
ruler_qa_squad_16k:0375,ruler_qa_squad_16k,False,13,337,0,46,504,0.09126984126984126,False,0
ruler_qa_squad_16k:0376,ruler_qa_squad_16k,False,12,313,0,45,462,0.09740259740259741,False,0
ruler_qa_squad_16k:0378,ruler_qa_squad_16k,False,12,313,0,45,462,0.09740259740259741,False,0
ruler_qa_squad_16k:0380,ruler_qa_squad_16k,False,12,313,0,45,462,0.09740259740259741,False,0
ruler_qa_squad_16k:0382,ruler_qa_squad_16k,False,12,313,0,45,462,0.09740259740259741,False,0
ruler_qa_squad_16k:0384,ruler_qa_squad_16k,False,12,313,0,45,462,0.09740259740259741,False,0
ruler_qa_squad_16k:0390,ruler_qa_squad_16k,False,13,337,0,46,504,0.09126984126984126,False,0
ruler_qa_squad_16k:0391,ruler_qa_squad_16k,False,13,337,0,46,504,0.09126984126984126,False,0
ruler_qa_squad_16k:0392,ruler_qa_squad_16k,False,14,361,0,44,546,0.08058608058608059,False,0
ruler_qa_squad_16k:0397,ruler_qa_squad_16k,False,12,313,0,45,462,0.09740259740259741,False,0
ruler_qa_squad_16k:0398,ruler_qa_squad_16k,False,13,337,0,46,504,0.09126984126984126,False,0
ruler_qa_squad_16k:0399,ruler_qa_squad_16k,False,12,313,0,45,462,0.09740259740259741,False,0
ruler_qa_squad_16k:0400,ruler_qa_squad_16k,False,12,313,0,45,462,0.09740259740259741,False,0
ruler_qa_squad_16k:0401,ruler_qa_squad_16k,False,13,337,0,46,504,0.09126984126984126,False,0
ruler_qa_squad_16k:0402,ruler_qa_squad_16k,False,12,313,0,45,462,0.09740259740259741,False,0
ruler_qa_squad_16k:0403,ruler_qa_squad_16k,False,13,337,0,46,504,0.09126984126984126,False,0
ruler_qa_squad_16k:0405,ruler_qa_squad_16k,False,13,337,0,46,504,0.09126984126984126,False,0
ruler_qa_squad_16k:0406,ruler_qa_squad_16k,False,12,313,0,45,462,0.09740259740259741,False,0
ruler_qa_squad_16k:0411,ruler_qa_squad_16k,False,13,337,0,46,504,0.09126984126984126,False,0
ruler_qa_squad_16k:0415,ruler_qa_squad_16k,False,13,337,0,46,504,0.09126984126984126,False,0
ruler_qa_squad_16k:0420,ruler_qa_squad_16k,False,12,313,0,45,462,0.09740259740259741,False,0
ruler_qa_squad_16k:0421,ruler_qa_squad_16k,False,13,337,0,46,504,0.09126984126984126,False,0
ruler_qa_squad_16k:0424,ruler_qa_squad_16k,True,13,337,0,46,504,0.09126984126984126,False,0
ruler_qa_squad_16k:0429,ruler_qa_squad_16k,True,13,337,0,46,504,0.09126984126984126,False,0
ruler_qa_squad_16k:0432,ruler_qa_squad_16k,True,13,337,0,46,504,0.09126984126984126,False,0
ruler_qa_squad_16k:0433,ruler_qa_squad_16k,False,14,361,0,44,546,0.08058608058608059,False,0
ruler_qa_squad_16k:0435,ruler_qa_squad_16k,False,12,313,0,45,462,0.09740259740259741,False,0
ruler_qa_squad_16k:0436,ruler_qa_squad_16k,False,12,313,0,45,462,0.09740259740259741,False,0
ruler_qa_squad_16k:0437,ruler_qa_squad_16k,False,13,337,0,46,504,0.09126984126984126,False,0
ruler_qa_squad_16k:0438,ruler_qa_squad_16k,False,12,313,0,45,462,0.09740259740259741,False,0
ruler_qa_squad_16k:0439,ruler_qa_squad_16k,False,13,337,0,46,504,0.09126984126984126,False,0
ruler_qa_squad_16k:0444,ruler_qa_squad_16k,True,12,313,0,45,462,0.09740259740259741,False,0
ruler_qa_squad_16k:0445,ruler_qa_squad_16k,True,12,313,0,45,462,0.09740259740259741,False,0
ruler_qa_squad_16k:0446,ruler_qa_squad_16k,False,13,337,0,46,504,0.09126984126984126,False,0
ruler_qa_squad_16k:0451,ruler_qa_squad_16k,False,12,313,0,45,462,0.09740259740259741,False,0
ruler_qa_squad_16k:0453,ruler_qa_squad_16k,False,12,313,0,45,462,0.09740259740259741,False,0
ruler_qa_squad_16k:0456,ruler_qa_squad_16k,False,13,337,0,46,504,0.09126984126984126,False,0
ruler_qa_squad_16k:0457,ruler_qa_squad_16k,False,13,337,0,46,504,0.09126984126984126,False,0
ruler_qa_squad_16k:0458,ruler_qa_squad_16k,True,12,313,0,45,462,0.09740259740259741,False,0
ruler_qa_squad_16k:0461,ruler_qa_squad_16k,False,12,313,0,45,462,0.09740259740259741,False,0
ruler_qa_squad_16k:0463,ruler_qa_squad_16k,False,12,313,0,45,462,0.09740259740259741,False,0
ruler_qa_squad_16k:0466,ruler_qa_squad_16k,False,13,337,0,46,504,0.09126984126984126,False,0
ruler_qa_squad_16k:0472,ruler_qa_squad_16k,True,12,313,0,46,462,0.09956709956709957,False,0
ruler_qa_squad_16k:0474,ruler_qa_squad_16k,False,14,361,0,44,546,0.08058608058608059,False,0
ruler_qa_squad_16k:0477,ruler_qa_squad_16k,False,15,385,0,45,588,0.07653061224489796,False,0
ruler_qa_squad_16k:0483,ruler_qa_squad_16k,False,14,361,0,44,546,0.08058608058608059,False,0
ruler_qa_squad_16k:0484,ruler_qa_squad_16k,False,13,337,0,46,504,0.09126984126984126,False,0
ruler_qa_squad_16k:0485,ruler_qa_squad_16k,False,15,385,0,45,588,0.07653061224489796,False,0
ruler_qa_squad_16k:0488,ruler_qa_squad_16k,False,15,385,0,45,588,0.07653061224489796,False,0
ruler_qa_squad_16k:0491,ruler_qa_squad_16k,True,14,361,0,46,546,0.08424908424908426,False,0
ruler_qa_squad_16k:0498,ruler_qa_squad_16k,False,14,361,0,44,546,0.08058608058608059,False,0
ruler_vt_16k:0000,ruler_vt_16k,False,15,385,0,45,588,0.07653061224489796,False,0
ruler_vt_16k:0003,ruler_vt_16k,False,15,385,0,45,588,0.07653061224489796,False,0
ruler_vt_16k:0004,ruler_vt_16k,False,15,385,0,45,588,0.07653061224489796,False,0
ruler_vt_16k:0005,ruler_vt_16k,False,15,385,0,45,588,0.07653061224489796,False,0
ruler_vt_16k:0006,ruler_vt_16k,False,15,385,0,45,588,0.07653061224489796,False,0
ruler_vt_16k:0007,ruler_vt_16k,False,15,385,0,45,588,0.07653061224489796,False,0
ruler_vt_16k:0008,ruler_vt_16k,True,15,385,0,46,588,0.0782312925170068,False,0
ruler_vt_16k:0010,ruler_vt_16k,False,15,385,0,45,588,0.07653061224489796,False,0
ruler_vt_16k:0011,ruler_vt_16k,False,15,385,0,45,588,0.07653061224489796,False,0
ruler_vt_16k:0012,ruler_vt_16k,False,15,385,0,45,588,0.07653061224489796,False,0
ruler_vt_16k:0013,ruler_vt_16k,False,15,385,0,46,588,0.0782312925170068,False,0
ruler_vt_16k:0014,ruler_vt_16k,False,15,385,0,45,588,0.07653061224489796,False,0
ruler_vt_16k:0015,ruler_vt_16k,False,15,385,0,45,588,0.07653061224489796,False,0
ruler_vt_16k:0016,ruler_vt_16k,False,15,385,0,45,588,0.07653061224489796,False,0
ruler_vt_16k:0017,ruler_vt_16k,False,15,385,0,45,588,0.07653061224489796,False,0
ruler_vt_16k:0019,ruler_vt_16k,False,15,385,0,45,588,0.07653061224489796,False,0
ruler_vt_16k:0020,ruler_vt_16k,False,15,385,0,45,588,0.07653061224489796,False,0
ruler_vt_16k:0021,ruler_vt_16k,False,15,385,0,46,588,0.0782312925170068,False,0
ruler_vt_16k:0024,ruler_vt_16k,True,15,385,0,45,588,0.07653061224489796,False,0
ruler_vt_16k:0025,ruler_vt_16k,False,15,385,0,45,588,0.07653061224489796,False,0
ruler_vt_16k:0026,ruler_vt_16k,False,15,385,0,45,588,0.07653061224489796,False,0
ruler_vt_16k:0027,ruler_vt_16k,False,15,385,0,45,588,0.07653061224489796,False,0
ruler_vt_16k:0028,ruler_vt_16k,False,15,385,0,45,588,0.07653061224489796,False,0
ruler_vt_16k:0030,ruler_vt_16k,False,15,385,0,45,588,0.07653061224489796,False,0
ruler_vt_16k:0031,ruler_vt_16k,False,15,385,0,45,588,0.07653061224489796,False,0
ruler_vt_16k:0032,ruler_vt_16k,False,15,385,0,45,588,0.07653061224489796,False,0
ruler_vt_16k:0033,ruler_vt_16k,False,15,385,0,45,588,0.07653061224489796,False,0
ruler_vt_16k:0034,ruler_vt_16k,False,15,385,0,45,588,0.07653061224489796,False,0
ruler_vt_16k:0035,ruler_vt_16k,False,15,385,0,45,588,0.07653061224489796,False,0
ruler_vt_16k:0038,ruler_vt_16k,False,15,385,0,45,588,0.07653061224489796,False,0
ruler_vt_16k:0039,ruler_vt_16k,False,15,385,0,46,588,0.0782312925170068,False,0
ruler_vt_16k:0040,ruler_vt_16k,False,15,385,0,45,588,0.07653061224489796,False,0
ruler_vt_16k:0042,ruler_vt_16k,False,15,385,0,45,588,0.07653061224489796,False,0
ruler_vt_16k:0043,ruler_vt_16k,False,15,385,0,45,588,0.07653061224489796,False,0
ruler_vt_16k:0044,ruler_vt_16k,True,15,385,0,45,588,0.07653061224489796,False,0
ruler_vt_16k:0045,ruler_vt_16k,True,15,385,0,45,588,0.07653061224489796,False,0
ruler_vt_16k:0046,ruler_vt_16k,False,15,385,0,45,588,0.07653061224489796,False,0
ruler_vt_16k:0047,ruler_vt_16k,False,15,385,0,45,588,0.07653061224489796,False,0
ruler_vt_16k:0048,ruler_vt_16k,True,15,385,0,45,588,0.07653061224489796,False,0
ruler_vt_16k:0049,ruler_vt_16k,False,15,385,0,45,588,0.07653061224489796,False,0
ruler_vt_16k:0050,ruler_vt_16k,True,15,385,0,47,588,0.07993197278911565,False,0
ruler_vt_16k:0052,ruler_vt_16k,False,15,385,0,45,588,0.07653061224489796,False,0
ruler_vt_16k:0053,ruler_vt_16k,False,15,385,0,45,588,0.07653061224489796,False,0
ruler_vt_16k:0054,ruler_vt_16k,False,15,385,0,44,588,0.07482993197278912,False,0
ruler_vt_16k:0056,ruler_vt_16k,False,15,385,0,47,588,0.07993197278911565,False,0
ruler_vt_16k:0057,ruler_vt_16k,True,15,385,0,44,588,0.07482993197278912,False,0
ruler_vt_16k:0060,ruler_vt_16k,False,15,385,0,44,588,0.07482993197278912,False,0
ruler_vt_16k:0061,ruler_vt_16k,False,15,385,0,45,588,0.07653061224489796,False,0
ruler_vt_16k:0062,ruler_vt_16k,False,15,385,0,45,588,0.07653061224489796,False,0
ruler_vt_16k:0063,ruler_vt_16k,True,15,385,0,46,588,0.0782312925170068,False,0
ruler_vt_16k:0064,ruler_vt_16k,False,15,385,0,45,588,0.07653061224489796,False,0
ruler_vt_16k:0065,ruler_vt_16k,True,15,385,0,48,588,0.08163265306122448,False,0
ruler_vt_16k:0068,ruler_vt_16k,False,15,385,0,45,588,0.07653061224489796,False,0
ruler_vt_16k:0070,ruler_vt_16k,True,15,385,0,46,588,0.0782312925170068,False,0
ruler_vt_16k:0071,ruler_vt_16k,False,15,385,0,45,588,0.07653061224489796,False,0
ruler_vt_16k:0072,ruler_vt_16k,False,15,385,0,45,588,0.07653061224489796,False,0
ruler_vt_16k:0074,ruler_vt_16k,False,15,385,0,45,588,0.07653061224489796,False,0
ruler_vt_16k:0075,ruler_vt_16k,False,15,385,0,45,588,0.07653061224489796,False,0
ruler_vt_16k:0077,ruler_vt_16k,False,15,385,0,45,588,0.07653061224489796,False,0
ruler_vt_16k:0078,ruler_vt_16k,False,15,385,0,45,588,0.07653061224489796,False,0
ruler_vt_16k:0080,ruler_vt_16k,False,15,385,0,45,588,0.07653061224489796,False,0
ruler_vt_16k:0081,ruler_vt_16k,False,15,385,0,45,588,0.07653061224489796,False,0
ruler_vt_16k:0082,ruler_vt_16k,False,15,385,0,45,588,0.07653061224489796,False,0
ruler_vt_16k:0083,ruler_vt_16k,True,15,385,0,46,588,0.0782312925170068,False,0
ruler_vt_16k:0086,ruler_vt_16k,True,15,385,0,46,588,0.0782312925170068,False,0
ruler_vt_16k:0087,ruler_vt_16k,False,15,385,0,45,588,0.07653061224489796,False,0
ruler_vt_16k:0088,ruler_vt_16k,False,15,385,0,45,588,0.07653061224489796,False,0
ruler_vt_16k:0089,ruler_vt_16k,False,15,385,0,45,588,0.07653061224489796,False,0
ruler_vt_16k:0090,ruler_vt_16k,False,15,385,0,45,588,0.07653061224489796,False,0
ruler_vt_16k:0091,ruler_vt_16k,True,15,385,0,45,588,0.07653061224489796,False,0
ruler_vt_16k:0092,ruler_vt_16k,False,15,385,0,45,588,0.07653061224489796,False,0
ruler_vt_16k:0093,ruler_vt_16k,True,15,385,0,46,588,0.0782312925170068,False,0
ruler_vt_16k:0095,ruler_vt_16k,False,15,385,0,45,588,0.07653061224489796,False,0
ruler_vt_16k:0096,ruler_vt_16k,False,15,385,0,45,588,0.07653061224489796,False,0
ruler_vt_16k:0097,ruler_vt_16k,False,15,385,0,45,588,0.07653061224489796,False,0
ruler_vt_16k:0098,ruler_vt_16k,True,15,385,0,45,588,0.07653061224489796,False,0
ruler_vt_16k:0099,ruler_vt_16k,False,15,385,0,46,588,0.0782312925170068,False,0
ruler_vt_16k:0102,ruler_vt_16k,False,15,385,0,45,588,0.07653061224489796,False,0
ruler_vt_16k:0103,ruler_vt_16k,False,15,385,0,44,588,0.07482993197278912,False,0
ruler_vt_16k:0105,ruler_vt_16k,False,15,385,0,45,588,0.07653061224489796,False,0
ruler_vt_16k:0106,ruler_vt_16k,False,15,385,0,45,588,0.07653061224489796,False,0
ruler_vt_16k:0107,ruler_vt_16k,False,15,385,0,45,588,0.07653061224489796,False,0
ruler_vt_16k:0108,ruler_vt_16k,True,15,385,0,46,588,0.0782312925170068,False,0
ruler_vt_16k:0112,ruler_vt_16k,False,15,385,0,45,588,0.07653061224489796,False,0
ruler_vt_16k:0113,ruler_vt_16k,True,15,385,0,45,588,0.07653061224489796,False,0
ruler_vt_16k:0114,ruler_vt_16k,False,15,385,0,45,588,0.07653061224489796,False,0
ruler_vt_16k:0116,ruler_vt_16k,False,15,385,0,45,588,0.07653061224489796,False,0
ruler_vt_16k:0117,ruler_vt_16k,False,15,385,0,45,588,0.07653061224489796,False,0
ruler_vt_16k:0118,ruler_vt_16k,False,15,385,0,45,588,0.07653061224489796,False,0
ruler_vt_16k:0119,ruler_vt_16k,False,15,385,0,45,588,0.07653061224489796,False,0
ruler_vt_16k:0120,ruler_vt_16k,False,15,385,0,45,588,0.07653061224489796,False,0
ruler_vt_16k:0122,ruler_vt_16k,False,15,385,0,45,588,0.07653061224489796,False,0
ruler_vt_16k:0123,ruler_vt_16k,True,15,385,0,45,588,0.07653061224489796,False,0
ruler_vt_16k:0125,ruler_vt_16k,False,15,385,0,45,588,0.07653061224489796,False,0
ruler_vt_16k:0126,ruler_vt_16k,False,15,385,0,45,588,0.07653061224489796,False,0
ruler_vt_16k:0127,ruler_vt_16k,False,15,385,0,45,588,0.07653061224489796,False,0
ruler_vt_16k:0129,ruler_vt_16k,False,15,385,0,45,588,0.07653061224489796,False,0
ruler_vt_16k:0131,ruler_vt_16k,False,15,385,0,45,588,0.07653061224489796,False,0
ruler_vt_16k:0132,ruler_vt_16k,False,15,385,0,45,588,0.07653061224489796,False,0
ruler_vt_16k:0133,ruler_vt_16k,False,15,385,0,45,588,0.07653061224489796,False,0
ruler_vt_16k:0134,ruler_vt_16k,False,15,385,0,45,588,0.07653061224489796,False,0
ruler_vt_16k:0135,ruler_vt_16k,False,15,385,0,45,588,0.07653061224489796,False,0
ruler_vt_16k:0136,ruler_vt_16k,False,15,385,0,46,588,0.0782312925170068,False,0
ruler_vt_16k:0137,ruler_vt_16k,False,15,385,0,45,588,0.07653061224489796,False,0
ruler_vt_16k:0138,ruler_vt_16k,False,15,385,0,45,588,0.07653061224489796,False,0
ruler_vt_16k:0139,ruler_vt_16k,True,15,385,0,45,588,0.07653061224489796,False,0
ruler_vt_16k:0140,ruler_vt_16k,True,15,385,0,45,588,0.07653061224489796,False,0
ruler_vt_16k:0144,ruler_vt_16k,False,15,385,0,45,588,0.07653061224489796,False,0
ruler_vt_16k:0146,ruler_vt_16k,False,15,385,0,44,588,0.07482993197278912,False,0
ruler_vt_16k:0148,ruler_vt_16k,False,15,385,0,45,588,0.07653061224489796,False,0
ruler_vt_16k:0149,ruler_vt_16k,True,15,385,0,46,588,0.0782312925170068,False,0
ruler_vt_16k:0150,ruler_vt_16k,False,15,385,0,45,588,0.07653061224489796,False,0
ruler_vt_16k:0151,ruler_vt_16k,False,15,385,0,45,588,0.07653061224489796,False,0
ruler_vt_16k:0152,ruler_vt_16k,False,15,385,0,45,588,0.07653061224489796,False,0
ruler_vt_16k:0154,ruler_vt_16k,False,15,385,0,45,588,0.07653061224489796,False,0
ruler_vt_16k:0155,ruler_vt_16k,False,15,385,0,45,588,0.07653061224489796,False,0
ruler_vt_16k:0156,ruler_vt_16k,False,15,385,0,45,588,0.07653061224489796,False,0
ruler_vt_16k:0157,ruler_vt_16k,True,15,385,0,46,588,0.0782312925170068,False,0
ruler_vt_16k:0158,ruler_vt_16k,False,15,385,0,45,588,0.07653061224489796,False,0
ruler_vt_16k:0159,ruler_vt_16k,False,15,385,0,45,588,0.07653061224489796,False,0
ruler_vt_16k:0160,ruler_vt_16k,True,15,385,0,45,588,0.07653061224489796,False,0
ruler_vt_16k:0161,ruler_vt_16k,False,15,385,0,45,588,0.07653061224489796,False,0
ruler_vt_16k:0162,ruler_vt_16k,False,15,385,0,45,588,0.07653061224489796,False,0
ruler_vt_16k:0163,ruler_vt_16k,False,15,385,0,45,588,0.07653061224489796,False,0
ruler_vt_16k:0164,ruler_vt_16k,True,15,385,0,45,588,0.07653061224489796,False,0
ruler_vt_16k:0165,ruler_vt_16k,True,15,385,0,45,588,0.07653061224489796,False,0
ruler_vt_16k:0167,ruler_vt_16k,False,15,385,0,46,588,0.0782312925170068,False,0
ruler_vt_16k:0169,ruler_vt_16k,False,15,385,0,45,588,0.07653061224489796,False,0
ruler_vt_16k:0170,ruler_vt_16k,True,15,385,0,46,588,0.0782312925170068,False,0
ruler_vt_16k:0171,ruler_vt_16k,False,15,385,0,45,588,0.07653061224489796,False,0
ruler_vt_16k:0172,ruler_vt_16k,True,15,385,0,45,588,0.07653061224489796,False,0
ruler_vt_16k:0173,ruler_vt_16k,False,15,385,0,45,588,0.07653061224489796,False,0
ruler_vt_16k:0174,ruler_vt_16k,False,15,385,0,45,588,0.07653061224489796,False,0
ruler_vt_16k:0177,ruler_vt_16k,False,15,385,0,45,588,0.07653061224489796,False,0
ruler_vt_16k:0178,ruler_vt_16k,False,15,385,0,45,588,0.07653061224489796,False,0
ruler_vt_16k:0180,ruler_vt_16k,False,15,385,0,44,588,0.07482993197278912,False,0
ruler_vt_16k:0181,ruler_vt_16k,False,15,385,0,48,588,0.08163265306122448,False,0
ruler_vt_16k:0182,ruler_vt_16k,False,15,385,0,45,588,0.07653061224489796,False,0
ruler_vt_16k:0183,ruler_vt_16k,True,15,385,0,45,588,0.07653061224489796,False,0
ruler_vt_16k:0188,ruler_vt_16k,True,15,385,0,46,588,0.0782312925170068,False,0
ruler_vt_16k:0190,ruler_vt_16k,False,15,385,0,45,588,0.07653061224489796,False,0
ruler_vt_16k:0191,ruler_vt_16k,False,15,385,0,45,588,0.07653061224489796,False,0
ruler_vt_16k:0193,ruler_vt_16k,False,15,385,0,44,588,0.07482993197278912,False,0
ruler_vt_16k:0194,ruler_vt_16k,True,15,385,0,46,588,0.0782312925170068,False,0
ruler_vt_16k:0195,ruler_vt_16k,False,15,385,0,45,588,0.07653061224489796,False,0
ruler_vt_16k:0196,ruler_vt_16k,True,15,385,0,45,588,0.07653061224489796,False,0
ruler_vt_16k:0197,ruler_vt_16k,False,15,385,0,45,588,0.07653061224489796,False,0
ruler_vt_16k:0198,ruler_vt_16k,False,15,385,0,45,588,0.07653061224489796,False,0
ruler_vt_16k:0199,ruler_vt_16k,True,15,385,0,45,588,0.07653061224489796,False,0
ruler_vt_16k:0200,ruler_vt_16k,False,15,385,0,45,588,0.07653061224489796,False,0
ruler_vt_16k:0202,ruler_vt_16k,False,15,385,0,45,588,0.07653061224489796,False,0
ruler_vt_16k:0203,ruler_vt_16k,True,15,385,0,45,588,0.07653061224489796,False,0
ruler_vt_16k:0204,ruler_vt_16k,False,15,385,0,47,588,0.07993197278911565,False,0
ruler_vt_16k:0206,ruler_vt_16k,False,15,385,0,45,588,0.07653061224489796,False,0
ruler_vt_16k:0207,ruler_vt_16k,False,15,385,0,44,588,0.07482993197278912,False,0
ruler_vt_16k:0208,ruler_vt_16k,False,15,385,0,45,588,0.07653061224489796,False,0
ruler_vt_16k:0209,ruler_vt_16k,False,15,385,0,45,588,0.07653061224489796,False,0
ruler_vt_16k:0210,ruler_vt_16k,False,15,385,0,45,588,0.07653061224489796,False,0
ruler_vt_16k:0212,ruler_vt_16k,False,15,385,0,45,588,0.07653061224489796,False,0
ruler_vt_16k:0213,ruler_vt_16k,False,15,385,0,45,588,0.07653061224489796,False,0
ruler_vt_16k:0214,ruler_vt_16k,False,15,385,0,45,588,0.07653061224489796,False,0
ruler_vt_16k:0215,ruler_vt_16k,False,15,385,0,46,588,0.0782312925170068,False,0
ruler_vt_16k:0216,ruler_vt_16k,False,15,385,0,45,588,0.07653061224489796,False,0
ruler_vt_16k:0217,ruler_vt_16k,False,15,385,0,45,588,0.07653061224489796,False,0
ruler_vt_16k:0218,ruler_vt_16k,False,15,385,0,45,588,0.07653061224489796,False,0
ruler_vt_16k:0219,ruler_vt_16k,False,15,385,0,45,588,0.07653061224489796,False,0
ruler_vt_16k:0220,ruler_vt_16k,True,15,385,0,45,588,0.07653061224489796,False,0
ruler_vt_16k:0221,ruler_vt_16k,False,15,385,0,45,588,0.07653061224489796,False,0
ruler_vt_16k:0222,ruler_vt_16k,False,15,385,0,45,588,0.07653061224489796,False,0
ruler_vt_16k:0223,ruler_vt_16k,True,15,385,0,46,588,0.0782312925170068,False,0
ruler_vt_16k:0224,ruler_vt_16k,False,15,385,0,45,588,0.07653061224489796,False,0
ruler_vt_16k:0226,ruler_vt_16k,True,15,385,0,45,588,0.07653061224489796,False,0
ruler_vt_16k:0227,ruler_vt_16k,False,15,385,0,45,588,0.07653061224489796,False,0
ruler_vt_16k:0228,ruler_vt_16k,False,15,385,0,45,588,0.07653061224489796,False,0
ruler_vt_16k:0229,ruler_vt_16k,False,15,385,0,45,588,0.07653061224489796,False,0
ruler_vt_16k:0231,ruler_vt_16k,False,15,385,0,45,588,0.07653061224489796,False,0
ruler_vt_16k:0232,ruler_vt_16k,False,15,385,0,45,588,0.07653061224489796,False,0
ruler_vt_16k:0233,ruler_vt_16k,False,15,385,0,45,588,0.07653061224489796,False,0
ruler_vt_16k:0235,ruler_vt_16k,False,15,385,0,45,588,0.07653061224489796,False,0
ruler_vt_16k:0236,ruler_vt_16k,False,15,385,0,45,588,0.07653061224489796,False,0
ruler_vt_16k:0237,ruler_vt_16k,True,15,385,0,46,588,0.0782312925170068,False,0
ruler_vt_16k:0238,ruler_vt_16k,False,15,385,0,45,588,0.07653061224489796,False,0
ruler_vt_16k:0240,ruler_vt_16k,True,15,385,0,45,588,0.07653061224489796,False,0
ruler_vt_16k:0242,ruler_vt_16k,False,15,385,0,45,588,0.07653061224489796,False,0
ruler_vt_16k:0243,ruler_vt_16k,False,15,385,0,45,588,0.07653061224489796,False,0
ruler_vt_16k:0245,ruler_vt_16k,False,15,385,0,45,588,0.07653061224489796,False,0
ruler_vt_16k:0246,ruler_vt_16k,False,15,385,0,45,588,0.07653061224489796,False,0
ruler_vt_16k:0247,ruler_vt_16k,False,15,385,0,45,588,0.07653061224489796,False,0
ruler_vt_16k:0248,ruler_vt_16k,False,15,385,0,45,588,0.07653061224489796,False,0
ruler_vt_16k:0251,ruler_vt_16k,False,15,385,0,45,588,0.07653061224489796,False,0
ruler_vt_16k:0252,ruler_vt_16k,False,15,385,0,45,588,0.07653061224489796,False,0
ruler_vt_16k:0254,ruler_vt_16k,False,15,385,0,45,588,0.07653061224489796,False,0
ruler_vt_16k:0255,ruler_vt_16k,False,15,385,0,45,588,0.07653061224489796,False,0
ruler_vt_16k:0257,ruler_vt_16k,False,15,385,0,45,588,0.07653061224489796,False,0
ruler_vt_16k:0258,ruler_vt_16k,False,15,385,0,45,588,0.07653061224489796,False,0
ruler_vt_16k:0260,ruler_vt_16k,False,15,385,0,45,588,0.07653061224489796,False,0
ruler_vt_16k:0261,ruler_vt_16k,False,15,385,0,45,588,0.07653061224489796,False,0
ruler_vt_16k:0262,ruler_vt_16k,False,15,385,0,45,588,0.07653061224489796,False,0
ruler_vt_16k:0264,ruler_vt_16k,False,15,385,0,45,588,0.07653061224489796,False,0
ruler_vt_16k:0266,ruler_vt_16k,False,15,385,0,45,588,0.07653061224489796,False,0
ruler_vt_16k:0267,ruler_vt_16k,False,15,385,0,45,588,0.07653061224489796,False,0
ruler_vt_16k:0268,ruler_vt_16k,False,15,385,0,46,588,0.0782312925170068,False,0
ruler_vt_16k:0270,ruler_vt_16k,True,15,385,0,45,588,0.07653061224489796,False,0
ruler_vt_16k:0272,ruler_vt_16k,True,15,385,0,45,588,0.07653061224489796,False,0
ruler_vt_16k:0274,ruler_vt_16k,False,15,385,0,45,588,0.07653061224489796,False,0
ruler_vt_16k:0275,ruler_vt_16k,False,15,385,0,45,588,0.07653061224489796,False,0
ruler_vt_16k:0276,ruler_vt_16k,False,15,385,0,45,588,0.07653061224489796,False,0
ruler_vt_16k:0277,ruler_vt_16k,True,15,385,0,47,588,0.07993197278911565,False,0
ruler_vt_16k:0278,ruler_vt_16k,False,15,385,0,45,588,0.07653061224489796,False,0
ruler_vt_16k:0279,ruler_vt_16k,True,15,385,0,45,588,0.07653061224489796,False,0
ruler_vt_16k:0280,ruler_vt_16k,False,15,385,0,45,588,0.07653061224489796,False,0
ruler_vt_16k:0282,ruler_vt_16k,False,15,385,0,45,588,0.07653061224489796,False,0
ruler_vt_16k:0283,ruler_vt_16k,False,15,385,0,45,588,0.07653061224489796,False,0
ruler_vt_16k:0284,ruler_vt_16k,False,15,385,0,45,588,0.07653061224489796,False,0
ruler_vt_16k:0285,ruler_vt_16k,False,15,385,0,45,588,0.07653061224489796,False,0
ruler_vt_16k:0286,ruler_vt_16k,True,15,385,0,46,588,0.0782312925170068,False,0
ruler_vt_16k:0287,ruler_vt_16k,False,15,385,0,45,588,0.07653061224489796,False,0
ruler_vt_16k:0289,ruler_vt_16k,False,15,385,0,45,588,0.07653061224489796,False,0
ruler_vt_16k:0293,ruler_vt_16k,False,15,385,0,45,588,0.07653061224489796,False,0
ruler_vt_16k:0295,ruler_vt_16k,True,15,385,0,46,588,0.0782312925170068,False,0
ruler_vt_16k:0296,ruler_vt_16k,False,15,385,0,45,588,0.07653061224489796,False,0
ruler_vt_16k:0297,ruler_vt_16k,False,15,385,0,45,588,0.07653061224489796,False,0
ruler_vt_16k:0298,ruler_vt_16k,False,15,385,0,45,588,0.07653061224489796,False,0
ruler_vt_16k:0299,ruler_vt_16k,True,15,385,0,47,588,0.07993197278911565,False,0
ruler_vt_16k:0300,ruler_vt_16k,False,15,385,0,45,588,0.07653061224489796,False,0
ruler_vt_16k:0301,ruler_vt_16k,False,15,385,0,44,588,0.07482993197278912,False,0
ruler_vt_16k:0302,ruler_vt_16k,False,15,385,0,45,588,0.07653061224489796,False,0
ruler_vt_16k:0303,ruler_vt_16k,False,15,385,0,45,588,0.07653061224489796,False,0
ruler_vt_16k:0304,ruler_vt_16k,False,15,385,0,45,588,0.07653061224489796,False,0
ruler_vt_16k:0305,ruler_vt_16k,False,15,385,0,45,588,0.07653061224489796,False,0
ruler_vt_16k:0306,ruler_vt_16k,False,15,385,0,45,588,0.07653061224489796,False,0
ruler_vt_16k:0307,ruler_vt_16k,False,15,385,0,45,588,0.07653061224489796,False,0
ruler_vt_16k:0308,ruler_vt_16k,False,15,385,0,45,588,0.07653061224489796,False,0
ruler_vt_16k:0309,ruler_vt_16k,False,15,385,0,45,588,0.07653061224489796,False,0
ruler_vt_16k:0310,ruler_vt_16k,True,15,385,0,46,588,0.0782312925170068,False,0
ruler_vt_16k:0311,ruler_vt_16k,False,15,385,0,45,588,0.07653061224489796,False,0
ruler_vt_16k:0312,ruler_vt_16k,False,15,385,0,45,588,0.07653061224489796,False,0
ruler_vt_16k:0313,ruler_vt_16k,False,15,385,0,45,588,0.07653061224489796,False,0
ruler_vt_16k:0314,ruler_vt_16k,False,15,385,0,44,588,0.07482993197278912,False,0
ruler_vt_16k:0315,ruler_vt_16k,False,15,385,0,45,588,0.07653061224489796,False,0
ruler_vt_16k:0317,ruler_vt_16k,True,15,385,0,46,588,0.0782312925170068,False,0
ruler_vt_16k:0318,ruler_vt_16k,False,15,385,0,45,588,0.07653061224489796,False,0
ruler_vt_16k:0320,ruler_vt_16k,False,15,385,0,44,588,0.07482993197278912,False,0
ruler_vt_16k:0321,ruler_vt_16k,False,15,385,0,45,588,0.07653061224489796,False,0
ruler_vt_16k:0322,ruler_vt_16k,True,15,385,0,46,588,0.0782312925170068,False,0
ruler_vt_16k:0323,ruler_vt_16k,True,15,385,0,47,588,0.07993197278911565,False,0
ruler_vt_16k:0324,ruler_vt_16k,False,15,385,0,45,588,0.07653061224489796,False,0
ruler_vt_16k:0325,ruler_vt_16k,False,15,385,0,45,588,0.07653061224489796,False,0
ruler_vt_16k:0326,ruler_vt_16k,False,15,385,0,45,588,0.07653061224489796,False,0
ruler_vt_16k:0329,ruler_vt_16k,False,15,385,0,45,588,0.07653061224489796,False,0
ruler_vt_16k:0331,ruler_vt_16k,False,15,385,0,45,588,0.07653061224489796,False,0
ruler_vt_16k:0332,ruler_vt_16k,False,15,385,0,45,588,0.07653061224489796,False,0
ruler_vt_16k:0333,ruler_vt_16k,True,15,385,0,47,588,0.07993197278911565,False,0
ruler_vt_16k:0334,ruler_vt_16k,False,15,385,0,45,588,0.07653061224489796,False,0
ruler_vt_16k:0335,ruler_vt_16k,False,15,385,0,45,588,0.07653061224489796,False,0
ruler_vt_16k:0336,ruler_vt_16k,False,15,385,0,45,588,0.07653061224489796,False,0
ruler_vt_16k:0338,ruler_vt_16k,False,15,385,0,45,588,0.07653061224489796,False,0
ruler_vt_16k:0341,ruler_vt_16k,False,15,385,0,45,588,0.07653061224489796,False,0
ruler_vt_16k:0342,ruler_vt_16k,True,15,385,0,47,588,0.07993197278911565,False,0
ruler_vt_16k:0343,ruler_vt_16k,False,15,385,0,45,588,0.07653061224489796,False,0
ruler_vt_16k:0345,ruler_vt_16k,False,15,385,0,46,588,0.0782312925170068,False,0
ruler_vt_16k:0346,ruler_vt_16k,False,15,385,0,45,588,0.07653061224489796,False,0
ruler_vt_16k:0347,ruler_vt_16k,False,15,385,0,45,588,0.07653061224489796,False,0
ruler_vt_16k:0349,ruler_vt_16k,False,15,385,0,45,588,0.07653061224489796,False,0
ruler_vt_16k:0350,ruler_vt_16k,False,15,385,0,45,588,0.07653061224489796,False,0
ruler_vt_16k:0351,ruler_vt_16k,False,15,385,0,45,588,0.07653061224489796,False,0
ruler_vt_16k:0352,ruler_vt_16k,True,15,385,0,46,588,0.0782312925170068,False,0
ruler_vt_16k:0354,ruler_vt_16k,False,15,385,0,45,588,0.07653061224489796,False,0
ruler_vt_16k:0355,ruler_vt_16k,False,15,385,0,45,588,0.07653061224489796,False,0
ruler_vt_16k:0358,ruler_vt_16k,True,15,385,0,46,588,0.0782312925170068,False,0
ruler_vt_16k:0359,ruler_vt_16k,False,15,385,0,45,588,0.07653061224489796,False,0
ruler_vt_16k:0360,ruler_vt_16k,False,15,385,0,45,588,0.07653061224489796,False,0
ruler_vt_16k:0362,ruler_vt_16k,True,15,385,0,46,588,0.0782312925170068,False,0
ruler_vt_16k:0363,ruler_vt_16k,False,15,385,0,45,588,0.07653061224489796,False,0
ruler_vt_16k:0364,ruler_vt_16k,False,15,385,0,44,588,0.07482993197278912,False,0
ruler_vt_16k:0365,ruler_vt_16k,False,15,385,0,45,588,0.07653061224489796,False,0
ruler_vt_16k:0366,ruler_vt_16k,False,15,385,0,46,588,0.0782312925170068,False,0
ruler_vt_16k:0368,ruler_vt_16k,False,15,385,0,45,588,0.07653061224489796,False,0
ruler_vt_16k:0369,ruler_vt_16k,False,15,385,0,45,588,0.07653061224489796,False,0
ruler_vt_16k:0370,ruler_vt_16k,False,15,385,0,45,588,0.07653061224489796,False,0
ruler_vt_16k:0371,ruler_vt_16k,False,15,385,0,45,588,0.07653061224489796,False,0
ruler_vt_16k:0372,ruler_vt_16k,True,15,385,0,45,588,0.07653061224489796,False,0
ruler_vt_16k:0373,ruler_vt_16k,True,15,385,0,46,588,0.0782312925170068,False,0
ruler_vt_16k:0374,ruler_vt_16k,False,15,385,0,45,588,0.07653061224489796,False,0
ruler_vt_16k:0375,ruler_vt_16k,False,15,385,0,45,588,0.07653061224489796,False,0
ruler_vt_16k:0376,ruler_vt_16k,True,15,385,0,45,588,0.07653061224489796,False,0
ruler_vt_16k:0377,ruler_vt_16k,False,15,385,0,43,588,0.07312925170068027,False,0
ruler_vt_16k:0378,ruler_vt_16k,False,15,385,0,45,588,0.07653061224489796,False,0
ruler_vt_16k:0381,ruler_vt_16k,True,15,385,0,47,588,0.07993197278911565,False,0
ruler_vt_16k:0382,ruler_vt_16k,False,15,385,0,45,588,0.07653061224489796,False,0
ruler_vt_16k:0383,ruler_vt_16k,False,15,385,0,45,588,0.07653061224489796,False,0
ruler_vt_16k:0384,ruler_vt_16k,False,15,385,0,45,588,0.07653061224489796,False,0
ruler_vt_16k:0386,ruler_vt_16k,False,15,385,0,45,588,0.07653061224489796,False,0
ruler_vt_16k:0387,ruler_vt_16k,False,15,385,0,45,588,0.07653061224489796,False,0
ruler_vt_16k:0388,ruler_vt_16k,False,15,385,0,45,588,0.07653061224489796,False,0
ruler_vt_16k:0389,ruler_vt_16k,False,15,385,0,45,588,0.07653061224489796,False,0
ruler_vt_16k:0390,ruler_vt_16k,False,15,385,0,45,588,0.07653061224489796,False,0
ruler_vt_16k:0392,ruler_vt_16k,False,15,385,0,45,588,0.07653061224489796,False,0
ruler_vt_16k:0394,ruler_vt_16k,True,15,385,0,45,588,0.07653061224489796,False,0
ruler_vt_16k:0396,ruler_vt_16k,True,15,385,0,45,588,0.07653061224489796,False,0
ruler_vt_16k:0397,ruler_vt_16k,False,15,385,0,45,588,0.07653061224489796,False,0
ruler_vt_16k:0399,ruler_vt_16k,False,15,385,0,45,588,0.07653061224489796,False,0
ruler_vt_16k:0400,ruler_vt_16k,True,15,385,0,47,588,0.07993197278911565,False,0
ruler_vt_16k:0402,ruler_vt_16k,False,15,385,0,45,588,0.07653061224489796,False,0
ruler_vt_16k:0404,ruler_vt_16k,True,15,385,0,45,588,0.07653061224489796,False,0
ruler_vt_16k:0405,ruler_vt_16k,True,15,385,0,46,588,0.0782312925170068,False,0
ruler_vt_16k:0406,ruler_vt_16k,False,15,385,0,45,588,0.07653061224489796,False,0
ruler_vt_16k:0407,ruler_vt_16k,False,15,385,0,45,588,0.07653061224489796,False,0
ruler_vt_16k:0408,ruler_vt_16k,False,15,385,0,45,588,0.07653061224489796,False,0
ruler_vt_16k:0409,ruler_vt_16k,False,15,385,0,45,588,0.07653061224489796,False,0
ruler_vt_16k:0411,ruler_vt_16k,False,15,385,0,45,588,0.07653061224489796,False,0
ruler_vt_16k:0413,ruler_vt_16k,False,15,385,0,45,588,0.07653061224489796,False,0
ruler_vt_16k:0415,ruler_vt_16k,False,15,385,0,45,588,0.07653061224489796,False,0
ruler_vt_16k:0416,ruler_vt_16k,True,15,385,0,46,588,0.0782312925170068,False,0
ruler_vt_16k:0418,ruler_vt_16k,True,15,385,0,45,588,0.07653061224489796,False,0
ruler_vt_16k:0420,ruler_vt_16k,True,15,385,0,46,588,0.0782312925170068,False,0
ruler_vt_16k:0421,ruler_vt_16k,True,15,385,0,45,588,0.07653061224489796,False,0
ruler_vt_16k:0422,ruler_vt_16k,True,15,385,0,46,588,0.0782312925170068,False,0
ruler_vt_16k:0423,ruler_vt_16k,False,15,385,0,45,588,0.07653061224489796,False,0
ruler_vt_16k:0424,ruler_vt_16k,False,15,385,0,46,588,0.0782312925170068,False,0
ruler_vt_16k:0425,ruler_vt_16k,True,15,385,0,46,588,0.0782312925170068,False,0
ruler_vt_16k:0426,ruler_vt_16k,False,15,385,0,45,588,0.07653061224489796,False,0
ruler_vt_16k:0427,ruler_vt_16k,False,15,385,0,46,588,0.0782312925170068,False,0
ruler_vt_16k:0428,ruler_vt_16k,False,15,385,0,46,588,0.0782312925170068,False,0
ruler_vt_16k:0429,ruler_vt_16k,False,15,385,0,45,588,0.07653061224489796,False,0
ruler_vt_16k:0430,ruler_vt_16k,False,15,385,0,45,588,0.07653061224489796,False,0
ruler_vt_16k:0431,ruler_vt_16k,False,15,385,0,45,588,0.07653061224489796,False,0
ruler_vt_16k:0433,ruler_vt_16k,False,15,385,0,45,588,0.07653061224489796,False,0
ruler_vt_16k:0434,ruler_vt_16k,False,15,385,0,45,588,0.07653061224489796,False,0
ruler_vt_16k:0437,ruler_vt_16k,False,15,385,0,45,588,0.07653061224489796,False,0
ruler_vt_16k:0438,ruler_vt_16k,False,15,385,0,45,588,0.07653061224489796,False,0
ruler_vt_16k:0439,ruler_vt_16k,False,15,385,0,45,588,0.07653061224489796,False,0
ruler_vt_16k:0440,ruler_vt_16k,False,15,385,0,45,588,0.07653061224489796,False,0
ruler_vt_16k:0442,ruler_vt_16k,False,15,385,0,45,588,0.07653061224489796,False,0
ruler_vt_16k:0444,ruler_vt_16k,False,15,385,0,45,588,0.07653061224489796,False,0
ruler_vt_16k:0445,ruler_vt_16k,True,15,385,0,46,588,0.0782312925170068,False,0
ruler_vt_16k:0446,ruler_vt_16k,False,15,385,0,45,588,0.07653061224489796,False,0
ruler_vt_16k:0447,ruler_vt_16k,False,15,385,0,45,588,0.07653061224489796,False,0
ruler_vt_16k:0448,ruler_vt_16k,False,15,385,0,45,588,0.07653061224489796,False,0
ruler_vt_16k:0451,ruler_vt_16k,True,15,385,0,46,588,0.0782312925170068,False,0
ruler_vt_16k:0452,ruler_vt_16k,False,15,385,0,45,588,0.07653061224489796,False,0
ruler_vt_16k:0454,ruler_vt_16k,True,15,385,0,47,588,0.07993197278911565,False,0
ruler_vt_16k:0455,ruler_vt_16k,False,15,385,0,45,588,0.07653061224489796,False,0
ruler_vt_16k:0456,ruler_vt_16k,True,15,385,0,46,588,0.0782312925170068,False,0
ruler_vt_16k:0457,ruler_vt_16k,False,15,385,0,45,588,0.07653061224489796,False,0
ruler_vt_16k:0458,ruler_vt_16k,False,15,385,0,45,588,0.07653061224489796,False,0
ruler_vt_16k:0459,ruler_vt_16k,False,15,385,0,45,588,0.07653061224489796,False,0
ruler_vt_16k:0460,ruler_vt_16k,False,15,385,0,45,588,0.07653061224489796,False,0
ruler_vt_16k:0461,ruler_vt_16k,False,15,385,0,45,588,0.07653061224489796,False,0
ruler_vt_16k:0463,ruler_vt_16k,False,15,385,0,45,588,0.07653061224489796,False,0
ruler_vt_16k:0464,ruler_vt_16k,False,15,385,0,45,588,0.07653061224489796,False,0
ruler_vt_16k:0465,ruler_vt_16k,False,15,385,0,45,588,0.07653061224489796,False,0
ruler_vt_16k:0466,ruler_vt_16k,False,15,385,0,45,588,0.07653061224489796,False,0
ruler_vt_16k:0467,ruler_vt_16k,False,15,385,0,45,588,0.07653061224489796,False,0
ruler_vt_16k:0468,ruler_vt_16k,False,15,385,0,45,588,0.07653061224489796,False,0
ruler_vt_16k:0469,ruler_vt_16k,False,15,385,0,45,588,0.07653061224489796,False,0
ruler_vt_16k:0470,ruler_vt_16k,True,15,385,0,45,588,0.07653061224489796,False,0
ruler_vt_16k:0472,ruler_vt_16k,False,15,385,0,45,588,0.07653061224489796,False,0
ruler_vt_16k:0473,ruler_vt_16k,False,15,385,0,45,588,0.07653061224489796,False,0
ruler_vt_16k:0474,ruler_vt_16k,False,15,385,0,45,588,0.07653061224489796,False,0
ruler_vt_16k:0477,ruler_vt_16k,True,15,385,0,46,588,0.0782312925170068,False,0
ruler_vt_16k:0478,ruler_vt_16k,False,15,385,0,45,588,0.07653061224489796,False,0
ruler_vt_16k:0479,ruler_vt_16k,False,15,385,0,45,588,0.07653061224489796,False,0
ruler_vt_16k:0480,ruler_vt_16k,False,15,385,0,45,588,0.07653061224489796,False,0
ruler_vt_16k:0481,ruler_vt_16k,False,15,385,0,45,588,0.07653061224489796,False,0
ruler_vt_16k:0482,ruler_vt_16k,False,15,385,0,51,588,0.08673469387755102,False,12
ruler_vt_16k:0483,ruler_vt_16k,False,15,385,0,45,588,0.07653061224489796,False,0
ruler_vt_16k:0484,ruler_vt_16k,False,15,385,0,45,588,0.07653061224489796,False,0
ruler_vt_16k:0485,ruler_vt_16k,True,15,385,0,44,588,0.07482993197278912,False,0
ruler_vt_16k:0486,ruler_vt_16k,False,15,385,0,45,588,0.07653061224489796,False,0
ruler_vt_16k:0487,ruler_vt_16k,False,15,385,0,45,588,0.07653061224489796,False,0
ruler_vt_16k:0490,ruler_vt_16k,False,15,385,0,45,588,0.07653061224489796,False,0
ruler_vt_16k:0491,ruler_vt_16k,False,15,385,0,45,588,0.07653061224489796,False,0
ruler_vt_16k:0492,ruler_vt_16k,False,15,385,0,45,588,0.07653061224489796,False,0
ruler_vt_16k:0493,ruler_vt_16k,False,15,385,0,45,588,0.07653061224489796,False,0
ruler_vt_16k:0494,ruler_vt_16k,False,15,385,0,45,588,0.07653061224489796,False,0
ruler_vt_16k:0495,ruler_vt_16k,False,15,385,0,45,588,0.07653061224489796,False,0
ruler_vt_16k:0496,ruler_vt_16k,False,15,385,0,45,588,0.07653061224489796,False,0
ruler_vt_16k:0497,ruler_vt_16k,False,15,385,0,45,588,0.07653061224489796,False,0
ruler_vt_16k:0498,ruler_vt_16k,False,15,385,0,45,588,0.07653061224489796,False,0
ruler_vt_16k:0499,ruler_vt_16k,True,15,385,0,46,588,0.0782312925170068,False,0
