sample_id,task,cohort,parent_6500_verified,cell,reward,native_reward,distance_generation_start_relative_l2,closure_L1,closure_L2,closure_L3,closure_L4,closure_L5,closure_L6,first_divergence,K_bit,P_bit
ruler_fwe_16k:0242,ruler_fwe_16k,KP_ELIGIBLE_167,true,F01,0.0,1.0,0.00391288660466671,false,false,false,false,false,false,"{""closure_level"": ""L1"", ""layer"": 1, ""max_abs_diff"": 0.0078125, ""region"": ""FIRST_CONTINUATION_CHUNK"", ""relative_l2_diff"": 0.00016185903223231435, ""tensor"": ""attention_output""}",0,1
ruler_qa_squad_16k:0056,ruler_qa_squad_16k,KP_ELIGIBLE_167,true,F11,1.0,1.0,0.0,true,true,true,true,true,true,"{""closure_level"": ""NONE_OBSERVED"", ""layer"": null, ""region"": ""NONE_OBSERVED"", ""tensor"": null}",1,1
ruler_qa_squad_16k:0033,ruler_qa_squad_16k,KP_ELIGIBLE_167,true,F01,1.0,1.0,0.0,true,true,true,true,true,true,"{""closure_level"": ""NONE_OBSERVED"", ""layer"": null, ""region"": ""NONE_OBSERVED"", ""tensor"": null}",0,1
ruler_vt_16k:0286,ruler_vt_16k,KP_ELIGIBLE_167,true,F10,0.8,0.8,0.0,true,true,true,true,true,true,"{""closure_level"": ""NONE_OBSERVED"", ""layer"": null, ""region"": ""NONE_OBSERVED"", ""tensor"": null}",1,0
ruler_qa_squad_16k:0184,ruler_qa_squad_16k,KP_ELIGIBLE_167,true,F01,1.0,1.0,0.0,true,true,true,true,true,true,"{""closure_level"": ""NONE_OBSERVED"", ""layer"": null, ""region"": ""NONE_OBSERVED"", ""tensor"": null}",0,1
ruler_niah_multikey_3_16k:0202,ruler_niah_multikey_3_16k,KP_ELIGIBLE_167,true,F10,1.0,1.0,0.0,true,true,true,true,true,true,"{""closure_level"": ""NONE_OBSERVED"", ""layer"": null, ""region"": ""NONE_OBSERVED"", ""tensor"": null}",1,0
ruler_fwe_16k:0263,ruler_fwe_16k,KP_ELIGIBLE_167,true,F01,0.6666666666666666,0.6666666666666666,0.0,true,true,true,true,true,true,"{""closure_level"": ""NONE_OBSERVED"", ""layer"": null, ""region"": ""NONE_OBSERVED"", ""tensor"": null}",0,1
ruler_fwe_16k:0260,ruler_fwe_16k,KP_ELIGIBLE_167,true,F01,0.6666666666666666,1.0,0.004727170802652836,false,false,false,false,false,false,"{""closure_level"": ""L1"", ""layer"": 7, ""max_abs_diff"": 0.0078125, ""region"": ""FIRST_CONTINUATION_CHUNK"", ""relative_l2_diff"": 0.0001918092166306451, ""tensor"": ""attention_output""}",0,1
ruler_vt_16k:0322,ruler_vt_16k,KP_ELIGIBLE_167,true,F00,1.0,1.0,0.0,true,true,true,true,true,true,"{""closure_level"": ""NONE_OBSERVED"", ""layer"": null, ""region"": ""NONE_OBSERVED"", ""tensor"": null}",0,0
ruler_vt_16k:0057,ruler_vt_16k,KP_ELIGIBLE_167,true,F10,0.8,0.8,0.0,true,true,true,true,true,true,"{""closure_level"": ""NONE_OBSERVED"", ""layer"": null, ""region"": ""NONE_OBSERVED"", ""tensor"": null}",1,0
ruler_fwe_16k:0010,ruler_fwe_16k,KP_ELIGIBLE_167,true,F00,0.6666666666666666,1.0,0.0044189682230353355,false,false,false,false,false,false,"{""closure_level"": ""L1"", ""layer"": 1, ""max_abs_diff"": 0.00390625, ""region"": ""FIRST_CONTINUATION_CHUNK"", ""relative_l2_diff"": 0.0001546346757095307, ""tensor"": ""attention_output""}",0,0
ruler_qa_squad_16k:0056,ruler_qa_squad_16k,KP_ELIGIBLE_167,true,F01,1.0,1.0,0.0019117984920740128,false,false,false,false,true,false,"{""closure_level"": ""L1"", ""layer"": 25, ""max_abs_diff"": 0.125, ""region"": ""FIRST_CONTINUATION_CHUNK"", ""relative_l2_diff"": 5.71139607927762e-05, ""tensor"": ""attention_output""}",0,1
ruler_qa_squad_16k:0444,ruler_qa_squad_16k,KP_ELIGIBLE_167,true,F00,1.0,1.0,0.0,true,true,true,true,true,true,"{""closure_level"": ""NONE_OBSERVED"", ""layer"": null, ""region"": ""NONE_OBSERVED"", ""tensor"": null}",0,0
ruler_fwe_16k:0373,ruler_fwe_16k,KP_ELIGIBLE_167,true,F00,1.0,1.0,0.0,true,true,true,true,true,true,"{""closure_level"": ""NONE_OBSERVED"", ""layer"": null, ""region"": ""NONE_OBSERVED"", ""tensor"": null}",0,0
ruler_fwe_16k:0321,ruler_fwe_16k,KP_ELIGIBLE_167,true,F00,0.6666666666666666,1.0,0.0049257297068834305,false,false,false,false,false,false,"{""closure_level"": ""L1"", ""layer"": 1, ""max_abs_diff"": 0.001953125, ""region"": ""FIRST_CONTINUATION_CHUNK"", ""relative_l2_diff"": 3.233288953197189e-05, ""tensor"": ""attention_output""}",0,0
ruler_vt_16k:0358,ruler_vt_16k,KP_ELIGIBLE_167,true,F11,1.0,1.0,0.0,true,true,true,true,true,true,"{""closure_level"": ""NONE_OBSERVED"", ""layer"": null, ""region"": ""NONE_OBSERVED"", ""tensor"": null}",1,1
ruler_fwe_16k:0108,ruler_fwe_16k,KP_ELIGIBLE_167,true,F10,0.6666666666666666,1.0,0.0036017103120684624,true,true,false,false,false,false,"{""closure_level"": ""L3"", ""layer"": 0, ""max_abs_diff"": 0.03125, ""region"": ""INCOMPLETE_PROMPT_TAIL"", ""relative_l2_diff"": 0.002823345363140106, ""tensor"": ""mlp_output""}",1,0
ruler_niah_multikey_3_16k:0208,ruler_niah_multikey_3_16k,KP_ELIGIBLE_167,true,F00,0.0,1.0,0.003331766463816166,true,true,false,false,false,false,"{""closure_level"": ""L3"", ""layer"": 12, ""max_abs_diff"": 0.125, ""region"": ""INCOMPLETE_PROMPT_TAIL"", ""relative_l2_diff"": 0.0026119386311620474, ""tensor"": ""mlp_output""}",0,0
ruler_niah_multikey_3_16k:0217,ruler_niah_multikey_3_16k,KP_ELIGIBLE_167,true,F10,1.0,1.0,0.0,true,true,true,true,true,true,"{""closure_level"": ""NONE_OBSERVED"", ""layer"": null, ""region"": ""NONE_OBSERVED"", ""tensor"": null}",1,0
ruler_niah_multiquery_16k:0381,ruler_niah_multiquery_16k,KP_ELIGIBLE_167,true,F10,1.0,1.0,0.0,true,true,true,true,true,true,"{""closure_level"": ""NONE_OBSERVED"", ""layer"": null, ""region"": ""NONE_OBSERVED"", ""tensor"": null}",1,0
ruler_niah_multiquery_16k:0001,ruler_niah_multiquery_16k,KP_ELIGIBLE_167,true,F01,0.75,1.0,0.002608849899843335,false,false,false,false,false,false,"{""closure_level"": ""L1"", ""layer"": 25, ""max_abs_diff"": 0.125, ""region"": ""FIRST_CONTINUATION_CHUNK"", ""relative_l2_diff"": 0.00015068452921696007, ""tensor"": ""attention_output""}",0,1
ruler_fwe_16k:0372,ruler_fwe_16k,KP_ELIGIBLE_167,true,F10,0.6666666666666666,0.6666666666666666,0.0,true,true,true,true,true,true,"{""closure_level"": ""NONE_OBSERVED"", ""layer"": null, ""region"": ""NONE_OBSERVED"", ""tensor"": null}",1,0
ruler_fwe_16k:0324,ruler_fwe_16k,KP_ELIGIBLE_167,true,F10,0.6666666666666666,1.0,0.0039306688122451305,true,true,false,false,false,false,"{""closure_level"": ""L3"", ""layer"": 0, ""max_abs_diff"": 0.015625, ""region"": ""INCOMPLETE_PROMPT_TAIL"", ""relative_l2_diff"": 0.0028083582874387503, ""tensor"": ""mlp_output""}",1,0
ruler_fwe_16k:0254,ruler_fwe_16k,KP_ELIGIBLE_167,true,F10,0.6666666666666666,0.6666666666666666,0.0,true,true,true,true,true,true,"{""closure_level"": ""NONE_OBSERVED"", ""layer"": null, ""region"": ""NONE_OBSERVED"", ""tensor"": null}",1,0
ruler_vt_16k:0086,ruler_vt_16k,KP_ELIGIBLE_167,true,F11,1.0,1.0,0.0,true,true,true,true,true,true,"{""closure_level"": ""NONE_OBSERVED"", ""layer"": null, ""region"": ""NONE_OBSERVED"", ""tensor"": null}",1,1
ruler_vt_16k:0188,ruler_vt_16k,KP_ELIGIBLE_167,true,F10,0.8,0.8,0.0,true,true,true,true,true,true,"{""closure_level"": ""NONE_OBSERVED"", ""layer"": null, ""region"": ""NONE_OBSERVED"", ""tensor"": null}",1,0
ruler_niah_multivalue_16k:0266,ruler_niah_multivalue_16k,KP_ELIGIBLE_167,true,F01,1.0,1.0,0.0,true,true,true,true,true,true,"{""closure_level"": ""NONE_OBSERVED"", ""layer"": null, ""region"": ""NONE_OBSERVED"", ""tensor"": null}",0,1
ruler_fwe_16k:0472,ruler_fwe_16k,KP_ELIGIBLE_167,true,F10,1.0,1.0,0.0,true,true,true,true,true,true,"{""closure_level"": ""NONE_OBSERVED"", ""layer"": null, ""region"": ""NONE_OBSERVED"", ""tensor"": null}",1,0
ruler_vt_16k:0123,ruler_vt_16k,KP_ELIGIBLE_167,true,F11,1.0,1.0,0.0,true,true,true,true,true,true,"{""closure_level"": ""NONE_OBSERVED"", ""layer"": null, ""region"": ""NONE_OBSERVED"", ""tensor"": null}",1,1
ruler_niah_multikey_3_16k:0202,ruler_niah_multikey_3_16k,KP_ELIGIBLE_167,true,F00,1.0,1.0,0.0,true,true,true,true,true,true,"{""closure_level"": ""NONE_OBSERVED"", ""layer"": null, ""region"": ""NONE_OBSERVED"", ""tensor"": null}",0,0
ruler_qa_squad_16k:0424,ruler_qa_squad_16k,KP_ELIGIBLE_167,true,F11,1.0,1.0,0.0,true,true,true,true,true,true,"{""closure_level"": ""NONE_OBSERVED"", ""layer"": null, ""region"": ""NONE_OBSERVED"", ""tensor"": null}",1,1
ruler_niah_multivalue_16k:0144,ruler_niah_multivalue_16k,KP_ELIGIBLE_167,true,F00,0.75,1.0,0.004758087918162346,false,false,false,false,false,false,"{""closure_level"": ""L1"", ""layer"": 7, ""max_abs_diff"": 0.00390625, ""region"": ""FIRST_CONTINUATION_CHUNK"", ""relative_l2_diff"": 4.176097718300298e-05, ""tensor"": ""attention_output""}",0,0
ruler_fwe_16k:0488,ruler_fwe_16k,KP_ELIGIBLE_167,true,F10,0.6666666666666666,1.0,0.006696910597383976,true,true,false,false,false,false,"{""closure_level"": ""L3"", ""layer"": 6, ""max_abs_diff"": 0.015625, ""region"": ""INCOMPLETE_PROMPT_TAIL"", ""relative_l2_diff"": 0.0025854844134300947, ""tensor"": ""mlp_output""}",1,0
ruler_vt_16k:0170,ruler_vt_16k,KP_ELIGIBLE_167,true,F01,0.8,0.8,0.0,true,true,true,true,true,true,"{""closure_level"": ""NONE_OBSERVED"", ""layer"": null, ""region"": ""NONE_OBSERVED"", ""tensor"": null}",0,1
ruler_niah_multivalue_16k:0496,ruler_niah_multivalue_16k,KP_ELIGIBLE_167,true,F11,1.0,1.0,0.0,true,true,true,true,true,true,"{""closure_level"": ""NONE_OBSERVED"", ""layer"": null, ""region"": ""NONE_OBSERVED"", ""tensor"": null}",1,1
ruler_vt_16k:0093,ruler_vt_16k,KP_ELIGIBLE_167,true,F01,0.8,0.8,0.0,true,true,true,true,true,true,"{""closure_level"": ""NONE_OBSERVED"", ""layer"": null, ""region"": ""NONE_OBSERVED"", ""tensor"": null}",0,1
ruler_niah_multikey_2_16k:0045,ruler_niah_multikey_2_16k,KP_ELIGIBLE_167,true,F11,1.0,1.0,0.0,true,true,true,true,true,true,"{""closure_level"": ""NONE_OBSERVED"", ""layer"": null, ""region"": ""NONE_OBSERVED"", ""tensor"": null}",1,1
ruler_vt_16k:0070,ruler_vt_16k,KP_ELIGIBLE_167,true,F11,0.6,0.6,0.0,true,true,true,true,true,true,"{""closure_level"": ""NONE_OBSERVED"", ""layer"": null, ""region"": ""NONE_OBSERVED"", ""tensor"": null}",1,1
ruler_niah_multiquery_16k:0147,ruler_niah_multiquery_16k,KP_ELIGIBLE_167,true,F00,1.0,1.0,0.0,true,true,true,true,true,true,"{""closure_level"": ""NONE_OBSERVED"", ""layer"": null, ""region"": ""NONE_OBSERVED"", ""tensor"": null}",0,0
ruler_fwe_16k:0088,ruler_fwe_16k,KP_ELIGIBLE_167,true,F10,0.6666666666666666,1.0,0.003990516532212496,true,true,false,false,false,false,"{""closure_level"": ""L3"", ""layer"": 12, ""max_abs_diff"": 0.25, ""region"": ""INCOMPLETE_PROMPT_TAIL"", ""relative_l2_diff"": 0.002474816981703043, ""tensor"": ""mlp_output""}",1,0
ruler_qa_squad_16k:0305,ruler_qa_squad_16k,KP_ELIGIBLE_167,true,F11,1.0,1.0,0.0,true,true,true,true,true,true,"{""closure_level"": ""NONE_OBSERVED"", ""layer"": null, ""region"": ""NONE_OBSERVED"", ""tensor"": null}",1,1
ruler_vt_16k:0404,ruler_vt_16k,KP_ELIGIBLE_167,true,F00,0.4,0.8,0.003643830306828022,false,false,false,false,false,false,"{""closure_level"": ""L1"", ""layer"": 7, ""max_abs_diff"": 0.00390625, ""region"": ""FIRST_CONTINUATION_CHUNK"", ""relative_l2_diff"": 4.3888288928428665e-05, ""tensor"": ""attention_output""}",0,0
ruler_niah_multikey_2_16k:0331,ruler_niah_multikey_2_16k,KP_ELIGIBLE_167,true,F11,1.0,1.0,0.0,true,true,true,true,true,true,"{""closure_level"": ""NONE_OBSERVED"", ""layer"": null, ""region"": ""NONE_OBSERVED"", ""tensor"": null}",1,1
ruler_niah_multivalue_16k:0144,ruler_niah_multivalue_16k,KP_ELIGIBLE_167,true,F11,1.0,1.0,0.0,true,true,true,true,true,true,"{""closure_level"": ""NONE_OBSERVED"", ""layer"": null, ""region"": ""NONE_OBSERVED"", ""tensor"": null}",1,1
ruler_vt_16k:0091,ruler_vt_16k,KP_ELIGIBLE_167,true,F00,0.6,0.8,0.005333114415407181,false,false,false,false,false,false,"{""closure_level"": ""L1"", ""layer"": 7, ""max_abs_diff"": 0.0078125, ""region"": ""FIRST_CONTINUATION_CHUNK"", ""relative_l2_diff"": 0.00013343348109629005, ""tensor"": ""attention_output""}",0,0
ruler_qa_hotpotqa_16k:0478,ruler_qa_hotpotqa_16k,KP_ELIGIBLE_167,true,F10,0.0,1.0,0.007369617465883493,true,true,false,false,false,false,"{""closure_level"": ""L3"", ""layer"": 0, ""max_abs_diff"": 0.015625, ""region"": ""INCOMPLETE_PROMPT_TAIL"", ""relative_l2_diff"": 0.0024897796101868153, ""tensor"": ""mlp_output""}",1,0
ruler_fwe_16k:0498,ruler_fwe_16k,KP_ELIGIBLE_167,true,F01,1.0,1.0,0.0,true,true,true,true,true,true,"{""closure_level"": ""NONE_OBSERVED"", ""layer"": null, ""region"": ""NONE_OBSERVED"", ""tensor"": null}",0,1
ruler_niah_multikey_3_16k:0145,ruler_niah_multikey_3_16k,KP_ELIGIBLE_167,true,F00,1.0,1.0,0.0,true,true,true,true,true,true,"{""closure_level"": ""NONE_OBSERVED"", ""layer"": null, ""region"": ""NONE_OBSERVED"", ""tensor"": null}",0,0
ruler_vt_16k:0352,ruler_vt_16k,KP_ELIGIBLE_167,true,F01,0.8,0.8,0.0,true,true,true,true,true,true,"{""closure_level"": ""NONE_OBSERVED"", ""layer"": null, ""region"": ""NONE_OBSERVED"", ""tensor"": null}",0,1
ruler_vt_16k:0083,ruler_vt_16k,KP_ELIGIBLE_167,true,F10,1.0,1.0,0.0,true,true,true,true,true,true,"{""closure_level"": ""NONE_OBSERVED"", ""layer"": null, ""region"": ""NONE_OBSERVED"", ""tensor"": null}",1,0
ruler_qa_hotpotqa_16k:0454,ruler_qa_hotpotqa_16k,KP_ELIGIBLE_167,true,F00,1.0,1.0,0.0,true,true,true,true,true,true,"{""closure_level"": ""NONE_OBSERVED"", ""layer"": null, ""region"": ""NONE_OBSERVED"", ""tensor"": null}",0,0
ruler_fwe_16k:0402,ruler_fwe_16k,KP_ELIGIBLE_167,true,F00,0.6666666666666666,1.0,0.004896689672023058,false,false,false,false,false,false,"{""closure_level"": ""L1"", ""layer"": 13, ""max_abs_diff"": 0.125, ""region"": ""FIRST_CONTINUATION_CHUNK"", ""relative_l2_diff"": 0.00021749167353846133, ""tensor"": ""attention_output""}",0,0
ruler_vt_16k:0485,ruler_vt_16k,KP_ELIGIBLE_167,true,F10,0.8,0.8,0.0,true,true,true,true,true,true,"{""closure_level"": ""NONE_OBSERVED"", ""layer"": null, ""region"": ""NONE_OBSERVED"", ""tensor"": null}",1,0
ruler_vt_16k:0295,ruler_vt_16k,KP_ELIGIBLE_167,true,F01,0.8,0.8,0.0,true,true,true,true,true,true,"{""closure_level"": ""NONE_OBSERVED"", ""layer"": null, ""region"": ""NONE_OBSERVED"", ""tensor"": null}",0,1
ruler_fwe_16k:0017,ruler_fwe_16k,KP_ELIGIBLE_167,true,F01,1.0,1.0,0.0,true,true,true,true,true,true,"{""closure_level"": ""NONE_OBSERVED"", ""layer"": null, ""region"": ""NONE_OBSERVED"", ""tensor"": null}",0,1
ruler_fwe_16k:0254,ruler_fwe_16k,KP_ELIGIBLE_167,true,F11,0.6666666666666666,0.6666666666666666,0.0,true,true,true,true,true,true,"{""closure_level"": ""NONE_OBSERVED"", ""layer"": null, ""region"": ""NONE_OBSERVED"", ""tensor"": null}",1,1
ruler_vt_16k:0416,ruler_vt_16k,KP_ELIGIBLE_167,true,F10,0.8,0.8,0.0,true,true,true,true,true,true,"{""closure_level"": ""NONE_OBSERVED"", ""layer"": null, ""region"": ""NONE_OBSERVED"", ""tensor"": null}",1,0
ruler_niah_multivalue_16k:0060,ruler_niah_multivalue_16k,KP_ELIGIBLE_167,true,F01,1.0,1.0,0.0,true,true,true,true,true,true,"{""closure_level"": ""NONE_OBSERVED"", ""layer"": null, ""region"": ""NONE_OBSERVED"", ""tensor"": null}",0,1
ruler_fwe_16k:0293,ruler_fwe_16k,KP_ELIGIBLE_167,true,F11,1.0,1.0,0.0,true,true,true,true,true,true,"{""closure_level"": ""NONE_OBSERVED"", ""layer"": null, ""region"": ""NONE_OBSERVED"", ""tensor"": null}",1,1
ruler_vt_16k:0358,ruler_vt_16k,KP_ELIGIBLE_167,true,F10,1.0,1.0,0.0,true,true,true,true,true,true,"{""closure_level"": ""NONE_OBSERVED"", ""layer"": null, ""region"": ""NONE_OBSERVED"", ""tensor"": null}",1,0
ruler_vt_16k:0400,ruler_vt_16k,KP_ELIGIBLE_167,true,F10,1.0,1.0,0.0,true,true,true,true,true,true,"{""closure_level"": ""NONE_OBSERVED"", ""layer"": null, ""region"": ""NONE_OBSERVED"", ""tensor"": null}",1,0
ruler_fwe_16k:0256,ruler_fwe_16k,KP_ELIGIBLE_167,true,F10,0.6666666666666666,0.6666666666666666,0.0,true,true,true,true,true,true,"{""closure_level"": ""NONE_OBSERVED"", ""layer"": null, ""region"": ""NONE_OBSERVED"", ""tensor"": null}",1,0
ruler_niah_multikey_3_16k:0208,ruler_niah_multikey_3_16k,KP_ELIGIBLE_167,true,F01,1.0,1.0,0.0,true,true,true,true,true,true,"{""closure_level"": ""NONE_OBSERVED"", ""layer"": null, ""region"": ""NONE_OBSERVED"", ""tensor"": null}",0,1
ruler_qa_hotpotqa_16k:0023,ruler_qa_hotpotqa_16k,KP_ELIGIBLE_167,true,F00,1.0,1.0,0.0,true,true,true,true,true,true,"{""closure_level"": ""NONE_OBSERVED"", ""layer"": null, ""region"": ""NONE_OBSERVED"", ""tensor"": null}",0,0
ruler_qa_hotpotqa_16k:0239,ruler_qa_hotpotqa_16k,KP_ELIGIBLE_167,true,F10,0.0,1.0,0.012631942518055439,true,true,false,false,false,false,"{""closure_level"": ""L3"", ""layer"": 0, ""max_abs_diff"": 0.015625, ""region"": ""INCOMPLETE_PROMPT_TAIL"", ""relative_l2_diff"": 0.0024380364920943975, ""tensor"": ""mlp_output""}",1,0
ruler_qa_squad_16k:0184,ruler_qa_squad_16k,KP_ELIGIBLE_167,true,F00,1.0,1.0,0.0,true,true,true,true,true,true,"{""closure_level"": ""NONE_OBSERVED"", ""layer"": null, ""region"": ""NONE_OBSERVED"", ""tensor"": null}",0,0
ruler_vt_16k:0456,ruler_vt_16k,KP_ELIGIBLE_167,true,F00,0.8,0.8,0.0,true,true,true,true,true,true,"{""closure_level"": ""NONE_OBSERVED"", ""layer"": null, ""region"": ""NONE_OBSERVED"", ""tensor"": null}",0,0
ruler_niah_multiquery_16k:0147,ruler_niah_multiquery_16k,KP_ELIGIBLE_167,true,F10,1.0,1.0,0.0,true,true,true,true,true,true,"{""closure_level"": ""NONE_OBSERVED"", ""layer"": null, ""region"": ""NONE_OBSERVED"", ""tensor"": null}",1,0
ruler_fwe_16k:0263,ruler_fwe_16k,KP_ELIGIBLE_167,true,F00,0.6666666666666666,0.6666666666666666,0.0,true,true,true,true,true,true,"{""closure_level"": ""NONE_OBSERVED"", ""layer"": null, ""region"": ""NONE_OBSERVED"", ""tensor"": null}",0,0
ruler_fwe_16k:0324,ruler_fwe_16k,KP_ELIGIBLE_167,true,F01,0.6666666666666666,1.0,0.007894691079854965,false,false,false,false,false,false,"{""closure_level"": ""L1"", ""layer"": 7, ""max_abs_diff"": 0.00390625, ""region"": ""FIRST_CONTINUATION_CHUNK"", ""relative_l2_diff"": 5.8471305237617344e-05, ""tensor"": ""attention_output""}",0,1
ruler_vt_16k:0048,ruler_vt_16k,KP_ELIGIBLE_167,true,F11,0.4,0.4,0.0,true,true,true,true,true,true,"{""closure_level"": ""NONE_OBSERVED"", ""layer"": null, ""region"": ""NONE_OBSERVED"", ""tensor"": null}",1,1
ruler_vt_16k:0050,ruler_vt_16k,KP_ELIGIBLE_167,true,F01,1.0,1.0,0.0,true,true,true,true,true,true,"{""closure_level"": ""NONE_OBSERVED"", ""layer"": null, ""region"": ""NONE_OBSERVED"", ""tensor"": null}",0,1
ruler_niah_multiquery_16k:0129,ruler_niah_multiquery_16k,KP_ELIGIBLE_167,true,F11,1.0,1.0,0.0,true,true,true,true,true,true,"{""closure_level"": ""NONE_OBSERVED"", ""layer"": null, ""region"": ""NONE_OBSERVED"", ""tensor"": null}",1,1
ruler_vt_16k:0286,ruler_vt_16k,KP_ELIGIBLE_167,true,F11,0.8,0.8,0.0,true,true,true,true,true,true,"{""closure_level"": ""NONE_OBSERVED"", ""layer"": null, ""region"": ""NONE_OBSERVED"", ""tensor"": null}",1,1
ruler_vt_16k:0499,ruler_vt_16k,KP_ELIGIBLE_167,true,F11,0.8,0.8,0.0,true,true,true,true,true,true,"{""closure_level"": ""NONE_OBSERVED"", ""layer"": null, ""region"": ""NONE_OBSERVED"", ""tensor"": null}",1,1
ruler_niah_multiquery_16k:0131,ruler_niah_multiquery_16k,KP_ELIGIBLE_167,true,F11,1.0,1.0,0.0,true,true,true,true,true,true,"{""closure_level"": ""NONE_OBSERVED"", ""layer"": null, ""region"": ""NONE_OBSERVED"", ""tensor"": null}",1,1
ruler_vt_16k:0048,ruler_vt_16k,KP_ELIGIBLE_167,true,F00,0.4,0.4,0.0,true,true,true,true,true,true,"{""closure_level"": ""NONE_OBSERVED"", ""layer"": null, ""region"": ""NONE_OBSERVED"", ""tensor"": null}",0,0
ruler_vt_16k:0425,ruler_vt_16k,KP_ELIGIBLE_167,true,F10,0.8,0.8,0.0,true,true,true,true,true,true,"{""closure_level"": ""NONE_OBSERVED"", ""layer"": null, ""region"": ""NONE_OBSERVED"", ""tensor"": null}",1,0
ruler_vt_16k:0113,ruler_vt_16k,KP_ELIGIBLE_167,true,F10,1.0,1.0,0.0,true,true,true,true,true,true,"{""closure_level"": ""NONE_OBSERVED"", ""layer"": null, ""region"": ""NONE_OBSERVED"", ""tensor"": null}",1,0
ruler_vt_16k:0199,ruler_vt_16k,KP_ELIGIBLE_167,true,F10,0.6,0.6,0.0,true,true,true,true,true,true,"{""closure_level"": ""NONE_OBSERVED"", ""layer"": null, ""region"": ""NONE_OBSERVED"", ""tensor"": null}",1,0
ruler_vt_16k:0277,ruler_vt_16k,KP_ELIGIBLE_167,true,F01,1.0,1.0,0.004369034431874752,false,false,false,false,true,false,"{""closure_level"": ""L1"", ""layer"": 13, ""max_abs_diff"": 0.015625, ""region"": ""FIRST_CONTINUATION_CHUNK"", ""relative_l2_diff"": 0.00011200584413018078, ""tensor"": ""attention_output""}",0,1
ruler_qa_hotpotqa_16k:0035,ruler_qa_hotpotqa_16k,KP_ELIGIBLE_167,true,F11,1.0,1.0,0.0,true,true,true,true,true,true,"{""closure_level"": ""NONE_OBSERVED"", ""layer"": null, ""region"": ""NONE_OBSERVED"", ""tensor"": null}",1,1
ruler_qa_hotpotqa_16k:0348,ruler_qa_hotpotqa_16k,KP_ELIGIBLE_167,true,F00,1.0,1.0,0.0,true,true,true,true,true,true,"{""closure_level"": ""NONE_OBSERVED"", ""layer"": null, ""region"": ""NONE_OBSERVED"", ""tensor"": null}",0,0
ruler_vt_16k:0237,ruler_vt_16k,KP_ELIGIBLE_167,true,F00,0.8,0.8,0.0,true,true,true,true,true,true,"{""closure_level"": ""NONE_OBSERVED"", ""layer"": null, ""region"": ""NONE_OBSERVED"", ""tensor"": null}",0,0
ruler_qa_hotpotqa_16k:0454,ruler_qa_hotpotqa_16k,KP_ELIGIBLE_167,true,F11,1.0,1.0,0.0,true,true,true,true,true,true,"{""closure_level"": ""NONE_OBSERVED"", ""layer"": null, ""region"": ""NONE_OBSERVED"", ""tensor"": null}",1,1
ruler_vt_16k:0048,ruler_vt_16k,KP_ELIGIBLE_167,true,F01,0.4,0.4,0.0,true,true,true,true,true,true,"{""closure_level"": ""NONE_OBSERVED"", ""layer"": null, ""region"": ""NONE_OBSERVED"", ""tensor"": null}",0,1
ruler_niah_multivalue_16k:0498,ruler_niah_multivalue_16k,KP_ELIGIBLE_167,true,F01,1.0,1.0,0.0042118350975215435,false,false,false,false,true,false,"{""closure_level"": ""L1"", ""layer"": 13, ""max_abs_diff"": 0.03125, ""region"": ""FIRST_CONTINUATION_CHUNK"", ""relative_l2_diff"": 0.0001671962527325377, ""tensor"": ""attention_output""}",0,1
ruler_vt_16k:0420,ruler_vt_16k,KP_ELIGIBLE_167,true,F00,0.8,0.8,0.0,true,true,true,true,true,true,"{""closure_level"": ""NONE_OBSERVED"", ""layer"": null, ""region"": ""NONE_OBSERVED"", ""tensor"": null}",0,0
ruler_niah_multiquery_16k:0201,ruler_niah_multiquery_16k,KP_ELIGIBLE_167,true,F00,1.0,1.0,0.0,true,true,true,true,true,true,"{""closure_level"": ""NONE_OBSERVED"", ""layer"": null, ""region"": ""NONE_OBSERVED"", ""tensor"": null}",0,0
ruler_niah_multikey_3_16k:0202,ruler_niah_multikey_3_16k,KP_ELIGIBLE_167,true,F11,1.0,1.0,0.0,true,true,true,true,true,true,"{""closure_level"": ""NONE_OBSERVED"", ""layer"": null, ""region"": ""NONE_OBSERVED"", ""tensor"": null}",1,1
ruler_vt_16k:0139,ruler_vt_16k,KP_ELIGIBLE_167,true,F01,0.4,1.0,0.0038255727849900723,false,false,false,false,false,false,"{""closure_level"": ""L1"", ""layer"": 19, ""max_abs_diff"": 0.25, ""region"": ""FIRST_CONTINUATION_CHUNK"", ""relative_l2_diff"": 8.571267972001806e-05, ""tensor"": ""attention_output""}",0,1
ruler_vt_16k:0196,ruler_vt_16k,KP_ELIGIBLE_167,true,F10,1.0,1.0,0.0,true,true,true,true,true,true,"{""closure_level"": ""NONE_OBSERVED"", ""layer"": null, ""region"": ""NONE_OBSERVED"", ""tensor"": null}",1,0
ruler_fwe_16k:0218,ruler_fwe_16k,KP_ELIGIBLE_167,true,F01,0.6666666666666666,0.6666666666666666,0.0,true,true,true,true,true,true,"{""closure_level"": ""NONE_OBSERVED"", ""layer"": null, ""region"": ""NONE_OBSERVED"", ""tensor"": null}",0,1
ruler_qa_squad_16k:0161,ruler_qa_squad_16k,KP_ELIGIBLE_167,true,F10,1.0,1.0,0.0,true,true,true,true,true,true,"{""closure_level"": ""NONE_OBSERVED"", ""layer"": null, ""region"": ""NONE_OBSERVED"", ""tensor"": null}",1,0
ruler_vt_16k:0098,ruler_vt_16k,KP_ELIGIBLE_167,true,F11,1.0,1.0,0.0,true,true,true,true,true,true,"{""closure_level"": ""NONE_OBSERVED"", ""layer"": null, ""region"": ""NONE_OBSERVED"", ""tensor"": null}",1,1
ruler_niah_multiquery_16k:0454,ruler_niah_multiquery_16k,KP_ELIGIBLE_167,true,F00,1.0,1.0,0.0,true,true,true,true,true,true,"{""closure_level"": ""NONE_OBSERVED"", ""layer"": null, ""region"": ""NONE_OBSERVED"", ""tensor"": null}",0,0
ruler_niah_multivalue_16k:0192,ruler_niah_multivalue_16k,KP_ELIGIBLE_167,true,F10,1.0,1.0,0.0,true,true,true,true,true,true,"{""closure_level"": ""NONE_OBSERVED"", ""layer"": null, ""region"": ""NONE_OBSERVED"", ""tensor"": null}",1,0
ruler_vt_16k:0188,ruler_vt_16k,KP_ELIGIBLE_167,true,F00,0.4,0.8,0.0025989513378590345,false,false,false,false,false,false,"{""closure_level"": ""L1"", ""layer"": 25, ""max_abs_diff"": 0.125, ""region"": ""FIRST_CONTINUATION_CHUNK"", ""relative_l2_diff"": 5.425059498520568e-05, ""tensor"": ""attention_output""}",0,0
ruler_vt_16k:0045,ruler_vt_16k,KP_ELIGIBLE_167,true,F01,0.8,0.8,0.0,true,true,true,true,true,true,"{""closure_level"": ""NONE_OBSERVED"", ""layer"": null, ""region"": ""NONE_OBSERVED"", ""tensor"": null}",0,1
ruler_vt_16k:0108,ruler_vt_16k,KP_ELIGIBLE_167,true,F11,0.8,0.8,0.0,true,true,true,true,true,true,"{""closure_level"": ""NONE_OBSERVED"", ""layer"": null, ""region"": ""NONE_OBSERVED"", ""tensor"": null}",1,1
ruler_qa_hotpotqa_16k:0031,ruler_qa_hotpotqa_16k,KP_ELIGIBLE_167,true,F01,1.0,1.0,0.0,true,true,true,true,true,true,"{""closure_level"": ""NONE_OBSERVED"", ""layer"": null, ""region"": ""NONE_OBSERVED"", ""tensor"": null}",0,1
ruler_niah_multiquery_16k:0082,ruler_niah_multiquery_16k,KP_ELIGIBLE_167,true,F00,0.75,1.0,0.006839974317699671,false,false,false,false,false,false,"{""closure_level"": ""L1"", ""layer"": 13, ""max_abs_diff"": 0.0078125, ""region"": ""FIRST_CONTINUATION_CHUNK"", ""relative_l2_diff"": 1.43258648677147e-05, ""tensor"": ""attention_output""}",0,0
ruler_vt_16k:0024,ruler_vt_16k,KP_ELIGIBLE_167,true,F11,1.0,1.0,0.0,true,true,true,true,true,true,"{""closure_level"": ""NONE_OBSERVED"", ""layer"": null, ""region"": ""NONE_OBSERVED"", ""tensor"": null}",1,1
ruler_niah_multikey_3_16k:0074,ruler_niah_multikey_3_16k,KP_ELIGIBLE_167,true,F11,1.0,1.0,0.0,true,true,true,true,true,true,"{""closure_level"": ""NONE_OBSERVED"", ""layer"": null, ""region"": ""NONE_OBSERVED"", ""tensor"": null}",1,1
ruler_vt_16k:0454,ruler_vt_16k,KP_ELIGIBLE_167,true,F00,1.0,1.0,0.0,true,true,true,true,true,true,"{""closure_level"": ""NONE_OBSERVED"", ""layer"": null, ""region"": ""NONE_OBSERVED"", ""tensor"": null}",0,0
ruler_niah_multivalue_16k:0288,ruler_niah_multivalue_16k,KP_ELIGIBLE_167,true,F00,1.0,1.0,0.0,true,true,true,true,true,true,"{""closure_level"": ""NONE_OBSERVED"", ""layer"": null, ""region"": ""NONE_OBSERVED"", ""tensor"": null}",0,0
ruler_vt_16k:0499,ruler_vt_16k,KP_ELIGIBLE_167,true,F10,0.8,0.8,0.0,true,true,true,true,true,true,"{""closure_level"": ""NONE_OBSERVED"", ""layer"": null, ""region"": ""NONE_OBSERVED"", ""tensor"": null}",1,0
ruler_vt_16k:0223,ruler_vt_16k,KP_ELIGIBLE_167,true,F01,1.0,1.0,0.0,true,true,true,true,true,true,"{""closure_level"": ""NONE_OBSERVED"", ""layer"": null, ""region"": ""NONE_OBSERVED"", ""tensor"": null}",0,1
ruler_vt_16k:0404,ruler_vt_16k,KP_ELIGIBLE_167,true,F11,0.8,0.8,0.0,true,true,true,true,true,true,"{""closure_level"": ""NONE_OBSERVED"", ""layer"": null, ""region"": ""NONE_OBSERVED"", ""tensor"": null}",1,1
ruler_vt_16k:0445,ruler_vt_16k,KP_ELIGIBLE_167,true,F01,0.8,0.8,0.0,true,true,true,true,true,true,"{""closure_level"": ""NONE_OBSERVED"", ""layer"": null, ""region"": ""NONE_OBSERVED"", ""tensor"": null}",0,1
ruler_qa_hotpotqa_16k:0118,ruler_qa_hotpotqa_16k,KP_ELIGIBLE_167,true,F11,1.0,1.0,0.0,true,true,true,true,true,true,"{""closure_level"": ""NONE_OBSERVED"", ""layer"": null, ""region"": ""NONE_OBSERVED"", ""tensor"": null}",1,1
ruler_vt_16k:0277,ruler_vt_16k,KP_ELIGIBLE_167,true,F11,1.0,1.0,0.0,true,true,true,true,true,true,"{""closure_level"": ""NONE_OBSERVED"", ""layer"": null, ""region"": ""NONE_OBSERVED"", ""tensor"": null}",1,1
ruler_vt_16k:0485,ruler_vt_16k,KP_ELIGIBLE_167,true,F00,0.6,0.8,0.006778145674616098,false,false,false,false,false,false,"{""closure_level"": ""L1"", ""layer"": 1, ""max_abs_diff"": 0.00390625, ""region"": ""FIRST_CONTINUATION_CHUNK"", ""relative_l2_diff"": 6.062019383534789e-05, ""tensor"": ""attention_output""}",0,0
ruler_qa_hotpotqa_16k:0035,ruler_qa_hotpotqa_16k,KP_ELIGIBLE_167,true,F01,1.0,1.0,0.0,true,true,true,true,true,true,"{""closure_level"": ""NONE_OBSERVED"", ""layer"": null, ""region"": ""NONE_OBSERVED"", ""tensor"": null}",0,1
ruler_vt_16k:0188,ruler_vt_16k,KP_ELIGIBLE_167,true,F11,0.8,0.8,0.0,true,true,true,true,true,true,"{""closure_level"": ""NONE_OBSERVED"", ""layer"": null, ""region"": ""NONE_OBSERVED"", ""tensor"": null}",1,1
ruler_vt_16k:0352,ruler_vt_16k,KP_ELIGIBLE_167,true,F11,0.8,0.8,0.0,true,true,true,true,true,true,"{""closure_level"": ""NONE_OBSERVED"", ""layer"": null, ""region"": ""NONE_OBSERVED"", ""tensor"": null}",1,1
ruler_vt_16k:0183,ruler_vt_16k,KP_ELIGIBLE_167,true,F11,0.8,0.8,0.0,true,true,true,true,true,true,"{""closure_level"": ""NONE_OBSERVED"", ""layer"": null, ""region"": ""NONE_OBSERVED"", ""tensor"": null}",1,1
ruler_vt_16k:0196,ruler_vt_16k,KP_ELIGIBLE_167,true,F11,1.0,1.0,0.0,true,true,true,true,true,true,"{""closure_level"": ""NONE_OBSERVED"", ""layer"": null, ""region"": ""NONE_OBSERVED"", ""tensor"": null}",1,1
ruler_qa_squad_16k:0491,ruler_qa_squad_16k,KP_ELIGIBLE_167,true,F10,1.0,1.0,0.0,true,true,true,true,true,true,"{""closure_level"": ""NONE_OBSERVED"", ""layer"": null, ""region"": ""NONE_OBSERVED"", ""tensor"": null}",1,0
ruler_qa_squad_16k:0033,ruler_qa_squad_16k,KP_ELIGIBLE_167,true,F00,1.0,1.0,0.0,true,true,true,true,true,true,"{""closure_level"": ""NONE_OBSERVED"", ""layer"": null, ""region"": ""NONE_OBSERVED"", ""tensor"": null}",0,0
ruler_qa_squad_16k:0424,ruler_qa_squad_16k,KP_ELIGIBLE_167,true,F10,1.0,1.0,0.0,true,true,true,true,true,true,"{""closure_level"": ""NONE_OBSERVED"", ""layer"": null, ""region"": ""NONE_OBSERVED"", ""tensor"": null}",1,0
ruler_niah_multivalue_16k:0266,ruler_niah_multivalue_16k,KP_ELIGIBLE_167,true,F11,1.0,1.0,0.0,true,true,true,true,true,true,"{""closure_level"": ""NONE_OBSERVED"", ""layer"": null, ""region"": ""NONE_OBSERVED"", ""tensor"": null}",1,1
ruler_fwe_16k:0478,ruler_fwe_16k,KP_ELIGIBLE_167,true,F01,1.0,1.0,0.0,true,true,true,true,true,true,"{""closure_level"": ""NONE_OBSERVED"", ""layer"": null, ""region"": ""NONE_OBSERVED"", ""tensor"": null}",0,1
ruler_vt_16k:0420,ruler_vt_16k,KP_ELIGIBLE_167,true,F01,0.8,0.8,0.0,true,true,true,true,true,true,"{""closure_level"": ""NONE_OBSERVED"", ""layer"": null, ""region"": ""NONE_OBSERVED"", ""tensor"": null}",0,1
ruler_vt_16k:0149,ruler_vt_16k,KP_ELIGIBLE_167,true,F01,0.2,1.0,0.005832575261592865,false,false,false,false,false,false,"{""closure_level"": ""L1"", ""layer"": 19, ""max_abs_diff"": 0.03125, ""region"": ""FIRST_CONTINUATION_CHUNK"", ""relative_l2_diff"": 7.898657349869609e-05, ""tensor"": ""attention_output""}",0,1
ruler_niah_multikey_2_16k:0116,ruler_niah_multikey_2_16k,KP_ELIGIBLE_167,true,F10,1.0,1.0,0.0,true,true,true,true,true,true,"{""closure_level"": ""NONE_OBSERVED"", ""layer"": null, ""region"": ""NONE_OBSERVED"", ""tensor"": null}",1,0
ruler_vt_16k:0093,ruler_vt_16k,KP_ELIGIBLE_167,true,F00,0.8,0.8,0.0,true,true,true,true,true,true,"{""closure_level"": ""NONE_OBSERVED"", ""layer"": null, ""region"": ""NONE_OBSERVED"", ""tensor"": null}",0,0
ruler_vt_16k:0098,ruler_vt_16k,KP_ELIGIBLE_167,true,F01,1.0,1.0,0.0,true,true,true,true,true,true,"{""closure_level"": ""NONE_OBSERVED"", ""layer"": null, ""region"": ""NONE_OBSERVED"", ""tensor"": null}",0,1
ruler_niah_multikey_3_16k:0429,ruler_niah_multikey_3_16k,KP_ELIGIBLE_167,true,F11,1.0,1.0,0.0,true,true,true,true,true,true,"{""closure_level"": ""NONE_OBSERVED"", ""layer"": null, ""region"": ""NONE_OBSERVED"", ""tensor"": null}",1,1
ruler_niah_multikey_3_16k:0464,ruler_niah_multikey_3_16k,KP_ELIGIBLE_167,true,F11,1.0,1.0,0.0,true,true,true,true,true,true,"{""closure_level"": ""NONE_OBSERVED"", ""layer"": null, ""region"": ""NONE_OBSERVED"", ""tensor"": null}",1,1
ruler_qa_hotpotqa_16k:0239,ruler_qa_hotpotqa_16k,KP_ELIGIBLE_167,true,F11,1.0,1.0,0.0,true,true,true,true,true,true,"{""closure_level"": ""NONE_OBSERVED"", ""layer"": null, ""region"": ""NONE_OBSERVED"", ""tensor"": null}",1,1
ruler_fwe_16k:0324,ruler_fwe_16k,KP_ELIGIBLE_167,true,F11,1.0,1.0,0.0,true,true,true,true,true,true,"{""closure_level"": ""NONE_OBSERVED"", ""layer"": null, ""region"": ""NONE_OBSERVED"", ""tensor"": null}",1,1
ruler_vt_16k:0342,ruler_vt_16k,KP_ELIGIBLE_167,true,F01,0.8,0.8,0.0,true,true,true,true,true,true,"{""closure_level"": ""NONE_OBSERVED"", ""layer"": null, ""region"": ""NONE_OBSERVED"", ""tensor"": null}",0,1
ruler_vt_16k:0172,ruler_vt_16k,KP_ELIGIBLE_167,true,F00,0.4,0.6,0.0041524870321154594,false,false,false,false,false,false,"{""closure_level"": ""L1"", ""layer"": 19, ""max_abs_diff"": 0.25, ""region"": ""FIRST_CONTINUATION_CHUNK"", ""relative_l2_diff"": 8.705351501703262e-05, ""tensor"": ""attention_output""}",0,0
ruler_fwe_16k:0017,ruler_fwe_16k,KP_ELIGIBLE_167,true,F11,1.0,1.0,0.0,true,true,true,true,true,true,"{""closure_level"": ""NONE_OBSERVED"", ""layer"": null, ""region"": ""NONE_OBSERVED"", ""tensor"": null}",1,1
ruler_fwe_16k:0227,ruler_fwe_16k,KP_ELIGIBLE_167,true,F11,1.0,1.0,0.0,true,true,true,true,true,true,"{""closure_level"": ""NONE_OBSERVED"", ""layer"": null, ""region"": ""NONE_OBSERVED"", ""tensor"": null}",1,1
ruler_qa_squad_16k:0444,ruler_qa_squad_16k,KP_ELIGIBLE_167,true,F01,1.0,1.0,0.0,true,true,true,true,true,true,"{""closure_level"": ""NONE_OBSERVED"", ""layer"": null, ""region"": ""NONE_OBSERVED"", ""tensor"": null}",0,1
ruler_vt_16k:0372,ruler_vt_16k,KP_ELIGIBLE_167,true,F10,1.0,1.0,0.0,true,true,true,true,true,true,"{""closure_level"": ""NONE_OBSERVED"", ""layer"": null, ""region"": ""NONE_OBSERVED"", ""tensor"": null}",1,0
ruler_vt_16k:0451,ruler_vt_16k,KP_ELIGIBLE_167,true,F11,0.8,0.8,0.0,true,true,true,true,true,true,"{""closure_level"": ""NONE_OBSERVED"", ""layer"": null, ""region"": ""NONE_OBSERVED"", ""tensor"": null}",1,1
ruler_fwe_16k:0242,ruler_fwe_16k,KP_ELIGIBLE_167,true,F11,1.0,1.0,0.0,true,true,true,true,true,true,"{""closure_level"": ""NONE_OBSERVED"", ""layer"": null, ""region"": ""NONE_OBSERVED"", ""tensor"": null}",1,1
ruler_vt_16k:0157,ruler_vt_16k,KP_ELIGIBLE_167,true,F00,1.0,1.0,0.0,true,true,true,true,true,true,"{""closure_level"": ""NONE_OBSERVED"", ""layer"": null, ""region"": ""NONE_OBSERVED"", ""tensor"": null}",0,0
ruler_vt_16k:0008,ruler_vt_16k,KP_ELIGIBLE_167,true,F11,0.8,0.8,0.0,true,true,true,true,true,true,"{""closure_level"": ""NONE_OBSERVED"", ""layer"": null, ""region"": ""NONE_OBSERVED"", ""tensor"": null}",1,1
ruler_qa_hotpotqa_16k:0161,ruler_qa_hotpotqa_16k,KP_ELIGIBLE_167,true,F01,1.0,1.0,0.0,true,true,true,true,true,true,"{""closure_level"": ""NONE_OBSERVED"", ""layer"": null, ""region"": ""NONE_OBSERVED"", ""tensor"": null}",0,1
ruler_fwe_16k:0478,ruler_fwe_16k,KP_ELIGIBLE_167,true,F10,1.0,1.0,0.0,true,true,true,true,true,true,"{""closure_level"": ""NONE_OBSERVED"", ""layer"": null, ""region"": ""NONE_OBSERVED"", ""tensor"": null}",1,0
ruler_qa_hotpotqa_16k:0059,ruler_qa_hotpotqa_16k,KP_ELIGIBLE_167,true,F01,1.0,1.0,0.0,true,true,true,true,true,true,"{""closure_level"": ""NONE_OBSERVED"", ""layer"": null, ""region"": ""NONE_OBSERVED"", ""tensor"": null}",0,1
ruler_vt_16k:0310,ruler_vt_16k,KP_ELIGIBLE_167,true,F10,0.8,0.8,0.0,true,true,true,true,true,true,"{""closure_level"": ""NONE_OBSERVED"", ""layer"": null, ""region"": ""NONE_OBSERVED"", ""tensor"": null}",1,0
ruler_niah_multiquery_16k:0454,ruler_niah_multiquery_16k,KP_ELIGIBLE_167,true,F11,1.0,1.0,0.0,true,true,true,true,true,true,"{""closure_level"": ""NONE_OBSERVED"", ""layer"": null, ""region"": ""NONE_OBSERVED"", ""tensor"": null}",1,1
ruler_vt_16k:0220,ruler_vt_16k,KP_ELIGIBLE_167,true,F01,1.0,1.0,0.0,true,true,true,true,true,true,"{""closure_level"": ""NONE_OBSERVED"", ""layer"": null, ""region"": ""NONE_OBSERVED"", ""tensor"": null}",0,1
ruler_vt_16k:0139,ruler_vt_16k,KP_ELIGIBLE_167,true,F00,0.4,1.0,0.0038255727849900723,false,false,false,false,false,false,"{""closure_level"": ""L1"", ""layer"": 19, ""max_abs_diff"": 0.25, ""region"": ""FIRST_CONTINUATION_CHUNK"", ""relative_l2_diff"": 8.571267972001806e-05, ""tensor"": ""attention_output""}",0,0
ruler_vt_16k:0323,ruler_vt_16k,KP_ELIGIBLE_167,true,F01,0.4,0.8,0.004221538547426462,false,false,false,false,false,false,"{""closure_level"": ""L1"", ""layer"": 7, ""max_abs_diff"": 0.0078125, ""region"": ""FIRST_CONTINUATION_CHUNK"", ""relative_l2_diff"": 0.00010027970711234957, ""tensor"": ""attention_output""}",0,1
ruler_vt_16k:0373,ruler_vt_16k,KP_ELIGIBLE_167,true,F01,0.8,0.8,0.0,true,true,true,true,true,true,"{""closure_level"": ""NONE_OBSERVED"", ""layer"": null, ""region"": ""NONE_OBSERVED"", ""tensor"": null}",0,1
ruler_vt_16k:0170,ruler_vt_16k,KP_ELIGIBLE_167,true,F00,0.8,0.8,0.0,true,true,true,true,true,true,"{""closure_level"": ""NONE_OBSERVED"", ""layer"": null, ""region"": ""NONE_OBSERVED"", ""tensor"": null}",0,0
ruler_fwe_16k:0386,ruler_fwe_16k,KP_ELIGIBLE_167,true,F00,1.0,1.0,0.0,true,true,true,true,true,true,"{""closure_level"": ""NONE_OBSERVED"", ""layer"": null, ""region"": ""NONE_OBSERVED"", ""tensor"": null}",0,0
ruler_qa_hotpotqa_16k:0191,ruler_qa_hotpotqa_16k,KP_ELIGIBLE_167,true,F01,1.0,1.0,0.0019158251816406846,false,false,false,false,true,false,"{""closure_level"": ""L1"", ""layer"": 25, ""max_abs_diff"": 0.125, ""region"": ""FIRST_CONTINUATION_CHUNK"", ""relative_l2_diff"": 2.8058095267624594e-05, ""tensor"": ""attention_output""}",0,1
ruler_qa_hotpotqa_16k:0035,ruler_qa_hotpotqa_16k,KP_ELIGIBLE_167,true,F10,0.0,1.0,0.005558701232075691,true,true,false,false,false,false,"{""closure_level"": ""L3"", ""layer"": 6, ""max_abs_diff"": 0.015625, ""region"": ""INCOMPLETE_PROMPT_TAIL"", ""relative_l2_diff"": 0.00260853860527277, ""tensor"": ""mlp_output""}",1,0
ruler_fwe_16k:0260,ruler_fwe_16k,KP_ELIGIBLE_167,true,F00,0.6666666666666666,1.0,0.0034393100067973137,false,false,false,false,false,false,"{""closure_level"": ""L1"", ""layer"": 7, ""max_abs_diff"": 0.0078125, ""region"": ""FIRST_CONTINUATION_CHUNK"", ""relative_l2_diff"": 0.0001918092166306451, ""tensor"": ""attention_output""}",0,0
ruler_fwe_16k:0386,ruler_fwe_16k,KP_ELIGIBLE_167,true,F10,1.0,1.0,0.0,true,true,true,true,true,true,"{""closure_level"": ""NONE_OBSERVED"", ""layer"": null, ""region"": ""NONE_OBSERVED"", ""tensor"": null}",1,0
ruler_vt_16k:0157,ruler_vt_16k,KP_ELIGIBLE_167,true,F10,1.0,1.0,0.0,true,true,true,true,true,true,"{""closure_level"": ""NONE_OBSERVED"", ""layer"": null, ""region"": ""NONE_OBSERVED"", ""tensor"": null}",1,0
ruler_niah_multivalue_16k:0060,ruler_niah_multivalue_16k,KP_ELIGIBLE_167,true,F10,1.0,1.0,0.0,true,true,true,true,true,true,"{""closure_level"": ""NONE_OBSERVED"", ""layer"": null, ""region"": ""NONE_OBSERVED"", ""tensor"": null}",1,0
ruler_fwe_16k:0402,ruler_fwe_16k,KP_ELIGIBLE_167,true,F10,1.0,1.0,0.0,true,true,true,true,true,true,"{""closure_level"": ""NONE_OBSERVED"", ""layer"": null, ""region"": ""NONE_OBSERVED"", ""tensor"": null}",1,0
ruler_vt_16k:0333,ruler_vt_16k,KP_ELIGIBLE_167,true,F11,1.0,1.0,0.0,true,true,true,true,true,true,"{""closure_level"": ""NONE_OBSERVED"", ""layer"": null, ""region"": ""NONE_OBSERVED"", ""tensor"": null}",1,1
ruler_niah_multikey_2_16k:0116,ruler_niah_multikey_2_16k,KP_ELIGIBLE_167,true,F11,1.0,1.0,0.0,true,true,true,true,true,true,"{""closure_level"": ""NONE_OBSERVED"", ""layer"": null, ""region"": ""NONE_OBSERVED"", ""tensor"": null}",1,1
ruler_qa_hotpotqa_16k:0478,ruler_qa_hotpotqa_16k,KP_ELIGIBLE_167,true,F11,1.0,1.0,0.0,true,true,true,true,true,true,"{""closure_level"": ""NONE_OBSERVED"", ""layer"": null, ""region"": ""NONE_OBSERVED"", ""tensor"": null}",1,1
ruler_vt_16k:0196,ruler_vt_16k,KP_ELIGIBLE_167,true,F00,1.0,1.0,0.0,true,true,true,true,true,true,"{""closure_level"": ""NONE_OBSERVED"", ""layer"": null, ""region"": ""NONE_OBSERVED"", ""tensor"": null}",0,0
ruler_vt_16k:0425,ruler_vt_16k,KP_ELIGIBLE_167,true,F00,0.8,0.8,0.0,true,true,true,true,true,true,"{""closure_level"": ""NONE_OBSERVED"", ""layer"": null, ""region"": ""NONE_OBSERVED"", ""tensor"": null}",0,0
ruler_vt_16k:0418,ruler_vt_16k,KP_ELIGIBLE_167,true,F11,0.8,0.8,0.0,true,true,true,true,true,true,"{""closure_level"": ""NONE_OBSERVED"", ""layer"": null, ""region"": ""NONE_OBSERVED"", ""tensor"": null}",1,1
ruler_vt_16k:0048,ruler_vt_16k,KP_ELIGIBLE_167,true,F10,0.4,0.4,0.0,true,true,true,true,true,true,"{""closure_level"": ""NONE_OBSERVED"", ""layer"": null, ""region"": ""NONE_OBSERVED"", ""tensor"": null}",1,0
ruler_vt_16k:0086,ruler_vt_16k,KP_ELIGIBLE_167,true,F10,1.0,1.0,0.0,true,true,true,true,true,true,"{""closure_level"": ""NONE_OBSERVED"", ""layer"": null, ""region"": ""NONE_OBSERVED"", ""tensor"": null}",1,0
ruler_niah_multikey_2_16k:0116,ruler_niah_multikey_2_16k,KP_ELIGIBLE_167,true,F01,1.0,1.0,0.0,true,true,true,true,true,true,"{""closure_level"": ""NONE_OBSERVED"", ""layer"": null, ""region"": ""NONE_OBSERVED"", ""tensor"": null}",0,1
ruler_vt_16k:0164,ruler_vt_16k,KP_ELIGIBLE_167,true,F00,0.8,0.8,0.0,true,true,true,true,true,true,"{""closure_level"": ""NONE_OBSERVED"", ""layer"": null, ""region"": ""NONE_OBSERVED"", ""tensor"": null}",0,0
ruler_vt_16k:0477,ruler_vt_16k,KP_ELIGIBLE_167,true,F01,1.0,1.0,0.0,true,true,true,true,true,true,"{""closure_level"": ""NONE_OBSERVED"", ""layer"": null, ""region"": ""NONE_OBSERVED"", ""tensor"": null}",0,1
ruler_vt_16k:0333,ruler_vt_16k,KP_ELIGIBLE_167,true,F10,1.0,1.0,0.0,true,true,true,true,true,true,"{""closure_level"": ""NONE_OBSERVED"", ""layer"": null, ""region"": ""NONE_OBSERVED"", ""tensor"": null}",1,0
ruler_vt_16k:0400,ruler_vt_16k,KP_ELIGIBLE_167,true,F01,1.0,1.0,0.0,true,true,true,true,true,true,"{""closure_level"": ""NONE_OBSERVED"", ""layer"": null, ""region"": ""NONE_OBSERVED"", ""tensor"": null}",0,1
ruler_vt_16k:0394,ruler_vt_16k,KP_ELIGIBLE_167,true,F10,0.8,0.8,0.0,true,true,true,true,true,true,"{""closure_level"": ""NONE_OBSERVED"", ""layer"": null, ""region"": ""NONE_OBSERVED"", ""tensor"": null}",1,0
ruler_vt_16k:0317,ruler_vt_16k,KP_ELIGIBLE_167,true,F01,0.2,0.8,0.004952691495418549,false,false,false,false,false,false,"{""closure_level"": ""L1"", ""layer"": 1, ""max_abs_diff"": 0.001953125, ""region"": ""FIRST_CONTINUATION_CHUNK"", ""relative_l2_diff"": 8.047969458857551e-05, ""tensor"": ""attention_output""}",0,1
ruler_vt_16k:0416,ruler_vt_16k,KP_ELIGIBLE_167,true,F01,0.8,0.8,0.0,true,true,true,true,true,true,"{""closure_level"": ""NONE_OBSERVED"", ""layer"": null, ""region"": ""NONE_OBSERVED"", ""tensor"": null}",0,1
ruler_qa_squad_16k:0141,ruler_qa_squad_16k,KP_ELIGIBLE_167,true,F01,1.0,1.0,0.0,true,true,true,true,true,true,"{""closure_level"": ""NONE_OBSERVED"", ""layer"": null, ""region"": ""NONE_OBSERVED"", ""tensor"": null}",0,1
ruler_vt_16k:0485,ruler_vt_16k,KP_ELIGIBLE_167,true,F01,0.6,0.8,0.006778145674616098,false,false,false,false,false,false,"{""closure_level"": ""L1"", ""layer"": 1, ""max_abs_diff"": 0.00390625, ""region"": ""FIRST_CONTINUATION_CHUNK"", ""relative_l2_diff"": 6.062019383534789e-05, ""tensor"": ""attention_output""}",0,1
ruler_vt_16k:0113,ruler_vt_16k,KP_ELIGIBLE_167,true,F00,0.8,1.0,0.004609604366123676,false,false,false,false,false,false,"{""closure_level"": ""L1"", ""layer"": 20, ""max_abs_diff"": 0.0625, ""region"": ""FIRST_CONTINUATION_CHUNK"", ""relative_l2_diff"": 8.574408275308087e-05, ""tensor"": ""attention_output""}",0,0
ruler_vt_16k:0220,ruler_vt_16k,KP_ELIGIBLE_167,true,F10,1.0,1.0,0.0,true,true,true,true,true,true,"{""closure_level"": ""NONE_OBSERVED"", ""layer"": null, ""region"": ""NONE_OBSERVED"", ""tensor"": null}",1,0
ruler_vt_16k:0381,ruler_vt_16k,KP_ELIGIBLE_167,true,F00,0.8,0.8,0.0,true,true,true,true,true,true,"{""closure_level"": ""NONE_OBSERVED"", ""layer"": null, ""region"": ""NONE_OBSERVED"", ""tensor"": null}",0,0
ruler_qa_squad_16k:0056,ruler_qa_squad_16k,KP_ELIGIBLE_167,true,F00,1.0,1.0,0.0019117984920740128,false,false,false,false,true,false,"{""closure_level"": ""L1"", ""layer"": 25, ""max_abs_diff"": 0.125, ""region"": ""FIRST_CONTINUATION_CHUNK"", ""relative_l2_diff"": 5.71139607927762e-05, ""tensor"": ""attention_output""}",0,0
ruler_niah_multikey_3_16k:0429,ruler_niah_multikey_3_16k,KP_ELIGIBLE_167,true,F00,1.0,1.0,0.0,true,true,true,true,true,true,"{""closure_level"": ""NONE_OBSERVED"", ""layer"": null, ""region"": ""NONE_OBSERVED"", ""tensor"": null}",0,0
ruler_niah_multiquery_16k:0381,ruler_niah_multiquery_16k,KP_ELIGIBLE_167,true,F11,1.0,1.0,0.0,true,true,true,true,true,true,"{""closure_level"": ""NONE_OBSERVED"", ""layer"": null, ""region"": ""NONE_OBSERVED"", ""tensor"": null}",1,1
ruler_qa_squad_16k:0445,ruler_qa_squad_16k,KP_ELIGIBLE_167,true,F00,1.0,1.0,0.0,true,true,true,true,true,true,"{""closure_level"": ""NONE_OBSERVED"", ""layer"": null, ""region"": ""NONE_OBSERVED"", ""tensor"": null}",0,0
ruler_vt_16k:0277,ruler_vt_16k,KP_ELIGIBLE_167,true,F10,1.0,1.0,0.0,true,true,true,true,true,true,"{""closure_level"": ""NONE_OBSERVED"", ""layer"": null, ""region"": ""NONE_OBSERVED"", ""tensor"": null}",1,0
ruler_vt_16k:0396,ruler_vt_16k,KP_ELIGIBLE_167,true,F01,0.8,1.0,0.004368497524410486,false,false,false,false,false,false,"{""closure_level"": ""L1"", ""layer"": 19, ""max_abs_diff"": 0.25, ""region"": ""FIRST_CONTINUATION_CHUNK"", ""relative_l2_diff"": 0.00014689270756207407, ""tensor"": ""attention_output""}",0,1
ruler_niah_multikey_1_16k:0432,ruler_niah_multikey_1_16k,KP_ELIGIBLE_167,true,F01,1.0,1.0,0.0,true,true,true,true,true,true,"{""closure_level"": ""NONE_OBSERVED"", ""layer"": null, ""region"": ""NONE_OBSERVED"", ""tensor"": null}",0,1
ruler_vt_16k:0454,ruler_vt_16k,KP_ELIGIBLE_167,true,F10,1.0,1.0,0.0,true,true,true,true,true,true,"{""closure_level"": ""NONE_OBSERVED"", ""layer"": null, ""region"": ""NONE_OBSERVED"", ""tensor"": null}",1,0
ruler_vt_16k:0008,ruler_vt_16k,KP_ELIGIBLE_167,true,F10,0.8,0.8,0.0,true,true,true,true,true,true,"{""closure_level"": ""NONE_OBSERVED"", ""layer"": null, ""region"": ""NONE_OBSERVED"", ""tensor"": null}",1,0
ruler_niah_multiquery_16k:0063,ruler_niah_multiquery_16k,KP_ELIGIBLE_167,true,F10,1.0,1.0,0.0,true,true,true,true,true,true,"{""closure_level"": ""NONE_OBSERVED"", ""layer"": null, ""region"": ""NONE_OBSERVED"", ""tensor"": null}",1,0
ruler_vt_16k:0098,ruler_vt_16k,KP_ELIGIBLE_167,true,F10,1.0,1.0,0.0,true,true,true,true,true,true,"{""closure_level"": ""NONE_OBSERVED"", ""layer"": null, ""region"": ""NONE_OBSERVED"", ""tensor"": null}",1,0
ruler_fwe_16k:0263,ruler_fwe_16k,KP_ELIGIBLE_167,true,F10,0.6666666666666666,0.6666666666666666,0.0,true,true,true,true,true,true,"{""closure_level"": ""NONE_OBSERVED"", ""layer"": null, ""region"": ""NONE_OBSERVED"", ""tensor"": null}",1,0
ruler_vt_16k:0418,ruler_vt_16k,KP_ELIGIBLE_167,true,F01,0.8,0.8,0.0,true,true,true,true,true,true,"{""closure_level"": ""NONE_OBSERVED"", ""layer"": null, ""region"": ""NONE_OBSERVED"", ""tensor"": null}",0,1
ruler_vt_16k:0083,ruler_vt_16k,KP_ELIGIBLE_167,true,F11,1.0,1.0,0.0,true,true,true,true,true,true,"{""closure_level"": ""NONE_OBSERVED"", ""layer"": null, ""region"": ""NONE_OBSERVED"", ""tensor"": null}",1,1
ruler_fwe_16k:0351,ruler_fwe_16k,KP_ELIGIBLE_167,true,F11,1.0,1.0,0.0,true,true,true,true,true,true,"{""closure_level"": ""NONE_OBSERVED"", ""layer"": null, ""region"": ""NONE_OBSERVED"", ""tensor"": null}",1,1
ruler_niah_multivalue_16k:0498,ruler_niah_multivalue_16k,KP_ELIGIBLE_167,true,F11,1.0,1.0,0.0,true,true,true,true,true,true,"{""closure_level"": ""NONE_OBSERVED"", ""layer"": null, ""region"": ""NONE_OBSERVED"", ""tensor"": null}",1,1
ruler_vt_16k:0381,ruler_vt_16k,KP_ELIGIBLE_167,true,F01,0.8,0.8,0.0,true,true,true,true,true,true,"{""closure_level"": ""NONE_OBSERVED"", ""layer"": null, ""region"": ""NONE_OBSERVED"", ""tensor"": null}",0,1
ruler_qa_squad_16k:0472,ruler_qa_squad_16k,KP_ELIGIBLE_167,true,F00,1.0,1.0,0.0,true,true,true,true,true,true,"{""closure_level"": ""NONE_OBSERVED"", ""layer"": null, ""region"": ""NONE_OBSERVED"", ""tensor"": null}",0,0
ruler_niah_multiquery_16k:0100,ruler_niah_multiquery_16k,KP_ELIGIBLE_167,true,F00,1.0,1.0,0.0,true,true,true,true,true,true,"{""closure_level"": ""NONE_OBSERVED"", ""layer"": null, ""region"": ""NONE_OBSERVED"", ""tensor"": null}",0,0
ruler_qa_squad_16k:0445,ruler_qa_squad_16k,KP_ELIGIBLE_167,true,F11,1.0,1.0,0.0,true,true,true,true,true,true,"{""closure_level"": ""NONE_OBSERVED"", ""layer"": null, ""region"": ""NONE_OBSERVED"", ""tensor"": null}",1,1
ruler_qa_hotpotqa_16k:0478,ruler_qa_hotpotqa_16k,KP_ELIGIBLE_167,true,F01,1.0,1.0,0.0,true,true,true,true,true,true,"{""closure_level"": ""NONE_OBSERVED"", ""layer"": null, ""region"": ""NONE_OBSERVED"", ""tensor"": null}",0,1
ruler_vt_16k:0164,ruler_vt_16k,KP_ELIGIBLE_167,true,F11,0.8,0.8,0.0,true,true,true,true,true,true,"{""closure_level"": ""NONE_OBSERVED"", ""layer"": null, ""region"": ""NONE_OBSERVED"", ""tensor"": null}",1,1
ruler_niah_multikey_2_16k:0331,ruler_niah_multikey_2_16k,KP_ELIGIBLE_167,true,F01,1.0,1.0,0.0,true,true,true,true,true,true,"{""closure_level"": ""NONE_OBSERVED"", ""layer"": null, ""region"": ""NONE_OBSERVED"", ""tensor"": null}",0,1
ruler_vt_16k:0164,ruler_vt_16k,KP_ELIGIBLE_167,true,F10,0.8,0.8,0.0,true,true,true,true,true,true,"{""closure_level"": ""NONE_OBSERVED"", ""layer"": null, ""region"": ""NONE_OBSERVED"", ""tensor"": null}",1,0
ruler_vt_16k:0322,ruler_vt_16k,KP_ELIGIBLE_167,true,F10,1.0,1.0,0.0,true,true,true,true,true,true,"{""closure_level"": ""NONE_OBSERVED"", ""layer"": null, ""region"": ""NONE_OBSERVED"", ""tensor"": null}",1,0
ruler_fwe_16k:0108,ruler_fwe_16k,KP_ELIGIBLE_167,true,F01,1.0,1.0,0.0,true,true,true,true,true,true,"{""closure_level"": ""NONE_OBSERVED"", ""layer"": null, ""region"": ""NONE_OBSERVED"", ""tensor"": null}",0,1
ruler_fwe_16k:0321,ruler_fwe_16k,KP_ELIGIBLE_167,true,F01,0.6666666666666666,1.0,0.0049257297068834305,false,false,false,false,false,false,"{""closure_level"": ""L1"", ""layer"": 1, ""max_abs_diff"": 0.001953125, ""region"": ""FIRST_CONTINUATION_CHUNK"", ""relative_l2_diff"": 3.233288953197189e-05, ""tensor"": ""attention_output""}",0,1
ruler_qa_squad_16k:0444,ruler_qa_squad_16k,KP_ELIGIBLE_167,true,F10,1.0,1.0,0.0,true,true,true,true,true,true,"{""closure_level"": ""NONE_OBSERVED"", ""layer"": null, ""region"": ""NONE_OBSERVED"", ""tensor"": null}",1,0
ruler_vt_16k:0394,ruler_vt_16k,KP_ELIGIBLE_167,true,F11,0.8,0.8,0.0,true,true,true,true,true,true,"{""closure_level"": ""NONE_OBSERVED"", ""layer"": null, ""region"": ""NONE_OBSERVED"", ""tensor"": null}",1,1
ruler_vt_16k:0422,ruler_vt_16k,KP_ELIGIBLE_167,true,F10,1.0,1.0,0.0,true,true,true,true,true,true,"{""closure_level"": ""NONE_OBSERVED"", ""layer"": null, ""region"": ""NONE_OBSERVED"", ""tensor"": null}",1,0
ruler_qa_squad_16k:0141,ruler_qa_squad_16k,KP_ELIGIBLE_167,true,F11,1.0,1.0,0.0,true,true,true,true,true,true,"{""closure_level"": ""NONE_OBSERVED"", ""layer"": null, ""region"": ""NONE_OBSERVED"", ""tensor"": null}",1,1
ruler_qa_squad_16k:0472,ruler_qa_squad_16k,KP_ELIGIBLE_167,true,F11,1.0,1.0,0.0,true,true,true,true,true,true,"{""closure_level"": ""NONE_OBSERVED"", ""layer"": null, ""region"": ""NONE_OBSERVED"", ""tensor"": null}",1,1
ruler_qa_squad_16k:0458,ruler_qa_squad_16k,KP_ELIGIBLE_167,true,F01,0.0,1.0,0.005227844696491957,false,false,false,false,false,false,"{""closure_level"": ""L1"", ""layer"": 14, ""max_abs_diff"": 0.0625, ""region"": ""FIRST_CONTINUATION_CHUNK"", ""relative_l2_diff"": 0.0002707397798076272, ""tensor"": ""attention_output""}",0,1
ruler_vt_16k:0140,ruler_vt_16k,KP_ELIGIBLE_167,true,F00,0.2,0.8,0.005358384922146797,false,false,false,false,false,false,"{""closure_level"": ""L1"", ""layer"": 7, ""max_abs_diff"": 0.00390625, ""region"": ""FIRST_CONTINUATION_CHUNK"", ""relative_l2_diff"": 9.635932656237856e-06, ""tensor"": ""attention_output""}",0,0
ruler_qa_squad_16k:0491,ruler_qa_squad_16k,KP_ELIGIBLE_167,true,F11,1.0,1.0,0.0,true,true,true,true,true,true,"{""closure_level"": ""NONE_OBSERVED"", ""layer"": null, ""region"": ""NONE_OBSERVED"", ""tensor"": null}",1,1
ruler_qa_hotpotqa_16k:0348,ruler_qa_hotpotqa_16k,KP_ELIGIBLE_167,true,F10,1.0,1.0,0.0,true,true,true,true,true,true,"{""closure_level"": ""NONE_OBSERVED"", ""layer"": null, ""region"": ""NONE_OBSERVED"", ""tensor"": null}",1,0
ruler_vt_16k:0070,ruler_vt_16k,KP_ELIGIBLE_167,true,F00,0.6,0.6,0.0,true,true,true,true,true,true,"{""closure_level"": ""NONE_OBSERVED"", ""layer"": null, ""region"": ""NONE_OBSERVED"", ""tensor"": null}",0,0
ruler_fwe_16k:0218,ruler_fwe_16k,KP_ELIGIBLE_167,true,F10,0.6666666666666666,0.6666666666666666,0.00364791345782578,true,true,false,false,true,false,"{""closure_level"": ""L3"", ""layer"": 6, ""max_abs_diff"": 0.015625, ""region"": ""INCOMPLETE_PROMPT_TAIL"", ""relative_l2_diff"": 0.00259440578520298, ""tensor"": ""mlp_output""}",1,0
ruler_vt_16k:0183,ruler_vt_16k,KP_ELIGIBLE_167,true,F00,0.4,0.8,0.005211540497839451,false,false,false,false,false,false,"{""closure_level"": ""L1"", ""layer"": 1, ""max_abs_diff"": 0.0009765625, ""region"": ""FIRST_CONTINUATION_CHUNK"", ""relative_l2_diff"": 1.1579170859477017e-05, ""tensor"": ""attention_output""}",0,0
ruler_vt_16k:0420,ruler_vt_16k,KP_ELIGIBLE_167,true,F10,0.8,0.8,0.0,true,true,true,true,true,true,"{""closure_level"": ""NONE_OBSERVED"", ""layer"": null, ""region"": ""NONE_OBSERVED"", ""tensor"": null}",1,0
ruler_vt_16k:0477,ruler_vt_16k,KP_ELIGIBLE_167,true,F00,1.0,1.0,0.0,true,true,true,true,true,true,"{""closure_level"": ""NONE_OBSERVED"", ""layer"": null, ""region"": ""NONE_OBSERVED"", ""tensor"": null}",0,0
ruler_niah_multivalue_16k:0245,ruler_niah_multivalue_16k,KP_ELIGIBLE_167,true,F10,1.0,1.0,0.0,true,true,true,true,true,true,"{""closure_level"": ""NONE_OBSERVED"", ""layer"": null, ""region"": ""NONE_OBSERVED"", ""tensor"": null}",1,0
ruler_vt_16k:0352,ruler_vt_16k,KP_ELIGIBLE_167,true,F00,0.8,0.8,0.0,true,true,true,true,true,true,"{""closure_level"": ""NONE_OBSERVED"", ""layer"": null, ""region"": ""NONE_OBSERVED"", ""tensor"": null}",0,0
ruler_qa_squad_16k:0172,ruler_qa_squad_16k,KP_ELIGIBLE_167,true,F10,1.0,1.0,0.0,true,true,true,true,true,true,"{""closure_level"": ""NONE_OBSERVED"", ""layer"": null, ""region"": ""NONE_OBSERVED"", ""tensor"": null}",1,0
ruler_qa_squad_16k:0033,ruler_qa_squad_16k,KP_ELIGIBLE_167,true,F11,1.0,1.0,0.0,true,true,true,true,true,true,"{""closure_level"": ""NONE_OBSERVED"", ""layer"": null, ""region"": ""NONE_OBSERVED"", ""tensor"": null}",1,1
ruler_vt_16k:0057,ruler_vt_16k,KP_ELIGIBLE_167,true,F01,0.2,0.8,0.0043997191824018955,false,false,false,false,false,false,"{""closure_level"": ""L1"", ""layer"": 7, ""max_abs_diff"": 0.0078125, ""region"": ""FIRST_CONTINUATION_CHUNK"", ""relative_l2_diff"": 5.734046135330573e-05, ""tensor"": ""attention_output""}",0,1
ruler_niah_multiquery_16k:0001,ruler_niah_multiquery_16k,KP_ELIGIBLE_167,true,F11,1.0,1.0,0.0,true,true,true,true,true,true,"{""closure_level"": ""NONE_OBSERVED"", ""layer"": null, ""region"": ""NONE_OBSERVED"", ""tensor"": null}",1,1
ruler_qa_hotpotqa_16k:0312,ruler_qa_hotpotqa_16k,KP_ELIGIBLE_167,true,F10,1.0,1.0,0.0,true,true,true,true,true,true,"{""closure_level"": ""NONE_OBSERVED"", ""layer"": null, ""region"": ""NONE_OBSERVED"", ""tensor"": null}",1,0
ruler_vt_16k:0196,ruler_vt_16k,KP_ELIGIBLE_167,true,F01,1.0,1.0,0.0,true,true,true,true,true,true,"{""closure_level"": ""NONE_OBSERVED"", ""layer"": null, ""region"": ""NONE_OBSERVED"", ""tensor"": null}",0,1
ruler_niah_multikey_3_16k:0074,ruler_niah_multikey_3_16k,KP_ELIGIBLE_167,true,F10,1.0,1.0,0.0,true,true,true,true,true,true,"{""closure_level"": ""NONE_OBSERVED"", ""layer"": null, ""region"": ""NONE_OBSERVED"", ""tensor"": null}",1,0
ruler_niah_multikey_3_16k:0217,ruler_niah_multikey_3_16k,KP_ELIGIBLE_167,true,F11,1.0,1.0,0.0,true,true,true,true,true,true,"{""closure_level"": ""NONE_OBSERVED"", ""layer"": null, ""region"": ""NONE_OBSERVED"", ""tensor"": null}",1,1
ruler_vt_16k:0373,ruler_vt_16k,KP_ELIGIBLE_167,true,F11,0.8,0.8,0.0,true,true,true,true,true,true,"{""closure_level"": ""NONE_OBSERVED"", ""layer"": null, ""region"": ""NONE_OBSERVED"", ""tensor"": null}",1,1
ruler_fwe_16k:0088,ruler_fwe_16k,KP_ELIGIBLE_167,true,F00,0.6666666666666666,1.0,0.003524234751239419,false,false,false,false,false,false,"{""closure_level"": ""L1"", ""layer"": 7, ""max_abs_diff"": 0.00390625, ""region"": ""FIRST_CONTINUATION_CHUNK"", ""relative_l2_diff"": 1.4648337128164712e-05, ""tensor"": ""attention_output""}",0,0
ruler_qa_squad_16k:0141,ruler_qa_squad_16k,KP_ELIGIBLE_167,true,F10,1.0,1.0,0.0,true,true,true,true,true,true,"{""closure_level"": ""NONE_OBSERVED"", ""layer"": null, ""region"": ""NONE_OBSERVED"", ""tensor"": null}",1,0
ruler_vt_16k:0139,ruler_vt_16k,KP_ELIGIBLE_167,true,F11,1.0,1.0,0.0,true,true,true,true,true,true,"{""closure_level"": ""NONE_OBSERVED"", ""layer"": null, ""region"": ""NONE_OBSERVED"", ""tensor"": null}",1,1
ruler_niah_multiquery_16k:0063,ruler_niah_multiquery_16k,KP_ELIGIBLE_167,true,F01,1.0,1.0,0.0,true,true,true,true,true,true,"{""closure_level"": ""NONE_OBSERVED"", ""layer"": null, ""region"": ""NONE_OBSERVED"", ""tensor"": null}",0,1
ruler_niah_multivalue_16k:0060,ruler_niah_multivalue_16k,KP_ELIGIBLE_167,true,F00,1.0,1.0,0.0,true,true,true,true,true,true,"{""closure_level"": ""NONE_OBSERVED"", ""layer"": null, ""region"": ""NONE_OBSERVED"", ""tensor"": null}",0,0
ruler_niah_multivalue_16k:0498,ruler_niah_multivalue_16k,KP_ELIGIBLE_167,true,F10,1.0,1.0,0.0,true,true,true,true,true,true,"{""closure_level"": ""NONE_OBSERVED"", ""layer"": null, ""region"": ""NONE_OBSERVED"", ""tensor"": null}",1,0
ruler_niah_multikey_3_16k:0071,ruler_niah_multikey_3_16k,KP_ELIGIBLE_167,true,F11,1.0,1.0,0.0,true,true,true,true,true,true,"{""closure_level"": ""NONE_OBSERVED"", ""layer"": null, ""region"": ""NONE_OBSERVED"", ""tensor"": null}",1,1
ruler_fwe_16k:0293,ruler_fwe_16k,KP_ELIGIBLE_167,true,F10,1.0,1.0,0.0,true,true,true,true,true,true,"{""closure_level"": ""NONE_OBSERVED"", ""layer"": null, ""region"": ""NONE_OBSERVED"", ""tensor"": null}",1,0
ruler_niah_multikey_3_16k:0071,ruler_niah_multikey_3_16k,KP_ELIGIBLE_167,true,F10,1.0,1.0,0.0,true,true,true,true,true,true,"{""closure_level"": ""NONE_OBSERVED"", ""layer"": null, ""region"": ""NONE_OBSERVED"", ""tensor"": null}",1,0
ruler_fwe_16k:0373,ruler_fwe_16k,KP_ELIGIBLE_167,true,F10,1.0,1.0,0.0,true,true,true,true,true,true,"{""closure_level"": ""NONE_OBSERVED"", ""layer"": null, ""region"": ""NONE_OBSERVED"", ""tensor"": null}",1,0
ruler_qa_hotpotqa_16k:0493,ruler_qa_hotpotqa_16k,KP_ELIGIBLE_167,true,F00,1.0,1.0,0.0,true,true,true,true,true,true,"{""closure_level"": ""NONE_OBSERVED"", ""layer"": null, ""region"": ""NONE_OBSERVED"", ""tensor"": null}",0,0
ruler_qa_hotpotqa_16k:0118,ruler_qa_hotpotqa_16k,KP_ELIGIBLE_167,true,F01,1.0,1.0,0.0,true,true,true,true,true,true,"{""closure_level"": ""NONE_OBSERVED"", ""layer"": null, ""region"": ""NONE_OBSERVED"", ""tensor"": null}",0,1
ruler_vt_16k:0310,ruler_vt_16k,KP_ELIGIBLE_167,true,F00,0.8,0.8,0.0,true,true,true,true,true,true,"{""closure_level"": ""NONE_OBSERVED"", ""layer"": null, ""region"": ""NONE_OBSERVED"", ""tensor"": null}",0,0
ruler_vt_16k:0050,ruler_vt_16k,KP_ELIGIBLE_167,true,F10,1.0,1.0,0.0,true,true,true,true,true,true,"{""closure_level"": ""NONE_OBSERVED"", ""layer"": null, ""region"": ""NONE_OBSERVED"", ""tensor"": null}",1,0
ruler_qa_hotpotqa_16k:0023,ruler_qa_hotpotqa_16k,KP_ELIGIBLE_167,true,F01,1.0,1.0,0.0,true,true,true,true,true,true,"{""closure_level"": ""NONE_OBSERVED"", ""layer"": null, ""region"": ""NONE_OBSERVED"", ""tensor"": null}",0,1
ruler_qa_hotpotqa_16k:0348,ruler_qa_hotpotqa_16k,KP_ELIGIBLE_167,true,F01,1.0,1.0,0.0,true,true,true,true,true,true,"{""closure_level"": ""NONE_OBSERVED"", ""layer"": null, ""region"": ""NONE_OBSERVED"", ""tensor"": null}",0,1
ruler_vt_16k:0404,ruler_vt_16k,KP_ELIGIBLE_167,true,F01,0.4,0.8,0.003643830306828022,false,false,false,false,false,false,"{""closure_level"": ""L1"", ""layer"": 7, ""max_abs_diff"": 0.00390625, ""region"": ""FIRST_CONTINUATION_CHUNK"", ""relative_l2_diff"": 4.3888288928428665e-05, ""tensor"": ""attention_output""}",0,1
ruler_qa_hotpotqa_16k:0191,ruler_qa_hotpotqa_16k,KP_ELIGIBLE_167,true,F00,1.0,1.0,0.0019158251816406846,false,false,false,false,true,false,"{""closure_level"": ""L1"", ""layer"": 25, ""max_abs_diff"": 0.125, ""region"": ""FIRST_CONTINUATION_CHUNK"", ""relative_l2_diff"": 2.8058095267624594e-05, ""tensor"": ""attention_output""}",0,0
ruler_vt_16k:0317,ruler_vt_16k,KP_ELIGIBLE_167,true,F11,0.8,0.8,0.0,true,true,true,true,true,true,"{""closure_level"": ""NONE_OBSERVED"", ""layer"": null, ""region"": ""NONE_OBSERVED"", ""tensor"": null}",1,1
ruler_vt_16k:0405,ruler_vt_16k,KP_ELIGIBLE_167,true,F01,0.6,0.8,0.0032166065648198128,false,false,false,false,false,false,"{""closure_level"": ""L1"", ""layer"": 1, ""max_abs_diff"": 0.001953125, ""region"": ""FIRST_CONTINUATION_CHUNK"", ""relative_l2_diff"": 5.591938679572195e-05, ""tensor"": ""attention_output""}",0,1
ruler_vt_16k:0342,ruler_vt_16k,KP_ELIGIBLE_167,true,F10,0.8,0.8,0.0,true,true,true,true,true,true,"{""closure_level"": ""NONE_OBSERVED"", ""layer"": null, ""region"": ""NONE_OBSERVED"", ""tensor"": null}",1,0
ruler_vt_16k:0373,ruler_vt_16k,KP_ELIGIBLE_167,true,F00,0.8,0.8,0.0,true,true,true,true,true,true,"{""closure_level"": ""NONE_OBSERVED"", ""layer"": null, ""region"": ""NONE_OBSERVED"", ""tensor"": null}",0,0
ruler_vt_16k:0310,ruler_vt_16k,KP_ELIGIBLE_167,true,F11,0.8,0.8,0.0,true,true,true,true,true,true,"{""closure_level"": ""NONE_OBSERVED"", ""layer"": null, ""region"": ""NONE_OBSERVED"", ""tensor"": null}",1,1
ruler_niah_multikey_3_16k:0208,ruler_niah_multikey_3_16k,KP_ELIGIBLE_167,true,F11,1.0,1.0,0.0,true,true,true,true,true,true,"{""closure_level"": ""NONE_OBSERVED"", ""layer"": null, ""region"": ""NONE_OBSERVED"", ""tensor"": null}",1,1
ruler_vt_16k:0008,ruler_vt_16k,KP_ELIGIBLE_167,true,F00,0.8,0.8,0.0,true,true,true,true,true,true,"{""closure_level"": ""NONE_OBSERVED"", ""layer"": null, ""region"": ""NONE_OBSERVED"", ""tensor"": null}",0,0
ruler_niah_multivalue_16k:0245,ruler_niah_multivalue_16k,KP_ELIGIBLE_167,true,F01,1.0,1.0,0.0,true,true,true,true,true,true,"{""closure_level"": ""NONE_OBSERVED"", ""layer"": null, ""region"": ""NONE_OBSERVED"", ""tensor"": null}",0,1
ruler_niah_multiquery_16k:0131,ruler_niah_multiquery_16k,KP_ELIGIBLE_167,true,F10,1.0,1.0,0.0,true,true,true,true,true,true,"{""closure_level"": ""NONE_OBSERVED"", ""layer"": null, ""region"": ""NONE_OBSERVED"", ""tensor"": null}",1,0
ruler_fwe_16k:0010,ruler_fwe_16k,KP_ELIGIBLE_167,true,F01,0.6666666666666666,1.0,0.0044189682230353355,false,false,false,false,false,false,"{""closure_level"": ""L1"", ""layer"": 1, ""max_abs_diff"": 0.00390625, ""region"": ""FIRST_CONTINUATION_CHUNK"", ""relative_l2_diff"": 0.0001546346757095307, ""tensor"": ""attention_output""}",0,1
ruler_qa_squad_16k:0432,ruler_qa_squad_16k,KP_ELIGIBLE_167,true,F10,1.0,1.0,0.0,true,true,true,true,true,true,"{""closure_level"": ""NONE_OBSERVED"", ""layer"": null, ""region"": ""NONE_OBSERVED"", ""tensor"": null}",1,0
ruler_vt_16k:0108,ruler_vt_16k,KP_ELIGIBLE_167,true,F10,0.8,0.8,0.0,true,true,true,true,true,true,"{""closure_level"": ""NONE_OBSERVED"", ""layer"": null, ""region"": ""NONE_OBSERVED"", ""tensor"": null}",1,0
ruler_vt_16k:0456,ruler_vt_16k,KP_ELIGIBLE_167,true,F11,0.8,0.8,0.0,true,true,true,true,true,true,"{""closure_level"": ""NONE_OBSERVED"", ""layer"": null, ""region"": ""NONE_OBSERVED"", ""tensor"": null}",1,1
ruler_vt_16k:0477,ruler_vt_16k,KP_ELIGIBLE_167,true,F10,1.0,1.0,0.0,true,true,true,true,true,true,"{""closure_level"": ""NONE_OBSERVED"", ""layer"": null, ""region"": ""NONE_OBSERVED"", ""tensor"": null}",1,0
ruler_vt_16k:0237,ruler_vt_16k,KP_ELIGIBLE_167,true,F10,0.8,0.8,0.0,true,true,true,true,true,true,"{""closure_level"": ""NONE_OBSERVED"", ""layer"": null, ""region"": ""NONE_OBSERVED"", ""tensor"": null}",1,0
ruler_qa_hotpotqa_16k:0312,ruler_qa_hotpotqa_16k,KP_ELIGIBLE_167,true,F00,0.0,1.0,0.008679916150867939,false,false,false,false,false,false,"{""closure_level"": ""L1"", ""layer"": 1, ""max_abs_diff"": 0.001953125, ""region"": ""FIRST_CONTINUATION_CHUNK"", ""relative_l2_diff"": 4.108349094167352e-05, ""tensor"": ""attention_output""}",0,0
ruler_niah_multiquery_16k:0082,ruler_niah_multiquery_16k,KP_ELIGIBLE_167,true,F01,0.75,1.0,0.006839974317699671,false,false,false,false,false,false,"{""closure_level"": ""L1"", ""layer"": 13, ""max_abs_diff"": 0.0078125, ""region"": ""FIRST_CONTINUATION_CHUNK"", ""relative_l2_diff"": 1.43258648677147e-05, ""tensor"": ""attention_output""}",0,1
ruler_vt_16k:0123,ruler_vt_16k,KP_ELIGIBLE_167,true,F01,0.8,1.0,0.004191132262349129,false,false,false,false,false,false,"{""closure_level"": ""L1"", ""layer"": 1, ""max_abs_diff"": 0.001953125, ""region"": ""FIRST_CONTINUATION_CHUNK"", ""relative_l2_diff"": 6.314845086308196e-05, ""tensor"": ""attention_output""}",0,1
ruler_niah_multivalue_16k:0496,ruler_niah_multivalue_16k,KP_ELIGIBLE_167,true,F01,1.0,1.0,0.0,true,true,true,true,true,true,"{""closure_level"": ""NONE_OBSERVED"", ""layer"": null, ""region"": ""NONE_OBSERVED"", ""tensor"": null}",0,1
ruler_vt_16k:0445,ruler_vt_16k,KP_ELIGIBLE_167,true,F10,0.8,0.8,0.0,true,true,true,true,true,true,"{""closure_level"": ""NONE_OBSERVED"", ""layer"": null, ""region"": ""NONE_OBSERVED"", ""tensor"": null}",1,0
ruler_fwe_16k:0402,ruler_fwe_16k,KP_ELIGIBLE_167,true,F11,1.0,1.0,0.0,true,true,true,true,true,true,"{""closure_level"": ""NONE_OBSERVED"", ""layer"": null, ""region"": ""NONE_OBSERVED"", ""tensor"": null}",1,1
ruler_vt_16k:0240,ruler_vt_16k,KP_ELIGIBLE_167,true,F00,0.4,1.0,0.005371867213398218,false,false,false,false,false,false,"{""closure_level"": ""L1"", ""layer"": 7, ""max_abs_diff"": 0.03125, ""region"": ""FIRST_CONTINUATION_CHUNK"", ""relative_l2_diff"": 0.0003102516639046371, ""tensor"": ""attention_output""}",0,0
ruler_fwe_16k:0227,ruler_fwe_16k,KP_ELIGIBLE_167,true,F01,1.0,1.0,0.0,true,true,true,true,true,true,"{""closure_level"": ""NONE_OBSERVED"", ""layer"": null, ""region"": ""NONE_OBSERVED"", ""tensor"": null}",0,1
ruler_fwe_16k:0010,ruler_fwe_16k,KP_ELIGIBLE_167,true,F10,1.0,1.0,0.0,true,true,true,true,true,true,"{""closure_level"": ""NONE_OBSERVED"", ""layer"": null, ""region"": ""NONE_OBSERVED"", ""tensor"": null}",1,0
ruler_niah_multikey_3_16k:0429,ruler_niah_multikey_3_16k,KP_ELIGIBLE_167,true,F10,1.0,1.0,0.0,true,true,true,true,true,true,"{""closure_level"": ""NONE_OBSERVED"", ""layer"": null, ""region"": ""NONE_OBSERVED"", ""tensor"": null}",1,0
ruler_vt_16k:0333,ruler_vt_16k,KP_ELIGIBLE_167,true,F01,1.0,1.0,0.0028654257766902447,false,false,false,false,true,false,"{""closure_level"": ""L1"", ""layer"": 25, ""max_abs_diff"": 0.0625, ""region"": ""FIRST_CONTINUATION_CHUNK"", ""relative_l2_diff"": 6.197528273332864e-05, ""tensor"": ""attention_output""}",0,1
ruler_vt_16k:0358,ruler_vt_16k,KP_ELIGIBLE_167,true,F01,1.0,1.0,0.0,true,true,true,true,true,true,"{""closure_level"": ""NONE_OBSERVED"", ""layer"": null, ""region"": ""NONE_OBSERVED"", ""tensor"": null}",0,1
ruler_vt_16k:0226,ruler_vt_16k,KP_ELIGIBLE_167,true,F00,0.4,0.8,0.0036996372509747744,false,false,false,false,false,false,"{""closure_level"": ""L1"", ""layer"": 1, ""max_abs_diff"": 0.0009765625, ""region"": ""FIRST_CONTINUATION_CHUNK"", ""relative_l2_diff"": 2.9489083317457698e-05, ""tensor"": ""attention_output""}",0,0
ruler_qa_squad_16k:0424,ruler_qa_squad_16k,KP_ELIGIBLE_167,true,F01,0.0,1.0,0.00652475468814373,false,false,false,false,false,false,"{""closure_level"": ""L1"", ""layer"": 7, ""max_abs_diff"": 0.00390625, ""region"": ""FIRST_CONTINUATION_CHUNK"", ""relative_l2_diff"": 1.4685265341540799e-05, ""tensor"": ""attention_output""}",0,1
ruler_niah_multivalue_16k:0245,ruler_niah_multivalue_16k,KP_ELIGIBLE_167,true,F00,1.0,1.0,0.0,true,true,true,true,true,true,"{""closure_level"": ""NONE_OBSERVED"", ""layer"": null, ""region"": ""NONE_OBSERVED"", ""tensor"": null}",0,0
ruler_vt_16k:0065,ruler_vt_16k,KP_ELIGIBLE_167,true,F11,1.0,1.0,0.0,true,true,true,true,true,true,"{""closure_level"": ""NONE_OBSERVED"", ""layer"": null, ""region"": ""NONE_OBSERVED"", ""tensor"": null}",1,1
ruler_vt_16k:0372,ruler_vt_16k,KP_ELIGIBLE_167,true,F00,1.0,1.0,0.0,true,true,true,true,true,true,"{""closure_level"": ""NONE_OBSERVED"", ""layer"": null, ""region"": ""NONE_OBSERVED"", ""tensor"": null}",0,0
ruler_qa_squad_16k:0172,ruler_qa_squad_16k,KP_ELIGIBLE_167,true,F11,1.0,1.0,0.0,true,true,true,true,true,true,"{""closure_level"": ""NONE_OBSERVED"", ""layer"": null, ""region"": ""NONE_OBSERVED"", ""tensor"": null}",1,1
ruler_vt_16k:0220,ruler_vt_16k,KP_ELIGIBLE_167,true,F00,1.0,1.0,0.0,true,true,true,true,true,true,"{""closure_level"": ""NONE_OBSERVED"", ""layer"": null, ""region"": ""NONE_OBSERVED"", ""tensor"": null}",0,0
ruler_qa_squad_16k:0458,ruler_qa_squad_16k,KP_ELIGIBLE_167,true,F10,1.0,1.0,0.0,true,true,true,true,true,true,"{""closure_level"": ""NONE_OBSERVED"", ""layer"": null, ""region"": ""NONE_OBSERVED"", ""tensor"": null}",1,0
ruler_qa_hotpotqa_16k:0142,ruler_qa_hotpotqa_16k,KP_ELIGIBLE_167,true,F10,1.0,1.0,0.0,true,true,true,true,true,true,"{""closure_level"": ""NONE_OBSERVED"", ""layer"": null, ""region"": ""NONE_OBSERVED"", ""tensor"": null}",1,0
ruler_niah_multikey_3_16k:0362,ruler_niah_multikey_3_16k,KP_ELIGIBLE_167,true,F01,0.0,1.0,0.00586644746363163,false,false,false,false,false,false,"{""closure_level"": ""L1"", ""layer"": 13, ""max_abs_diff"": 0.0078125, ""region"": ""FIRST_CONTINUATION_CHUNK"", ""relative_l2_diff"": 7.192623888840899e-05, ""tensor"": ""attention_output""}",0,1
ruler_fwe_16k:0498,ruler_fwe_16k,KP_ELIGIBLE_167,true,F11,1.0,1.0,0.0,true,true,true,true,true,true,"{""closure_level"": ""NONE_OBSERVED"", ""layer"": null, ""region"": ""NONE_OBSERVED"", ""tensor"": null}",1,1
ruler_vt_16k:0226,ruler_vt_16k,KP_ELIGIBLE_167,true,F10,0.8,0.8,0.0,true,true,true,true,true,true,"{""closure_level"": ""NONE_OBSERVED"", ""layer"": null, ""region"": ""NONE_OBSERVED"", ""tensor"": null}",1,0
ruler_niah_multiquery_16k:0201,ruler_niah_multiquery_16k,KP_ELIGIBLE_167,true,F01,1.0,1.0,0.0,true,true,true,true,true,true,"{""closure_level"": ""NONE_OBSERVED"", ""layer"": null, ""region"": ""NONE_OBSERVED"", ""tensor"": null}",0,1
ruler_qa_hotpotqa_16k:0493,ruler_qa_hotpotqa_16k,KP_ELIGIBLE_167,true,F10,1.0,1.0,0.0,true,true,true,true,true,true,"{""closure_level"": ""NONE_OBSERVED"", ""layer"": null, ""region"": ""NONE_OBSERVED"", ""tensor"": null}",1,0
ruler_qa_hotpotqa_16k:0337,ruler_qa_hotpotqa_16k,KP_ELIGIBLE_167,true,F00,0.0,1.0,0.009549983777105808,true,true,false,false,false,false,"{""closure_level"": ""L3"", ""layer"": 6, ""max_abs_diff"": 0.03125, ""region"": ""INCOMPLETE_PROMPT_TAIL"", ""relative_l2_diff"": 0.002836514264345169, ""tensor"": ""mlp_output""}",0,0
ruler_vt_16k:0063,ruler_vt_16k,KP_ELIGIBLE_167,true,F10,1.0,1.0,0.0,true,true,true,true,true,true,"{""closure_level"": ""NONE_OBSERVED"", ""layer"": null, ""region"": ""NONE_OBSERVED"", ""tensor"": null}",1,0
ruler_vt_16k:0070,ruler_vt_16k,KP_ELIGIBLE_167,true,F01,0.6,0.6,0.0,true,true,true,true,true,true,"{""closure_level"": ""NONE_OBSERVED"", ""layer"": null, ""region"": ""NONE_OBSERVED"", ""tensor"": null}",0,1
ruler_niah_multiquery_16k:0129,ruler_niah_multiquery_16k,KP_ELIGIBLE_167,true,F00,1.0,1.0,0.0,true,true,true,true,true,true,"{""closure_level"": ""NONE_OBSERVED"", ""layer"": null, ""region"": ""NONE_OBSERVED"", ""tensor"": null}",0,0
ruler_vt_16k:0421,ruler_vt_16k,KP_ELIGIBLE_167,true,F11,0.8,0.8,0.0,true,true,true,true,true,true,"{""closure_level"": ""NONE_OBSERVED"", ""layer"": null, ""region"": ""NONE_OBSERVED"", ""tensor"": null}",1,1
ruler_niah_multiquery_16k:0147,ruler_niah_multiquery_16k,KP_ELIGIBLE_167,true,F01,1.0,1.0,0.0,true,true,true,true,true,true,"{""closure_level"": ""NONE_OBSERVED"", ""layer"": null, ""region"": ""NONE_OBSERVED"", ""tensor"": null}",0,1
ruler_qa_hotpotqa_16k:0059,ruler_qa_hotpotqa_16k,KP_ELIGIBLE_167,true,F10,0.0,1.0,0.013060028664767742,true,true,false,false,false,false,"{""closure_level"": ""L3"", ""layer"": 6, ""max_abs_diff"": 0.0625, ""region"": ""INCOMPLETE_PROMPT_TAIL"", ""relative_l2_diff"": 0.0027023472357541323, ""tensor"": ""mlp_output""}",1,0
ruler_vt_16k:0451,ruler_vt_16k,KP_ELIGIBLE_167,true,F00,0.8,0.8,0.0,true,true,true,true,true,true,"{""closure_level"": ""NONE_OBSERVED"", ""layer"": null, ""region"": ""NONE_OBSERVED"", ""tensor"": null}",0,0
ruler_qa_hotpotqa_16k:0161,ruler_qa_hotpotqa_16k,KP_ELIGIBLE_167,true,F00,1.0,1.0,0.0,true,true,true,true,true,true,"{""closure_level"": ""NONE_OBSERVED"", ""layer"": null, ""region"": ""NONE_OBSERVED"", ""tensor"": null}",0,0
ruler_fwe_16k:0227,ruler_fwe_16k,KP_ELIGIBLE_167,true,F00,1.0,1.0,0.0,true,true,true,true,true,true,"{""closure_level"": ""NONE_OBSERVED"", ""layer"": null, ""region"": ""NONE_OBSERVED"", ""tensor"": null}",0,0
ruler_vt_16k:0295,ruler_vt_16k,KP_ELIGIBLE_167,true,F00,0.8,0.8,0.0,true,true,true,true,true,true,"{""closure_level"": ""NONE_OBSERVED"", ""layer"": null, ""region"": ""NONE_OBSERVED"", ""tensor"": null}",0,0
ruler_fwe_16k:0351,ruler_fwe_16k,KP_ELIGIBLE_167,true,F10,0.6666666666666666,1.0,0.01051897183060646,true,true,false,false,false,false,"{""closure_level"": ""L3"", ""layer"": 0, ""max_abs_diff"": 0.015625, ""region"": ""INCOMPLETE_PROMPT_TAIL"", ""relative_l2_diff"": 0.002608933486044407, ""tensor"": ""mlp_output""}",1,0
ruler_qa_squad_16k:0141,ruler_qa_squad_16k,KP_ELIGIBLE_167,true,F00,1.0,1.0,0.0,true,true,true,true,true,true,"{""closure_level"": ""NONE_OBSERVED"", ""layer"": null, ""region"": ""NONE_OBSERVED"", ""tensor"": null}",0,0
ruler_vt_16k:0425,ruler_vt_16k,KP_ELIGIBLE_167,true,F11,0.8,0.8,0.0,true,true,true,true,true,true,"{""closure_level"": ""NONE_OBSERVED"", ""layer"": null, ""region"": ""NONE_OBSERVED"", ""tensor"": null}",1,1
ruler_vt_16k:0272,ruler_vt_16k,KP_ELIGIBLE_167,true,F10,0.8,0.8,0.0,true,true,true,true,true,true,"{""closure_level"": ""NONE_OBSERVED"", ""layer"": null, ""region"": ""NONE_OBSERVED"", ""tensor"": null}",1,0
ruler_vt_16k:0045,ruler_vt_16k,KP_ELIGIBLE_167,true,F10,0.8,0.8,0.0,true,true,true,true,true,true,"{""closure_level"": ""NONE_OBSERVED"", ""layer"": null, ""region"": ""NONE_OBSERVED"", ""tensor"": null}",1,0
ruler_niah_multikey_2_16k:0482,ruler_niah_multikey_2_16k,KP_ELIGIBLE_167,true,F10,1.0,1.0,0.0,true,true,true,true,true,true,"{""closure_level"": ""NONE_OBSERVED"", ""layer"": null, ""region"": ""NONE_OBSERVED"", ""tensor"": null}",1,0
ruler_vt_16k:0416,ruler_vt_16k,KP_ELIGIBLE_167,true,F11,0.8,0.8,0.0,true,true,true,true,true,true,"{""closure_level"": ""NONE_OBSERVED"", ""layer"": null, ""region"": ""NONE_OBSERVED"", ""tensor"": null}",1,1
ruler_vt_16k:0499,ruler_vt_16k,KP_ELIGIBLE_167,true,F01,0.8,0.8,0.0,true,true,true,true,true,true,"{""closure_level"": ""NONE_OBSERVED"", ""layer"": null, ""region"": ""NONE_OBSERVED"", ""tensor"": null}",0,1
ruler_qa_hotpotqa_16k:0337,ruler_qa_hotpotqa_16k,KP_ELIGIBLE_167,true,F11,1.0,1.0,0.0,true,true,true,true,true,true,"{""closure_level"": ""NONE_OBSERVED"", ""layer"": null, ""region"": ""NONE_OBSERVED"", ""tensor"": null}",1,1
ruler_vt_16k:0063,ruler_vt_16k,KP_ELIGIBLE_167,true,F11,1.0,1.0,0.0,true,true,true,true,true,true,"{""closure_level"": ""NONE_OBSERVED"", ""layer"": null, ""region"": ""NONE_OBSERVED"", ""tensor"": null}",1,1
ruler_vt_16k:0322,ruler_vt_16k,KP_ELIGIBLE_167,true,F01,1.0,1.0,0.0,true,true,true,true,true,true,"{""closure_level"": ""NONE_OBSERVED"", ""layer"": null, ""region"": ""NONE_OBSERVED"", ""tensor"": null}",0,1
ruler_vt_16k:0323,ruler_vt_16k,KP_ELIGIBLE_167,true,F00,0.4,0.8,0.004221538547426462,false,false,false,false,false,false,"{""closure_level"": ""L1"", ""layer"": 7, ""max_abs_diff"": 0.0078125, ""region"": ""FIRST_CONTINUATION_CHUNK"", ""relative_l2_diff"": 0.00010027970711234957, ""tensor"": ""attention_output""}",0,0
ruler_qa_hotpotqa_16k:0023,ruler_qa_hotpotqa_16k,KP_ELIGIBLE_167,true,F11,1.0,1.0,0.0,true,true,true,true,true,true,"{""closure_level"": ""NONE_OBSERVED"", ""layer"": null, ""region"": ""NONE_OBSERVED"", ""tensor"": null}",1,1
ruler_qa_hotpotqa_16k:0031,ruler_qa_hotpotqa_16k,KP_ELIGIBLE_167,true,F10,1.0,1.0,0.0,true,true,true,true,true,true,"{""closure_level"": ""NONE_OBSERVED"", ""layer"": null, ""region"": ""NONE_OBSERVED"", ""tensor"": null}",1,0
ruler_niah_multiquery_16k:0404,ruler_niah_multiquery_16k,KP_ELIGIBLE_167,true,F01,1.0,1.0,0.0,true,true,true,true,true,true,"{""closure_level"": ""NONE_OBSERVED"", ""layer"": null, ""region"": ""NONE_OBSERVED"", ""tensor"": null}",0,1
ruler_niah_multivalue_16k:0498,ruler_niah_multivalue_16k,KP_ELIGIBLE_167,true,F00,1.0,1.0,0.0042118350975215435,false,false,false,false,true,false,"{""closure_level"": ""L1"", ""layer"": 13, ""max_abs_diff"": 0.03125, ""region"": ""FIRST_CONTINUATION_CHUNK"", ""relative_l2_diff"": 0.0001671962527325377, ""tensor"": ""attention_output""}",0,0
ruler_niah_multikey_2_16k:0045,ruler_niah_multikey_2_16k,KP_ELIGIBLE_167,true,F10,1.0,1.0,0.0,true,true,true,true,true,true,"{""closure_level"": ""NONE_OBSERVED"", ""layer"": null, ""region"": ""NONE_OBSERVED"", ""tensor"": null}",1,0
ruler_niah_multiquery_16k:0082,ruler_niah_multiquery_16k,KP_ELIGIBLE_167,true,F10,1.0,1.0,0.0,true,true,true,true,true,true,"{""closure_level"": ""NONE_OBSERVED"", ""layer"": null, ""region"": ""NONE_OBSERVED"", ""tensor"": null}",1,0
ruler_niah_multiquery_16k:0068,ruler_niah_multiquery_16k,KP_ELIGIBLE_167,true,F11,1.0,1.0,0.0,true,true,true,true,true,true,"{""closure_level"": ""NONE_OBSERVED"", ""layer"": null, ""region"": ""NONE_OBSERVED"", ""tensor"": null}",1,1
ruler_fwe_16k:0386,ruler_fwe_16k,KP_ELIGIBLE_167,true,F01,1.0,1.0,0.0,true,true,true,true,true,true,"{""closure_level"": ""NONE_OBSERVED"", ""layer"": null, ""region"": ""NONE_OBSERVED"", ""tensor"": null}",0,1
ruler_vt_16k:0405,ruler_vt_16k,KP_ELIGIBLE_167,true,F00,0.6,0.8,0.0032166065648198128,false,false,false,false,false,false,"{""closure_level"": ""L1"", ""layer"": 1, ""max_abs_diff"": 0.001953125, ""region"": ""FIRST_CONTINUATION_CHUNK"", ""relative_l2_diff"": 5.591938679572195e-05, ""tensor"": ""attention_output""}",0,0
ruler_niah_multivalue_16k:0144,ruler_niah_multivalue_16k,KP_ELIGIBLE_167,true,F01,0.75,1.0,0.004758087918162346,false,false,false,false,false,false,"{""closure_level"": ""L1"", ""layer"": 7, ""max_abs_diff"": 0.00390625, ""region"": ""FIRST_CONTINUATION_CHUNK"", ""relative_l2_diff"": 4.176097718300298e-05, ""tensor"": ""attention_output""}",0,1
ruler_niah_multivalue_16k:0245,ruler_niah_multivalue_16k,KP_ELIGIBLE_167,true,F11,1.0,1.0,0.0,true,true,true,true,true,true,"{""closure_level"": ""NONE_OBSERVED"", ""layer"": null, ""region"": ""NONE_OBSERVED"", ""tensor"": null}",1,1
ruler_niah_multiquery_16k:0100,ruler_niah_multiquery_16k,KP_ELIGIBLE_167,true,F11,1.0,1.0,0.0,true,true,true,true,true,true,"{""closure_level"": ""NONE_OBSERVED"", ""layer"": null, ""region"": ""NONE_OBSERVED"", ""tensor"": null}",1,1
ruler_vt_16k:0421,ruler_vt_16k,KP_ELIGIBLE_167,true,F10,0.8,0.8,0.0,true,true,true,true,true,true,"{""closure_level"": ""NONE_OBSERVED"", ""layer"": null, ""region"": ""NONE_OBSERVED"", ""tensor"": null}",1,0
ruler_vt_16k:0405,ruler_vt_16k,KP_ELIGIBLE_167,true,F10,0.8,0.8,0.0,true,true,true,true,true,true,"{""closure_level"": ""NONE_OBSERVED"", ""layer"": null, ""region"": ""NONE_OBSERVED"", ""tensor"": null}",1,0
ruler_vt_16k:0149,ruler_vt_16k,KP_ELIGIBLE_167,true,F00,0.2,1.0,0.005832575261592865,false,false,false,false,false,false,"{""closure_level"": ""L1"", ""layer"": 19, ""max_abs_diff"": 0.03125, ""region"": ""FIRST_CONTINUATION_CHUNK"", ""relative_l2_diff"": 7.898657349869609e-05, ""tensor"": ""attention_output""}",0,0
ruler_qa_hotpotqa_16k:0031,ruler_qa_hotpotqa_16k,KP_ELIGIBLE_167,true,F00,1.0,1.0,0.0,true,true,true,true,true,true,"{""closure_level"": ""NONE_OBSERVED"", ""layer"": null, ""region"": ""NONE_OBSERVED"", ""tensor"": null}",0,0
ruler_qa_squad_16k:0424,ruler_qa_squad_16k,KP_ELIGIBLE_167,true,F00,0.0,1.0,0.00652475468814373,false,false,false,false,false,false,"{""closure_level"": ""L1"", ""layer"": 7, ""max_abs_diff"": 0.00390625, ""region"": ""FIRST_CONTINUATION_CHUNK"", ""relative_l2_diff"": 1.4685265341540799e-05, ""tensor"": ""attention_output""}",0,0
ruler_fwe_16k:0472,ruler_fwe_16k,KP_ELIGIBLE_167,true,F01,0.6666666666666666,1.0,0.007936407811939716,false,false,false,false,false,false,"{""closure_level"": ""L1"", ""layer"": 1, ""max_abs_diff"": 0.00390625, ""region"": ""FIRST_CONTINUATION_CHUNK"", ""relative_l2_diff"": 0.0001459158957004547, ""tensor"": ""attention_output""}",0,1
ruler_vt_16k:0277,ruler_vt_16k,KP_ELIGIBLE_167,true,F00,1.0,1.0,0.004369034431874752,false,false,false,false,true,false,"{""closure_level"": ""L1"", ""layer"": 13, ""max_abs_diff"": 0.015625, ""region"": ""FIRST_CONTINUATION_CHUNK"", ""relative_l2_diff"": 0.00011200584413018078, ""tensor"": ""attention_output""}",0,0
ruler_vt_16k:0113,ruler_vt_16k,KP_ELIGIBLE_167,true,F01,0.8,1.0,0.004609604366123676,false,false,false,false,false,false,"{""closure_level"": ""L1"", ""layer"": 20, ""max_abs_diff"": 0.0625, ""region"": ""FIRST_CONTINUATION_CHUNK"", ""relative_l2_diff"": 8.574408275308087e-05, ""tensor"": ""attention_output""}",0,1
ruler_niah_multiquery_16k:0454,ruler_niah_multiquery_16k,KP_ELIGIBLE_167,true,F10,1.0,1.0,0.0,true,true,true,true,true,true,"{""closure_level"": ""NONE_OBSERVED"", ""layer"": null, ""region"": ""NONE_OBSERVED"", ""tensor"": null}",1,0
ruler_niah_multikey_3_16k:0145,ruler_niah_multikey_3_16k,KP_ELIGIBLE_167,true,F10,1.0,1.0,0.0,true,true,true,true,true,true,"{""closure_level"": ""NONE_OBSERVED"", ""layer"": null, ""region"": ""NONE_OBSERVED"", ""tensor"": null}",1,0
ruler_vt_16k:0456,ruler_vt_16k,KP_ELIGIBLE_167,true,F01,0.8,0.8,0.0,true,true,true,true,true,true,"{""closure_level"": ""NONE_OBSERVED"", ""layer"": null, ""region"": ""NONE_OBSERVED"", ""tensor"": null}",0,1
ruler_vt_16k:0199,ruler_vt_16k,KP_ELIGIBLE_167,true,F11,0.6,0.6,0.0,true,true,true,true,true,true,"{""closure_level"": ""NONE_OBSERVED"", ""layer"": null, ""region"": ""NONE_OBSERVED"", ""tensor"": null}",1,1
ruler_vt_16k:0451,ruler_vt_16k,KP_ELIGIBLE_167,true,F10,0.8,0.8,0.0,true,true,true,true,true,true,"{""closure_level"": ""NONE_OBSERVED"", ""layer"": null, ""region"": ""NONE_OBSERVED"", ""tensor"": null}",1,0
ruler_qa_hotpotqa_16k:0454,ruler_qa_hotpotqa_16k,KP_ELIGIBLE_167,true,F01,1.0,1.0,0.0,true,true,true,true,true,true,"{""closure_level"": ""NONE_OBSERVED"", ""layer"": null, ""region"": ""NONE_OBSERVED"", ""tensor"": null}",0,1
ruler_fwe_16k:0218,ruler_fwe_16k,KP_ELIGIBLE_167,true,F00,0.6666666666666666,0.6666666666666666,0.00364791345782578,true,true,false,false,true,false,"{""closure_level"": ""L3"", ""layer"": 6, ""max_abs_diff"": 0.015625, ""region"": ""INCOMPLETE_PROMPT_TAIL"", ""relative_l2_diff"": 0.00259440578520298, ""tensor"": ""mlp_output""}",0,0
ruler_niah_multikey_3_16k:0212,ruler_niah_multikey_3_16k,KP_ELIGIBLE_167,true,F11,1.0,1.0,0.0,true,true,true,true,true,true,"{""closure_level"": ""NONE_OBSERVED"", ""layer"": null, ""region"": ""NONE_OBSERVED"", ""tensor"": null}",1,1
ruler_vt_16k:0358,ruler_vt_16k,KP_ELIGIBLE_167,true,F00,1.0,1.0,0.0,true,true,true,true,true,true,"{""closure_level"": ""NONE_OBSERVED"", ""layer"": null, ""region"": ""NONE_OBSERVED"", ""tensor"": null}",0,0
ruler_niah_multikey_3_16k:0108,ruler_niah_multikey_3_16k,KP_ELIGIBLE_167,true,F01,1.0,1.0,0.0,true,true,true,true,true,true,"{""closure_level"": ""NONE_OBSERVED"", ""layer"": null, ""region"": ""NONE_OBSERVED"", ""tensor"": null}",0,1
ruler_vt_16k:0272,ruler_vt_16k,KP_ELIGIBLE_167,true,F01,0.8,0.8,0.0036001720000058413,false,false,false,false,true,false,"{""closure_level"": ""L1"", ""layer"": 19, ""max_abs_diff"": 0.0625, ""region"": ""FIRST_CONTINUATION_CHUNK"", ""relative_l2_diff"": 7.21915639587678e-05, ""tensor"": ""attention_output""}",0,1
ruler_niah_multivalue_16k:0192,ruler_niah_multivalue_16k,KP_ELIGIBLE_167,true,F11,1.0,1.0,0.0,true,true,true,true,true,true,"{""closure_level"": ""NONE_OBSERVED"", ""layer"": null, ""region"": ""NONE_OBSERVED"", ""tensor"": null}",1,1
ruler_fwe_16k:0260,ruler_fwe_16k,KP_ELIGIBLE_167,true,F10,0.6666666666666666,1.0,0.004698831122368574,true,true,false,false,false,false,"{""closure_level"": ""L3"", ""layer"": 12, ""max_abs_diff"": 0.25, ""region"": ""INCOMPLETE_PROMPT_TAIL"", ""relative_l2_diff"": 0.0024781166575849056, ""tensor"": ""mlp_output""}",1,0
ruler_niah_multiquery_16k:0404,ruler_niah_multiquery_16k,KP_ELIGIBLE_167,true,F00,1.0,1.0,0.0,true,true,true,true,true,true,"{""closure_level"": ""NONE_OBSERVED"", ""layer"": null, ""region"": ""NONE_OBSERVED"", ""tensor"": null}",0,0
ruler_qa_hotpotqa_16k:0142,ruler_qa_hotpotqa_16k,KP_ELIGIBLE_167,true,F01,1.0,1.0,0.0,true,true,true,true,true,true,"{""closure_level"": ""NONE_OBSERVED"", ""layer"": null, ""region"": ""NONE_OBSERVED"", ""tensor"": null}",0,1
ruler_vt_16k:0086,ruler_vt_16k,KP_ELIGIBLE_167,true,F01,1.0,1.0,0.0,true,true,true,true,true,true,"{""closure_level"": ""NONE_OBSERVED"", ""layer"": null, ""region"": ""NONE_OBSERVED"", ""tensor"": null}",0,1
ruler_vt_16k:0456,ruler_vt_16k,KP_ELIGIBLE_167,true,F10,0.8,0.8,0.0,true,true,true,true,true,true,"{""closure_level"": ""NONE_OBSERVED"", ""layer"": null, ""region"": ""NONE_OBSERVED"", ""tensor"": null}",1,0
ruler_qa_squad_16k:0305,ruler_qa_squad_16k,KP_ELIGIBLE_167,true,F10,1.0,1.0,0.0,true,true,true,true,true,true,"{""closure_level"": ""NONE_OBSERVED"", ""layer"": null, ""region"": ""NONE_OBSERVED"", ""tensor"": null}",1,0
ruler_fwe_16k:0242,ruler_fwe_16k,KP_ELIGIBLE_167,true,F00,0.0,1.0,0.00391288660466671,false,false,false,false,false,false,"{""closure_level"": ""L1"", ""layer"": 1, ""max_abs_diff"": 0.0078125, ""region"": ""FIRST_CONTINUATION_CHUNK"", ""relative_l2_diff"": 0.00016185903223231435, ""tensor"": ""attention_output""}",0,0
ruler_vt_16k:0123,ruler_vt_16k,KP_ELIGIBLE_167,true,F10,1.0,1.0,0.0,true,true,true,true,true,true,"{""closure_level"": ""NONE_OBSERVED"", ""layer"": null, ""region"": ""NONE_OBSERVED"", ""tensor"": null}",1,0
ruler_niah_multikey_3_16k:0429,ruler_niah_multikey_3_16k,KP_ELIGIBLE_167,true,F01,1.0,1.0,0.0,true,true,true,true,true,true,"{""closure_level"": ""NONE_OBSERVED"", ""layer"": null, ""region"": ""NONE_OBSERVED"", ""tensor"": null}",0,1
ruler_qa_squad_16k:0085,ruler_qa_squad_16k,KP_ELIGIBLE_167,true,F10,1.0,1.0,0.0,true,true,true,true,true,true,"{""closure_level"": ""NONE_OBSERVED"", ""layer"": null, ""region"": ""NONE_OBSERVED"", ""tensor"": null}",1,0
ruler_vt_16k:0317,ruler_vt_16k,KP_ELIGIBLE_167,true,F00,0.2,0.8,0.004952691495418549,false,false,false,false,false,false,"{""closure_level"": ""L1"", ""layer"": 1, ""max_abs_diff"": 0.001953125, ""region"": ""FIRST_CONTINUATION_CHUNK"", ""relative_l2_diff"": 8.047969458857551e-05, ""tensor"": ""attention_output""}",0,0
ruler_vt_16k:0083,ruler_vt_16k,KP_ELIGIBLE_167,true,F01,1.0,1.0,0.0,true,true,true,true,true,true,"{""closure_level"": ""NONE_OBSERVED"", ""layer"": null, ""region"": ""NONE_OBSERVED"", ""tensor"": null}",0,1
ruler_vt_16k:0279,ruler_vt_16k,KP_ELIGIBLE_167,true,F11,1.0,1.0,0.0,true,true,true,true,true,true,"{""closure_level"": ""NONE_OBSERVED"", ""layer"": null, ""region"": ""NONE_OBSERVED"", ""tensor"": null}",1,1
ruler_vt_16k:0322,ruler_vt_16k,KP_ELIGIBLE_167,true,F11,1.0,1.0,0.0,true,true,true,true,true,true,"{""closure_level"": ""NONE_OBSERVED"", ""layer"": null, ""region"": ""NONE_OBSERVED"", ""tensor"": null}",1,1
ruler_vt_16k:0323,ruler_vt_16k,KP_ELIGIBLE_167,true,F11,0.8,0.8,0.0,true,true,true,true,true,true,"{""closure_level"": ""NONE_OBSERVED"", ""layer"": null, ""region"": ""NONE_OBSERVED"", ""tensor"": null}",1,1
ruler_vt_16k:0404,ruler_vt_16k,KP_ELIGIBLE_167,true,F10,0.8,0.8,0.0,true,true,true,true,true,true,"{""closure_level"": ""NONE_OBSERVED"", ""layer"": null, ""region"": ""NONE_OBSERVED"", ""tensor"": null}",1,0
ruler_vt_16k:0091,ruler_vt_16k,KP_ELIGIBLE_167,true,F01,0.6,0.8,0.005333114415407181,false,false,false,false,false,false,"{""closure_level"": ""L1"", ""layer"": 7, ""max_abs_diff"": 0.0078125, ""region"": ""FIRST_CONTINUATION_CHUNK"", ""relative_l2_diff"": 0.00013343348109629005, ""tensor"": ""attention_output""}",0,1
ruler_vt_16k:0160,ruler_vt_16k,KP_ELIGIBLE_167,true,F00,1.0,1.0,0.0,true,true,true,true,true,true,"{""closure_level"": ""NONE_OBSERVED"", ""layer"": null, ""region"": ""NONE_OBSERVED"", ""tensor"": null}",0,0
ruler_niah_multikey_3_16k:0108,ruler_niah_multikey_3_16k,KP_ELIGIBLE_167,true,F10,0.0,1.0,0.00442510936409235,true,true,false,false,false,false,"{""closure_level"": ""L3"", ""layer"": 6, ""max_abs_diff"": 0.015625, ""region"": ""INCOMPLETE_PROMPT_TAIL"", ""relative_l2_diff"": 0.0026126487646251917, ""tensor"": ""mlp_output""}",1,0
ruler_vt_16k:0140,ruler_vt_16k,KP_ELIGIBLE_167,true,F11,0.8,0.8,0.0,true,true,true,true,true,true,"{""closure_level"": ""NONE_OBSERVED"", ""layer"": null, ""region"": ""NONE_OBSERVED"", ""tensor"": null}",1,1
ruler_fwe_16k:0386,ruler_fwe_16k,KP_ELIGIBLE_167,true,F11,1.0,1.0,0.0,true,true,true,true,true,true,"{""closure_level"": ""NONE_OBSERVED"", ""layer"": null, ""region"": ""NONE_OBSERVED"", ""tensor"": null}",1,1
ruler_niah_multikey_3_16k:0145,ruler_niah_multikey_3_16k,KP_ELIGIBLE_167,true,F11,1.0,1.0,0.0,true,true,true,true,true,true,"{""closure_level"": ""NONE_OBSERVED"", ""layer"": null, ""region"": ""NONE_OBSERVED"", ""tensor"": null}",1,1
ruler_vt_16k:0091,ruler_vt_16k,KP_ELIGIBLE_167,true,F11,0.8,0.8,0.0,true,true,true,true,true,true,"{""closure_level"": ""NONE_OBSERVED"", ""layer"": null, ""region"": ""NONE_OBSERVED"", ""tensor"": null}",1,1
ruler_vt_16k:0165,ruler_vt_16k,KP_ELIGIBLE_167,true,F00,0.8,1.0,0.006266716867685318,false,false,false,false,false,false,"{""closure_level"": ""L1"", ""layer"": 7, ""max_abs_diff"": 0.0078125, ""region"": ""FIRST_CONTINUATION_CHUNK"", ""relative_l2_diff"": 0.00022211833856999874, ""tensor"": ""attention_output""}",0,0
ruler_niah_multiquery_16k:0381,ruler_niah_multiquery_16k,KP_ELIGIBLE_167,true,F00,1.0,1.0,0.0,true,true,true,true,true,true,"{""closure_level"": ""NONE_OBSERVED"", ""layer"": null, ""region"": ""NONE_OBSERVED"", ""tensor"": null}",0,0
ruler_niah_multiquery_16k:0404,ruler_niah_multiquery_16k,KP_ELIGIBLE_167,true,F11,1.0,1.0,0.0,true,true,true,true,true,true,"{""closure_level"": ""NONE_OBSERVED"", ""layer"": null, ""region"": ""NONE_OBSERVED"", ""tensor"": null}",1,1
ruler_vt_16k:0183,ruler_vt_16k,KP_ELIGIBLE_167,true,F01,0.4,0.8,0.005211540497839451,false,false,false,false,false,false,"{""closure_level"": ""L1"", ""layer"": 1, ""max_abs_diff"": 0.0009765625, ""region"": ""FIRST_CONTINUATION_CHUNK"", ""relative_l2_diff"": 1.1579170859477017e-05, ""tensor"": ""attention_output""}",0,1
ruler_vt_16k:0405,ruler_vt_16k,KP_ELIGIBLE_167,true,F11,0.8,0.8,0.0,true,true,true,true,true,true,"{""closure_level"": ""NONE_OBSERVED"", ""layer"": null, ""region"": ""NONE_OBSERVED"", ""tensor"": null}",1,1
ruler_niah_multiquery_16k:0201,ruler_niah_multiquery_16k,KP_ELIGIBLE_167,true,F10,1.0,1.0,0.0,true,true,true,true,true,true,"{""closure_level"": ""NONE_OBSERVED"", ""layer"": null, ""region"": ""NONE_OBSERVED"", ""tensor"": null}",1,0
ruler_vt_16k:0362,ruler_vt_16k,KP_ELIGIBLE_167,true,F11,0.8,0.8,0.0,true,true,true,true,true,true,"{""closure_level"": ""NONE_OBSERVED"", ""layer"": null, ""region"": ""NONE_OBSERVED"", ""tensor"": null}",1,1
ruler_qa_hotpotqa_16k:0493,ruler_qa_hotpotqa_16k,KP_ELIGIBLE_167,true,F11,1.0,1.0,0.0,true,true,true,true,true,true,"{""closure_level"": ""NONE_OBSERVED"", ""layer"": null, ""region"": ""NONE_OBSERVED"", ""tensor"": null}",1,1
ruler_vt_16k:0422,ruler_vt_16k,KP_ELIGIBLE_167,true,F00,1.0,1.0,0.0,true,true,true,true,true,true,"{""closure_level"": ""NONE_OBSERVED"", ""layer"": null, ""region"": ""NONE_OBSERVED"", ""tensor"": null}",0,0
ruler_niah_multikey_2_16k:0331,ruler_niah_multikey_2_16k,KP_ELIGIBLE_167,true,F10,1.0,1.0,0.0,true,true,true,true,true,true,"{""closure_level"": ""NONE_OBSERVED"", ""layer"": null, ""region"": ""NONE_OBSERVED"", ""tensor"": null}",1,0
ruler_vt_16k:0223,ruler_vt_16k,KP_ELIGIBLE_167,true,F11,1.0,1.0,0.0,true,true,true,true,true,true,"{""closure_level"": ""NONE_OBSERVED"", ""layer"": null, ""region"": ""NONE_OBSERVED"", ""tensor"": null}",1,1
ruler_niah_multikey_2_16k:0482,ruler_niah_multikey_2_16k,KP_ELIGIBLE_167,true,F11,1.0,1.0,0.0,true,true,true,true,true,true,"{""closure_level"": ""NONE_OBSERVED"", ""layer"": null, ""region"": ""NONE_OBSERVED"", ""tensor"": null}",1,1
ruler_niah_multikey_3_16k:0220,ruler_niah_multikey_3_16k,KP_ELIGIBLE_167,true,F00,1.0,1.0,0.0,true,true,true,true,true,true,"{""closure_level"": ""NONE_OBSERVED"", ""layer"": null, ""region"": ""NONE_OBSERVED"", ""tensor"": null}",0,0
ruler_niah_multikey_2_16k:0045,ruler_niah_multikey_2_16k,KP_ELIGIBLE_167,true,F01,1.0,1.0,0.005342874210327864,false,false,false,false,true,false,"{""closure_level"": ""L1"", ""layer"": 25, ""max_abs_diff"": 0.25, ""region"": ""FIRST_CONTINUATION_CHUNK"", ""relative_l2_diff"": 0.00013770267833024263, ""tensor"": ""attention_output""}",0,1
ruler_niah_multikey_2_16k:0331,ruler_niah_multikey_2_16k,KP_ELIGIBLE_167,true,F00,1.0,1.0,0.0,true,true,true,true,true,true,"{""closure_level"": ""NONE_OBSERVED"", ""layer"": null, ""region"": ""NONE_OBSERVED"", ""tensor"": null}",0,0
ruler_vt_16k:0470,ruler_vt_16k,KP_ELIGIBLE_167,true,F10,0.8,0.8,0.0,true,true,true,true,true,true,"{""closure_level"": ""NONE_OBSERVED"", ""layer"": null, ""region"": ""NONE_OBSERVED"", ""tensor"": null}",1,0
ruler_vt_16k:0295,ruler_vt_16k,KP_ELIGIBLE_167,true,F11,0.8,0.8,0.0,true,true,true,true,true,true,"{""closure_level"": ""NONE_OBSERVED"", ""layer"": null, ""region"": ""NONE_OBSERVED"", ""tensor"": null}",1,1
ruler_niah_multivalue_16k:0288,ruler_niah_multivalue_16k,KP_ELIGIBLE_167,true,F10,1.0,1.0,0.0,true,true,true,true,true,true,"{""closure_level"": ""NONE_OBSERVED"", ""layer"": null, ""region"": ""NONE_OBSERVED"", ""tensor"": null}",1,0
ruler_fwe_16k:0293,ruler_fwe_16k,KP_ELIGIBLE_167,true,F00,1.0,1.0,0.0,true,true,true,true,true,true,"{""closure_level"": ""NONE_OBSERVED"", ""layer"": null, ""region"": ""NONE_OBSERVED"", ""tensor"": null}",0,0
ruler_qa_squad_16k:0445,ruler_qa_squad_16k,KP_ELIGIBLE_167,true,F10,1.0,1.0,0.0,true,true,true,true,true,true,"{""closure_level"": ""NONE_OBSERVED"", ""layer"": null, ""region"": ""NONE_OBSERVED"", ""tensor"": null}",1,0
ruler_vt_16k:0373,ruler_vt_16k,KP_ELIGIBLE_167,true,F10,0.8,0.8,0.0,true,true,true,true,true,true,"{""closure_level"": ""NONE_OBSERVED"", ""layer"": null, ""region"": ""NONE_OBSERVED"", ""tensor"": null}",1,0
ruler_niah_multikey_3_16k:0220,ruler_niah_multikey_3_16k,KP_ELIGIBLE_167,true,F11,1.0,1.0,0.0,true,true,true,true,true,true,"{""closure_level"": ""NONE_OBSERVED"", ""layer"": null, ""region"": ""NONE_OBSERVED"", ""tensor"": null}",1,1
ruler_fwe_16k:0488,ruler_fwe_16k,KP_ELIGIBLE_167,true,F01,1.0,1.0,0.0,true,true,true,true,true,true,"{""closure_level"": ""NONE_OBSERVED"", ""layer"": null, ""region"": ""NONE_OBSERVED"", ""tensor"": null}",0,1
ruler_vt_16k:0123,ruler_vt_16k,KP_ELIGIBLE_167,true,F00,0.8,1.0,0.004191132262349129,false,false,false,false,false,false,"{""closure_level"": ""L1"", ""layer"": 1, ""max_abs_diff"": 0.001953125, ""region"": ""FIRST_CONTINUATION_CHUNK"", ""relative_l2_diff"": 6.314845086308196e-05, ""tensor"": ""attention_output""}",0,0
ruler_vt_16k:0057,ruler_vt_16k,KP_ELIGIBLE_167,true,F11,0.8,0.8,0.0,true,true,true,true,true,true,"{""closure_level"": ""NONE_OBSERVED"", ""layer"": null, ""region"": ""NONE_OBSERVED"", ""tensor"": null}",1,1
ruler_fwe_16k:0263,ruler_fwe_16k,KP_ELIGIBLE_167,true,F11,0.6666666666666666,0.6666666666666666,0.0,true,true,true,true,true,true,"{""closure_level"": ""NONE_OBSERVED"", ""layer"": null, ""region"": ""NONE_OBSERVED"", ""tensor"": null}",1,1
ruler_vt_16k:0372,ruler_vt_16k,KP_ELIGIBLE_167,true,F11,1.0,1.0,0.0,true,true,true,true,true,true,"{""closure_level"": ""NONE_OBSERVED"", ""layer"": null, ""region"": ""NONE_OBSERVED"", ""tensor"": null}",1,1
ruler_vt_16k:0362,ruler_vt_16k,KP_ELIGIBLE_167,true,F01,0.8,0.8,0.0,true,true,true,true,true,true,"{""closure_level"": ""NONE_OBSERVED"", ""layer"": null, ""region"": ""NONE_OBSERVED"", ""tensor"": null}",0,1
ruler_fwe_16k:0108,ruler_fwe_16k,KP_ELIGIBLE_167,true,F11,1.0,1.0,0.0,true,true,true,true,true,true,"{""closure_level"": ""NONE_OBSERVED"", ""layer"": null, ""region"": ""NONE_OBSERVED"", ""tensor"": null}",1,1
ruler_vt_16k:0157,ruler_vt_16k,KP_ELIGIBLE_167,true,F11,1.0,1.0,0.0,true,true,true,true,true,true,"{""closure_level"": ""NONE_OBSERVED"", ""layer"": null, ""region"": ""NONE_OBSERVED"", ""tensor"": null}",1,1
ruler_vt_16k:0093,ruler_vt_16k,KP_ELIGIBLE_167,true,F10,0.8,0.8,0.0,true,true,true,true,true,true,"{""closure_level"": ""NONE_OBSERVED"", ""layer"": null, ""region"": ""NONE_OBSERVED"", ""tensor"": null}",1,0
ruler_vt_16k:0420,ruler_vt_16k,KP_ELIGIBLE_167,true,F11,0.8,0.8,0.0,true,true,true,true,true,true,"{""closure_level"": ""NONE_OBSERVED"", ""layer"": null, ""region"": ""NONE_OBSERVED"", ""tensor"": null}",1,1
ruler_fwe_16k:0298,ruler_fwe_16k,KP_ELIGIBLE_167,true,F10,0.6666666666666666,1.0,0.004427527543157339,true,true,false,false,false,false,"{""closure_level"": ""L3"", ""layer"": 0, ""max_abs_diff"": 0.015625, ""region"": ""INCOMPLETE_PROMPT_TAIL"", ""relative_l2_diff"": 0.002634056145325303, ""tensor"": ""mlp_output""}",1,0
ruler_vt_16k:0372,ruler_vt_16k,KP_ELIGIBLE_167,true,F01,1.0,1.0,0.0,true,true,true,true,true,true,"{""closure_level"": ""NONE_OBSERVED"", ""layer"": null, ""region"": ""NONE_OBSERVED"", ""tensor"": null}",0,1
ruler_vt_16k:0362,ruler_vt_16k,KP_ELIGIBLE_167,true,F10,0.8,0.8,0.0,true,true,true,true,true,true,"{""closure_level"": ""NONE_OBSERVED"", ""layer"": null, ""region"": ""NONE_OBSERVED"", ""tensor"": null}",1,0
ruler_niah_multiquery_16k:0381,ruler_niah_multiquery_16k,KP_ELIGIBLE_167,true,F01,1.0,1.0,0.0,true,true,true,true,true,true,"{""closure_level"": ""NONE_OBSERVED"", ""layer"": null, ""region"": ""NONE_OBSERVED"", ""tensor"": null}",0,1
ruler_vt_16k:0237,ruler_vt_16k,KP_ELIGIBLE_167,true,F11,0.8,0.8,0.0,true,true,true,true,true,true,"{""closure_level"": ""NONE_OBSERVED"", ""layer"": null, ""region"": ""NONE_OBSERVED"", ""tensor"": null}",1,1
ruler_vt_16k:0376,ruler_vt_16k,KP_ELIGIBLE_167,true,F10,0.8,0.8,0.0,true,true,true,true,true,true,"{""closure_level"": ""NONE_OBSERVED"", ""layer"": null, ""region"": ""NONE_OBSERVED"", ""tensor"": null}",1,0
ruler_vt_16k:0024,ruler_vt_16k,KP_ELIGIBLE_167,true,F01,0.8,1.0,0.0030841073021292686,false,false,false,false,false,false,"{""closure_level"": ""L1"", ""layer"": 19, ""max_abs_diff"": 0.25, ""region"": ""FIRST_CONTINUATION_CHUNK"", ""relative_l2_diff"": 0.00015442627773154527, ""tensor"": ""attention_output""}",0,1
ruler_vt_16k:0272,ruler_vt_16k,KP_ELIGIBLE_167,true,F00,0.8,0.8,0.0036001720000058413,false,false,false,false,true,false,"{""closure_level"": ""L1"", ""layer"": 19, ""max_abs_diff"": 0.0625, ""region"": ""FIRST_CONTINUATION_CHUNK"", ""relative_l2_diff"": 7.21915639587678e-05, ""tensor"": ""attention_output""}",0,0
ruler_niah_multikey_3_16k:0074,ruler_niah_multikey_3_16k,KP_ELIGIBLE_167,true,F00,0.0,1.0,0.004615925718098879,false,false,false,false,false,false,"{""closure_level"": ""L1"", ""layer"": 1, ""max_abs_diff"": 0.00390625, ""region"": ""FIRST_CONTINUATION_CHUNK"", ""relative_l2_diff"": 0.00010792724060593173, ""tensor"": ""attention_output""}",0,0
ruler_niah_multikey_3_16k:0212,ruler_niah_multikey_3_16k,KP_ELIGIBLE_167,true,F10,1.0,1.0,0.0,true,true,true,true,true,true,"{""closure_level"": ""NONE_OBSERVED"", ""layer"": null, ""region"": ""NONE_OBSERVED"", ""tensor"": null}",1,0
ruler_vt_16k:0149,ruler_vt_16k,KP_ELIGIBLE_167,true,F11,1.0,1.0,0.0,true,true,true,true,true,true,"{""closure_level"": ""NONE_OBSERVED"", ""layer"": null, ""region"": ""NONE_OBSERVED"", ""tensor"": null}",1,1
ruler_fwe_16k:0321,ruler_fwe_16k,KP_ELIGIBLE_167,true,F10,1.0,1.0,0.0,true,true,true,true,true,true,"{""closure_level"": ""NONE_OBSERVED"", ""layer"": null, ""region"": ""NONE_OBSERVED"", ""tensor"": null}",1,0
ruler_niah_multiquery_16k:0001,ruler_niah_multiquery_16k,KP_ELIGIBLE_167,true,F00,0.75,1.0,0.002608849899843335,false,false,false,false,false,false,"{""closure_level"": ""L1"", ""layer"": 25, ""max_abs_diff"": 0.125, ""region"": ""FIRST_CONTINUATION_CHUNK"", ""relative_l2_diff"": 0.00015068452921696007, ""tensor"": ""attention_output""}",0,0
ruler_vt_16k:0008,ruler_vt_16k,KP_ELIGIBLE_167,true,F01,0.8,0.8,0.0,true,true,true,true,true,true,"{""closure_level"": ""NONE_OBSERVED"", ""layer"": null, ""region"": ""NONE_OBSERVED"", ""tensor"": null}",0,1
ruler_qa_squad_16k:0161,ruler_qa_squad_16k,KP_ELIGIBLE_167,true,F00,0.0,1.0,0.012354182079434395,false,false,false,false,false,false,"{""closure_level"": ""L1"", ""layer"": 2, ""max_abs_diff"": 0.00390625, ""region"": ""FIRST_CONTINUATION_CHUNK"", ""relative_l2_diff"": 0.00040733933565206826, ""tensor"": ""attention_output""}",0,0
ruler_vt_16k:0183,ruler_vt_16k,KP_ELIGIBLE_167,true,F10,0.8,0.8,0.0,true,true,true,true,true,true,"{""closure_level"": ""NONE_OBSERVED"", ""layer"": null, ""region"": ""NONE_OBSERVED"", ""tensor"": null}",1,0
ruler_qa_squad_16k:0161,ruler_qa_squad_16k,KP_ELIGIBLE_167,true,F01,0.0,1.0,0.012354182079434395,false,false,false,false,false,false,"{""closure_level"": ""L1"", ""layer"": 2, ""max_abs_diff"": 0.00390625, ""region"": ""FIRST_CONTINUATION_CHUNK"", ""relative_l2_diff"": 0.00040733933565206826, ""tensor"": ""attention_output""}",0,1
ruler_vt_16k:0045,ruler_vt_16k,KP_ELIGIBLE_167,true,F00,0.8,0.8,0.0,true,true,true,true,true,true,"{""closure_level"": ""NONE_OBSERVED"", ""layer"": null, ""region"": ""NONE_OBSERVED"", ""tensor"": null}",0,0
ruler_qa_hotpotqa_16k:0348,ruler_qa_hotpotqa_16k,KP_ELIGIBLE_167,true,F11,1.0,1.0,0.0,true,true,true,true,true,true,"{""closure_level"": ""NONE_OBSERVED"", ""layer"": null, ""region"": ""NONE_OBSERVED"", ""tensor"": null}",1,1
ruler_niah_multikey_1_16k:0432,ruler_niah_multikey_1_16k,KP_ELIGIBLE_167,true,F11,1.0,1.0,0.0,true,true,true,true,true,true,"{""closure_level"": ""NONE_OBSERVED"", ""layer"": null, ""region"": ""NONE_OBSERVED"", ""tensor"": null}",1,1
ruler_niah_multiquery_16k:0068,ruler_niah_multiquery_16k,KP_ELIGIBLE_167,true,F01,0.75,1.0,0.0019479298498481512,false,false,false,false,false,false,"{""closure_level"": ""L1"", ""layer"": 25, ""max_abs_diff"": 0.125, ""region"": ""FIRST_CONTINUATION_CHUNK"", ""relative_l2_diff"": 0.00015815984806977212, ""tensor"": ""attention_output""}",0,1
ruler_qa_squad_16k:0432,ruler_qa_squad_16k,KP_ELIGIBLE_167,true,F11,1.0,1.0,0.0,true,true,true,true,true,true,"{""closure_level"": ""NONE_OBSERVED"", ""layer"": null, ""region"": ""NONE_OBSERVED"", ""tensor"": null}",1,1
ruler_qa_squad_16k:0458,ruler_qa_squad_16k,KP_ELIGIBLE_167,true,F11,1.0,1.0,0.0,true,true,true,true,true,true,"{""closure_level"": ""NONE_OBSERVED"", ""layer"": null, ""region"": ""NONE_OBSERVED"", ""tensor"": null}",1,1
ruler_vt_16k:0170,ruler_vt_16k,KP_ELIGIBLE_167,true,F11,0.8,0.8,0.0,true,true,true,true,true,true,"{""closure_level"": ""NONE_OBSERVED"", ""layer"": null, ""region"": ""NONE_OBSERVED"", ""tensor"": null}",1,1
ruler_qa_squad_16k:0184,ruler_qa_squad_16k,KP_ELIGIBLE_167,true,F10,1.0,1.0,0.0,true,true,true,true,true,true,"{""closure_level"": ""NONE_OBSERVED"", ""layer"": null, ""region"": ""NONE_OBSERVED"", ""tensor"": null}",1,0
ruler_niah_multivalue_16k:0144,ruler_niah_multivalue_16k,KP_ELIGIBLE_167,true,F10,1.0,1.0,0.0,true,true,true,true,true,true,"{""closure_level"": ""NONE_OBSERVED"", ""layer"": null, ""region"": ""NONE_OBSERVED"", ""tensor"": null}",1,0
ruler_qa_squad_16k:0472,ruler_qa_squad_16k,KP_ELIGIBLE_167,true,F01,1.0,1.0,0.0,true,true,true,true,true,true,"{""closure_level"": ""NONE_OBSERVED"", ""layer"": null, ""region"": ""NONE_OBSERVED"", ""tensor"": null}",0,1
ruler_vt_16k:0220,ruler_vt_16k,KP_ELIGIBLE_167,true,F11,1.0,1.0,0.0,true,true,true,true,true,true,"{""closure_level"": ""NONE_OBSERVED"", ""layer"": null, ""region"": ""NONE_OBSERVED"", ""tensor"": null}",1,1
ruler_vt_16k:0400,ruler_vt_16k,KP_ELIGIBLE_167,true,F11,1.0,1.0,0.0,true,true,true,true,true,true,"{""closure_level"": ""NONE_OBSERVED"", ""layer"": null, ""region"": ""NONE_OBSERVED"", ""tensor"": null}",1,1
ruler_niah_multiquery_16k:0100,ruler_niah_multiquery_16k,KP_ELIGIBLE_167,true,F01,1.0,1.0,0.0,true,true,true,true,true,true,"{""closure_level"": ""NONE_OBSERVED"", ""layer"": null, ""region"": ""NONE_OBSERVED"", ""tensor"": null}",0,1
ruler_vt_16k:0418,ruler_vt_16k,KP_ELIGIBLE_167,true,F10,0.8,0.8,0.0,true,true,true,true,true,true,"{""closure_level"": ""NONE_OBSERVED"", ""layer"": null, ""region"": ""NONE_OBSERVED"", ""tensor"": null}",1,0
ruler_vt_16k:0394,ruler_vt_16k,KP_ELIGIBLE_167,true,F01,0.4,0.8,0.003730985103175044,false,false,false,false,false,false,"{""closure_level"": ""L1"", ""layer"": 1, ""max_abs_diff"": 0.0009765625, ""region"": ""FIRST_CONTINUATION_CHUNK"", ""relative_l2_diff"": 6.204017608979484e-06, ""tensor"": ""attention_output""}",0,1
ruler_vt_16k:0091,ruler_vt_16k,KP_ELIGIBLE_167,true,F10,0.8,0.8,0.0,true,true,true,true,true,true,"{""closure_level"": ""NONE_OBSERVED"", ""layer"": null, ""region"": ""NONE_OBSERVED"", ""tensor"": null}",1,0
ruler_niah_multiquery_16k:0131,ruler_niah_multiquery_16k,KP_ELIGIBLE_167,true,F01,1.0,1.0,0.0,true,true,true,true,true,true,"{""closure_level"": ""NONE_OBSERVED"", ""layer"": null, ""region"": ""NONE_OBSERVED"", ""tensor"": null}",0,1
ruler_vt_16k:0422,ruler_vt_16k,KP_ELIGIBLE_167,true,F11,1.0,1.0,0.0,true,true,true,true,true,true,"{""closure_level"": ""NONE_OBSERVED"", ""layer"": null, ""region"": ""NONE_OBSERVED"", ""tensor"": null}",1,1
ruler_niah_multikey_1_16k:0432,ruler_niah_multikey_1_16k,KP_ELIGIBLE_167,true,F10,1.0,1.0,0.0,true,true,true,true,true,true,"{""closure_level"": ""NONE_OBSERVED"", ""layer"": null, ""region"": ""NONE_OBSERVED"", ""tensor"": null}",1,0
ruler_vt_16k:0376,ruler_vt_16k,KP_ELIGIBLE_167,true,F11,0.8,0.8,0.0,true,true,true,true,true,true,"{""closure_level"": ""NONE_OBSERVED"", ""layer"": null, ""region"": ""NONE_OBSERVED"", ""tensor"": null}",1,1
ruler_niah_multiquery_16k:0001,ruler_niah_multiquery_16k,KP_ELIGIBLE_167,true,F10,1.0,1.0,0.0,true,true,true,true,true,true,"{""closure_level"": ""NONE_OBSERVED"", ""layer"": null, ""region"": ""NONE_OBSERVED"", ""tensor"": null}",1,0
ruler_vt_16k:0362,ruler_vt_16k,KP_ELIGIBLE_167,true,F00,0.8,0.8,0.0,true,true,true,true,true,true,"{""closure_level"": ""NONE_OBSERVED"", ""layer"": null, ""region"": ""NONE_OBSERVED"", ""tensor"": null}",0,0
ruler_qa_squad_16k:0491,ruler_qa_squad_16k,KP_ELIGIBLE_167,true,F01,1.0,1.0,0.0,true,true,true,true,true,true,"{""closure_level"": ""NONE_OBSERVED"", ""layer"": null, ""region"": ""NONE_OBSERVED"", ""tensor"": null}",0,1
ruler_fwe_16k:0498,ruler_fwe_16k,KP_ELIGIBLE_167,true,F10,1.0,1.0,0.0,true,true,true,true,true,true,"{""closure_level"": ""NONE_OBSERVED"", ""layer"": null, ""region"": ""NONE_OBSERVED"", ""tensor"": null}",1,0
ruler_niah_multikey_3_16k:0253,ruler_niah_multikey_3_16k,KP_ELIGIBLE_167,true,F00,0.0,1.0,0.005339411552995443,false,false,false,false,false,false,"{""closure_level"": ""L1"", ""layer"": 13, ""max_abs_diff"": 0.0078125, ""region"": ""FIRST_CONTINUATION_CHUNK"", ""relative_l2_diff"": 8.71564116096124e-05, ""tensor"": ""attention_output""}",0,0
ruler_qa_squad_16k:0444,ruler_qa_squad_16k,KP_ELIGIBLE_167,true,F11,1.0,1.0,0.0,true,true,true,true,true,true,"{""closure_level"": ""NONE_OBSERVED"", ""layer"": null, ""region"": ""NONE_OBSERVED"", ""tensor"": null}",1,1
ruler_vt_16k:0317,ruler_vt_16k,KP_ELIGIBLE_167,true,F10,0.8,0.8,0.0,true,true,true,true,true,true,"{""closure_level"": ""NONE_OBSERVED"", ""layer"": null, ""region"": ""NONE_OBSERVED"", ""tensor"": null}",1,0
ruler_qa_squad_16k:0491,ruler_qa_squad_16k,KP_ELIGIBLE_167,true,F00,1.0,1.0,0.0,true,true,true,true,true,true,"{""closure_level"": ""NONE_OBSERVED"", ""layer"": null, ""region"": ""NONE_OBSERVED"", ""tensor"": null}",0,0
ruler_fwe_16k:0108,ruler_fwe_16k,KP_ELIGIBLE_167,true,F00,0.6666666666666666,1.0,0.0036017103120684624,true,true,false,false,false,false,"{""closure_level"": ""L3"", ""layer"": 0, ""max_abs_diff"": 0.03125, ""region"": ""INCOMPLETE_PROMPT_TAIL"", ""relative_l2_diff"": 0.002823345363140106, ""tensor"": ""mlp_output""}",0,0
ruler_niah_multikey_3_16k:0464,ruler_niah_multikey_3_16k,KP_ELIGIBLE_167,true,F00,0.0,1.0,0.004135371185839176,false,false,false,false,false,false,"{""closure_level"": ""L1"", ""layer"": 7, ""max_abs_diff"": 0.00390625, ""region"": ""FIRST_CONTINUATION_CHUNK"", ""relative_l2_diff"": 8.217143476940691e-05, ""tensor"": ""attention_output""}",0,0
ruler_vt_16k:0421,ruler_vt_16k,KP_ELIGIBLE_167,true,F00,0.2,0.8,0.0031789198983460665,false,false,false,false,false,false,"{""closure_level"": ""L1"", ""layer"": 7, ""max_abs_diff"": 0.00390625, ""region"": ""FIRST_CONTINUATION_CHUNK"", ""relative_l2_diff"": 2.718337782425806e-05, ""tensor"": ""attention_output""}",0,0
ruler_niah_multivalue_16k:0496,ruler_niah_multivalue_16k,KP_ELIGIBLE_167,true,F10,1.0,1.0,0.0,true,true,true,true,true,true,"{""closure_level"": ""NONE_OBSERVED"", ""layer"": null, ""region"": ""NONE_OBSERVED"", ""tensor"": null}",1,0
ruler_vt_16k:0470,ruler_vt_16k,KP_ELIGIBLE_167,true,F11,0.8,0.8,0.0,true,true,true,true,true,true,"{""closure_level"": ""NONE_OBSERVED"", ""layer"": null, ""region"": ""NONE_OBSERVED"", ""tensor"": null}",1,1
ruler_vt_16k:0270,ruler_vt_16k,KP_ELIGIBLE_167,true,F11,0.8,0.8,0.0,true,true,true,true,true,true,"{""closure_level"": ""NONE_OBSERVED"", ""layer"": null, ""region"": ""NONE_OBSERVED"", ""tensor"": null}",1,1
ruler_vt_16k:0172,ruler_vt_16k,KP_ELIGIBLE_167,true,F10,0.6,0.6,0.0,true,true,true,true,true,true,"{""closure_level"": ""NONE_OBSERVED"", ""layer"": null, ""region"": ""NONE_OBSERVED"", ""tensor"": null}",1,0
ruler_qa_hotpotqa_16k:0035,ruler_qa_hotpotqa_16k,KP_ELIGIBLE_167,true,F00,0.0,1.0,0.005558701232075691,true,true,false,false,false,false,"{""closure_level"": ""L3"", ""layer"": 6, ""max_abs_diff"": 0.015625, ""region"": ""INCOMPLETE_PROMPT_TAIL"", ""relative_l2_diff"": 0.00260853860527277, ""tensor"": ""mlp_output""}",0,0
ruler_vt_16k:0108,ruler_vt_16k,KP_ELIGIBLE_167,true,F00,0.4,0.8,0.0034613111056387424,false,false,false,false,false,false,"{""closure_level"": ""L1"", ""layer"": 25, ""max_abs_diff"": 0.5, ""region"": ""FIRST_CONTINUATION_CHUNK"", ""relative_l2_diff"": 0.0001357751025352627, ""tensor"": ""attention_output""}",0,0
ruler_niah_multikey_2_16k:0482,ruler_niah_multikey_2_16k,KP_ELIGIBLE_167,true,F01,1.0,1.0,0.0,true,true,true,true,true,true,"{""closure_level"": ""NONE_OBSERVED"", ""layer"": null, ""region"": ""NONE_OBSERVED"", ""tensor"": null}",0,1
ruler_qa_squad_16k:0172,ruler_qa_squad_16k,KP_ELIGIBLE_167,true,F01,1.0,1.0,0.0,true,true,true,true,true,true,"{""closure_level"": ""NONE_OBSERVED"", ""layer"": null, ""region"": ""NONE_OBSERVED"", ""tensor"": null}",0,1
ruler_qa_hotpotqa_16k:0142,ruler_qa_hotpotqa_16k,KP_ELIGIBLE_167,true,F11,1.0,1.0,0.0,true,true,true,true,true,true,"{""closure_level"": ""NONE_OBSERVED"", ""layer"": null, ""region"": ""NONE_OBSERVED"", ""tensor"": null}",1,1
ruler_vt_16k:0240,ruler_vt_16k,KP_ELIGIBLE_167,true,F01,0.4,1.0,0.005371867213398218,false,false,false,false,false,false,"{""closure_level"": ""L1"", ""layer"": 7, ""max_abs_diff"": 0.03125, ""region"": ""FIRST_CONTINUATION_CHUNK"", ""relative_l2_diff"": 0.0003102516639046371, ""tensor"": ""attention_output""}",0,1
ruler_fwe_16k:0242,ruler_fwe_16k,KP_ELIGIBLE_167,true,F10,1.0,1.0,0.0,true,true,true,true,true,true,"{""closure_level"": ""NONE_OBSERVED"", ""layer"": null, ""region"": ""NONE_OBSERVED"", ""tensor"": null}",1,0
ruler_vt_16k:0050,ruler_vt_16k,KP_ELIGIBLE_167,true,F11,1.0,1.0,0.0,true,true,true,true,true,true,"{""closure_level"": ""NONE_OBSERVED"", ""layer"": null, ""region"": ""NONE_OBSERVED"", ""tensor"": null}",1,1
ruler_fwe_16k:0351,ruler_fwe_16k,KP_ELIGIBLE_167,true,F01,1.0,1.0,0.0,true,true,true,true,true,true,"{""closure_level"": ""NONE_OBSERVED"", ""layer"": null, ""region"": ""NONE_OBSERVED"", ""tensor"": null}",0,1
ruler_vt_16k:0113,ruler_vt_16k,KP_ELIGIBLE_167,true,F11,1.0,1.0,0.0,true,true,true,true,true,true,"{""closure_level"": ""NONE_OBSERVED"", ""layer"": null, ""region"": ""NONE_OBSERVED"", ""tensor"": null}",1,1
ruler_qa_hotpotqa_16k:0191,ruler_qa_hotpotqa_16k,KP_ELIGIBLE_167,true,F11,1.0,1.0,0.0,true,true,true,true,true,true,"{""closure_level"": ""NONE_OBSERVED"", ""layer"": null, ""region"": ""NONE_OBSERVED"", ""tensor"": null}",1,1
ruler_niah_multiquery_16k:0068,ruler_niah_multiquery_16k,KP_ELIGIBLE_167,true,F10,1.0,1.0,0.0,true,true,true,true,true,true,"{""closure_level"": ""NONE_OBSERVED"", ""layer"": null, ""region"": ""NONE_OBSERVED"", ""tensor"": null}",1,0
ruler_vt_16k:0093,ruler_vt_16k,KP_ELIGIBLE_167,true,F11,0.8,0.8,0.0,true,true,true,true,true,true,"{""closure_level"": ""NONE_OBSERVED"", ""layer"": null, ""region"": ""NONE_OBSERVED"", ""tensor"": null}",1,1
ruler_vt_16k:0108,ruler_vt_16k,KP_ELIGIBLE_167,true,F01,0.4,0.8,0.0034613111056387424,false,false,false,false,false,false,"{""closure_level"": ""L1"", ""layer"": 25, ""max_abs_diff"": 0.5, ""region"": ""FIRST_CONTINUATION_CHUNK"", ""relative_l2_diff"": 0.0001357751025352627, ""tensor"": ""attention_output""}",0,1
ruler_niah_multikey_3_16k:0071,ruler_niah_multikey_3_16k,KP_ELIGIBLE_167,true,F01,0.0,1.0,0.00605079485103488,false,false,false,false,false,false,"{""closure_level"": ""L1"", ""layer"": 1, ""max_abs_diff"": 0.00048828125, ""region"": ""FIRST_CONTINUATION_CHUNK"", ""relative_l2_diff"": 2.2730409909854643e-06, ""tensor"": ""attention_output""}",0,1
ruler_niah_multiquery_16k:0131,ruler_niah_multiquery_16k,KP_ELIGIBLE_167,true,F00,1.0,1.0,0.0,true,true,true,true,true,true,"{""closure_level"": ""NONE_OBSERVED"", ""layer"": null, ""region"": ""NONE_OBSERVED"", ""tensor"": null}",0,0
ruler_fwe_16k:0372,ruler_fwe_16k,KP_ELIGIBLE_167,true,F01,0.6666666666666666,0.6666666666666666,0.0,true,true,true,true,true,true,"{""closure_level"": ""NONE_OBSERVED"", ""layer"": null, ""region"": ""NONE_OBSERVED"", ""tensor"": null}",0,1
ruler_niah_multikey_3_16k:0362,ruler_niah_multikey_3_16k,KP_ELIGIBLE_167,true,F00,0.0,1.0,0.00586644746363163,false,false,false,false,false,false,"{""closure_level"": ""L1"", ""layer"": 13, ""max_abs_diff"": 0.0078125, ""region"": ""FIRST_CONTINUATION_CHUNK"", ""relative_l2_diff"": 7.192623888840899e-05, ""tensor"": ""attention_output""}",0,0
ruler_vt_16k:0286,ruler_vt_16k,KP_ELIGIBLE_167,true,F01,0.8,0.8,0.0,true,true,true,true,true,true,"{""closure_level"": ""NONE_OBSERVED"", ""layer"": null, ""region"": ""NONE_OBSERVED"", ""tensor"": null}",0,1
ruler_vt_16k:0342,ruler_vt_16k,KP_ELIGIBLE_167,true,F00,0.8,0.8,0.0,true,true,true,true,true,true,"{""closure_level"": ""NONE_OBSERVED"", ""layer"": null, ""region"": ""NONE_OBSERVED"", ""tensor"": null}",0,0
ruler_vt_16k:0376,ruler_vt_16k,KP_ELIGIBLE_167,true,F00,0.4,0.8,0.0035080639645457268,false,false,false,false,false,false,"{""closure_level"": ""L1"", ""layer"": 7, ""max_abs_diff"": 0.015625, ""region"": ""FIRST_CONTINUATION_CHUNK"", ""relative_l2_diff"": 0.0001385856157867238, ""tensor"": ""attention_output""}",0,0
ruler_vt_16k:0165,ruler_vt_16k,KP_ELIGIBLE_167,true,F11,1.0,1.0,0.0,true,true,true,true,true,true,"{""closure_level"": ""NONE_OBSERVED"", ""layer"": null, ""region"": ""NONE_OBSERVED"", ""tensor"": null}",1,1
ruler_vt_16k:0396,ruler_vt_16k,KP_ELIGIBLE_167,true,F10,1.0,1.0,0.0,true,true,true,true,true,true,"{""closure_level"": ""NONE_OBSERVED"", ""layer"": null, ""region"": ""NONE_OBSERVED"", ""tensor"": null}",1,0
ruler_vt_16k:0470,ruler_vt_16k,KP_ELIGIBLE_167,true,F01,0.8,0.8,0.0,true,true,true,true,true,true,"{""closure_level"": ""NONE_OBSERVED"", ""layer"": null, ""region"": ""NONE_OBSERVED"", ""tensor"": null}",0,1
ruler_vt_16k:0279,ruler_vt_16k,KP_ELIGIBLE_167,true,F00,1.0,1.0,0.0,true,true,true,true,true,true,"{""closure_level"": ""NONE_OBSERVED"", ""layer"": null, ""region"": ""NONE_OBSERVED"", ""tensor"": null}",0,0
ruler_vt_16k:0149,ruler_vt_16k,KP_ELIGIBLE_167,true,F10,1.0,1.0,0.0,true,true,true,true,true,true,"{""closure_level"": ""NONE_OBSERVED"", ""layer"": null, ""region"": ""NONE_OBSERVED"", ""tensor"": null}",1,0
ruler_fwe_16k:0488,ruler_fwe_16k,KP_ELIGIBLE_167,true,F11,1.0,1.0,0.0,true,true,true,true,true,true,"{""closure_level"": ""NONE_OBSERVED"", ""layer"": null, ""region"": ""NONE_OBSERVED"", ""tensor"": null}",1,1
ruler_niah_multikey_3_16k:0145,ruler_niah_multikey_3_16k,KP_ELIGIBLE_167,true,F01,1.0,1.0,0.0,true,true,true,true,true,true,"{""closure_level"": ""NONE_OBSERVED"", ""layer"": null, ""region"": ""NONE_OBSERVED"", ""tensor"": null}",0,1
ruler_vt_16k:0172,ruler_vt_16k,KP_ELIGIBLE_167,true,F01,0.4,0.6,0.0041524870321154594,false,false,false,false,false,false,"{""closure_level"": ""L1"", ""layer"": 19, ""max_abs_diff"": 0.25, ""region"": ""FIRST_CONTINUATION_CHUNK"", ""relative_l2_diff"": 8.705351501703262e-05, ""tensor"": ""attention_output""}",0,1
ruler_vt_16k:0194,ruler_vt_16k,KP_ELIGIBLE_167,true,F01,0.8,0.8,0.0,true,true,true,true,true,true,"{""closure_level"": ""NONE_OBSERVED"", ""layer"": null, ""region"": ""NONE_OBSERVED"", ""tensor"": null}",0,1
ruler_niah_multivalue_16k:0192,ruler_niah_multivalue_16k,KP_ELIGIBLE_167,true,F01,1.0,1.0,0.0,true,true,true,true,true,true,"{""closure_level"": ""NONE_OBSERVED"", ""layer"": null, ""region"": ""NONE_OBSERVED"", ""tensor"": null}",0,1
ruler_vt_16k:0270,ruler_vt_16k,KP_ELIGIBLE_167,true,F10,0.8,0.8,0.0,true,true,true,true,true,true,"{""closure_level"": ""NONE_OBSERVED"", ""layer"": null, ""region"": ""NONE_OBSERVED"", ""tensor"": null}",1,0
ruler_niah_multiquery_16k:0454,ruler_niah_multiquery_16k,KP_ELIGIBLE_167,true,F01,1.0,1.0,0.0,true,true,true,true,true,true,"{""closure_level"": ""NONE_OBSERVED"", ""layer"": null, ""region"": ""NONE_OBSERVED"", ""tensor"": null}",0,1
ruler_fwe_16k:0298,ruler_fwe_16k,KP_ELIGIBLE_167,true,F00,0.6666666666666666,1.0,0.008387905545532703,false,false,false,false,false,false,"{""closure_level"": ""L1"", ""layer"": 7, ""max_abs_diff"": 0.0078125, ""region"": ""FIRST_CONTINUATION_CHUNK"", ""relative_l2_diff"": 5.1548020564951e-05, ""tensor"": ""attention_output""}",0,0
ruler_qa_hotpotqa_16k:0239,ruler_qa_hotpotqa_16k,KP_ELIGIBLE_167,true,F01,0.0,1.0,0.0111386738717556,false,false,false,false,false,false,"{""closure_level"": ""L1"", ""layer"": 13, ""max_abs_diff"": 0.015625, ""region"": ""FIRST_CONTINUATION_CHUNK"", ""relative_l2_diff"": 9.893350215861574e-05, ""tensor"": ""attention_output""}",0,1
ruler_qa_hotpotqa_16k:0191,ruler_qa_hotpotqa_16k,KP_ELIGIBLE_167,true,F10,1.0,1.0,0.0,true,true,true,true,true,true,"{""closure_level"": ""NONE_OBSERVED"", ""layer"": null, ""region"": ""NONE_OBSERVED"", ""tensor"": null}",1,0
ruler_vt_16k:0295,ruler_vt_16k,KP_ELIGIBLE_167,true,F10,0.8,0.8,0.0,true,true,true,true,true,true,"{""closure_level"": ""NONE_OBSERVED"", ""layer"": null, ""region"": ""NONE_OBSERVED"", ""tensor"": null}",1,0
ruler_vt_16k:0445,ruler_vt_16k,KP_ELIGIBLE_167,true,F00,0.8,0.8,0.0,true,true,true,true,true,true,"{""closure_level"": ""NONE_OBSERVED"", ""layer"": null, ""region"": ""NONE_OBSERVED"", ""tensor"": null}",0,0
ruler_vt_16k:0044,ruler_vt_16k,KP_ELIGIBLE_167,true,F11,1.0,1.0,0.0,true,true,true,true,true,true,"{""closure_level"": ""NONE_OBSERVED"", ""layer"": null, ""region"": ""NONE_OBSERVED"", ""tensor"": null}",1,1
ruler_qa_hotpotqa_16k:0493,ruler_qa_hotpotqa_16k,KP_ELIGIBLE_167,true,F01,1.0,1.0,0.0,true,true,true,true,true,true,"{""closure_level"": ""NONE_OBSERVED"", ""layer"": null, ""region"": ""NONE_OBSERVED"", ""tensor"": null}",0,1
ruler_niah_multikey_2_16k:0045,ruler_niah_multikey_2_16k,KP_ELIGIBLE_167,true,F00,1.0,1.0,0.005342874210327864,false,false,false,false,true,false,"{""closure_level"": ""L1"", ""layer"": 25, ""max_abs_diff"": 0.25, ""region"": ""FIRST_CONTINUATION_CHUNK"", ""relative_l2_diff"": 0.00013770267833024263, ""tensor"": ""attention_output""}",0,0
ruler_niah_multivalue_16k:0496,ruler_niah_multivalue_16k,KP_ELIGIBLE_167,true,F00,1.0,1.0,0.0,true,true,true,true,true,true,"{""closure_level"": ""NONE_OBSERVED"", ""layer"": null, ""region"": ""NONE_OBSERVED"", ""tensor"": null}",0,0
ruler_vt_16k:0044,ruler_vt_16k,KP_ELIGIBLE_167,true,F10,1.0,1.0,0.0,true,true,true,true,true,true,"{""closure_level"": ""NONE_OBSERVED"", ""layer"": null, ""region"": ""NONE_OBSERVED"", ""tensor"": null}",1,0
ruler_fwe_16k:0256,ruler_fwe_16k,KP_ELIGIBLE_167,true,F11,0.6666666666666666,0.6666666666666666,0.0,true,true,true,true,true,true,"{""closure_level"": ""NONE_OBSERVED"", ""layer"": null, ""region"": ""NONE_OBSERVED"", ""tensor"": null}",1,1
ruler_niah_multiquery_16k:0404,ruler_niah_multiquery_16k,KP_ELIGIBLE_167,true,F10,1.0,1.0,0.0,true,true,true,true,true,true,"{""closure_level"": ""NONE_OBSERVED"", ""layer"": null, ""region"": ""NONE_OBSERVED"", ""tensor"": null}",1,0
ruler_vt_16k:0421,ruler_vt_16k,KP_ELIGIBLE_167,true,F01,0.2,0.8,0.0031789198983460665,false,false,false,false,false,false,"{""closure_level"": ""L1"", ""layer"": 7, ""max_abs_diff"": 0.00390625, ""region"": ""FIRST_CONTINUATION_CHUNK"", ""relative_l2_diff"": 2.718337782425806e-05, ""tensor"": ""attention_output""}",0,1
ruler_vt_16k:0170,ruler_vt_16k,KP_ELIGIBLE_167,true,F10,0.8,0.8,0.0,true,true,true,true,true,true,"{""closure_level"": ""NONE_OBSERVED"", ""layer"": null, ""region"": ""NONE_OBSERVED"", ""tensor"": null}",1,0
ruler_vt_16k:0160,ruler_vt_16k,KP_ELIGIBLE_167,true,F10,1.0,1.0,0.0,true,true,true,true,true,true,"{""closure_level"": ""NONE_OBSERVED"", ""layer"": null, ""region"": ""NONE_OBSERVED"", ""tensor"": null}",1,0
ruler_vt_16k:0418,ruler_vt_16k,KP_ELIGIBLE_167,true,F00,0.8,0.8,0.0,true,true,true,true,true,true,"{""closure_level"": ""NONE_OBSERVED"", ""layer"": null, ""region"": ""NONE_OBSERVED"", ""tensor"": null}",0,0
ruler_vt_16k:0240,ruler_vt_16k,KP_ELIGIBLE_167,true,F10,1.0,1.0,0.0,true,true,true,true,true,true,"{""closure_level"": ""NONE_OBSERVED"", ""layer"": null, ""region"": ""NONE_OBSERVED"", ""tensor"": null}",1,0
ruler_vt_16k:0396,ruler_vt_16k,KP_ELIGIBLE_167,true,F00,0.8,1.0,0.004368497524410486,false,false,false,false,false,false,"{""closure_level"": ""L1"", ""layer"": 19, ""max_abs_diff"": 0.25, ""region"": ""FIRST_CONTINUATION_CHUNK"", ""relative_l2_diff"": 0.00014689270756207407, ""tensor"": ""attention_output""}",0,0
ruler_niah_multiquery_16k:0082,ruler_niah_multiquery_16k,KP_ELIGIBLE_167,true,F11,1.0,1.0,0.0,true,true,true,true,true,true,"{""closure_level"": ""NONE_OBSERVED"", ""layer"": null, ""region"": ""NONE_OBSERVED"", ""tensor"": null}",1,1
ruler_niah_multikey_3_16k:0220,ruler_niah_multikey_3_16k,KP_ELIGIBLE_167,true,F10,1.0,1.0,0.0,true,true,true,true,true,true,"{""closure_level"": ""NONE_OBSERVED"", ""layer"": null, ""region"": ""NONE_OBSERVED"", ""tensor"": null}",1,0
ruler_vt_16k:0485,ruler_vt_16k,KP_ELIGIBLE_167,true,F11,0.8,0.8,0.0,true,true,true,true,true,true,"{""closure_level"": ""NONE_OBSERVED"", ""layer"": null, ""region"": ""NONE_OBSERVED"", ""tensor"": null}",1,1
ruler_niah_multikey_2_16k:0482,ruler_niah_multikey_2_16k,KP_ELIGIBLE_167,true,F00,1.0,1.0,0.0,true,true,true,true,true,true,"{""closure_level"": ""NONE_OBSERVED"", ""layer"": null, ""region"": ""NONE_OBSERVED"", ""tensor"": null}",0,0
ruler_qa_squad_16k:0184,ruler_qa_squad_16k,KP_ELIGIBLE_167,true,F11,1.0,1.0,0.0,true,true,true,true,true,true,"{""closure_level"": ""NONE_OBSERVED"", ""layer"": null, ""region"": ""NONE_OBSERVED"", ""tensor"": null}",1,1
ruler_niah_multiquery_16k:0063,ruler_niah_multiquery_16k,KP_ELIGIBLE_167,true,F11,1.0,1.0,0.0,true,true,true,true,true,true,"{""closure_level"": ""NONE_OBSERVED"", ""layer"": null, ""region"": ""NONE_OBSERVED"", ""tensor"": null}",1,1
ruler_vt_16k:0157,ruler_vt_16k,KP_ELIGIBLE_167,true,F01,1.0,1.0,0.0,true,true,true,true,true,true,"{""closure_level"": ""NONE_OBSERVED"", ""layer"": null, ""region"": ""NONE_OBSERVED"", ""tensor"": null}",0,1
ruler_niah_multivalue_16k:0192,ruler_niah_multivalue_16k,KP_ELIGIBLE_167,true,F00,1.0,1.0,0.0,true,true,true,true,true,true,"{""closure_level"": ""NONE_OBSERVED"", ""layer"": null, ""region"": ""NONE_OBSERVED"", ""tensor"": null}",0,0
ruler_fwe_16k:0478,ruler_fwe_16k,KP_ELIGIBLE_167,true,F00,1.0,1.0,0.0,true,true,true,true,true,true,"{""closure_level"": ""NONE_OBSERVED"", ""layer"": null, ""region"": ""NONE_OBSERVED"", ""tensor"": null}",0,0
ruler_fwe_16k:0088,ruler_fwe_16k,KP_ELIGIBLE_167,true,F11,1.0,1.0,0.0,true,true,true,true,true,true,"{""closure_level"": ""NONE_OBSERVED"", ""layer"": null, ""region"": ""NONE_OBSERVED"", ""tensor"": null}",1,1
ruler_qa_hotpotqa_16k:0312,ruler_qa_hotpotqa_16k,KP_ELIGIBLE_167,true,F11,1.0,1.0,0.0,true,true,true,true,true,true,"{""closure_level"": ""NONE_OBSERVED"", ""layer"": null, ""region"": ""NONE_OBSERVED"", ""tensor"": null}",1,1
ruler_fwe_16k:0256,ruler_fwe_16k,KP_ELIGIBLE_167,true,F00,0.3333333333333333,0.6666666666666666,0.005108955781906843,false,false,false,false,false,false,"{""closure_level"": ""L1"", ""layer"": 1, ""max_abs_diff"": 0.001953125, ""region"": ""FIRST_CONTINUATION_CHUNK"", ""relative_l2_diff"": 0.00010732406371971592, ""tensor"": ""attention_output""}",0,0
ruler_vt_16k:0477,ruler_vt_16k,KP_ELIGIBLE_167,true,F11,1.0,1.0,0.0,true,true,true,true,true,true,"{""closure_level"": ""NONE_OBSERVED"", ""layer"": null, ""region"": ""NONE_OBSERVED"", ""tensor"": null}",1,1
ruler_vt_16k:0024,ruler_vt_16k,KP_ELIGIBLE_167,true,F00,0.8,1.0,0.0030841073021292686,false,false,false,false,false,false,"{""closure_level"": ""L1"", ""layer"": 19, ""max_abs_diff"": 0.25, ""region"": ""FIRST_CONTINUATION_CHUNK"", ""relative_l2_diff"": 0.00015442627773154527, ""tensor"": ""attention_output""}",0,0
ruler_vt_16k:0165,ruler_vt_16k,KP_ELIGIBLE_167,true,F01,0.8,1.0,0.006266716867685318,false,false,false,false,false,false,"{""closure_level"": ""L1"", ""layer"": 7, ""max_abs_diff"": 0.0078125, ""region"": ""FIRST_CONTINUATION_CHUNK"", ""relative_l2_diff"": 0.00022211833856999874, ""tensor"": ""attention_output""}",0,1
ruler_niah_multiquery_16k:0063,ruler_niah_multiquery_16k,KP_ELIGIBLE_167,true,F00,1.0,1.0,0.0,true,true,true,true,true,true,"{""closure_level"": ""NONE_OBSERVED"", ""layer"": null, ""region"": ""NONE_OBSERVED"", ""tensor"": null}",0,0
ruler_niah_multikey_3_16k:0212,ruler_niah_multikey_3_16k,KP_ELIGIBLE_167,true,F00,1.0,1.0,0.0,true,true,true,true,true,true,"{""closure_level"": ""NONE_OBSERVED"", ""layer"": null, ""region"": ""NONE_OBSERVED"", ""tensor"": null}",0,0
ruler_vt_16k:0451,ruler_vt_16k,KP_ELIGIBLE_167,true,F01,0.8,0.8,0.0,true,true,true,true,true,true,"{""closure_level"": ""NONE_OBSERVED"", ""layer"": null, ""region"": ""NONE_OBSERVED"", ""tensor"": null}",0,1
ruler_qa_squad_16k:0458,ruler_qa_squad_16k,KP_ELIGIBLE_167,true,F00,0.0,1.0,0.005227844696491957,false,false,false,false,false,false,"{""closure_level"": ""L1"", ""layer"": 14, ""max_abs_diff"": 0.0625, ""region"": ""FIRST_CONTINUATION_CHUNK"", ""relative_l2_diff"": 0.0002707397798076272, ""tensor"": ""attention_output""}",0,0
ruler_vt_16k:0065,ruler_vt_16k,KP_ELIGIBLE_167,true,F00,0.4,1.0,0.00758818443864584,false,false,false,false,false,false,"{""closure_level"": ""L1"", ""layer"": 19, ""max_abs_diff"": 0.25, ""region"": ""FIRST_CONTINUATION_CHUNK"", ""relative_l2_diff"": 8.289495599456131e-05, ""tensor"": ""attention_output""}",0,0
ruler_vt_16k:0160,ruler_vt_16k,KP_ELIGIBLE_167,true,F11,1.0,1.0,0.0,true,true,true,true,true,true,"{""closure_level"": ""NONE_OBSERVED"", ""layer"": null, ""region"": ""NONE_OBSERVED"", ""tensor"": null}",1,1
ruler_vt_16k:0188,ruler_vt_16k,KP_ELIGIBLE_167,true,F01,0.4,0.8,0.0025989513378590345,false,false,false,false,false,false,"{""closure_level"": ""L1"", ""layer"": 25, ""max_abs_diff"": 0.125, ""region"": ""FIRST_CONTINUATION_CHUNK"", ""relative_l2_diff"": 5.425059498520568e-05, ""tensor"": ""attention_output""}",0,1
ruler_niah_multikey_3_16k:0071,ruler_niah_multikey_3_16k,KP_ELIGIBLE_167,true,F00,0.0,1.0,0.00605079485103488,false,false,false,false,false,false,"{""closure_level"": ""L1"", ""layer"": 1, ""max_abs_diff"": 0.00048828125, ""region"": ""FIRST_CONTINUATION_CHUNK"", ""relative_l2_diff"": 2.2730409909854643e-06, ""tensor"": ""attention_output""}",0,0
ruler_qa_squad_16k:0085,ruler_qa_squad_16k,KP_ELIGIBLE_167,true,F01,1.0,1.0,0.0,true,true,true,true,true,true,"{""closure_level"": ""NONE_OBSERVED"", ""layer"": null, ""region"": ""NONE_OBSERVED"", ""tensor"": null}",0,1
ruler_vt_16k:0139,ruler_vt_16k,KP_ELIGIBLE_167,true,F10,1.0,1.0,0.0,true,true,true,true,true,true,"{""closure_level"": ""NONE_OBSERVED"", ""layer"": null, ""region"": ""NONE_OBSERVED"", ""tensor"": null}",1,0
ruler_qa_squad_16k:0445,ruler_qa_squad_16k,KP_ELIGIBLE_167,true,F01,1.0,1.0,0.0,true,true,true,true,true,true,"{""closure_level"": ""NONE_OBSERVED"", ""layer"": null, ""region"": ""NONE_OBSERVED"", ""tensor"": null}",0,1
ruler_fwe_16k:0478,ruler_fwe_16k,KP_ELIGIBLE_167,true,F11,1.0,1.0,0.0,true,true,true,true,true,true,"{""closure_level"": ""NONE_OBSERVED"", ""layer"": null, ""region"": ""NONE_OBSERVED"", ""tensor"": null}",1,1
ruler_niah_multivalue_16k:0266,ruler_niah_multivalue_16k,KP_ELIGIBLE_167,true,F10,1.0,1.0,0.0,true,true,true,true,true,true,"{""closure_level"": ""NONE_OBSERVED"", ""layer"": null, ""region"": ""NONE_OBSERVED"", ""tensor"": null}",1,0
ruler_fwe_16k:0010,ruler_fwe_16k,KP_ELIGIBLE_167,true,F11,1.0,1.0,0.0,true,true,true,true,true,true,"{""closure_level"": ""NONE_OBSERVED"", ""layer"": null, ""region"": ""NONE_OBSERVED"", ""tensor"": null}",1,1
ruler_fwe_16k:0324,ruler_fwe_16k,KP_ELIGIBLE_167,true,F00,0.6666666666666666,1.0,0.005363330710679293,false,false,false,false,false,false,"{""closure_level"": ""L1"", ""layer"": 7, ""max_abs_diff"": 0.00390625, ""region"": ""FIRST_CONTINUATION_CHUNK"", ""relative_l2_diff"": 5.8471305237617344e-05, ""tensor"": ""attention_output""}",0,0
ruler_fwe_16k:0254,ruler_fwe_16k,KP_ELIGIBLE_167,true,F00,0.3333333333333333,0.6666666666666666,0.0070842234417796135,false,false,false,false,false,false,"{""closure_level"": ""L1"", ""layer"": 1, ""max_abs_diff"": 0.00390625, ""region"": ""FIRST_CONTINUATION_CHUNK"", ""relative_l2_diff"": 7.343704055529088e-05, ""tensor"": ""attention_output""}",0,0
ruler_niah_multikey_3_16k:0217,ruler_niah_multikey_3_16k,KP_ELIGIBLE_167,true,F01,1.0,1.0,0.0,true,true,true,true,true,true,"{""closure_level"": ""NONE_OBSERVED"", ""layer"": null, ""region"": ""NONE_OBSERVED"", ""tensor"": null}",0,1
ruler_fwe_16k:0256,ruler_fwe_16k,KP_ELIGIBLE_167,true,F01,0.3333333333333333,0.6666666666666666,0.005108955781906843,false,false,false,false,false,false,"{""closure_level"": ""L1"", ""layer"": 1, ""max_abs_diff"": 0.001953125, ""region"": ""FIRST_CONTINUATION_CHUNK"", ""relative_l2_diff"": 0.00010732406371971592, ""tensor"": ""attention_output""}",0,1
ruler_vt_16k:0394,ruler_vt_16k,KP_ELIGIBLE_167,true,F00,0.4,0.8,0.003730985103175044,false,false,false,false,false,false,"{""closure_level"": ""L1"", ""layer"": 1, ""max_abs_diff"": 0.0009765625, ""region"": ""FIRST_CONTINUATION_CHUNK"", ""relative_l2_diff"": 6.204017608979484e-06, ""tensor"": ""attention_output""}",0,0
ruler_niah_multikey_3_16k:0362,ruler_niah_multikey_3_16k,KP_ELIGIBLE_167,true,F10,1.0,1.0,0.0,true,true,true,true,true,true,"{""closure_level"": ""NONE_OBSERVED"", ""layer"": null, ""region"": ""NONE_OBSERVED"", ""tensor"": null}",1,0
ruler_vt_16k:0044,ruler_vt_16k,KP_ELIGIBLE_167,true,F01,1.0,1.0,0.0,true,true,true,true,true,true,"{""closure_level"": ""NONE_OBSERVED"", ""layer"": null, ""region"": ""NONE_OBSERVED"", ""tensor"": null}",0,1
ruler_qa_squad_16k:0432,ruler_qa_squad_16k,KP_ELIGIBLE_167,true,F01,1.0,1.0,0.0,true,true,true,true,true,true,"{""closure_level"": ""NONE_OBSERVED"", ""layer"": null, ""region"": ""NONE_OBSERVED"", ""tensor"": null}",0,1
ruler_qa_hotpotqa_16k:0337,ruler_qa_hotpotqa_16k,KP_ELIGIBLE_167,true,F01,1.0,1.0,0.0,true,true,true,true,true,true,"{""closure_level"": ""NONE_OBSERVED"", ""layer"": null, ""region"": ""NONE_OBSERVED"", ""tensor"": null}",0,1
ruler_vt_16k:0342,ruler_vt_16k,KP_ELIGIBLE_167,true,F11,0.8,0.8,0.0,true,true,true,true,true,true,"{""closure_level"": ""NONE_OBSERVED"", ""layer"": null, ""region"": ""NONE_OBSERVED"", ""tensor"": null}",1,1
ruler_vt_16k:0381,ruler_vt_16k,KP_ELIGIBLE_167,true,F10,0.8,0.8,0.0,true,true,true,true,true,true,"{""closure_level"": ""NONE_OBSERVED"", ""layer"": null, ""region"": ""NONE_OBSERVED"", ""tensor"": null}",1,0
ruler_vt_16k:0376,ruler_vt_16k,KP_ELIGIBLE_167,true,F01,0.4,0.8,0.0035080639645457268,false,false,false,false,false,false,"{""closure_level"": ""L1"", ""layer"": 7, ""max_abs_diff"": 0.015625, ""region"": ""FIRST_CONTINUATION_CHUNK"", ""relative_l2_diff"": 0.0001385856157867238, ""tensor"": ""attention_output""}",0,1
ruler_fwe_16k:0293,ruler_fwe_16k,KP_ELIGIBLE_167,true,F01,1.0,1.0,0.0,true,true,true,true,true,true,"{""closure_level"": ""NONE_OBSERVED"", ""layer"": null, ""region"": ""NONE_OBSERVED"", ""tensor"": null}",0,1
ruler_vt_16k:0172,ruler_vt_16k,KP_ELIGIBLE_167,true,F11,0.6,0.6,0.0,true,true,true,true,true,true,"{""closure_level"": ""NONE_OBSERVED"", ""layer"": null, ""region"": ""NONE_OBSERVED"", ""tensor"": null}",1,1
ruler_niah_multikey_3_16k:0217,ruler_niah_multikey_3_16k,KP_ELIGIBLE_167,true,F00,1.0,1.0,0.0,true,true,true,true,true,true,"{""closure_level"": ""NONE_OBSERVED"", ""layer"": null, ""region"": ""NONE_OBSERVED"", ""tensor"": null}",0,0
ruler_vt_16k:0422,ruler_vt_16k,KP_ELIGIBLE_167,true,F01,1.0,1.0,0.0,true,true,true,true,true,true,"{""closure_level"": ""NONE_OBSERVED"", ""layer"": null, ""region"": ""NONE_OBSERVED"", ""tensor"": null}",0,1
ruler_vt_16k:0164,ruler_vt_16k,KP_ELIGIBLE_167,true,F01,0.8,0.8,0.0,true,true,true,true,true,true,"{""closure_level"": ""NONE_OBSERVED"", ""layer"": null, ""region"": ""NONE_OBSERVED"", ""tensor"": null}",0,1
ruler_fwe_16k:0372,ruler_fwe_16k,KP_ELIGIBLE_167,true,F00,0.6666666666666666,0.6666666666666666,0.0,true,true,true,true,true,true,"{""closure_level"": ""NONE_OBSERVED"", ""layer"": null, ""region"": ""NONE_OBSERVED"", ""tensor"": null}",0,0
ruler_qa_hotpotqa_16k:0031,ruler_qa_hotpotqa_16k,KP_ELIGIBLE_167,true,F11,1.0,1.0,0.0,true,true,true,true,true,true,"{""closure_level"": ""NONE_OBSERVED"", ""layer"": null, ""region"": ""NONE_OBSERVED"", ""tensor"": null}",1,1
ruler_vt_16k:0416,ruler_vt_16k,KP_ELIGIBLE_167,true,F00,0.8,0.8,0.0,true,true,true,true,true,true,"{""closure_level"": ""NONE_OBSERVED"", ""layer"": null, ""region"": ""NONE_OBSERVED"", ""tensor"": null}",0,0
ruler_niah_multivalue_16k:0266,ruler_niah_multivalue_16k,KP_ELIGIBLE_167,true,F00,1.0,1.0,0.0,true,true,true,true,true,true,"{""closure_level"": ""NONE_OBSERVED"", ""layer"": null, ""region"": ""NONE_OBSERVED"", ""tensor"": null}",0,0
ruler_niah_multiquery_16k:0068,ruler_niah_multiquery_16k,KP_ELIGIBLE_167,true,F00,0.75,1.0,0.0019479298498481512,false,false,false,false,false,false,"{""closure_level"": ""L1"", ""layer"": 25, ""max_abs_diff"": 0.125, ""region"": ""FIRST_CONTINUATION_CHUNK"", ""relative_l2_diff"": 0.00015815984806977212, ""tensor"": ""attention_output""}",0,0
ruler_vt_16k:0063,ruler_vt_16k,KP_ELIGIBLE_167,true,F01,1.0,1.0,0.0,true,true,true,true,true,true,"{""closure_level"": ""NONE_OBSERVED"", ""layer"": null, ""region"": ""NONE_OBSERVED"", ""tensor"": null}",0,1
ruler_vt_16k:0396,ruler_vt_16k,KP_ELIGIBLE_167,true,F11,1.0,1.0,0.0,true,true,true,true,true,true,"{""closure_level"": ""NONE_OBSERVED"", ""layer"": null, ""region"": ""NONE_OBSERVED"", ""tensor"": null}",1,1
ruler_fwe_16k:0017,ruler_fwe_16k,KP_ELIGIBLE_167,true,F10,0.6666666666666666,1.0,0.005617569200694561,true,true,false,false,false,false,"{""closure_level"": ""L3"", ""layer"": 0, ""max_abs_diff"": 0.015625, ""region"": ""INCOMPLETE_PROMPT_TAIL"", ""relative_l2_diff"": 0.002810095436871052, ""tensor"": ""mlp_output""}",1,0
ruler_qa_squad_16k:0432,ruler_qa_squad_16k,KP_ELIGIBLE_167,true,F00,1.0,1.0,0.0,true,true,true,true,true,true,"{""closure_level"": ""NONE_OBSERVED"", ""layer"": null, ""region"": ""NONE_OBSERVED"", ""tensor"": null}",0,0
ruler_qa_hotpotqa_16k:0142,ruler_qa_hotpotqa_16k,KP_ELIGIBLE_167,true,F00,1.0,1.0,0.0,true,true,true,true,true,true,"{""closure_level"": ""NONE_OBSERVED"", ""layer"": null, ""region"": ""NONE_OBSERVED"", ""tensor"": null}",0,0
ruler_qa_hotpotqa_16k:0478,ruler_qa_hotpotqa_16k,KP_ELIGIBLE_167,true,F00,0.0,1.0,0.007369617465883493,true,true,false,false,false,false,"{""closure_level"": ""L3"", ""layer"": 0, ""max_abs_diff"": 0.015625, ""region"": ""INCOMPLETE_PROMPT_TAIL"", ""relative_l2_diff"": 0.0024897796101868153, ""tensor"": ""mlp_output""}",0,0
ruler_vt_16k:0065,ruler_vt_16k,KP_ELIGIBLE_167,true,F10,1.0,1.0,0.0,true,true,true,true,true,true,"{""closure_level"": ""NONE_OBSERVED"", ""layer"": null, ""region"": ""NONE_OBSERVED"", ""tensor"": null}",1,0
ruler_qa_hotpotqa_16k:0454,ruler_qa_hotpotqa_16k,KP_ELIGIBLE_167,true,F10,1.0,1.0,0.0,true,true,true,true,true,true,"{""closure_level"": ""NONE_OBSERVED"", ""layer"": null, ""region"": ""NONE_OBSERVED"", ""tensor"": null}",1,0
ruler_fwe_16k:0227,ruler_fwe_16k,KP_ELIGIBLE_167,true,F10,1.0,1.0,0.0,true,true,true,true,true,true,"{""closure_level"": ""NONE_OBSERVED"", ""layer"": null, ""region"": ""NONE_OBSERVED"", ""tensor"": null}",1,0
ruler_qa_hotpotqa_16k:0059,ruler_qa_hotpotqa_16k,KP_ELIGIBLE_167,true,F00,0.0,1.0,0.013060028664767742,true,true,false,false,false,false,"{""closure_level"": ""L3"", ""layer"": 6, ""max_abs_diff"": 0.0625, ""region"": ""INCOMPLETE_PROMPT_TAIL"", ""relative_l2_diff"": 0.0027023472357541323, ""tensor"": ""mlp_output""}",0,0
ruler_vt_16k:0194,ruler_vt_16k,KP_ELIGIBLE_167,true,F11,0.8,0.8,0.0,true,true,true,true,true,true,"{""closure_level"": ""NONE_OBSERVED"", ""layer"": null, ""region"": ""NONE_OBSERVED"", ""tensor"": null}",1,1
ruler_vt_16k:0270,ruler_vt_16k,KP_ELIGIBLE_167,true,F00,0.8,0.8,0.0,true,true,true,true,true,true,"{""closure_level"": ""NONE_OBSERVED"", ""layer"": null, ""region"": ""NONE_OBSERVED"", ""tensor"": null}",0,0
ruler_fwe_16k:0218,ruler_fwe_16k,KP_ELIGIBLE_167,true,F11,0.6666666666666666,0.6666666666666666,0.0,true,true,true,true,true,true,"{""closure_level"": ""NONE_OBSERVED"", ""layer"": null, ""region"": ""NONE_OBSERVED"", ""tensor"": null}",1,1
ruler_vt_16k:0279,ruler_vt_16k,KP_ELIGIBLE_167,true,F10,1.0,1.0,0.0,true,true,true,true,true,true,"{""closure_level"": ""NONE_OBSERVED"", ""layer"": null, ""region"": ""NONE_OBSERVED"", ""tensor"": null}",1,0
ruler_vt_16k:0226,ruler_vt_16k,KP_ELIGIBLE_167,true,F11,0.8,0.8,0.0,true,true,true,true,true,true,"{""closure_level"": ""NONE_OBSERVED"", ""layer"": null, ""region"": ""NONE_OBSERVED"", ""tensor"": null}",1,1
ruler_qa_hotpotqa_16k:0161,ruler_qa_hotpotqa_16k,KP_ELIGIBLE_167,true,F11,1.0,1.0,0.0,true,true,true,true,true,true,"{""closure_level"": ""NONE_OBSERVED"", ""layer"": null, ""region"": ""NONE_OBSERVED"", ""tensor"": null}",1,1
ruler_vt_16k:0454,ruler_vt_16k,KP_ELIGIBLE_167,true,F11,1.0,1.0,0.0,true,true,true,true,true,true,"{""closure_level"": ""NONE_OBSERVED"", ""layer"": null, ""region"": ""NONE_OBSERVED"", ""tensor"": null}",1,1
ruler_vt_16k:0165,ruler_vt_16k,KP_ELIGIBLE_167,true,F10,1.0,1.0,0.0,true,true,true,true,true,true,"{""closure_level"": ""NONE_OBSERVED"", ""layer"": null, ""region"": ""NONE_OBSERVED"", ""tensor"": null}",1,0
ruler_qa_squad_16k:0305,ruler_qa_squad_16k,KP_ELIGIBLE_167,true,F00,0.0,1.0,0.006146030966192484,false,false,false,false,false,false,"{""closure_level"": ""L1"", ""layer"": 7, ""max_abs_diff"": 0.00390625, ""region"": ""FIRST_CONTINUATION_CHUNK"", ""relative_l2_diff"": 7.303164602490142e-05, ""tensor"": ""attention_output""}",0,0
ruler_vt_16k:0310,ruler_vt_16k,KP_ELIGIBLE_167,true,F01,0.8,0.8,0.0,true,true,true,true,true,true,"{""closure_level"": ""NONE_OBSERVED"", ""layer"": null, ""region"": ""NONE_OBSERVED"", ""tensor"": null}",0,1
ruler_vt_16k:0400,ruler_vt_16k,KP_ELIGIBLE_167,true,F00,1.0,1.0,0.0,true,true,true,true,true,true,"{""closure_level"": ""NONE_OBSERVED"", ""layer"": null, ""region"": ""NONE_OBSERVED"", ""tensor"": null}",0,0
ruler_fwe_16k:0298,ruler_fwe_16k,KP_ELIGIBLE_167,true,F01,0.6666666666666666,1.0,0.0034735151566565037,false,false,false,false,false,false,"{""closure_level"": ""L1"", ""layer"": 7, ""max_abs_diff"": 0.0078125, ""region"": ""FIRST_CONTINUATION_CHUNK"", ""relative_l2_diff"": 5.1548020564951e-05, ""tensor"": ""attention_output""}",0,1
ruler_qa_hotpotqa_16k:0239,ruler_qa_hotpotqa_16k,KP_ELIGIBLE_167,true,F00,0.0,1.0,0.010098802857100964,false,false,false,false,false,false,"{""closure_level"": ""L1"", ""layer"": 13, ""max_abs_diff"": 0.015625, ""region"": ""FIRST_CONTINUATION_CHUNK"", ""relative_l2_diff"": 9.893350215861574e-05, ""tensor"": ""attention_output""}",0,0
ruler_fwe_16k:0254,ruler_fwe_16k,KP_ELIGIBLE_167,true,F01,0.3333333333333333,0.6666666666666666,0.0070842234417796135,false,false,false,false,false,false,"{""closure_level"": ""L1"", ""layer"": 1, ""max_abs_diff"": 0.00390625, ""region"": ""FIRST_CONTINUATION_CHUNK"", ""relative_l2_diff"": 7.343704055529088e-05, ""tensor"": ""attention_output""}",0,1
ruler_vt_16k:0044,ruler_vt_16k,KP_ELIGIBLE_167,true,F00,1.0,1.0,0.0,true,true,true,true,true,true,"{""closure_level"": ""NONE_OBSERVED"", ""layer"": null, ""region"": ""NONE_OBSERVED"", ""tensor"": null}",0,0
ruler_niah_multivalue_16k:0288,ruler_niah_multivalue_16k,KP_ELIGIBLE_167,true,F11,1.0,1.0,0.0,true,true,true,true,true,true,"{""closure_level"": ""NONE_OBSERVED"", ""layer"": null, ""region"": ""NONE_OBSERVED"", ""tensor"": null}",1,1
ruler_vt_16k:0223,ruler_vt_16k,KP_ELIGIBLE_167,true,F00,1.0,1.0,0.0,true,true,true,true,true,true,"{""closure_level"": ""NONE_OBSERVED"", ""layer"": null, ""region"": ""NONE_OBSERVED"", ""tensor"": null}",0,0
ruler_niah_multikey_3_16k:0108,ruler_niah_multikey_3_16k,KP_ELIGIBLE_167,true,F11,1.0,1.0,0.0,true,true,true,true,true,true,"{""closure_level"": ""NONE_OBSERVED"", ""layer"": null, ""region"": ""NONE_OBSERVED"", ""tensor"": null}",1,1
ruler_niah_multikey_3_16k:0464,ruler_niah_multikey_3_16k,KP_ELIGIBLE_167,true,F01,0.0,1.0,0.004135371185839176,false,false,false,false,false,false,"{""closure_level"": ""L1"", ""layer"": 7, ""max_abs_diff"": 0.00390625, ""region"": ""FIRST_CONTINUATION_CHUNK"", ""relative_l2_diff"": 8.217143476940691e-05, ""tensor"": ""attention_output""}",0,1
ruler_niah_multikey_3_16k:0362,ruler_niah_multikey_3_16k,KP_ELIGIBLE_167,true,F11,1.0,1.0,0.0,true,true,true,true,true,true,"{""closure_level"": ""NONE_OBSERVED"", ""layer"": null, ""region"": ""NONE_OBSERVED"", ""tensor"": null}",1,1
ruler_qa_hotpotqa_16k:0161,ruler_qa_hotpotqa_16k,KP_ELIGIBLE_167,true,F10,1.0,1.0,0.0,true,true,true,true,true,true,"{""closure_level"": ""NONE_OBSERVED"", ""layer"": null, ""region"": ""NONE_OBSERVED"", ""tensor"": null}",1,0
ruler_vt_16k:0323,ruler_vt_16k,KP_ELIGIBLE_167,true,F10,0.8,0.8,0.0,true,true,true,true,true,true,"{""closure_level"": ""NONE_OBSERVED"", ""layer"": null, ""region"": ""NONE_OBSERVED"", ""tensor"": null}",1,0
ruler_vt_16k:0057,ruler_vt_16k,KP_ELIGIBLE_167,true,F00,0.2,0.8,0.0043997191824018955,false,false,false,false,false,false,"{""closure_level"": ""L1"", ""layer"": 7, ""max_abs_diff"": 0.0078125, ""region"": ""FIRST_CONTINUATION_CHUNK"", ""relative_l2_diff"": 5.734046135330573e-05, ""tensor"": ""attention_output""}",0,0
ruler_niah_multikey_3_16k:0253,ruler_niah_multikey_3_16k,KP_ELIGIBLE_167,true,F01,0.0,1.0,0.005339411552995443,false,false,false,false,false,false,"{""closure_level"": ""L1"", ""layer"": 13, ""max_abs_diff"": 0.0078125, ""region"": ""FIRST_CONTINUATION_CHUNK"", ""relative_l2_diff"": 8.71564116096124e-05, ""tensor"": ""attention_output""}",0,1
ruler_qa_squad_16k:0172,ruler_qa_squad_16k,KP_ELIGIBLE_167,true,F00,1.0,1.0,0.0,true,true,true,true,true,true,"{""closure_level"": ""NONE_OBSERVED"", ""layer"": null, ""region"": ""NONE_OBSERVED"", ""tensor"": null}",0,0
ruler_fwe_16k:0373,ruler_fwe_16k,KP_ELIGIBLE_167,true,F01,1.0,1.0,0.0,true,true,true,true,true,true,"{""closure_level"": ""NONE_OBSERVED"", ""layer"": null, ""region"": ""NONE_OBSERVED"", ""tensor"": null}",0,1
ruler_fwe_16k:0498,ruler_fwe_16k,KP_ELIGIBLE_167,true,F00,1.0,1.0,0.0,true,true,true,true,true,true,"{""closure_level"": ""NONE_OBSERVED"", ""layer"": null, ""region"": ""NONE_OBSERVED"", ""tensor"": null}",0,0
ruler_qa_hotpotqa_16k:0312,ruler_qa_hotpotqa_16k,KP_ELIGIBLE_167,true,F01,0.0,1.0,0.008679916150867939,false,false,false,false,false,false,"{""closure_level"": ""L1"", ""layer"": 1, ""max_abs_diff"": 0.001953125, ""region"": ""FIRST_CONTINUATION_CHUNK"", ""relative_l2_diff"": 4.108349094167352e-05, ""tensor"": ""attention_output""}",0,1
ruler_niah_multiquery_16k:0129,ruler_niah_multiquery_16k,KP_ELIGIBLE_167,true,F01,1.0,1.0,0.0,true,true,true,true,true,true,"{""closure_level"": ""NONE_OBSERVED"", ""layer"": null, ""region"": ""NONE_OBSERVED"", ""tensor"": null}",0,1
ruler_qa_squad_16k:0033,ruler_qa_squad_16k,KP_ELIGIBLE_167,true,F10,1.0,1.0,0.0,true,true,true,true,true,true,"{""closure_level"": ""NONE_OBSERVED"", ""layer"": null, ""region"": ""NONE_OBSERVED"", ""tensor"": null}",1,0
ruler_fwe_16k:0373,ruler_fwe_16k,KP_ELIGIBLE_167,true,F11,1.0,1.0,0.0,true,true,true,true,true,true,"{""closure_level"": ""NONE_OBSERVED"", ""layer"": null, ""region"": ""NONE_OBSERVED"", ""tensor"": null}",1,1
ruler_vt_16k:0270,ruler_vt_16k,KP_ELIGIBLE_167,true,F01,0.8,0.8,0.0,true,true,true,true,true,true,"{""closure_level"": ""NONE_OBSERVED"", ""layer"": null, ""region"": ""NONE_OBSERVED"", ""tensor"": null}",0,1
ruler_vt_16k:0286,ruler_vt_16k,KP_ELIGIBLE_167,true,F00,0.8,0.8,0.0,true,true,true,true,true,true,"{""closure_level"": ""NONE_OBSERVED"", ""layer"": null, ""region"": ""NONE_OBSERVED"", ""tensor"": null}",0,0
ruler_vt_16k:0333,ruler_vt_16k,KP_ELIGIBLE_167,true,F00,1.0,1.0,0.0028654257766902447,false,false,false,false,true,false,"{""closure_level"": ""L1"", ""layer"": 25, ""max_abs_diff"": 0.0625, ""region"": ""FIRST_CONTINUATION_CHUNK"", ""relative_l2_diff"": 6.197528273332864e-05, ""tensor"": ""attention_output""}",0,0
ruler_niah_multikey_3_16k:0074,ruler_niah_multikey_3_16k,KP_ELIGIBLE_167,true,F01,0.0,1.0,0.004615925718098879,false,false,false,false,false,false,"{""closure_level"": ""L1"", ""layer"": 1, ""max_abs_diff"": 0.00390625, ""region"": ""FIRST_CONTINUATION_CHUNK"", ""relative_l2_diff"": 0.00010792724060593173, ""tensor"": ""attention_output""}",0,1
ruler_fwe_16k:0488,ruler_fwe_16k,KP_ELIGIBLE_167,true,F00,0.6666666666666666,1.0,0.006696910597383976,true,true,false,false,false,false,"{""closure_level"": ""L3"", ""layer"": 6, ""max_abs_diff"": 0.015625, ""region"": ""INCOMPLETE_PROMPT_TAIL"", ""relative_l2_diff"": 0.0025854844134300947, ""tensor"": ""mlp_output""}",0,0
ruler_niah_multikey_3_16k:0202,ruler_niah_multikey_3_16k,KP_ELIGIBLE_167,true,F01,1.0,1.0,0.0,true,true,true,true,true,true,"{""closure_level"": ""NONE_OBSERVED"", ""layer"": null, ""region"": ""NONE_OBSERVED"", ""tensor"": null}",0,1
ruler_vt_16k:0086,ruler_vt_16k,KP_ELIGIBLE_167,true,F00,1.0,1.0,0.0,true,true,true,true,true,true,"{""closure_level"": ""NONE_OBSERVED"", ""layer"": null, ""region"": ""NONE_OBSERVED"", ""tensor"": null}",0,0
ruler_niah_multikey_3_16k:0212,ruler_niah_multikey_3_16k,KP_ELIGIBLE_167,true,F01,1.0,1.0,0.0,true,true,true,true,true,true,"{""closure_level"": ""NONE_OBSERVED"", ""layer"": null, ""region"": ""NONE_OBSERVED"", ""tensor"": null}",0,1
ruler_niah_multikey_2_16k:0116,ruler_niah_multikey_2_16k,KP_ELIGIBLE_167,true,F00,1.0,1.0,0.0,true,true,true,true,true,true,"{""closure_level"": ""NONE_OBSERVED"", ""layer"": null, ""region"": ""NONE_OBSERVED"", ""tensor"": null}",0,0
ruler_niah_multikey_1_16k:0432,ruler_niah_multikey_1_16k,KP_ELIGIBLE_167,true,F00,1.0,1.0,0.0,true,true,true,true,true,true,"{""closure_level"": ""NONE_OBSERVED"", ""layer"": null, ""region"": ""NONE_OBSERVED"", ""tensor"": null}",0,0
ruler_niah_multikey_3_16k:0208,ruler_niah_multikey_3_16k,KP_ELIGIBLE_167,true,F10,0.0,1.0,0.003331766463816166,true,true,false,false,false,false,"{""closure_level"": ""L3"", ""layer"": 12, ""max_abs_diff"": 0.125, ""region"": ""INCOMPLETE_PROMPT_TAIL"", ""relative_l2_diff"": 0.0026119386311620474, ""tensor"": ""mlp_output""}",1,0
ruler_niah_multiquery_16k:0201,ruler_niah_multiquery_16k,KP_ELIGIBLE_167,true,F11,1.0,1.0,0.0,true,true,true,true,true,true,"{""closure_level"": ""NONE_OBSERVED"", ""layer"": null, ""region"": ""NONE_OBSERVED"", ""tensor"": null}",1,1
ruler_niah_multiquery_16k:0147,ruler_niah_multiquery_16k,KP_ELIGIBLE_167,true,F11,1.0,1.0,0.0,true,true,true,true,true,true,"{""closure_level"": ""NONE_OBSERVED"", ""layer"": null, ""region"": ""NONE_OBSERVED"", ""tensor"": null}",1,1
ruler_vt_16k:0160,ruler_vt_16k,KP_ELIGIBLE_167,true,F01,1.0,1.0,0.0,true,true,true,true,true,true,"{""closure_level"": ""NONE_OBSERVED"", ""layer"": null, ""region"": ""NONE_OBSERVED"", ""tensor"": null}",0,1
ruler_vt_16k:0050,ruler_vt_16k,KP_ELIGIBLE_167,true,F00,1.0,1.0,0.0,true,true,true,true,true,true,"{""closure_level"": ""NONE_OBSERVED"", ""layer"": null, ""region"": ""NONE_OBSERVED"", ""tensor"": null}",0,0
ruler_niah_multikey_3_16k:0253,ruler_niah_multikey_3_16k,KP_ELIGIBLE_167,true,F11,1.0,1.0,0.0,true,true,true,true,true,true,"{""closure_level"": ""NONE_OBSERVED"", ""layer"": null, ""region"": ""NONE_OBSERVED"", ""tensor"": null}",1,1
ruler_niah_multiquery_16k:0129,ruler_niah_multiquery_16k,KP_ELIGIBLE_167,true,F10,1.0,1.0,0.0,true,true,true,true,true,true,"{""closure_level"": ""NONE_OBSERVED"", ""layer"": null, ""region"": ""NONE_OBSERVED"", ""tensor"": null}",1,0
ruler_vt_16k:0425,ruler_vt_16k,KP_ELIGIBLE_167,true,F01,0.8,0.8,0.0,true,true,true,true,true,true,"{""closure_level"": ""NONE_OBSERVED"", ""layer"": null, ""region"": ""NONE_OBSERVED"", ""tensor"": null}",0,1
ruler_vt_16k:0083,ruler_vt_16k,KP_ELIGIBLE_167,true,F00,1.0,1.0,0.0,true,true,true,true,true,true,"{""closure_level"": ""NONE_OBSERVED"", ""layer"": null, ""region"": ""NONE_OBSERVED"", ""tensor"": null}",0,0
ruler_fwe_16k:0088,ruler_fwe_16k,KP_ELIGIBLE_167,true,F01,0.6666666666666666,1.0,0.0052866642363369465,false,false,false,false,false,false,"{""closure_level"": ""L1"", ""layer"": 7, ""max_abs_diff"": 0.00390625, ""region"": ""FIRST_CONTINUATION_CHUNK"", ""relative_l2_diff"": 1.4648337128164712e-05, ""tensor"": ""attention_output""}",0,1
ruler_fwe_16k:0351,ruler_fwe_16k,KP_ELIGIBLE_167,true,F00,0.6666666666666666,1.0,0.01051897183060646,true,true,false,false,false,false,"{""closure_level"": ""L3"", ""layer"": 0, ""max_abs_diff"": 0.015625, ""region"": ""INCOMPLETE_PROMPT_TAIL"", ""relative_l2_diff"": 0.002608933486044407, ""tensor"": ""mlp_output""}",0,0
ruler_vt_16k:0070,ruler_vt_16k,KP_ELIGIBLE_167,true,F10,0.6,0.6,0.0,true,true,true,true,true,true,"{""closure_level"": ""NONE_OBSERVED"", ""layer"": null, ""region"": ""NONE_OBSERVED"", ""tensor"": null}",1,0
ruler_vt_16k:0199,ruler_vt_16k,KP_ELIGIBLE_167,true,F00,0.4,0.6,0.007827743887901306,false,false,false,false,false,false,"{""closure_level"": ""L1"", ""layer"": 19, ""max_abs_diff"": 0.25, ""region"": ""FIRST_CONTINUATION_CHUNK"", ""relative_l2_diff"": 8.705351501703262e-05, ""tensor"": ""attention_output""}",0,0
ruler_vt_16k:0098,ruler_vt_16k,KP_ELIGIBLE_167,true,F00,1.0,1.0,0.0,true,true,true,true,true,true,"{""closure_level"": ""NONE_OBSERVED"", ""layer"": null, ""region"": ""NONE_OBSERVED"", ""tensor"": null}",0,0
ruler_qa_squad_16k:0305,ruler_qa_squad_16k,KP_ELIGIBLE_167,true,F01,0.0,1.0,0.006146030966192484,false,false,false,false,false,false,"{""closure_level"": ""L1"", ""layer"": 7, ""max_abs_diff"": 0.00390625, ""region"": ""FIRST_CONTINUATION_CHUNK"", ""relative_l2_diff"": 7.303164602490142e-05, ""tensor"": ""attention_output""}",0,1
ruler_vt_16k:0226,ruler_vt_16k,KP_ELIGIBLE_167,true,F01,0.4,0.8,0.0036996372509747744,false,false,false,false,false,false,"{""closure_level"": ""L1"", ""layer"": 1, ""max_abs_diff"": 0.0009765625, ""region"": ""FIRST_CONTINUATION_CHUNK"", ""relative_l2_diff"": 2.9489083317457698e-05, ""tensor"": ""attention_output""}",0,1
ruler_vt_16k:0352,ruler_vt_16k,KP_ELIGIBLE_167,true,F10,0.8,0.8,0.0,true,true,true,true,true,true,"{""closure_level"": ""NONE_OBSERVED"", ""layer"": null, ""region"": ""NONE_OBSERVED"", ""tensor"": null}",1,0
ruler_vt_16k:0240,ruler_vt_16k,KP_ELIGIBLE_167,true,F11,1.0,1.0,0.0,true,true,true,true,true,true,"{""closure_level"": ""NONE_OBSERVED"", ""layer"": null, ""region"": ""NONE_OBSERVED"", ""tensor"": null}",1,1
ruler_fwe_16k:0017,ruler_fwe_16k,KP_ELIGIBLE_167,true,F00,0.6666666666666666,1.0,0.005617569200694561,true,true,false,false,false,false,"{""closure_level"": ""L3"", ""layer"": 0, ""max_abs_diff"": 0.015625, ""region"": ""INCOMPLETE_PROMPT_TAIL"", ""relative_l2_diff"": 0.002810095436871052, ""tensor"": ""mlp_output""}",0,0
ruler_vt_16k:0140,ruler_vt_16k,KP_ELIGIBLE_167,true,F01,0.2,0.8,0.005358384922146797,false,false,false,false,false,false,"{""closure_level"": ""L1"", ""layer"": 7, ""max_abs_diff"": 0.00390625, ""region"": ""FIRST_CONTINUATION_CHUNK"", ""relative_l2_diff"": 9.635932656237856e-06, ""tensor"": ""attention_output""}",0,1
ruler_vt_16k:0445,ruler_vt_16k,KP_ELIGIBLE_167,true,F11,0.8,0.8,0.0,true,true,true,true,true,true,"{""closure_level"": ""NONE_OBSERVED"", ""layer"": null, ""region"": ""NONE_OBSERVED"", ""tensor"": null}",1,1
ruler_vt_16k:0470,ruler_vt_16k,KP_ELIGIBLE_167,true,F00,0.8,0.8,0.0,true,true,true,true,true,true,"{""closure_level"": ""NONE_OBSERVED"", ""layer"": null, ""region"": ""NONE_OBSERVED"", ""tensor"": null}",0,0
ruler_fwe_16k:0372,ruler_fwe_16k,KP_ELIGIBLE_167,true,F11,0.6666666666666666,0.6666666666666666,0.0,true,true,true,true,true,true,"{""closure_level"": ""NONE_OBSERVED"", ""layer"": null, ""region"": ""NONE_OBSERVED"", ""tensor"": null}",1,1
ruler_vt_16k:0045,ruler_vt_16k,KP_ELIGIBLE_167,true,F11,0.8,0.8,0.0,true,true,true,true,true,true,"{""closure_level"": ""NONE_OBSERVED"", ""layer"": null, ""region"": ""NONE_OBSERVED"", ""tensor"": null}",1,1
ruler_qa_squad_16k:0085,ruler_qa_squad_16k,KP_ELIGIBLE_167,true,F00,1.0,1.0,0.0,true,true,true,true,true,true,"{""closure_level"": ""NONE_OBSERVED"", ""layer"": null, ""region"": ""NONE_OBSERVED"", ""tensor"": null}",0,0
ruler_qa_hotpotqa_16k:0059,ruler_qa_hotpotqa_16k,KP_ELIGIBLE_167,true,F11,1.0,1.0,0.0,true,true,true,true,true,true,"{""closure_level"": ""NONE_OBSERVED"", ""layer"": null, ""region"": ""NONE_OBSERVED"", ""tensor"": null}",1,1
ruler_niah_multivalue_16k:0288,ruler_niah_multivalue_16k,KP_ELIGIBLE_167,true,F01,1.0,1.0,0.0,true,true,true,true,true,true,"{""closure_level"": ""NONE_OBSERVED"", ""layer"": null, ""region"": ""NONE_OBSERVED"", ""tensor"": null}",0,1
ruler_niah_multikey_3_16k:0253,ruler_niah_multikey_3_16k,KP_ELIGIBLE_167,true,F10,1.0,1.0,0.0,true,true,true,true,true,true,"{""closure_level"": ""NONE_OBSERVED"", ""layer"": null, ""region"": ""NONE_OBSERVED"", ""tensor"": null}",1,0
ruler_vt_16k:0454,ruler_vt_16k,KP_ELIGIBLE_167,true,F01,1.0,1.0,0.0,true,true,true,true,true,true,"{""closure_level"": ""NONE_OBSERVED"", ""layer"": null, ""region"": ""NONE_OBSERVED"", ""tensor"": null}",0,1
ruler_fwe_16k:0402,ruler_fwe_16k,KP_ELIGIBLE_167,true,F01,0.6666666666666666,1.0,0.004896689672023058,false,false,false,false,false,false,"{""closure_level"": ""L1"", ""layer"": 13, ""max_abs_diff"": 0.125, ""region"": ""FIRST_CONTINUATION_CHUNK"", ""relative_l2_diff"": 0.00021749167353846133, ""tensor"": ""attention_output""}",0,1
ruler_niah_multikey_3_16k:0464,ruler_niah_multikey_3_16k,KP_ELIGIBLE_167,true,F10,1.0,1.0,0.0,true,true,true,true,true,true,"{""closure_level"": ""NONE_OBSERVED"", ""layer"": null, ""region"": ""NONE_OBSERVED"", ""tensor"": null}",1,0
ruler_qa_squad_16k:0472,ruler_qa_squad_16k,KP_ELIGIBLE_167,true,F10,1.0,1.0,0.0,true,true,true,true,true,true,"{""closure_level"": ""NONE_OBSERVED"", ""layer"": null, ""region"": ""NONE_OBSERVED"", ""tensor"": null}",1,0
ruler_vt_16k:0065,ruler_vt_16k,KP_ELIGIBLE_167,true,F01,0.4,1.0,0.00758818443864584,false,false,false,false,false,false,"{""closure_level"": ""L1"", ""layer"": 19, ""max_abs_diff"": 0.25, ""region"": ""FIRST_CONTINUATION_CHUNK"", ""relative_l2_diff"": 8.289495599456131e-05, ""tensor"": ""attention_output""}",0,1
ruler_vt_16k:0063,ruler_vt_16k,KP_ELIGIBLE_167,true,F00,1.0,1.0,0.0,true,true,true,true,true,true,"{""closure_level"": ""NONE_OBSERVED"", ""layer"": null, ""region"": ""NONE_OBSERVED"", ""tensor"": null}",0,0
ruler_vt_16k:0194,ruler_vt_16k,KP_ELIGIBLE_167,true,F10,0.8,0.8,0.0,true,true,true,true,true,true,"{""closure_level"": ""NONE_OBSERVED"", ""layer"": null, ""region"": ""NONE_OBSERVED"", ""tensor"": null}",1,0
ruler_vt_16k:0237,ruler_vt_16k,KP_ELIGIBLE_167,true,F01,0.8,0.8,0.0,true,true,true,true,true,true,"{""closure_level"": ""NONE_OBSERVED"", ""layer"": null, ""region"": ""NONE_OBSERVED"", ""tensor"": null}",0,1
ruler_fwe_16k:0260,ruler_fwe_16k,KP_ELIGIBLE_167,true,F11,1.0,1.0,0.0,true,true,true,true,true,true,"{""closure_level"": ""NONE_OBSERVED"", ""layer"": null, ""region"": ""NONE_OBSERVED"", ""tensor"": null}",1,1
ruler_qa_hotpotqa_16k:0023,ruler_qa_hotpotqa_16k,KP_ELIGIBLE_167,true,F10,1.0,1.0,0.0,true,true,true,true,true,true,"{""closure_level"": ""NONE_OBSERVED"", ""layer"": null, ""region"": ""NONE_OBSERVED"", ""tensor"": null}",1,0
ruler_qa_hotpotqa_16k:0118,ruler_qa_hotpotqa_16k,KP_ELIGIBLE_167,true,F00,1.0,1.0,0.0,true,true,true,true,true,true,"{""closure_level"": ""NONE_OBSERVED"", ""layer"": null, ""region"": ""NONE_OBSERVED"", ""tensor"": null}",0,0
ruler_qa_squad_16k:0056,ruler_qa_squad_16k,KP_ELIGIBLE_167,true,F10,1.0,1.0,0.0,true,true,true,true,true,true,"{""closure_level"": ""NONE_OBSERVED"", ""layer"": null, ""region"": ""NONE_OBSERVED"", ""tensor"": null}",1,0
ruler_vt_16k:0499,ruler_vt_16k,KP_ELIGIBLE_167,true,F00,0.8,0.8,0.0,true,true,true,true,true,true,"{""closure_level"": ""NONE_OBSERVED"", ""layer"": null, ""region"": ""NONE_OBSERVED"", ""tensor"": null}",0,0
ruler_qa_hotpotqa_16k:0337,ruler_qa_hotpotqa_16k,KP_ELIGIBLE_167,true,F10,0.0,1.0,0.009549983777105808,true,true,false,false,false,false,"{""closure_level"": ""L3"", ""layer"": 6, ""max_abs_diff"": 0.03125, ""region"": ""INCOMPLETE_PROMPT_TAIL"", ""relative_l2_diff"": 0.002836514264345169, ""tensor"": ""mlp_output""}",1,0
ruler_vt_16k:0381,ruler_vt_16k,KP_ELIGIBLE_167,true,F11,0.8,0.8,0.0,true,true,true,true,true,true,"{""closure_level"": ""NONE_OBSERVED"", ""layer"": null, ""region"": ""NONE_OBSERVED"", ""tensor"": null}",1,1
ruler_vt_16k:0279,ruler_vt_16k,KP_ELIGIBLE_167,true,F01,1.0,1.0,0.0,true,true,true,true,true,true,"{""closure_level"": ""NONE_OBSERVED"", ""layer"": null, ""region"": ""NONE_OBSERVED"", ""tensor"": null}",0,1
ruler_niah_multivalue_16k:0060,ruler_niah_multivalue_16k,KP_ELIGIBLE_167,true,F11,1.0,1.0,0.0,true,true,true,true,true,true,"{""closure_level"": ""NONE_OBSERVED"", ""layer"": null, ""region"": ""NONE_OBSERVED"", ""tensor"": null}",1,1
ruler_vt_16k:0272,ruler_vt_16k,KP_ELIGIBLE_167,true,F11,0.8,0.8,0.0,true,true,true,true,true,true,"{""closure_level"": ""NONE_OBSERVED"", ""layer"": null, ""region"": ""NONE_OBSERVED"", ""tensor"": null}",1,1
ruler_niah_multikey_3_16k:0220,ruler_niah_multikey_3_16k,KP_ELIGIBLE_167,true,F01,1.0,1.0,0.0,true,true,true,true,true,true,"{""closure_level"": ""NONE_OBSERVED"", ""layer"": null, ""region"": ""NONE_OBSERVED"", ""tensor"": null}",0,1
ruler_vt_16k:0194,ruler_vt_16k,KP_ELIGIBLE_167,true,F00,0.8,0.8,0.0,true,true,true,true,true,true,"{""closure_level"": ""NONE_OBSERVED"", ""layer"": null, ""region"": ""NONE_OBSERVED"", ""tensor"": null}",0,0
ruler_fwe_16k:0472,ruler_fwe_16k,KP_ELIGIBLE_167,true,F00,0.6666666666666666,1.0,0.007936407811939716,false,false,false,false,false,false,"{""closure_level"": ""L1"", ""layer"": 1, ""max_abs_diff"": 0.00390625, ""region"": ""FIRST_CONTINUATION_CHUNK"", ""relative_l2_diff"": 0.0001459158957004547, ""tensor"": ""attention_output""}",0,0
ruler_niah_multikey_3_16k:0108,ruler_niah_multikey_3_16k,KP_ELIGIBLE_167,true,F00,0.0,1.0,0.00442510936409235,true,true,false,false,false,false,"{""closure_level"": ""L3"", ""layer"": 6, ""max_abs_diff"": 0.015625, ""region"": ""INCOMPLETE_PROMPT_TAIL"", ""relative_l2_diff"": 0.0026126487646251917, ""tensor"": ""mlp_output""}",0,0
ruler_qa_squad_16k:0085,ruler_qa_squad_16k,KP_ELIGIBLE_167,true,F11,1.0,1.0,0.0,true,true,true,true,true,true,"{""closure_level"": ""NONE_OBSERVED"", ""layer"": null, ""region"": ""NONE_OBSERVED"", ""tensor"": null}",1,1
ruler_qa_hotpotqa_16k:0118,ruler_qa_hotpotqa_16k,KP_ELIGIBLE_167,true,F10,1.0,1.0,0.0,true,true,true,true,true,true,"{""closure_level"": ""NONE_OBSERVED"", ""layer"": null, ""region"": ""NONE_OBSERVED"", ""tensor"": null}",1,0
ruler_fwe_16k:0472,ruler_fwe_16k,KP_ELIGIBLE_167,true,F11,1.0,1.0,0.0,true,true,true,true,true,true,"{""closure_level"": ""NONE_OBSERVED"", ""layer"": null, ""region"": ""NONE_OBSERVED"", ""tensor"": null}",1,1
ruler_niah_multiquery_16k:0100,ruler_niah_multiquery_16k,KP_ELIGIBLE_167,true,F10,1.0,1.0,0.0,true,true,true,true,true,true,"{""closure_level"": ""NONE_OBSERVED"", ""layer"": null, ""region"": ""NONE_OBSERVED"", ""tensor"": null}",1,0
ruler_fwe_16k:0321,ruler_fwe_16k,KP_ELIGIBLE_167,true,F11,1.0,1.0,0.0,true,true,true,true,true,true,"{""closure_level"": ""NONE_OBSERVED"", ""layer"": null, ""region"": ""NONE_OBSERVED"", ""tensor"": null}",1,1
ruler_fwe_16k:0298,ruler_fwe_16k,KP_ELIGIBLE_167,true,F11,1.0,1.0,0.0,true,true,true,true,true,true,"{""closure_level"": ""NONE_OBSERVED"", ""layer"": null, ""region"": ""NONE_OBSERVED"", ""tensor"": null}",1,1
ruler_vt_16k:0140,ruler_vt_16k,KP_ELIGIBLE_167,true,F10,0.8,0.8,0.0,true,true,true,true,true,true,"{""closure_level"": ""NONE_OBSERVED"", ""layer"": null, ""region"": ""NONE_OBSERVED"", ""tensor"": null}",1,0
ruler_vt_16k:0199,ruler_vt_16k,KP_ELIGIBLE_167,true,F01,0.4,0.6,0.007827743887901306,false,false,false,false,false,false,"{""closure_level"": ""L1"", ""layer"": 19, ""max_abs_diff"": 0.25, ""region"": ""FIRST_CONTINUATION_CHUNK"", ""relative_l2_diff"": 8.705351501703262e-05, ""tensor"": ""attention_output""}",0,1
ruler_vt_16k:0223,ruler_vt_16k,KP_ELIGIBLE_167,true,F10,1.0,1.0,0.0,true,true,true,true,true,true,"{""closure_level"": ""NONE_OBSERVED"", ""layer"": null, ""region"": ""NONE_OBSERVED"", ""tensor"": null}",1,0
ruler_vt_16k:0024,ruler_vt_16k,KP_ELIGIBLE_167,true,F10,1.0,1.0,0.0,true,true,true,true,true,true,"{""closure_level"": ""NONE_OBSERVED"", ""layer"": null, ""region"": ""NONE_OBSERVED"", ""tensor"": null}",1,0
ruler_qa_squad_16k:0161,ruler_qa_squad_16k,KP_ELIGIBLE_167,true,F11,1.0,1.0,0.0,true,true,true,true,true,true,"{""closure_level"": ""NONE_OBSERVED"", ""layer"": null, ""region"": ""NONE_OBSERVED"", ""tensor"": null}",1,1
