sample_id,task,seed,sample_best,native_score,B1,B1_prediction_hash,B2,B2_prediction_hash
ruler_fwe_16k:0010,ruler_fwe_16k,20260926,0.6666666666666666,1.0,0.6666666666666666,49476ce3eff8c7c7c10492eed7264c797e4dcb20efd3bb3e89d5fde29cb944b2,1.0,7a99e74d582ba3b4d02ad664e0cc9db6cfaed8293ab93b2b2ea6b483bfe21768
ruler_fwe_16k:0010,ruler_fwe_16k,20260927,0.6666666666666666,1.0,0.6666666666666666,49476ce3eff8c7c7c10492eed7264c797e4dcb20efd3bb3e89d5fde29cb944b2,0.6666666666666666,49476ce3eff8c7c7c10492eed7264c797e4dcb20efd3bb3e89d5fde29cb944b2
ruler_fwe_16k:0010,ruler_fwe_16k,20260928,0.6666666666666666,1.0,0.6666666666666666,49476ce3eff8c7c7c10492eed7264c797e4dcb20efd3bb3e89d5fde29cb944b2,0.6666666666666666,49476ce3eff8c7c7c10492eed7264c797e4dcb20efd3bb3e89d5fde29cb944b2
ruler_fwe_16k:0010,ruler_fwe_16k,20260929,0.6666666666666666,1.0,0.6666666666666666,49476ce3eff8c7c7c10492eed7264c797e4dcb20efd3bb3e89d5fde29cb944b2,0.6666666666666666,49476ce3eff8c7c7c10492eed7264c797e4dcb20efd3bb3e89d5fde29cb944b2
ruler_fwe_16k:0010,ruler_fwe_16k,20260930,0.6666666666666666,1.0,0.6666666666666666,49476ce3eff8c7c7c10492eed7264c797e4dcb20efd3bb3e89d5fde29cb944b2,0.6666666666666666,49476ce3eff8c7c7c10492eed7264c797e4dcb20efd3bb3e89d5fde29cb944b2
ruler_fwe_16k:0088,ruler_fwe_16k,20260926,0.6666666666666666,1.0,0.6666666666666666,6048d8acd45d42820ed56c71f506919c334b2223cf6fc07795d5bd9a39c1f7e4,0.6666666666666666,6048d8acd45d42820ed56c71f506919c334b2223cf6fc07795d5bd9a39c1f7e4
ruler_fwe_16k:0088,ruler_fwe_16k,20260927,0.6666666666666666,1.0,0.6666666666666666,6048d8acd45d42820ed56c71f506919c334b2223cf6fc07795d5bd9a39c1f7e4,0.6666666666666666,6048d8acd45d42820ed56c71f506919c334b2223cf6fc07795d5bd9a39c1f7e4
ruler_fwe_16k:0088,ruler_fwe_16k,20260928,0.6666666666666666,1.0,0.6666666666666666,6048d8acd45d42820ed56c71f506919c334b2223cf6fc07795d5bd9a39c1f7e4,0.6666666666666666,6048d8acd45d42820ed56c71f506919c334b2223cf6fc07795d5bd9a39c1f7e4
ruler_fwe_16k:0088,ruler_fwe_16k,20260929,0.6666666666666666,1.0,0.6666666666666666,6048d8acd45d42820ed56c71f506919c334b2223cf6fc07795d5bd9a39c1f7e4,0.6666666666666666,6048d8acd45d42820ed56c71f506919c334b2223cf6fc07795d5bd9a39c1f7e4
ruler_fwe_16k:0088,ruler_fwe_16k,20260930,0.6666666666666666,1.0,0.6666666666666666,6048d8acd45d42820ed56c71f506919c334b2223cf6fc07795d5bd9a39c1f7e4,1.0,5ec45171daa6d5010c5d6b5177039cf487c5e0653dbe2a7b38f94a6d7495c58f
ruler_fwe_16k:0108,ruler_fwe_16k,20260926,0.6666666666666666,1.0,0.6666666666666666,c6f3ec0869dbe82e26ebc4840e56c073e347755ea8531e13f3f11062698e9555,0.6666666666666666,c6f3ec0869dbe82e26ebc4840e56c073e347755ea8531e13f3f11062698e9555
ruler_fwe_16k:0108,ruler_fwe_16k,20260927,0.6666666666666666,1.0,0.6666666666666666,c6f3ec0869dbe82e26ebc4840e56c073e347755ea8531e13f3f11062698e9555,0.6666666666666666,c6f3ec0869dbe82e26ebc4840e56c073e347755ea8531e13f3f11062698e9555
ruler_fwe_16k:0108,ruler_fwe_16k,20260928,0.6666666666666666,1.0,0.6666666666666666,c6f3ec0869dbe82e26ebc4840e56c073e347755ea8531e13f3f11062698e9555,0.6666666666666666,c6f3ec0869dbe82e26ebc4840e56c073e347755ea8531e13f3f11062698e9555
ruler_fwe_16k:0108,ruler_fwe_16k,20260929,0.6666666666666666,1.0,0.6666666666666666,c6f3ec0869dbe82e26ebc4840e56c073e347755ea8531e13f3f11062698e9555,0.6666666666666666,c6f3ec0869dbe82e26ebc4840e56c073e347755ea8531e13f3f11062698e9555
ruler_fwe_16k:0108,ruler_fwe_16k,20260930,0.6666666666666666,1.0,0.6666666666666666,c6f3ec0869dbe82e26ebc4840e56c073e347755ea8531e13f3f11062698e9555,0.6666666666666666,c6f3ec0869dbe82e26ebc4840e56c073e347755ea8531e13f3f11062698e9555
ruler_fwe_16k:0227,ruler_fwe_16k,20260926,0.6666666666666666,1.0,0.6666666666666666,c74d2b3ce7ef0530d7fdf1496231354a9c76a25889e999d64a3501c85b6467dc,0.6666666666666666,c74d2b3ce7ef0530d7fdf1496231354a9c76a25889e999d64a3501c85b6467dc
ruler_fwe_16k:0227,ruler_fwe_16k,20260927,0.6666666666666666,1.0,0.6666666666666666,c74d2b3ce7ef0530d7fdf1496231354a9c76a25889e999d64a3501c85b6467dc,0.6666666666666666,c74d2b3ce7ef0530d7fdf1496231354a9c76a25889e999d64a3501c85b6467dc
ruler_fwe_16k:0227,ruler_fwe_16k,20260928,0.6666666666666666,1.0,0.6666666666666666,c74d2b3ce7ef0530d7fdf1496231354a9c76a25889e999d64a3501c85b6467dc,0.6666666666666666,c74d2b3ce7ef0530d7fdf1496231354a9c76a25889e999d64a3501c85b6467dc
ruler_fwe_16k:0227,ruler_fwe_16k,20260929,0.6666666666666666,1.0,0.6666666666666666,c74d2b3ce7ef0530d7fdf1496231354a9c76a25889e999d64a3501c85b6467dc,0.6666666666666666,c74d2b3ce7ef0530d7fdf1496231354a9c76a25889e999d64a3501c85b6467dc
ruler_fwe_16k:0227,ruler_fwe_16k,20260930,0.6666666666666666,1.0,0.6666666666666666,c74d2b3ce7ef0530d7fdf1496231354a9c76a25889e999d64a3501c85b6467dc,0.6666666666666666,c74d2b3ce7ef0530d7fdf1496231354a9c76a25889e999d64a3501c85b6467dc
ruler_fwe_16k:0242,ruler_fwe_16k,20260926,0.6666666666666666,1.0,0.6666666666666666,dcb23a45dcd37ef986d3cd92b300ed4432c3866ff0d403e23a979581a402dfc0,0.6666666666666666,3201dec20cb053b9d53384f30b2e01d6fff82fc29532d72f8a5536bb79985f69
ruler_fwe_16k:0242,ruler_fwe_16k,20260927,0.6666666666666666,1.0,0.6666666666666666,dcb23a45dcd37ef986d3cd92b300ed4432c3866ff0d403e23a979581a402dfc0,0.6666666666666666,3201dec20cb053b9d53384f30b2e01d6fff82fc29532d72f8a5536bb79985f69
ruler_fwe_16k:0242,ruler_fwe_16k,20260928,0.6666666666666666,1.0,0.6666666666666666,dcb23a45dcd37ef986d3cd92b300ed4432c3866ff0d403e23a979581a402dfc0,0.6666666666666666,dcb23a45dcd37ef986d3cd92b300ed4432c3866ff0d403e23a979581a402dfc0
ruler_fwe_16k:0242,ruler_fwe_16k,20260929,0.6666666666666666,1.0,0.6666666666666666,dcb23a45dcd37ef986d3cd92b300ed4432c3866ff0d403e23a979581a402dfc0,0.6666666666666666,dcb23a45dcd37ef986d3cd92b300ed4432c3866ff0d403e23a979581a402dfc0
ruler_fwe_16k:0242,ruler_fwe_16k,20260930,0.6666666666666666,1.0,0.0,b8414826dd6f912f517d2507690fd2a7a4a7482b8d01b45dc22ef4e57aa3664e,0.0,b8414826dd6f912f517d2507690fd2a7a4a7482b8d01b45dc22ef4e57aa3664e
ruler_fwe_16k:0254,ruler_fwe_16k,20260926,0.3333333333333333,0.6666666666666666,0.3333333333333333,f4b5a6e0885cebbb9cd5e5a5b3eb0ab23cc64ee7421ac7737659bb659da49880,0.3333333333333333,f4b5a6e0885cebbb9cd5e5a5b3eb0ab23cc64ee7421ac7737659bb659da49880
ruler_fwe_16k:0254,ruler_fwe_16k,20260927,0.3333333333333333,0.6666666666666666,0.3333333333333333,f4b5a6e0885cebbb9cd5e5a5b3eb0ab23cc64ee7421ac7737659bb659da49880,0.3333333333333333,f4b5a6e0885cebbb9cd5e5a5b3eb0ab23cc64ee7421ac7737659bb659da49880
ruler_fwe_16k:0254,ruler_fwe_16k,20260928,0.3333333333333333,0.6666666666666666,0.3333333333333333,f4b5a6e0885cebbb9cd5e5a5b3eb0ab23cc64ee7421ac7737659bb659da49880,0.3333333333333333,f4b5a6e0885cebbb9cd5e5a5b3eb0ab23cc64ee7421ac7737659bb659da49880
ruler_fwe_16k:0254,ruler_fwe_16k,20260929,0.3333333333333333,0.6666666666666666,0.3333333333333333,f4b5a6e0885cebbb9cd5e5a5b3eb0ab23cc64ee7421ac7737659bb659da49880,0.3333333333333333,f4b5a6e0885cebbb9cd5e5a5b3eb0ab23cc64ee7421ac7737659bb659da49880
ruler_fwe_16k:0254,ruler_fwe_16k,20260930,0.3333333333333333,0.6666666666666666,0.3333333333333333,f4b5a6e0885cebbb9cd5e5a5b3eb0ab23cc64ee7421ac7737659bb659da49880,0.3333333333333333,f4b5a6e0885cebbb9cd5e5a5b3eb0ab23cc64ee7421ac7737659bb659da49880
ruler_fwe_16k:0256,ruler_fwe_16k,20260926,0.3333333333333333,0.6666666666666666,0.3333333333333333,3aea956c3853038c9e41634c823b5a9d08e87884eb6a57a679bf0482a8e51ad4,0.3333333333333333,3aea956c3853038c9e41634c823b5a9d08e87884eb6a57a679bf0482a8e51ad4
ruler_fwe_16k:0256,ruler_fwe_16k,20260927,0.3333333333333333,0.6666666666666666,0.3333333333333333,3aea956c3853038c9e41634c823b5a9d08e87884eb6a57a679bf0482a8e51ad4,0.3333333333333333,3aea956c3853038c9e41634c823b5a9d08e87884eb6a57a679bf0482a8e51ad4
ruler_fwe_16k:0256,ruler_fwe_16k,20260928,0.3333333333333333,0.6666666666666666,0.3333333333333333,3aea956c3853038c9e41634c823b5a9d08e87884eb6a57a679bf0482a8e51ad4,0.3333333333333333,3aea956c3853038c9e41634c823b5a9d08e87884eb6a57a679bf0482a8e51ad4
ruler_fwe_16k:0256,ruler_fwe_16k,20260929,0.3333333333333333,0.6666666666666666,0.3333333333333333,3aea956c3853038c9e41634c823b5a9d08e87884eb6a57a679bf0482a8e51ad4,0.3333333333333333,3aea956c3853038c9e41634c823b5a9d08e87884eb6a57a679bf0482a8e51ad4
ruler_fwe_16k:0256,ruler_fwe_16k,20260930,0.3333333333333333,0.6666666666666666,0.3333333333333333,3aea956c3853038c9e41634c823b5a9d08e87884eb6a57a679bf0482a8e51ad4,0.3333333333333333,3aea956c3853038c9e41634c823b5a9d08e87884eb6a57a679bf0482a8e51ad4
ruler_fwe_16k:0260,ruler_fwe_16k,20260926,0.6666666666666666,1.0,0.6666666666666666,1dd58278e52afdb5251bbdc663ac00232e567781e295b4373ab8ca77252ffd2e,0.6666666666666666,1dd58278e52afdb5251bbdc663ac00232e567781e295b4373ab8ca77252ffd2e
ruler_fwe_16k:0260,ruler_fwe_16k,20260927,0.6666666666666666,1.0,0.6666666666666666,1dd58278e52afdb5251bbdc663ac00232e567781e295b4373ab8ca77252ffd2e,0.6666666666666666,1dd58278e52afdb5251bbdc663ac00232e567781e295b4373ab8ca77252ffd2e
ruler_fwe_16k:0260,ruler_fwe_16k,20260928,0.6666666666666666,1.0,0.6666666666666666,1dd58278e52afdb5251bbdc663ac00232e567781e295b4373ab8ca77252ffd2e,0.6666666666666666,1dd58278e52afdb5251bbdc663ac00232e567781e295b4373ab8ca77252ffd2e
ruler_fwe_16k:0260,ruler_fwe_16k,20260929,0.6666666666666666,1.0,0.6666666666666666,1dd58278e52afdb5251bbdc663ac00232e567781e295b4373ab8ca77252ffd2e,0.6666666666666666,1dd58278e52afdb5251bbdc663ac00232e567781e295b4373ab8ca77252ffd2e
ruler_fwe_16k:0260,ruler_fwe_16k,20260930,0.6666666666666666,1.0,0.6666666666666666,1dd58278e52afdb5251bbdc663ac00232e567781e295b4373ab8ca77252ffd2e,0.6666666666666666,1dd58278e52afdb5251bbdc663ac00232e567781e295b4373ab8ca77252ffd2e
ruler_fwe_16k:0293,ruler_fwe_16k,20260926,0.6666666666666666,1.0,0.6666666666666666,675c49383a847007c68a0967642ce0210059b0a67c16bba80d1e1faaa5737616,0.6666666666666666,675c49383a847007c68a0967642ce0210059b0a67c16bba80d1e1faaa5737616
ruler_fwe_16k:0293,ruler_fwe_16k,20260927,0.6666666666666666,1.0,0.6666666666666666,675c49383a847007c68a0967642ce0210059b0a67c16bba80d1e1faaa5737616,0.6666666666666666,675c49383a847007c68a0967642ce0210059b0a67c16bba80d1e1faaa5737616
ruler_fwe_16k:0293,ruler_fwe_16k,20260928,0.6666666666666666,1.0,0.6666666666666666,675c49383a847007c68a0967642ce0210059b0a67c16bba80d1e1faaa5737616,0.6666666666666666,675c49383a847007c68a0967642ce0210059b0a67c16bba80d1e1faaa5737616
ruler_fwe_16k:0293,ruler_fwe_16k,20260929,0.6666666666666666,1.0,0.6666666666666666,675c49383a847007c68a0967642ce0210059b0a67c16bba80d1e1faaa5737616,0.6666666666666666,675c49383a847007c68a0967642ce0210059b0a67c16bba80d1e1faaa5737616
ruler_fwe_16k:0293,ruler_fwe_16k,20260930,0.6666666666666666,1.0,0.6666666666666666,675c49383a847007c68a0967642ce0210059b0a67c16bba80d1e1faaa5737616,0.6666666666666666,675c49383a847007c68a0967642ce0210059b0a67c16bba80d1e1faaa5737616
ruler_fwe_16k:0298,ruler_fwe_16k,20260926,0.6666666666666666,1.0,1.0,e39b7b960cf1630bf38d09d533816cd3a6f5dc05ac14a712a4bf603ae0878183,1.0,e39b7b960cf1630bf38d09d533816cd3a6f5dc05ac14a712a4bf603ae0878183
ruler_fwe_16k:0298,ruler_fwe_16k,20260927,0.6666666666666666,1.0,0.6666666666666666,e1d2901ebcf326c1b5ef4ca317f072c3b36e4bcec3c2028b9dbd4055fdeda8bf,0.6666666666666666,e1d2901ebcf326c1b5ef4ca317f072c3b36e4bcec3c2028b9dbd4055fdeda8bf
ruler_fwe_16k:0298,ruler_fwe_16k,20260928,0.6666666666666666,1.0,1.0,e39b7b960cf1630bf38d09d533816cd3a6f5dc05ac14a712a4bf603ae0878183,1.0,e39b7b960cf1630bf38d09d533816cd3a6f5dc05ac14a712a4bf603ae0878183
ruler_fwe_16k:0298,ruler_fwe_16k,20260929,0.6666666666666666,1.0,0.6666666666666666,e1d2901ebcf326c1b5ef4ca317f072c3b36e4bcec3c2028b9dbd4055fdeda8bf,0.6666666666666666,e1d2901ebcf326c1b5ef4ca317f072c3b36e4bcec3c2028b9dbd4055fdeda8bf
ruler_fwe_16k:0298,ruler_fwe_16k,20260930,0.6666666666666666,1.0,0.6666666666666666,e1d2901ebcf326c1b5ef4ca317f072c3b36e4bcec3c2028b9dbd4055fdeda8bf,1.0,e39b7b960cf1630bf38d09d533816cd3a6f5dc05ac14a712a4bf603ae0878183
ruler_fwe_16k:0321,ruler_fwe_16k,20260926,0.6666666666666666,1.0,0.6666666666666666,bf3d2a008750be7a5aaf66fc05c78de493094625a3aedb12ccab79b646ef2bed,0.6666666666666666,bf3d2a008750be7a5aaf66fc05c78de493094625a3aedb12ccab79b646ef2bed
ruler_fwe_16k:0321,ruler_fwe_16k,20260927,0.6666666666666666,1.0,0.6666666666666666,bf3d2a008750be7a5aaf66fc05c78de493094625a3aedb12ccab79b646ef2bed,0.6666666666666666,bf3d2a008750be7a5aaf66fc05c78de493094625a3aedb12ccab79b646ef2bed
ruler_fwe_16k:0321,ruler_fwe_16k,20260928,0.6666666666666666,1.0,0.6666666666666666,bf3d2a008750be7a5aaf66fc05c78de493094625a3aedb12ccab79b646ef2bed,0.6666666666666666,bf3d2a008750be7a5aaf66fc05c78de493094625a3aedb12ccab79b646ef2bed
ruler_fwe_16k:0321,ruler_fwe_16k,20260929,0.6666666666666666,1.0,0.6666666666666666,bf3d2a008750be7a5aaf66fc05c78de493094625a3aedb12ccab79b646ef2bed,0.6666666666666666,bf3d2a008750be7a5aaf66fc05c78de493094625a3aedb12ccab79b646ef2bed
ruler_fwe_16k:0321,ruler_fwe_16k,20260930,0.6666666666666666,1.0,0.6666666666666666,bf3d2a008750be7a5aaf66fc05c78de493094625a3aedb12ccab79b646ef2bed,0.6666666666666666,bf3d2a008750be7a5aaf66fc05c78de493094625a3aedb12ccab79b646ef2bed
ruler_fwe_16k:0324,ruler_fwe_16k,20260926,0.6666666666666666,1.0,0.6666666666666666,0c695c2b0dfeabef7c32fab74ead541efc734d4b751fab5cdf3163076c9a0e59,0.6666666666666666,0c695c2b0dfeabef7c32fab74ead541efc734d4b751fab5cdf3163076c9a0e59
ruler_fwe_16k:0324,ruler_fwe_16k,20260927,0.6666666666666666,1.0,0.6666666666666666,0c695c2b0dfeabef7c32fab74ead541efc734d4b751fab5cdf3163076c9a0e59,0.6666666666666666,0c695c2b0dfeabef7c32fab74ead541efc734d4b751fab5cdf3163076c9a0e59
ruler_fwe_16k:0324,ruler_fwe_16k,20260928,0.6666666666666666,1.0,0.6666666666666666,0c695c2b0dfeabef7c32fab74ead541efc734d4b751fab5cdf3163076c9a0e59,0.6666666666666666,0c695c2b0dfeabef7c32fab74ead541efc734d4b751fab5cdf3163076c9a0e59
ruler_fwe_16k:0324,ruler_fwe_16k,20260929,0.6666666666666666,1.0,0.6666666666666666,0c695c2b0dfeabef7c32fab74ead541efc734d4b751fab5cdf3163076c9a0e59,0.6666666666666666,0c695c2b0dfeabef7c32fab74ead541efc734d4b751fab5cdf3163076c9a0e59
ruler_fwe_16k:0324,ruler_fwe_16k,20260930,0.6666666666666666,1.0,0.6666666666666666,0c695c2b0dfeabef7c32fab74ead541efc734d4b751fab5cdf3163076c9a0e59,0.6666666666666666,0c695c2b0dfeabef7c32fab74ead541efc734d4b751fab5cdf3163076c9a0e59
ruler_fwe_16k:0351,ruler_fwe_16k,20260926,0.6666666666666666,1.0,0.6666666666666666,a08635c36a6be471cdc623898f43be842eb7c517e95619be70f6260baae60a7f,0.6666666666666666,a08635c36a6be471cdc623898f43be842eb7c517e95619be70f6260baae60a7f
ruler_fwe_16k:0351,ruler_fwe_16k,20260927,0.6666666666666666,1.0,0.6666666666666666,a08635c36a6be471cdc623898f43be842eb7c517e95619be70f6260baae60a7f,0.6666666666666666,a08635c36a6be471cdc623898f43be842eb7c517e95619be70f6260baae60a7f
ruler_fwe_16k:0351,ruler_fwe_16k,20260928,0.6666666666666666,1.0,0.6666666666666666,a08635c36a6be471cdc623898f43be842eb7c517e95619be70f6260baae60a7f,0.6666666666666666,a08635c36a6be471cdc623898f43be842eb7c517e95619be70f6260baae60a7f
ruler_fwe_16k:0351,ruler_fwe_16k,20260929,0.6666666666666666,1.0,0.6666666666666666,a08635c36a6be471cdc623898f43be842eb7c517e95619be70f6260baae60a7f,0.6666666666666666,a08635c36a6be471cdc623898f43be842eb7c517e95619be70f6260baae60a7f
ruler_fwe_16k:0351,ruler_fwe_16k,20260930,0.6666666666666666,1.0,0.6666666666666666,a08635c36a6be471cdc623898f43be842eb7c517e95619be70f6260baae60a7f,0.6666666666666666,a08635c36a6be471cdc623898f43be842eb7c517e95619be70f6260baae60a7f
ruler_fwe_16k:0372,ruler_fwe_16k,20260926,0.3333333333333333,0.6666666666666666,0.3333333333333333,8302b62e3ca297ed3aa5025cbd92f1d6c775d2d434aa5c9532b7e5093eac2f3a,0.3333333333333333,8302b62e3ca297ed3aa5025cbd92f1d6c775d2d434aa5c9532b7e5093eac2f3a
ruler_fwe_16k:0372,ruler_fwe_16k,20260927,0.3333333333333333,0.6666666666666666,0.3333333333333333,8302b62e3ca297ed3aa5025cbd92f1d6c775d2d434aa5c9532b7e5093eac2f3a,0.3333333333333333,8302b62e3ca297ed3aa5025cbd92f1d6c775d2d434aa5c9532b7e5093eac2f3a
ruler_fwe_16k:0372,ruler_fwe_16k,20260928,0.3333333333333333,0.6666666666666666,0.3333333333333333,8302b62e3ca297ed3aa5025cbd92f1d6c775d2d434aa5c9532b7e5093eac2f3a,0.3333333333333333,8302b62e3ca297ed3aa5025cbd92f1d6c775d2d434aa5c9532b7e5093eac2f3a
ruler_fwe_16k:0372,ruler_fwe_16k,20260929,0.3333333333333333,0.6666666666666666,0.3333333333333333,8302b62e3ca297ed3aa5025cbd92f1d6c775d2d434aa5c9532b7e5093eac2f3a,0.3333333333333333,8302b62e3ca297ed3aa5025cbd92f1d6c775d2d434aa5c9532b7e5093eac2f3a
ruler_fwe_16k:0372,ruler_fwe_16k,20260930,0.3333333333333333,0.6666666666666666,0.3333333333333333,8302b62e3ca297ed3aa5025cbd92f1d6c775d2d434aa5c9532b7e5093eac2f3a,0.3333333333333333,8302b62e3ca297ed3aa5025cbd92f1d6c775d2d434aa5c9532b7e5093eac2f3a
ruler_fwe_16k:0373,ruler_fwe_16k,20260926,0.6666666666666666,1.0,0.6666666666666666,600abfcb8730a6a48a5f583dec81bc5532cb1c4a200f91207a59d7eb49c9024c,0.6666666666666666,600abfcb8730a6a48a5f583dec81bc5532cb1c4a200f91207a59d7eb49c9024c
ruler_fwe_16k:0373,ruler_fwe_16k,20260927,0.6666666666666666,1.0,0.6666666666666666,600abfcb8730a6a48a5f583dec81bc5532cb1c4a200f91207a59d7eb49c9024c,0.6666666666666666,600abfcb8730a6a48a5f583dec81bc5532cb1c4a200f91207a59d7eb49c9024c
ruler_fwe_16k:0373,ruler_fwe_16k,20260928,0.6666666666666666,1.0,0.6666666666666666,600abfcb8730a6a48a5f583dec81bc5532cb1c4a200f91207a59d7eb49c9024c,0.6666666666666666,600abfcb8730a6a48a5f583dec81bc5532cb1c4a200f91207a59d7eb49c9024c
ruler_fwe_16k:0373,ruler_fwe_16k,20260929,0.6666666666666666,1.0,0.6666666666666666,600abfcb8730a6a48a5f583dec81bc5532cb1c4a200f91207a59d7eb49c9024c,0.6666666666666666,600abfcb8730a6a48a5f583dec81bc5532cb1c4a200f91207a59d7eb49c9024c
ruler_fwe_16k:0373,ruler_fwe_16k,20260930,0.6666666666666666,1.0,0.6666666666666666,600abfcb8730a6a48a5f583dec81bc5532cb1c4a200f91207a59d7eb49c9024c,0.6666666666666666,600abfcb8730a6a48a5f583dec81bc5532cb1c4a200f91207a59d7eb49c9024c
ruler_fwe_16k:0386,ruler_fwe_16k,20260926,0.6666666666666666,1.0,0.6666666666666666,f9f69ac11a91774dfcdc12b0540fe882cba3fbd0aaebabc40dc3102e82381273,0.6666666666666666,f9f69ac11a91774dfcdc12b0540fe882cba3fbd0aaebabc40dc3102e82381273
ruler_fwe_16k:0386,ruler_fwe_16k,20260927,0.6666666666666666,1.0,0.6666666666666666,f9f69ac11a91774dfcdc12b0540fe882cba3fbd0aaebabc40dc3102e82381273,0.6666666666666666,f9f69ac11a91774dfcdc12b0540fe882cba3fbd0aaebabc40dc3102e82381273
ruler_fwe_16k:0386,ruler_fwe_16k,20260928,0.6666666666666666,1.0,0.6666666666666666,f9f69ac11a91774dfcdc12b0540fe882cba3fbd0aaebabc40dc3102e82381273,0.6666666666666666,f9f69ac11a91774dfcdc12b0540fe882cba3fbd0aaebabc40dc3102e82381273
ruler_fwe_16k:0386,ruler_fwe_16k,20260929,0.6666666666666666,1.0,0.6666666666666666,f9f69ac11a91774dfcdc12b0540fe882cba3fbd0aaebabc40dc3102e82381273,0.6666666666666666,f9f69ac11a91774dfcdc12b0540fe882cba3fbd0aaebabc40dc3102e82381273
ruler_fwe_16k:0386,ruler_fwe_16k,20260930,0.6666666666666666,1.0,0.6666666666666666,f9f69ac11a91774dfcdc12b0540fe882cba3fbd0aaebabc40dc3102e82381273,0.6666666666666666,f9f69ac11a91774dfcdc12b0540fe882cba3fbd0aaebabc40dc3102e82381273
ruler_fwe_16k:0402,ruler_fwe_16k,20260926,0.6666666666666666,1.0,0.6666666666666666,30b3b14c37e4ab18772ce006cbb1d59d07163702df4dae27eba0dbdd7759815b,0.6666666666666666,30b3b14c37e4ab18772ce006cbb1d59d07163702df4dae27eba0dbdd7759815b
ruler_fwe_16k:0402,ruler_fwe_16k,20260927,0.6666666666666666,1.0,0.6666666666666666,30b3b14c37e4ab18772ce006cbb1d59d07163702df4dae27eba0dbdd7759815b,0.6666666666666666,30b3b14c37e4ab18772ce006cbb1d59d07163702df4dae27eba0dbdd7759815b
ruler_fwe_16k:0402,ruler_fwe_16k,20260928,0.6666666666666666,1.0,0.6666666666666666,30b3b14c37e4ab18772ce006cbb1d59d07163702df4dae27eba0dbdd7759815b,0.6666666666666666,30b3b14c37e4ab18772ce006cbb1d59d07163702df4dae27eba0dbdd7759815b
ruler_fwe_16k:0402,ruler_fwe_16k,20260929,0.6666666666666666,1.0,0.6666666666666666,30b3b14c37e4ab18772ce006cbb1d59d07163702df4dae27eba0dbdd7759815b,0.6666666666666666,30b3b14c37e4ab18772ce006cbb1d59d07163702df4dae27eba0dbdd7759815b
ruler_fwe_16k:0402,ruler_fwe_16k,20260930,0.6666666666666666,1.0,0.6666666666666666,30b3b14c37e4ab18772ce006cbb1d59d07163702df4dae27eba0dbdd7759815b,0.6666666666666666,30b3b14c37e4ab18772ce006cbb1d59d07163702df4dae27eba0dbdd7759815b
ruler_fwe_16k:0472,ruler_fwe_16k,20260926,0.6666666666666666,1.0,0.6666666666666666,ca3c333ee755cc110cc4adb4a51859da2a5d5e4eb99f6b5effa2614ecb676499,0.6666666666666666,ca3c333ee755cc110cc4adb4a51859da2a5d5e4eb99f6b5effa2614ecb676499
ruler_fwe_16k:0472,ruler_fwe_16k,20260927,0.6666666666666666,1.0,0.6666666666666666,ca3c333ee755cc110cc4adb4a51859da2a5d5e4eb99f6b5effa2614ecb676499,0.6666666666666666,ca3c333ee755cc110cc4adb4a51859da2a5d5e4eb99f6b5effa2614ecb676499
ruler_fwe_16k:0472,ruler_fwe_16k,20260928,0.6666666666666666,1.0,0.6666666666666666,ca3c333ee755cc110cc4adb4a51859da2a5d5e4eb99f6b5effa2614ecb676499,0.6666666666666666,ca3c333ee755cc110cc4adb4a51859da2a5d5e4eb99f6b5effa2614ecb676499
ruler_fwe_16k:0472,ruler_fwe_16k,20260929,0.6666666666666666,1.0,0.6666666666666666,ca3c333ee755cc110cc4adb4a51859da2a5d5e4eb99f6b5effa2614ecb676499,0.6666666666666666,ca3c333ee755cc110cc4adb4a51859da2a5d5e4eb99f6b5effa2614ecb676499
ruler_fwe_16k:0472,ruler_fwe_16k,20260930,0.6666666666666666,1.0,0.6666666666666666,ca3c333ee755cc110cc4adb4a51859da2a5d5e4eb99f6b5effa2614ecb676499,0.6666666666666666,ca3c333ee755cc110cc4adb4a51859da2a5d5e4eb99f6b5effa2614ecb676499
ruler_fwe_16k:0478,ruler_fwe_16k,20260926,0.6666666666666666,1.0,1.0,58ca1c0c02a858020ea022bfe89b2e911c85173dda14c1b8bb43417aaa0b129c,1.0,58ca1c0c02a858020ea022bfe89b2e911c85173dda14c1b8bb43417aaa0b129c
ruler_fwe_16k:0478,ruler_fwe_16k,20260927,0.6666666666666666,1.0,1.0,58ca1c0c02a858020ea022bfe89b2e911c85173dda14c1b8bb43417aaa0b129c,1.0,58ca1c0c02a858020ea022bfe89b2e911c85173dda14c1b8bb43417aaa0b129c
ruler_fwe_16k:0478,ruler_fwe_16k,20260928,0.6666666666666666,1.0,0.6666666666666666,cae44f5f7f335cca6c4e9bf1dbf0e0cdc3180e4e9ecdab0a4bd9255df5a3e1b9,1.0,58ca1c0c02a858020ea022bfe89b2e911c85173dda14c1b8bb43417aaa0b129c
ruler_fwe_16k:0478,ruler_fwe_16k,20260929,0.6666666666666666,1.0,0.6666666666666666,cae44f5f7f335cca6c4e9bf1dbf0e0cdc3180e4e9ecdab0a4bd9255df5a3e1b9,1.0,58ca1c0c02a858020ea022bfe89b2e911c85173dda14c1b8bb43417aaa0b129c
ruler_fwe_16k:0478,ruler_fwe_16k,20260930,0.6666666666666666,1.0,1.0,58ca1c0c02a858020ea022bfe89b2e911c85173dda14c1b8bb43417aaa0b129c,1.0,58ca1c0c02a858020ea022bfe89b2e911c85173dda14c1b8bb43417aaa0b129c
ruler_fwe_16k:0488,ruler_fwe_16k,20260926,0.6666666666666666,1.0,0.6666666666666666,77ce0ab78a96b74cbe679485f07a0d04b9f1eee8591da89b3188334213ad2dee,0.6666666666666666,77ce0ab78a96b74cbe679485f07a0d04b9f1eee8591da89b3188334213ad2dee
ruler_fwe_16k:0488,ruler_fwe_16k,20260927,0.6666666666666666,1.0,0.6666666666666666,77ce0ab78a96b74cbe679485f07a0d04b9f1eee8591da89b3188334213ad2dee,0.6666666666666666,77ce0ab78a96b74cbe679485f07a0d04b9f1eee8591da89b3188334213ad2dee
ruler_fwe_16k:0488,ruler_fwe_16k,20260928,0.6666666666666666,1.0,0.6666666666666666,77ce0ab78a96b74cbe679485f07a0d04b9f1eee8591da89b3188334213ad2dee,0.6666666666666666,77ce0ab78a96b74cbe679485f07a0d04b9f1eee8591da89b3188334213ad2dee
ruler_fwe_16k:0488,ruler_fwe_16k,20260929,0.6666666666666666,1.0,0.6666666666666666,77ce0ab78a96b74cbe679485f07a0d04b9f1eee8591da89b3188334213ad2dee,0.6666666666666666,77ce0ab78a96b74cbe679485f07a0d04b9f1eee8591da89b3188334213ad2dee
ruler_fwe_16k:0488,ruler_fwe_16k,20260930,0.6666666666666666,1.0,0.6666666666666666,77ce0ab78a96b74cbe679485f07a0d04b9f1eee8591da89b3188334213ad2dee,0.6666666666666666,77ce0ab78a96b74cbe679485f07a0d04b9f1eee8591da89b3188334213ad2dee
ruler_fwe_16k:0498,ruler_fwe_16k,20260926,0.6666666666666666,1.0,0.6666666666666666,a829ff54ba5eae1c9e9c3ea4801f49f15a7ad07d8764ea2732ad9aba9c86385f,0.6666666666666666,a829ff54ba5eae1c9e9c3ea4801f49f15a7ad07d8764ea2732ad9aba9c86385f
ruler_fwe_16k:0498,ruler_fwe_16k,20260927,0.6666666666666666,1.0,0.6666666666666666,a829ff54ba5eae1c9e9c3ea4801f49f15a7ad07d8764ea2732ad9aba9c86385f,0.6666666666666666,a5187f61413fdc2bac4218035ef20474fede51fcea593b63154463e74b7baa72
ruler_fwe_16k:0498,ruler_fwe_16k,20260928,0.6666666666666666,1.0,0.6666666666666666,a829ff54ba5eae1c9e9c3ea4801f49f15a7ad07d8764ea2732ad9aba9c86385f,0.6666666666666666,a829ff54ba5eae1c9e9c3ea4801f49f15a7ad07d8764ea2732ad9aba9c86385f
ruler_fwe_16k:0498,ruler_fwe_16k,20260929,0.6666666666666666,1.0,0.6666666666666666,a829ff54ba5eae1c9e9c3ea4801f49f15a7ad07d8764ea2732ad9aba9c86385f,0.6666666666666666,a829ff54ba5eae1c9e9c3ea4801f49f15a7ad07d8764ea2732ad9aba9c86385f
ruler_fwe_16k:0498,ruler_fwe_16k,20260930,0.6666666666666666,1.0,0.6666666666666666,a829ff54ba5eae1c9e9c3ea4801f49f15a7ad07d8764ea2732ad9aba9c86385f,0.6666666666666666,a829ff54ba5eae1c9e9c3ea4801f49f15a7ad07d8764ea2732ad9aba9c86385f
ruler_niah_multikey_1_16k:0432,ruler_niah_multikey_1_16k,20260926,0.0,1.0,0.0,85a5f9306b703c65b882de9e79c2477d4dd2250a926752761449bdf26c9a62e0,0.0,85a5f9306b703c65b882de9e79c2477d4dd2250a926752761449bdf26c9a62e0
ruler_niah_multikey_1_16k:0432,ruler_niah_multikey_1_16k,20260927,0.0,1.0,1.0,d21f705bb2f4b9c05adfbbaeb9a50260f49cd9e4dfc8239c36168a87ab470381,1.0,d21f705bb2f4b9c05adfbbaeb9a50260f49cd9e4dfc8239c36168a87ab470381
ruler_niah_multikey_1_16k:0432,ruler_niah_multikey_1_16k,20260928,0.0,1.0,0.0,85a5f9306b703c65b882de9e79c2477d4dd2250a926752761449bdf26c9a62e0,0.0,85a5f9306b703c65b882de9e79c2477d4dd2250a926752761449bdf26c9a62e0
ruler_niah_multikey_1_16k:0432,ruler_niah_multikey_1_16k,20260929,0.0,1.0,0.0,85a5f9306b703c65b882de9e79c2477d4dd2250a926752761449bdf26c9a62e0,0.0,85a5f9306b703c65b882de9e79c2477d4dd2250a926752761449bdf26c9a62e0
ruler_niah_multikey_1_16k:0432,ruler_niah_multikey_1_16k,20260930,0.0,1.0,0.0,85a5f9306b703c65b882de9e79c2477d4dd2250a926752761449bdf26c9a62e0,0.0,85a5f9306b703c65b882de9e79c2477d4dd2250a926752761449bdf26c9a62e0
ruler_niah_multikey_2_16k:0045,ruler_niah_multikey_2_16k,20260926,0.0,1.0,0.0,45de693c74ba6168e0992e01f65296173d3f54b5a7c6b7929ed17b46686c49b1,0.0,45de693c74ba6168e0992e01f65296173d3f54b5a7c6b7929ed17b46686c49b1
ruler_niah_multikey_2_16k:0045,ruler_niah_multikey_2_16k,20260927,0.0,1.0,0.0,45de693c74ba6168e0992e01f65296173d3f54b5a7c6b7929ed17b46686c49b1,0.0,45de693c74ba6168e0992e01f65296173d3f54b5a7c6b7929ed17b46686c49b1
ruler_niah_multikey_2_16k:0045,ruler_niah_multikey_2_16k,20260928,0.0,1.0,0.0,45de693c74ba6168e0992e01f65296173d3f54b5a7c6b7929ed17b46686c49b1,0.0,45de693c74ba6168e0992e01f65296173d3f54b5a7c6b7929ed17b46686c49b1
ruler_niah_multikey_2_16k:0045,ruler_niah_multikey_2_16k,20260929,0.0,1.0,0.0,45de693c74ba6168e0992e01f65296173d3f54b5a7c6b7929ed17b46686c49b1,0.0,45de693c74ba6168e0992e01f65296173d3f54b5a7c6b7929ed17b46686c49b1
ruler_niah_multikey_2_16k:0045,ruler_niah_multikey_2_16k,20260930,0.0,1.0,0.0,45de693c74ba6168e0992e01f65296173d3f54b5a7c6b7929ed17b46686c49b1,0.0,45de693c74ba6168e0992e01f65296173d3f54b5a7c6b7929ed17b46686c49b1
ruler_niah_multikey_2_16k:0116,ruler_niah_multikey_2_16k,20260926,0.0,1.0,0.0,ddd6e170feed20e7dd945ddd795f8f8bfc529336aa4c52fd21f0c60c7d7e2709,0.0,ddd6e170feed20e7dd945ddd795f8f8bfc529336aa4c52fd21f0c60c7d7e2709
ruler_niah_multikey_2_16k:0116,ruler_niah_multikey_2_16k,20260927,0.0,1.0,0.0,ddd6e170feed20e7dd945ddd795f8f8bfc529336aa4c52fd21f0c60c7d7e2709,0.0,ddd6e170feed20e7dd945ddd795f8f8bfc529336aa4c52fd21f0c60c7d7e2709
ruler_niah_multikey_2_16k:0116,ruler_niah_multikey_2_16k,20260928,0.0,1.0,0.0,ddd6e170feed20e7dd945ddd795f8f8bfc529336aa4c52fd21f0c60c7d7e2709,0.0,ddd6e170feed20e7dd945ddd795f8f8bfc529336aa4c52fd21f0c60c7d7e2709
ruler_niah_multikey_2_16k:0116,ruler_niah_multikey_2_16k,20260929,0.0,1.0,0.0,ddd6e170feed20e7dd945ddd795f8f8bfc529336aa4c52fd21f0c60c7d7e2709,0.0,ddd6e170feed20e7dd945ddd795f8f8bfc529336aa4c52fd21f0c60c7d7e2709
ruler_niah_multikey_2_16k:0116,ruler_niah_multikey_2_16k,20260930,0.0,1.0,0.0,ddd6e170feed20e7dd945ddd795f8f8bfc529336aa4c52fd21f0c60c7d7e2709,0.0,ddd6e170feed20e7dd945ddd795f8f8bfc529336aa4c52fd21f0c60c7d7e2709
ruler_niah_multikey_2_16k:0331,ruler_niah_multikey_2_16k,20260926,0.0,1.0,0.0,93684f34cdf1ddbfeec2b3537f9ec7940925e24c1f799d6178d4ffb951b8795f,0.0,93684f34cdf1ddbfeec2b3537f9ec7940925e24c1f799d6178d4ffb951b8795f
ruler_niah_multikey_2_16k:0331,ruler_niah_multikey_2_16k,20260927,0.0,1.0,0.0,93684f34cdf1ddbfeec2b3537f9ec7940925e24c1f799d6178d4ffb951b8795f,0.0,93684f34cdf1ddbfeec2b3537f9ec7940925e24c1f799d6178d4ffb951b8795f
ruler_niah_multikey_2_16k:0331,ruler_niah_multikey_2_16k,20260928,0.0,1.0,0.0,93684f34cdf1ddbfeec2b3537f9ec7940925e24c1f799d6178d4ffb951b8795f,0.0,93684f34cdf1ddbfeec2b3537f9ec7940925e24c1f799d6178d4ffb951b8795f
ruler_niah_multikey_2_16k:0331,ruler_niah_multikey_2_16k,20260929,0.0,1.0,0.0,93684f34cdf1ddbfeec2b3537f9ec7940925e24c1f799d6178d4ffb951b8795f,0.0,93684f34cdf1ddbfeec2b3537f9ec7940925e24c1f799d6178d4ffb951b8795f
ruler_niah_multikey_2_16k:0331,ruler_niah_multikey_2_16k,20260930,0.0,1.0,0.0,93684f34cdf1ddbfeec2b3537f9ec7940925e24c1f799d6178d4ffb951b8795f,0.0,93684f34cdf1ddbfeec2b3537f9ec7940925e24c1f799d6178d4ffb951b8795f
ruler_niah_multikey_2_16k:0482,ruler_niah_multikey_2_16k,20260926,0.0,1.0,0.0,9c62fd7402680743cbbbb352d71da5b30cda71d22f1f8a575ade8de74e5ef3a5,0.0,9c62fd7402680743cbbbb352d71da5b30cda71d22f1f8a575ade8de74e5ef3a5
ruler_niah_multikey_2_16k:0482,ruler_niah_multikey_2_16k,20260927,0.0,1.0,0.0,9c62fd7402680743cbbbb352d71da5b30cda71d22f1f8a575ade8de74e5ef3a5,0.0,9c62fd7402680743cbbbb352d71da5b30cda71d22f1f8a575ade8de74e5ef3a5
ruler_niah_multikey_2_16k:0482,ruler_niah_multikey_2_16k,20260928,0.0,1.0,0.0,9c62fd7402680743cbbbb352d71da5b30cda71d22f1f8a575ade8de74e5ef3a5,0.0,9c62fd7402680743cbbbb352d71da5b30cda71d22f1f8a575ade8de74e5ef3a5
ruler_niah_multikey_2_16k:0482,ruler_niah_multikey_2_16k,20260929,0.0,1.0,0.0,9c62fd7402680743cbbbb352d71da5b30cda71d22f1f8a575ade8de74e5ef3a5,0.0,9c62fd7402680743cbbbb352d71da5b30cda71d22f1f8a575ade8de74e5ef3a5
ruler_niah_multikey_2_16k:0482,ruler_niah_multikey_2_16k,20260930,0.0,1.0,0.0,9c62fd7402680743cbbbb352d71da5b30cda71d22f1f8a575ade8de74e5ef3a5,0.0,9c62fd7402680743cbbbb352d71da5b30cda71d22f1f8a575ade8de74e5ef3a5
ruler_niah_multikey_3_16k:0071,ruler_niah_multikey_3_16k,20260926,0.0,1.0,0.0,037a77182f1e00ecbb675485c3d3586af372bdbc23ad7a4ac43be09f8d26729c,0.0,037a77182f1e00ecbb675485c3d3586af372bdbc23ad7a4ac43be09f8d26729c
ruler_niah_multikey_3_16k:0071,ruler_niah_multikey_3_16k,20260927,0.0,1.0,0.0,037a77182f1e00ecbb675485c3d3586af372bdbc23ad7a4ac43be09f8d26729c,0.0,037a77182f1e00ecbb675485c3d3586af372bdbc23ad7a4ac43be09f8d26729c
ruler_niah_multikey_3_16k:0071,ruler_niah_multikey_3_16k,20260928,0.0,1.0,0.0,037a77182f1e00ecbb675485c3d3586af372bdbc23ad7a4ac43be09f8d26729c,0.0,037a77182f1e00ecbb675485c3d3586af372bdbc23ad7a4ac43be09f8d26729c
ruler_niah_multikey_3_16k:0071,ruler_niah_multikey_3_16k,20260929,0.0,1.0,0.0,037a77182f1e00ecbb675485c3d3586af372bdbc23ad7a4ac43be09f8d26729c,0.0,037a77182f1e00ecbb675485c3d3586af372bdbc23ad7a4ac43be09f8d26729c
ruler_niah_multikey_3_16k:0071,ruler_niah_multikey_3_16k,20260930,0.0,1.0,0.0,037a77182f1e00ecbb675485c3d3586af372bdbc23ad7a4ac43be09f8d26729c,0.0,037a77182f1e00ecbb675485c3d3586af372bdbc23ad7a4ac43be09f8d26729c
ruler_niah_multikey_3_16k:0074,ruler_niah_multikey_3_16k,20260926,0.0,1.0,1.0,7032e40020d83196079078885b85dab06a6f0b7678466945945ae2f1a92920b6,1.0,7032e40020d83196079078885b85dab06a6f0b7678466945945ae2f1a92920b6
ruler_niah_multikey_3_16k:0074,ruler_niah_multikey_3_16k,20260927,0.0,1.0,0.0,d5d99ebeb6b5a4f7ea2ede10d3c36d6d60481cb36f53b588aff99a1c9adb7aa0,0.0,d5d99ebeb6b5a4f7ea2ede10d3c36d6d60481cb36f53b588aff99a1c9adb7aa0
ruler_niah_multikey_3_16k:0074,ruler_niah_multikey_3_16k,20260928,0.0,1.0,1.0,7032e40020d83196079078885b85dab06a6f0b7678466945945ae2f1a92920b6,0.0,d5d99ebeb6b5a4f7ea2ede10d3c36d6d60481cb36f53b588aff99a1c9adb7aa0
ruler_niah_multikey_3_16k:0074,ruler_niah_multikey_3_16k,20260929,0.0,1.0,0.0,d5d99ebeb6b5a4f7ea2ede10d3c36d6d60481cb36f53b588aff99a1c9adb7aa0,0.0,d5d99ebeb6b5a4f7ea2ede10d3c36d6d60481cb36f53b588aff99a1c9adb7aa0
ruler_niah_multikey_3_16k:0074,ruler_niah_multikey_3_16k,20260930,0.0,1.0,1.0,7032e40020d83196079078885b85dab06a6f0b7678466945945ae2f1a92920b6,0.0,d5d99ebeb6b5a4f7ea2ede10d3c36d6d60481cb36f53b588aff99a1c9adb7aa0
ruler_niah_multikey_3_16k:0108,ruler_niah_multikey_3_16k,20260926,0.0,1.0,1.0,a650cffe4c32cfbfc50dbbe5035e054d79a526f1ca202802df22e646f93cbd9c,0.0,211afc13e6ab135e34dbc6c5c8ee9ab438628bcbb87e33a00f07cf12f5b610a5
ruler_niah_multikey_3_16k:0108,ruler_niah_multikey_3_16k,20260927,0.0,1.0,1.0,a650cffe4c32cfbfc50dbbe5035e054d79a526f1ca202802df22e646f93cbd9c,0.0,211afc13e6ab135e34dbc6c5c8ee9ab438628bcbb87e33a00f07cf12f5b610a5
ruler_niah_multikey_3_16k:0108,ruler_niah_multikey_3_16k,20260928,0.0,1.0,0.0,211afc13e6ab135e34dbc6c5c8ee9ab438628bcbb87e33a00f07cf12f5b610a5,0.0,211afc13e6ab135e34dbc6c5c8ee9ab438628bcbb87e33a00f07cf12f5b610a5
ruler_niah_multikey_3_16k:0108,ruler_niah_multikey_3_16k,20260929,0.0,1.0,1.0,a650cffe4c32cfbfc50dbbe5035e054d79a526f1ca202802df22e646f93cbd9c,0.0,211afc13e6ab135e34dbc6c5c8ee9ab438628bcbb87e33a00f07cf12f5b610a5
ruler_niah_multikey_3_16k:0108,ruler_niah_multikey_3_16k,20260930,0.0,1.0,1.0,a650cffe4c32cfbfc50dbbe5035e054d79a526f1ca202802df22e646f93cbd9c,0.0,211afc13e6ab135e34dbc6c5c8ee9ab438628bcbb87e33a00f07cf12f5b610a5
ruler_niah_multikey_3_16k:0138,ruler_niah_multikey_3_16k,20260926,0.0,1.0,1.0,6053b26bb3e935f7c48171bcb36b60ade00b8df7251e582d49605d1d9423baa6,0.0,757482b4a38614b105692c5549cb1ee555529a5e997e1ff76ad85d809b1a4c05
ruler_niah_multikey_3_16k:0138,ruler_niah_multikey_3_16k,20260927,0.0,1.0,1.0,6053b26bb3e935f7c48171bcb36b60ade00b8df7251e582d49605d1d9423baa6,1.0,6053b26bb3e935f7c48171bcb36b60ade00b8df7251e582d49605d1d9423baa6
ruler_niah_multikey_3_16k:0138,ruler_niah_multikey_3_16k,20260928,0.0,1.0,1.0,6053b26bb3e935f7c48171bcb36b60ade00b8df7251e582d49605d1d9423baa6,0.0,757482b4a38614b105692c5549cb1ee555529a5e997e1ff76ad85d809b1a4c05
ruler_niah_multikey_3_16k:0138,ruler_niah_multikey_3_16k,20260929,0.0,1.0,0.0,757482b4a38614b105692c5549cb1ee555529a5e997e1ff76ad85d809b1a4c05,0.0,757482b4a38614b105692c5549cb1ee555529a5e997e1ff76ad85d809b1a4c05
ruler_niah_multikey_3_16k:0138,ruler_niah_multikey_3_16k,20260930,0.0,1.0,1.0,6053b26bb3e935f7c48171bcb36b60ade00b8df7251e582d49605d1d9423baa6,0.0,757482b4a38614b105692c5549cb1ee555529a5e997e1ff76ad85d809b1a4c05
ruler_niah_multikey_3_16k:0145,ruler_niah_multikey_3_16k,20260926,0.0,1.0,0.0,59d4e0c5a304c6940c69e134cc9298f7d2d2c4b3f0a0b182d081742f52b011e9,0.0,59d4e0c5a304c6940c69e134cc9298f7d2d2c4b3f0a0b182d081742f52b011e9
ruler_niah_multikey_3_16k:0145,ruler_niah_multikey_3_16k,20260927,0.0,1.0,0.0,59d4e0c5a304c6940c69e134cc9298f7d2d2c4b3f0a0b182d081742f52b011e9,0.0,59d4e0c5a304c6940c69e134cc9298f7d2d2c4b3f0a0b182d081742f52b011e9
ruler_niah_multikey_3_16k:0145,ruler_niah_multikey_3_16k,20260928,0.0,1.0,0.0,59d4e0c5a304c6940c69e134cc9298f7d2d2c4b3f0a0b182d081742f52b011e9,0.0,59d4e0c5a304c6940c69e134cc9298f7d2d2c4b3f0a0b182d081742f52b011e9
ruler_niah_multikey_3_16k:0145,ruler_niah_multikey_3_16k,20260929,0.0,1.0,0.0,59d4e0c5a304c6940c69e134cc9298f7d2d2c4b3f0a0b182d081742f52b011e9,0.0,59d4e0c5a304c6940c69e134cc9298f7d2d2c4b3f0a0b182d081742f52b011e9
ruler_niah_multikey_3_16k:0145,ruler_niah_multikey_3_16k,20260930,0.0,1.0,0.0,0faab3cb6b2eb08c60437440dc1ddd742e1adb73599d4147f86adde24b78c35f,0.0,0faab3cb6b2eb08c60437440dc1ddd742e1adb73599d4147f86adde24b78c35f
ruler_niah_multikey_3_16k:0202,ruler_niah_multikey_3_16k,20260926,0.0,1.0,1.0,659c757c938f3c0addfcfb4ef7f0082ddf80bbc743ff43e44af10af1619149a6,1.0,659c757c938f3c0addfcfb4ef7f0082ddf80bbc743ff43e44af10af1619149a6
ruler_niah_multikey_3_16k:0202,ruler_niah_multikey_3_16k,20260927,0.0,1.0,1.0,659c757c938f3c0addfcfb4ef7f0082ddf80bbc743ff43e44af10af1619149a6,1.0,659c757c938f3c0addfcfb4ef7f0082ddf80bbc743ff43e44af10af1619149a6
ruler_niah_multikey_3_16k:0202,ruler_niah_multikey_3_16k,20260928,0.0,1.0,1.0,659c757c938f3c0addfcfb4ef7f0082ddf80bbc743ff43e44af10af1619149a6,1.0,659c757c938f3c0addfcfb4ef7f0082ddf80bbc743ff43e44af10af1619149a6
ruler_niah_multikey_3_16k:0202,ruler_niah_multikey_3_16k,20260929,0.0,1.0,1.0,659c757c938f3c0addfcfb4ef7f0082ddf80bbc743ff43e44af10af1619149a6,1.0,659c757c938f3c0addfcfb4ef7f0082ddf80bbc743ff43e44af10af1619149a6
ruler_niah_multikey_3_16k:0202,ruler_niah_multikey_3_16k,20260930,0.0,1.0,1.0,659c757c938f3c0addfcfb4ef7f0082ddf80bbc743ff43e44af10af1619149a6,1.0,659c757c938f3c0addfcfb4ef7f0082ddf80bbc743ff43e44af10af1619149a6
ruler_niah_multikey_3_16k:0208,ruler_niah_multikey_3_16k,20260926,0.0,1.0,0.0,19a19d411788b33e0826f13d33de8ea4a44110f7df75f87c44002d5a40095c35,0.0,19a19d411788b33e0826f13d33de8ea4a44110f7df75f87c44002d5a40095c35
ruler_niah_multikey_3_16k:0208,ruler_niah_multikey_3_16k,20260927,0.0,1.0,0.0,19a19d411788b33e0826f13d33de8ea4a44110f7df75f87c44002d5a40095c35,0.0,19a19d411788b33e0826f13d33de8ea4a44110f7df75f87c44002d5a40095c35
ruler_niah_multikey_3_16k:0208,ruler_niah_multikey_3_16k,20260928,0.0,1.0,0.0,19a19d411788b33e0826f13d33de8ea4a44110f7df75f87c44002d5a40095c35,0.0,19a19d411788b33e0826f13d33de8ea4a44110f7df75f87c44002d5a40095c35
ruler_niah_multikey_3_16k:0208,ruler_niah_multikey_3_16k,20260929,0.0,1.0,0.0,19a19d411788b33e0826f13d33de8ea4a44110f7df75f87c44002d5a40095c35,0.0,19a19d411788b33e0826f13d33de8ea4a44110f7df75f87c44002d5a40095c35
ruler_niah_multikey_3_16k:0208,ruler_niah_multikey_3_16k,20260930,0.0,1.0,0.0,19a19d411788b33e0826f13d33de8ea4a44110f7df75f87c44002d5a40095c35,0.0,19a19d411788b33e0826f13d33de8ea4a44110f7df75f87c44002d5a40095c35
ruler_niah_multikey_3_16k:0212,ruler_niah_multikey_3_16k,20260926,0.0,1.0,0.0,4a1ead65dddd30e5d187355439686c81cdf0e2a4be37c82256c583cf779d7c97,1.0,aebfa50b68af41d24df7ea89e64d1e6cf6f953dce1d02174c4ef672c8cce18b2
ruler_niah_multikey_3_16k:0212,ruler_niah_multikey_3_16k,20260927,0.0,1.0,0.0,4a1ead65dddd30e5d187355439686c81cdf0e2a4be37c82256c583cf779d7c97,1.0,aebfa50b68af41d24df7ea89e64d1e6cf6f953dce1d02174c4ef672c8cce18b2
ruler_niah_multikey_3_16k:0212,ruler_niah_multikey_3_16k,20260928,0.0,1.0,0.0,4a1ead65dddd30e5d187355439686c81cdf0e2a4be37c82256c583cf779d7c97,0.0,4a1ead65dddd30e5d187355439686c81cdf0e2a4be37c82256c583cf779d7c97
ruler_niah_multikey_3_16k:0212,ruler_niah_multikey_3_16k,20260929,0.0,1.0,0.0,4a1ead65dddd30e5d187355439686c81cdf0e2a4be37c82256c583cf779d7c97,0.0,4a1ead65dddd30e5d187355439686c81cdf0e2a4be37c82256c583cf779d7c97
ruler_niah_multikey_3_16k:0212,ruler_niah_multikey_3_16k,20260930,0.0,1.0,0.0,4a1ead65dddd30e5d187355439686c81cdf0e2a4be37c82256c583cf779d7c97,1.0,aebfa50b68af41d24df7ea89e64d1e6cf6f953dce1d02174c4ef672c8cce18b2
ruler_niah_multikey_3_16k:0217,ruler_niah_multikey_3_16k,20260926,0.0,1.0,1.0,4ae48aaf1d41c516af0047cf2ac93dcfc3c1d633310170f59f2471c02e7db942,0.0,593b169a73dc39559dc51f1618a79dde7ed094e4e90a088685cb06f1943fb805
ruler_niah_multikey_3_16k:0217,ruler_niah_multikey_3_16k,20260927,0.0,1.0,1.0,4ae48aaf1d41c516af0047cf2ac93dcfc3c1d633310170f59f2471c02e7db942,0.0,593b169a73dc39559dc51f1618a79dde7ed094e4e90a088685cb06f1943fb805
ruler_niah_multikey_3_16k:0217,ruler_niah_multikey_3_16k,20260928,0.0,1.0,0.0,593b169a73dc39559dc51f1618a79dde7ed094e4e90a088685cb06f1943fb805,0.0,593b169a73dc39559dc51f1618a79dde7ed094e4e90a088685cb06f1943fb805
ruler_niah_multikey_3_16k:0217,ruler_niah_multikey_3_16k,20260929,0.0,1.0,0.0,593b169a73dc39559dc51f1618a79dde7ed094e4e90a088685cb06f1943fb805,0.0,593b169a73dc39559dc51f1618a79dde7ed094e4e90a088685cb06f1943fb805
ruler_niah_multikey_3_16k:0217,ruler_niah_multikey_3_16k,20260930,0.0,1.0,0.0,593b169a73dc39559dc51f1618a79dde7ed094e4e90a088685cb06f1943fb805,0.0,593b169a73dc39559dc51f1618a79dde7ed094e4e90a088685cb06f1943fb805
ruler_niah_multikey_3_16k:0220,ruler_niah_multikey_3_16k,20260926,0.0,1.0,0.0,22fbc808ed2eaf66b4a572217dfe24916390655c47a65cf083b0221fe627c148,0.0,22fbc808ed2eaf66b4a572217dfe24916390655c47a65cf083b0221fe627c148
ruler_niah_multikey_3_16k:0220,ruler_niah_multikey_3_16k,20260927,0.0,1.0,0.0,22fbc808ed2eaf66b4a572217dfe24916390655c47a65cf083b0221fe627c148,0.0,22fbc808ed2eaf66b4a572217dfe24916390655c47a65cf083b0221fe627c148
ruler_niah_multikey_3_16k:0220,ruler_niah_multikey_3_16k,20260928,0.0,1.0,0.0,22fbc808ed2eaf66b4a572217dfe24916390655c47a65cf083b0221fe627c148,0.0,22fbc808ed2eaf66b4a572217dfe24916390655c47a65cf083b0221fe627c148
ruler_niah_multikey_3_16k:0220,ruler_niah_multikey_3_16k,20260929,0.0,1.0,0.0,22fbc808ed2eaf66b4a572217dfe24916390655c47a65cf083b0221fe627c148,0.0,22fbc808ed2eaf66b4a572217dfe24916390655c47a65cf083b0221fe627c148
ruler_niah_multikey_3_16k:0220,ruler_niah_multikey_3_16k,20260930,0.0,1.0,0.0,22fbc808ed2eaf66b4a572217dfe24916390655c47a65cf083b0221fe627c148,0.0,22fbc808ed2eaf66b4a572217dfe24916390655c47a65cf083b0221fe627c148
ruler_niah_multikey_3_16k:0251,ruler_niah_multikey_3_16k,20260926,0.0,1.0,0.0,bda193b4cb9b100f35af371f280a47da1751fce8b6b49aab61ebfce074a1f7e4,0.0,bda193b4cb9b100f35af371f280a47da1751fce8b6b49aab61ebfce074a1f7e4
ruler_niah_multikey_3_16k:0251,ruler_niah_multikey_3_16k,20260927,0.0,1.0,0.0,bda193b4cb9b100f35af371f280a47da1751fce8b6b49aab61ebfce074a1f7e4,0.0,bda193b4cb9b100f35af371f280a47da1751fce8b6b49aab61ebfce074a1f7e4
ruler_niah_multikey_3_16k:0251,ruler_niah_multikey_3_16k,20260928,0.0,1.0,0.0,bda193b4cb9b100f35af371f280a47da1751fce8b6b49aab61ebfce074a1f7e4,0.0,bda193b4cb9b100f35af371f280a47da1751fce8b6b49aab61ebfce074a1f7e4
ruler_niah_multikey_3_16k:0251,ruler_niah_multikey_3_16k,20260929,0.0,1.0,0.0,bda193b4cb9b100f35af371f280a47da1751fce8b6b49aab61ebfce074a1f7e4,0.0,bda193b4cb9b100f35af371f280a47da1751fce8b6b49aab61ebfce074a1f7e4
ruler_niah_multikey_3_16k:0251,ruler_niah_multikey_3_16k,20260930,0.0,1.0,0.0,bda193b4cb9b100f35af371f280a47da1751fce8b6b49aab61ebfce074a1f7e4,0.0,bda193b4cb9b100f35af371f280a47da1751fce8b6b49aab61ebfce074a1f7e4
ruler_niah_multikey_3_16k:0253,ruler_niah_multikey_3_16k,20260926,0.0,1.0,1.0,e29e7ec0cfc6a089f3a3a9d6e06ce56684cf60769bcce2341f0eb4683400b4b3,0.0,267de37a87370867eded127f894a2bb9e0c81fa388443f7fcd9d1177560c9ff7
ruler_niah_multikey_3_16k:0253,ruler_niah_multikey_3_16k,20260927,0.0,1.0,0.0,267de37a87370867eded127f894a2bb9e0c81fa388443f7fcd9d1177560c9ff7,0.0,267de37a87370867eded127f894a2bb9e0c81fa388443f7fcd9d1177560c9ff7
ruler_niah_multikey_3_16k:0253,ruler_niah_multikey_3_16k,20260928,0.0,1.0,0.0,267de37a87370867eded127f894a2bb9e0c81fa388443f7fcd9d1177560c9ff7,0.0,267de37a87370867eded127f894a2bb9e0c81fa388443f7fcd9d1177560c9ff7
ruler_niah_multikey_3_16k:0253,ruler_niah_multikey_3_16k,20260929,0.0,1.0,1.0,e29e7ec0cfc6a089f3a3a9d6e06ce56684cf60769bcce2341f0eb4683400b4b3,0.0,267de37a87370867eded127f894a2bb9e0c81fa388443f7fcd9d1177560c9ff7
ruler_niah_multikey_3_16k:0253,ruler_niah_multikey_3_16k,20260930,0.0,1.0,0.0,267de37a87370867eded127f894a2bb9e0c81fa388443f7fcd9d1177560c9ff7,0.0,267de37a87370867eded127f894a2bb9e0c81fa388443f7fcd9d1177560c9ff7
ruler_niah_multikey_3_16k:0362,ruler_niah_multikey_3_16k,20260926,0.0,1.0,0.0,28d02d1a07c7a0fe6d1eaa56a15061bbd915b1ffac03ddbb3b69cf8ff0870a05,0.0,28d02d1a07c7a0fe6d1eaa56a15061bbd915b1ffac03ddbb3b69cf8ff0870a05
ruler_niah_multikey_3_16k:0362,ruler_niah_multikey_3_16k,20260927,0.0,1.0,0.0,28d02d1a07c7a0fe6d1eaa56a15061bbd915b1ffac03ddbb3b69cf8ff0870a05,0.0,28d02d1a07c7a0fe6d1eaa56a15061bbd915b1ffac03ddbb3b69cf8ff0870a05
ruler_niah_multikey_3_16k:0362,ruler_niah_multikey_3_16k,20260928,0.0,1.0,0.0,28d02d1a07c7a0fe6d1eaa56a15061bbd915b1ffac03ddbb3b69cf8ff0870a05,0.0,28d02d1a07c7a0fe6d1eaa56a15061bbd915b1ffac03ddbb3b69cf8ff0870a05
ruler_niah_multikey_3_16k:0362,ruler_niah_multikey_3_16k,20260929,0.0,1.0,0.0,28d02d1a07c7a0fe6d1eaa56a15061bbd915b1ffac03ddbb3b69cf8ff0870a05,0.0,28d02d1a07c7a0fe6d1eaa56a15061bbd915b1ffac03ddbb3b69cf8ff0870a05
ruler_niah_multikey_3_16k:0362,ruler_niah_multikey_3_16k,20260930,0.0,1.0,0.0,28d02d1a07c7a0fe6d1eaa56a15061bbd915b1ffac03ddbb3b69cf8ff0870a05,0.0,28d02d1a07c7a0fe6d1eaa56a15061bbd915b1ffac03ddbb3b69cf8ff0870a05
ruler_niah_multikey_3_16k:0394,ruler_niah_multikey_3_16k,20260926,0.0,1.0,0.0,fcebcd27030e1fc7551bcfe7cd93fb22d34c23eebc5b611e55b17c2029eb3ad1,0.0,fcebcd27030e1fc7551bcfe7cd93fb22d34c23eebc5b611e55b17c2029eb3ad1
ruler_niah_multikey_3_16k:0394,ruler_niah_multikey_3_16k,20260927,0.0,1.0,0.0,fcebcd27030e1fc7551bcfe7cd93fb22d34c23eebc5b611e55b17c2029eb3ad1,0.0,fcebcd27030e1fc7551bcfe7cd93fb22d34c23eebc5b611e55b17c2029eb3ad1
ruler_niah_multikey_3_16k:0394,ruler_niah_multikey_3_16k,20260928,0.0,1.0,0.0,fcebcd27030e1fc7551bcfe7cd93fb22d34c23eebc5b611e55b17c2029eb3ad1,0.0,fcebcd27030e1fc7551bcfe7cd93fb22d34c23eebc5b611e55b17c2029eb3ad1
ruler_niah_multikey_3_16k:0394,ruler_niah_multikey_3_16k,20260929,0.0,1.0,0.0,fcebcd27030e1fc7551bcfe7cd93fb22d34c23eebc5b611e55b17c2029eb3ad1,0.0,fcebcd27030e1fc7551bcfe7cd93fb22d34c23eebc5b611e55b17c2029eb3ad1
ruler_niah_multikey_3_16k:0394,ruler_niah_multikey_3_16k,20260930,0.0,1.0,0.0,fcebcd27030e1fc7551bcfe7cd93fb22d34c23eebc5b611e55b17c2029eb3ad1,0.0,fcebcd27030e1fc7551bcfe7cd93fb22d34c23eebc5b611e55b17c2029eb3ad1
ruler_niah_multikey_3_16k:0429,ruler_niah_multikey_3_16k,20260926,0.0,1.0,0.0,b82f37ba6177e0ea77f140cebfdfd083c9295e72b3c4ebbe6ab6607854d2a058,0.0,b82f37ba6177e0ea77f140cebfdfd083c9295e72b3c4ebbe6ab6607854d2a058
ruler_niah_multikey_3_16k:0429,ruler_niah_multikey_3_16k,20260927,0.0,1.0,0.0,b82f37ba6177e0ea77f140cebfdfd083c9295e72b3c4ebbe6ab6607854d2a058,0.0,b82f37ba6177e0ea77f140cebfdfd083c9295e72b3c4ebbe6ab6607854d2a058
ruler_niah_multikey_3_16k:0429,ruler_niah_multikey_3_16k,20260928,0.0,1.0,0.0,b82f37ba6177e0ea77f140cebfdfd083c9295e72b3c4ebbe6ab6607854d2a058,0.0,b82f37ba6177e0ea77f140cebfdfd083c9295e72b3c4ebbe6ab6607854d2a058
ruler_niah_multikey_3_16k:0429,ruler_niah_multikey_3_16k,20260929,0.0,1.0,0.0,b82f37ba6177e0ea77f140cebfdfd083c9295e72b3c4ebbe6ab6607854d2a058,0.0,b82f37ba6177e0ea77f140cebfdfd083c9295e72b3c4ebbe6ab6607854d2a058
ruler_niah_multikey_3_16k:0429,ruler_niah_multikey_3_16k,20260930,0.0,1.0,0.0,b82f37ba6177e0ea77f140cebfdfd083c9295e72b3c4ebbe6ab6607854d2a058,0.0,b82f37ba6177e0ea77f140cebfdfd083c9295e72b3c4ebbe6ab6607854d2a058
ruler_niah_multikey_3_16k:0464,ruler_niah_multikey_3_16k,20260926,0.0,1.0,0.0,6ad726a67b9f3c0ed2a9fac6f0ef058ea05b4e71b39838666d09eaeac855043a,0.0,6ad726a67b9f3c0ed2a9fac6f0ef058ea05b4e71b39838666d09eaeac855043a
ruler_niah_multikey_3_16k:0464,ruler_niah_multikey_3_16k,20260927,0.0,1.0,0.0,6ad726a67b9f3c0ed2a9fac6f0ef058ea05b4e71b39838666d09eaeac855043a,0.0,6ad726a67b9f3c0ed2a9fac6f0ef058ea05b4e71b39838666d09eaeac855043a
ruler_niah_multikey_3_16k:0464,ruler_niah_multikey_3_16k,20260928,0.0,1.0,0.0,6ad726a67b9f3c0ed2a9fac6f0ef058ea05b4e71b39838666d09eaeac855043a,0.0,6ad726a67b9f3c0ed2a9fac6f0ef058ea05b4e71b39838666d09eaeac855043a
ruler_niah_multikey_3_16k:0464,ruler_niah_multikey_3_16k,20260929,0.0,1.0,0.0,6ad726a67b9f3c0ed2a9fac6f0ef058ea05b4e71b39838666d09eaeac855043a,0.0,6ad726a67b9f3c0ed2a9fac6f0ef058ea05b4e71b39838666d09eaeac855043a
ruler_niah_multikey_3_16k:0464,ruler_niah_multikey_3_16k,20260930,0.0,1.0,0.0,6ad726a67b9f3c0ed2a9fac6f0ef058ea05b4e71b39838666d09eaeac855043a,0.0,6ad726a67b9f3c0ed2a9fac6f0ef058ea05b4e71b39838666d09eaeac855043a
ruler_niah_multiquery_16k:0001,ruler_niah_multiquery_16k,20260926,0.75,1.0,0.75,93bbab1b0d71bf36ac6588c06d653e3bc04bbbbc67b85803cabab1ec189b7e9c,1.0,59fd6d6cfd8c944feaa07459b79bf7acb22772c54c1e10deddf78fd84fd95be8
ruler_niah_multiquery_16k:0001,ruler_niah_multiquery_16k,20260927,0.75,1.0,0.75,93bbab1b0d71bf36ac6588c06d653e3bc04bbbbc67b85803cabab1ec189b7e9c,1.0,59fd6d6cfd8c944feaa07459b79bf7acb22772c54c1e10deddf78fd84fd95be8
ruler_niah_multiquery_16k:0001,ruler_niah_multiquery_16k,20260928,0.75,1.0,0.75,93bbab1b0d71bf36ac6588c06d653e3bc04bbbbc67b85803cabab1ec189b7e9c,1.0,59fd6d6cfd8c944feaa07459b79bf7acb22772c54c1e10deddf78fd84fd95be8
ruler_niah_multiquery_16k:0001,ruler_niah_multiquery_16k,20260929,0.75,1.0,0.75,93bbab1b0d71bf36ac6588c06d653e3bc04bbbbc67b85803cabab1ec189b7e9c,1.0,59fd6d6cfd8c944feaa07459b79bf7acb22772c54c1e10deddf78fd84fd95be8
ruler_niah_multiquery_16k:0001,ruler_niah_multiquery_16k,20260930,0.75,1.0,0.75,93bbab1b0d71bf36ac6588c06d653e3bc04bbbbc67b85803cabab1ec189b7e9c,1.0,59fd6d6cfd8c944feaa07459b79bf7acb22772c54c1e10deddf78fd84fd95be8
ruler_niah_multiquery_16k:0063,ruler_niah_multiquery_16k,20260926,0.75,1.0,0.75,c75514633bb291d57874f024a313be3b0a878a1d65c63ae95af3f0eede4d5d94,0.75,c75514633bb291d57874f024a313be3b0a878a1d65c63ae95af3f0eede4d5d94
ruler_niah_multiquery_16k:0063,ruler_niah_multiquery_16k,20260927,0.75,1.0,0.75,c75514633bb291d57874f024a313be3b0a878a1d65c63ae95af3f0eede4d5d94,0.75,c75514633bb291d57874f024a313be3b0a878a1d65c63ae95af3f0eede4d5d94
ruler_niah_multiquery_16k:0063,ruler_niah_multiquery_16k,20260928,0.75,1.0,0.75,c75514633bb291d57874f024a313be3b0a878a1d65c63ae95af3f0eede4d5d94,0.75,c75514633bb291d57874f024a313be3b0a878a1d65c63ae95af3f0eede4d5d94
ruler_niah_multiquery_16k:0063,ruler_niah_multiquery_16k,20260929,0.75,1.0,0.75,c75514633bb291d57874f024a313be3b0a878a1d65c63ae95af3f0eede4d5d94,0.75,c75514633bb291d57874f024a313be3b0a878a1d65c63ae95af3f0eede4d5d94
ruler_niah_multiquery_16k:0063,ruler_niah_multiquery_16k,20260930,0.75,1.0,0.75,c75514633bb291d57874f024a313be3b0a878a1d65c63ae95af3f0eede4d5d94,0.75,c75514633bb291d57874f024a313be3b0a878a1d65c63ae95af3f0eede4d5d94
ruler_niah_multiquery_16k:0068,ruler_niah_multiquery_16k,20260926,0.75,1.0,0.75,c391589ab76e9373f6e5763778de357bc542db8d9d55a488a4d3903eec9b1497,0.75,c391589ab76e9373f6e5763778de357bc542db8d9d55a488a4d3903eec9b1497
ruler_niah_multiquery_16k:0068,ruler_niah_multiquery_16k,20260927,0.75,1.0,0.75,c391589ab76e9373f6e5763778de357bc542db8d9d55a488a4d3903eec9b1497,0.75,c391589ab76e9373f6e5763778de357bc542db8d9d55a488a4d3903eec9b1497
ruler_niah_multiquery_16k:0068,ruler_niah_multiquery_16k,20260928,0.75,1.0,0.75,c391589ab76e9373f6e5763778de357bc542db8d9d55a488a4d3903eec9b1497,0.75,c391589ab76e9373f6e5763778de357bc542db8d9d55a488a4d3903eec9b1497
ruler_niah_multiquery_16k:0068,ruler_niah_multiquery_16k,20260929,0.75,1.0,0.75,c391589ab76e9373f6e5763778de357bc542db8d9d55a488a4d3903eec9b1497,0.75,c391589ab76e9373f6e5763778de357bc542db8d9d55a488a4d3903eec9b1497
ruler_niah_multiquery_16k:0068,ruler_niah_multiquery_16k,20260930,0.75,1.0,0.75,c391589ab76e9373f6e5763778de357bc542db8d9d55a488a4d3903eec9b1497,0.75,c391589ab76e9373f6e5763778de357bc542db8d9d55a488a4d3903eec9b1497
ruler_niah_multiquery_16k:0082,ruler_niah_multiquery_16k,20260926,0.75,1.0,0.75,207a5d1a4a8ae74a3a1894c3cacb80af223a6e71826dfe8ce28b648a73f54f1f,0.75,207a5d1a4a8ae74a3a1894c3cacb80af223a6e71826dfe8ce28b648a73f54f1f
ruler_niah_multiquery_16k:0082,ruler_niah_multiquery_16k,20260927,0.75,1.0,0.75,207a5d1a4a8ae74a3a1894c3cacb80af223a6e71826dfe8ce28b648a73f54f1f,0.75,207a5d1a4a8ae74a3a1894c3cacb80af223a6e71826dfe8ce28b648a73f54f1f
ruler_niah_multiquery_16k:0082,ruler_niah_multiquery_16k,20260928,0.75,1.0,0.75,207a5d1a4a8ae74a3a1894c3cacb80af223a6e71826dfe8ce28b648a73f54f1f,0.75,207a5d1a4a8ae74a3a1894c3cacb80af223a6e71826dfe8ce28b648a73f54f1f
ruler_niah_multiquery_16k:0082,ruler_niah_multiquery_16k,20260929,0.75,1.0,0.75,207a5d1a4a8ae74a3a1894c3cacb80af223a6e71826dfe8ce28b648a73f54f1f,0.75,207a5d1a4a8ae74a3a1894c3cacb80af223a6e71826dfe8ce28b648a73f54f1f
ruler_niah_multiquery_16k:0082,ruler_niah_multiquery_16k,20260930,0.75,1.0,1.0,786750b0e9be42bac92470813ab24c6c69c4c5ee820a25a817b1a78f7e1bf55a,1.0,786750b0e9be42bac92470813ab24c6c69c4c5ee820a25a817b1a78f7e1bf55a
ruler_niah_multiquery_16k:0100,ruler_niah_multiquery_16k,20260926,0.75,1.0,0.75,f49b3ee7d02666888f5c6594e74eeed3cee1a84964d0c276dc730db2fcca8f69,0.75,f49b3ee7d02666888f5c6594e74eeed3cee1a84964d0c276dc730db2fcca8f69
ruler_niah_multiquery_16k:0100,ruler_niah_multiquery_16k,20260927,0.75,1.0,0.75,f49b3ee7d02666888f5c6594e74eeed3cee1a84964d0c276dc730db2fcca8f69,1.0,5eb9196d4f5f77756dcbd67923faa028d4c09a3e9373de7ed94fa43381117ff8
ruler_niah_multiquery_16k:0100,ruler_niah_multiquery_16k,20260928,0.75,1.0,0.75,f49b3ee7d02666888f5c6594e74eeed3cee1a84964d0c276dc730db2fcca8f69,0.75,f49b3ee7d02666888f5c6594e74eeed3cee1a84964d0c276dc730db2fcca8f69
ruler_niah_multiquery_16k:0100,ruler_niah_multiquery_16k,20260929,0.75,1.0,0.75,f49b3ee7d02666888f5c6594e74eeed3cee1a84964d0c276dc730db2fcca8f69,0.75,f49b3ee7d02666888f5c6594e74eeed3cee1a84964d0c276dc730db2fcca8f69
ruler_niah_multiquery_16k:0100,ruler_niah_multiquery_16k,20260930,0.75,1.0,0.75,f49b3ee7d02666888f5c6594e74eeed3cee1a84964d0c276dc730db2fcca8f69,0.75,f49b3ee7d02666888f5c6594e74eeed3cee1a84964d0c276dc730db2fcca8f69
ruler_niah_multiquery_16k:0129,ruler_niah_multiquery_16k,20260926,0.75,1.0,0.75,5f4c8610c0b53651b1551bf2a099afa630fcfd0d6caaff665a5d8b6139541a23,0.75,5f4c8610c0b53651b1551bf2a099afa630fcfd0d6caaff665a5d8b6139541a23
ruler_niah_multiquery_16k:0129,ruler_niah_multiquery_16k,20260927,0.75,1.0,0.75,5f4c8610c0b53651b1551bf2a099afa630fcfd0d6caaff665a5d8b6139541a23,0.75,5f4c8610c0b53651b1551bf2a099afa630fcfd0d6caaff665a5d8b6139541a23
ruler_niah_multiquery_16k:0129,ruler_niah_multiquery_16k,20260928,0.75,1.0,0.75,5f4c8610c0b53651b1551bf2a099afa630fcfd0d6caaff665a5d8b6139541a23,0.75,3c5eb4b693ea2d87fefc6d277d29079771b57cdc6b949d5be78ac5b40d620bbc
ruler_niah_multiquery_16k:0129,ruler_niah_multiquery_16k,20260929,0.75,1.0,0.75,5f4c8610c0b53651b1551bf2a099afa630fcfd0d6caaff665a5d8b6139541a23,0.75,5f4c8610c0b53651b1551bf2a099afa630fcfd0d6caaff665a5d8b6139541a23
ruler_niah_multiquery_16k:0129,ruler_niah_multiquery_16k,20260930,0.75,1.0,0.75,5f4c8610c0b53651b1551bf2a099afa630fcfd0d6caaff665a5d8b6139541a23,0.75,3c5eb4b693ea2d87fefc6d277d29079771b57cdc6b949d5be78ac5b40d620bbc
ruler_niah_multiquery_16k:0131,ruler_niah_multiquery_16k,20260926,0.75,1.0,0.75,ff9b7d3c88e8efb1c9bbd8744272be982e8c2e98dafb058c8fdebcfa88523e5d,0.75,ff9b7d3c88e8efb1c9bbd8744272be982e8c2e98dafb058c8fdebcfa88523e5d
ruler_niah_multiquery_16k:0131,ruler_niah_multiquery_16k,20260927,0.75,1.0,0.75,ff9b7d3c88e8efb1c9bbd8744272be982e8c2e98dafb058c8fdebcfa88523e5d,0.75,ff9b7d3c88e8efb1c9bbd8744272be982e8c2e98dafb058c8fdebcfa88523e5d
ruler_niah_multiquery_16k:0131,ruler_niah_multiquery_16k,20260928,0.75,1.0,0.75,ff9b7d3c88e8efb1c9bbd8744272be982e8c2e98dafb058c8fdebcfa88523e5d,0.75,ff9b7d3c88e8efb1c9bbd8744272be982e8c2e98dafb058c8fdebcfa88523e5d
ruler_niah_multiquery_16k:0131,ruler_niah_multiquery_16k,20260929,0.75,1.0,0.75,ff9b7d3c88e8efb1c9bbd8744272be982e8c2e98dafb058c8fdebcfa88523e5d,0.75,ff9b7d3c88e8efb1c9bbd8744272be982e8c2e98dafb058c8fdebcfa88523e5d
ruler_niah_multiquery_16k:0131,ruler_niah_multiquery_16k,20260930,0.75,1.0,0.75,ff9b7d3c88e8efb1c9bbd8744272be982e8c2e98dafb058c8fdebcfa88523e5d,0.75,ff9b7d3c88e8efb1c9bbd8744272be982e8c2e98dafb058c8fdebcfa88523e5d
ruler_niah_multiquery_16k:0147,ruler_niah_multiquery_16k,20260926,0.75,1.0,0.75,c1ba6f285bd2c51add01586d688e7ccdb6839e48c3ef6074d68829124d378090,0.75,8fee942a067f6a9cca04120a3b4fabc2fc42396106e406a95d60286bf8c89ca4
ruler_niah_multiquery_16k:0147,ruler_niah_multiquery_16k,20260927,0.75,1.0,0.75,c1ba6f285bd2c51add01586d688e7ccdb6839e48c3ef6074d68829124d378090,0.75,c1ba6f285bd2c51add01586d688e7ccdb6839e48c3ef6074d68829124d378090
ruler_niah_multiquery_16k:0147,ruler_niah_multiquery_16k,20260928,0.75,1.0,0.75,26f50dd08c704f29b2c4d2c9214660e35aa274404a652ac685acf0ac4b2f6f80,0.75,c8955b113d7e63fb6b170225cb12f9d780c6a56182d342b31104ebeff28f231a
ruler_niah_multiquery_16k:0147,ruler_niah_multiquery_16k,20260929,0.75,1.0,0.75,8fee942a067f6a9cca04120a3b4fabc2fc42396106e406a95d60286bf8c89ca4,0.75,c1ba6f285bd2c51add01586d688e7ccdb6839e48c3ef6074d68829124d378090
ruler_niah_multiquery_16k:0147,ruler_niah_multiquery_16k,20260930,0.75,1.0,0.75,8fee942a067f6a9cca04120a3b4fabc2fc42396106e406a95d60286bf8c89ca4,0.75,c1ba6f285bd2c51add01586d688e7ccdb6839e48c3ef6074d68829124d378090
ruler_niah_multiquery_16k:0201,ruler_niah_multiquery_16k,20260926,0.75,1.0,0.5,d8b2b168fc1af693fd137de9e3315a3e2e533bb424c6e7ce709c1739e431eb5b,0.5,d8b2b168fc1af693fd137de9e3315a3e2e533bb424c6e7ce709c1739e431eb5b
ruler_niah_multiquery_16k:0201,ruler_niah_multiquery_16k,20260927,0.75,1.0,0.5,d8b2b168fc1af693fd137de9e3315a3e2e533bb424c6e7ce709c1739e431eb5b,0.5,d8b2b168fc1af693fd137de9e3315a3e2e533bb424c6e7ce709c1739e431eb5b
ruler_niah_multiquery_16k:0201,ruler_niah_multiquery_16k,20260928,0.75,1.0,0.5,d8b2b168fc1af693fd137de9e3315a3e2e533bb424c6e7ce709c1739e431eb5b,0.5,d8b2b168fc1af693fd137de9e3315a3e2e533bb424c6e7ce709c1739e431eb5b
ruler_niah_multiquery_16k:0201,ruler_niah_multiquery_16k,20260929,0.75,1.0,0.5,d8b2b168fc1af693fd137de9e3315a3e2e533bb424c6e7ce709c1739e431eb5b,0.5,d8b2b168fc1af693fd137de9e3315a3e2e533bb424c6e7ce709c1739e431eb5b
ruler_niah_multiquery_16k:0201,ruler_niah_multiquery_16k,20260930,0.75,1.0,0.5,d8b2b168fc1af693fd137de9e3315a3e2e533bb424c6e7ce709c1739e431eb5b,0.5,d8b2b168fc1af693fd137de9e3315a3e2e533bb424c6e7ce709c1739e431eb5b
ruler_niah_multiquery_16k:0381,ruler_niah_multiquery_16k,20260926,0.75,1.0,0.75,8c85f0a513b5fe1627975235d15ad1a8fdccfa2ab1dda713c8ed970239d8d695,0.75,8c85f0a513b5fe1627975235d15ad1a8fdccfa2ab1dda713c8ed970239d8d695
ruler_niah_multiquery_16k:0381,ruler_niah_multiquery_16k,20260927,0.75,1.0,0.75,60941c1fd875b019bb40b33349b9f0d59426ace4af15a4932d078e4d394494d0,0.75,60941c1fd875b019bb40b33349b9f0d59426ace4af15a4932d078e4d394494d0
ruler_niah_multiquery_16k:0381,ruler_niah_multiquery_16k,20260928,0.75,1.0,0.75,8c85f0a513b5fe1627975235d15ad1a8fdccfa2ab1dda713c8ed970239d8d695,0.75,8c85f0a513b5fe1627975235d15ad1a8fdccfa2ab1dda713c8ed970239d8d695
ruler_niah_multiquery_16k:0381,ruler_niah_multiquery_16k,20260929,0.75,1.0,0.75,8c85f0a513b5fe1627975235d15ad1a8fdccfa2ab1dda713c8ed970239d8d695,0.75,8c85f0a513b5fe1627975235d15ad1a8fdccfa2ab1dda713c8ed970239d8d695
ruler_niah_multiquery_16k:0381,ruler_niah_multiquery_16k,20260930,0.75,1.0,0.75,60941c1fd875b019bb40b33349b9f0d59426ace4af15a4932d078e4d394494d0,0.75,60941c1fd875b019bb40b33349b9f0d59426ace4af15a4932d078e4d394494d0
ruler_niah_multiquery_16k:0404,ruler_niah_multiquery_16k,20260926,0.75,1.0,0.75,67d72ea39d3632a63b6f146927c731df164630ecc2f31df73e15dd1c291d7d71,1.0,de3353cb079dd1b5bcb77ff3f55656da1378f9bb20e8ddce4eebc01b09d5660c
ruler_niah_multiquery_16k:0404,ruler_niah_multiquery_16k,20260927,0.75,1.0,0.75,67d72ea39d3632a63b6f146927c731df164630ecc2f31df73e15dd1c291d7d71,0.75,67d72ea39d3632a63b6f146927c731df164630ecc2f31df73e15dd1c291d7d71
ruler_niah_multiquery_16k:0404,ruler_niah_multiquery_16k,20260928,0.75,1.0,0.75,67d72ea39d3632a63b6f146927c731df164630ecc2f31df73e15dd1c291d7d71,0.75,67d72ea39d3632a63b6f146927c731df164630ecc2f31df73e15dd1c291d7d71
ruler_niah_multiquery_16k:0404,ruler_niah_multiquery_16k,20260929,0.75,1.0,0.75,67d72ea39d3632a63b6f146927c731df164630ecc2f31df73e15dd1c291d7d71,0.75,67d72ea39d3632a63b6f146927c731df164630ecc2f31df73e15dd1c291d7d71
ruler_niah_multiquery_16k:0404,ruler_niah_multiquery_16k,20260930,0.75,1.0,1.0,de3353cb079dd1b5bcb77ff3f55656da1378f9bb20e8ddce4eebc01b09d5660c,0.75,67d72ea39d3632a63b6f146927c731df164630ecc2f31df73e15dd1c291d7d71
ruler_niah_multiquery_16k:0454,ruler_niah_multiquery_16k,20260926,0.5,1.0,0.5,eeada8e115abfee405829968d217fd1b849a54aca78171073ed5b5e5b61cbdd2,1.0,50c01701a35ed7e84fe0572df94ed8981e60617f752eae6b91b8382bebf89b6f
ruler_niah_multiquery_16k:0454,ruler_niah_multiquery_16k,20260927,0.5,1.0,1.0,11137dbe3665572bb0967d0d7652888c338509a8e3d8b6f64955b635ee74bfb2,1.0,30dcfe0543c6179fe65c0902ad515a581ab451c7388837607e2d7d2dfc674db2
ruler_niah_multiquery_16k:0454,ruler_niah_multiquery_16k,20260928,0.5,1.0,1.0,11137dbe3665572bb0967d0d7652888c338509a8e3d8b6f64955b635ee74bfb2,1.0,11137dbe3665572bb0967d0d7652888c338509a8e3d8b6f64955b635ee74bfb2
ruler_niah_multiquery_16k:0454,ruler_niah_multiquery_16k,20260929,0.5,1.0,1.0,50c01701a35ed7e84fe0572df94ed8981e60617f752eae6b91b8382bebf89b6f,1.0,50c01701a35ed7e84fe0572df94ed8981e60617f752eae6b91b8382bebf89b6f
ruler_niah_multiquery_16k:0454,ruler_niah_multiquery_16k,20260930,0.5,1.0,1.0,50c01701a35ed7e84fe0572df94ed8981e60617f752eae6b91b8382bebf89b6f,1.0,11137dbe3665572bb0967d0d7652888c338509a8e3d8b6f64955b635ee74bfb2
ruler_niah_multivalue_16k:0060,ruler_niah_multivalue_16k,20260926,0.75,1.0,0.75,20c205df6284e597c5d59f2c8ba2ccc5af67a1ec3ac9cab90331745ce399bcce,0.75,20c205df6284e597c5d59f2c8ba2ccc5af67a1ec3ac9cab90331745ce399bcce
ruler_niah_multivalue_16k:0060,ruler_niah_multivalue_16k,20260927,0.75,1.0,0.75,20c205df6284e597c5d59f2c8ba2ccc5af67a1ec3ac9cab90331745ce399bcce,0.75,20c205df6284e597c5d59f2c8ba2ccc5af67a1ec3ac9cab90331745ce399bcce
ruler_niah_multivalue_16k:0060,ruler_niah_multivalue_16k,20260928,0.75,1.0,1.0,932b555da070ff9269be3c414fe35bdf8981c0903363d3da665bebcf0a882b4a,0.75,20c205df6284e597c5d59f2c8ba2ccc5af67a1ec3ac9cab90331745ce399bcce
ruler_niah_multivalue_16k:0060,ruler_niah_multivalue_16k,20260929,0.75,1.0,1.0,932b555da070ff9269be3c414fe35bdf8981c0903363d3da665bebcf0a882b4a,1.0,932b555da070ff9269be3c414fe35bdf8981c0903363d3da665bebcf0a882b4a
ruler_niah_multivalue_16k:0060,ruler_niah_multivalue_16k,20260930,0.75,1.0,0.75,20c205df6284e597c5d59f2c8ba2ccc5af67a1ec3ac9cab90331745ce399bcce,0.75,20c205df6284e597c5d59f2c8ba2ccc5af67a1ec3ac9cab90331745ce399bcce
ruler_niah_multivalue_16k:0144,ruler_niah_multivalue_16k,20260926,0.75,1.0,0.75,7bb7af3f7bbee39b0115633d8483f8f728ec8bfc21e0f156a5ed8444e0b71601,1.0,3b8322568daa8d5aa145787dd709e23765869e8572aba13a8483f7791787bc46
ruler_niah_multivalue_16k:0144,ruler_niah_multivalue_16k,20260927,0.75,1.0,1.0,3b8322568daa8d5aa145787dd709e23765869e8572aba13a8483f7791787bc46,1.0,3b8322568daa8d5aa145787dd709e23765869e8572aba13a8483f7791787bc46
ruler_niah_multivalue_16k:0144,ruler_niah_multivalue_16k,20260928,0.75,1.0,1.0,3b8322568daa8d5aa145787dd709e23765869e8572aba13a8483f7791787bc46,1.0,3b8322568daa8d5aa145787dd709e23765869e8572aba13a8483f7791787bc46
ruler_niah_multivalue_16k:0144,ruler_niah_multivalue_16k,20260929,0.75,1.0,0.75,7bb7af3f7bbee39b0115633d8483f8f728ec8bfc21e0f156a5ed8444e0b71601,0.75,7bb7af3f7bbee39b0115633d8483f8f728ec8bfc21e0f156a5ed8444e0b71601
ruler_niah_multivalue_16k:0144,ruler_niah_multivalue_16k,20260930,0.75,1.0,1.0,3b8322568daa8d5aa145787dd709e23765869e8572aba13a8483f7791787bc46,1.0,3b8322568daa8d5aa145787dd709e23765869e8572aba13a8483f7791787bc46
ruler_niah_multivalue_16k:0192,ruler_niah_multivalue_16k,20260926,0.75,1.0,1.0,d0dcfc8d64efeeb12fcf60ad605edbfd268c3a968eb7fc6c8f8b749066a6541f,1.0,d0dcfc8d64efeeb12fcf60ad605edbfd268c3a968eb7fc6c8f8b749066a6541f
ruler_niah_multivalue_16k:0192,ruler_niah_multivalue_16k,20260927,0.75,1.0,0.75,3a3ada03b0e324529d6c7e664df37c9734f1635854d77ce3c08d6f7bade9e2dd,0.75,3a3ada03b0e324529d6c7e664df37c9734f1635854d77ce3c08d6f7bade9e2dd
ruler_niah_multivalue_16k:0192,ruler_niah_multivalue_16k,20260928,0.75,1.0,0.75,3a3ada03b0e324529d6c7e664df37c9734f1635854d77ce3c08d6f7bade9e2dd,0.75,3a3ada03b0e324529d6c7e664df37c9734f1635854d77ce3c08d6f7bade9e2dd
ruler_niah_multivalue_16k:0192,ruler_niah_multivalue_16k,20260929,0.75,1.0,0.75,3a3ada03b0e324529d6c7e664df37c9734f1635854d77ce3c08d6f7bade9e2dd,0.75,3a3ada03b0e324529d6c7e664df37c9734f1635854d77ce3c08d6f7bade9e2dd
ruler_niah_multivalue_16k:0192,ruler_niah_multivalue_16k,20260930,0.75,1.0,0.75,3a3ada03b0e324529d6c7e664df37c9734f1635854d77ce3c08d6f7bade9e2dd,0.75,3a3ada03b0e324529d6c7e664df37c9734f1635854d77ce3c08d6f7bade9e2dd
ruler_niah_multivalue_16k:0245,ruler_niah_multivalue_16k,20260926,0.75,1.0,0.75,3218be9550144bf8d33706c56b29fc96a6fbd947cb3aa9f23ab165929d6a3b30,0.75,3218be9550144bf8d33706c56b29fc96a6fbd947cb3aa9f23ab165929d6a3b30
ruler_niah_multivalue_16k:0245,ruler_niah_multivalue_16k,20260927,0.75,1.0,0.75,3218be9550144bf8d33706c56b29fc96a6fbd947cb3aa9f23ab165929d6a3b30,0.75,3218be9550144bf8d33706c56b29fc96a6fbd947cb3aa9f23ab165929d6a3b30
ruler_niah_multivalue_16k:0245,ruler_niah_multivalue_16k,20260928,0.75,1.0,0.75,3218be9550144bf8d33706c56b29fc96a6fbd947cb3aa9f23ab165929d6a3b30,0.75,3218be9550144bf8d33706c56b29fc96a6fbd947cb3aa9f23ab165929d6a3b30
ruler_niah_multivalue_16k:0245,ruler_niah_multivalue_16k,20260929,0.75,1.0,0.75,3218be9550144bf8d33706c56b29fc96a6fbd947cb3aa9f23ab165929d6a3b30,0.75,3218be9550144bf8d33706c56b29fc96a6fbd947cb3aa9f23ab165929d6a3b30
ruler_niah_multivalue_16k:0245,ruler_niah_multivalue_16k,20260930,0.75,1.0,0.75,3218be9550144bf8d33706c56b29fc96a6fbd947cb3aa9f23ab165929d6a3b30,0.75,3218be9550144bf8d33706c56b29fc96a6fbd947cb3aa9f23ab165929d6a3b30
ruler_niah_multivalue_16k:0266,ruler_niah_multivalue_16k,20260926,0.75,1.0,0.75,5977b655b00d746f4a478faa39003d990b806072a7879cbaaf9fc47032f0592f,0.75,5977b655b00d746f4a478faa39003d990b806072a7879cbaaf9fc47032f0592f
ruler_niah_multivalue_16k:0266,ruler_niah_multivalue_16k,20260927,0.75,1.0,0.75,5977b655b00d746f4a478faa39003d990b806072a7879cbaaf9fc47032f0592f,0.75,5977b655b00d746f4a478faa39003d990b806072a7879cbaaf9fc47032f0592f
ruler_niah_multivalue_16k:0266,ruler_niah_multivalue_16k,20260928,0.75,1.0,0.75,5977b655b00d746f4a478faa39003d990b806072a7879cbaaf9fc47032f0592f,0.75,5977b655b00d746f4a478faa39003d990b806072a7879cbaaf9fc47032f0592f
ruler_niah_multivalue_16k:0266,ruler_niah_multivalue_16k,20260929,0.75,1.0,0.75,5977b655b00d746f4a478faa39003d990b806072a7879cbaaf9fc47032f0592f,0.75,5977b655b00d746f4a478faa39003d990b806072a7879cbaaf9fc47032f0592f
ruler_niah_multivalue_16k:0266,ruler_niah_multivalue_16k,20260930,0.75,1.0,0.75,5977b655b00d746f4a478faa39003d990b806072a7879cbaaf9fc47032f0592f,0.75,5977b655b00d746f4a478faa39003d990b806072a7879cbaaf9fc47032f0592f
ruler_niah_multivalue_16k:0288,ruler_niah_multivalue_16k,20260926,0.75,1.0,0.75,d05ca0c7d2e36565f4b023a3098d89991c400241f85ce025fa3aacf407977e8b,0.75,d05ca0c7d2e36565f4b023a3098d89991c400241f85ce025fa3aacf407977e8b
ruler_niah_multivalue_16k:0288,ruler_niah_multivalue_16k,20260927,0.75,1.0,0.75,d05ca0c7d2e36565f4b023a3098d89991c400241f85ce025fa3aacf407977e8b,0.75,d05ca0c7d2e36565f4b023a3098d89991c400241f85ce025fa3aacf407977e8b
ruler_niah_multivalue_16k:0288,ruler_niah_multivalue_16k,20260928,0.75,1.0,0.75,d05ca0c7d2e36565f4b023a3098d89991c400241f85ce025fa3aacf407977e8b,0.75,d05ca0c7d2e36565f4b023a3098d89991c400241f85ce025fa3aacf407977e8b
ruler_niah_multivalue_16k:0288,ruler_niah_multivalue_16k,20260929,0.75,1.0,0.75,d05ca0c7d2e36565f4b023a3098d89991c400241f85ce025fa3aacf407977e8b,0.75,d05ca0c7d2e36565f4b023a3098d89991c400241f85ce025fa3aacf407977e8b
ruler_niah_multivalue_16k:0288,ruler_niah_multivalue_16k,20260930,0.75,1.0,0.75,d05ca0c7d2e36565f4b023a3098d89991c400241f85ce025fa3aacf407977e8b,0.75,d05ca0c7d2e36565f4b023a3098d89991c400241f85ce025fa3aacf407977e8b
ruler_niah_multivalue_16k:0496,ruler_niah_multivalue_16k,20260926,0.75,1.0,0.75,9338a972e877ca7364776ce5d458b88827d188f8ca0de0e0738cdebbc43952f6,0.75,9338a972e877ca7364776ce5d458b88827d188f8ca0de0e0738cdebbc43952f6
ruler_niah_multivalue_16k:0496,ruler_niah_multivalue_16k,20260927,0.75,1.0,0.75,9338a972e877ca7364776ce5d458b88827d188f8ca0de0e0738cdebbc43952f6,0.75,9338a972e877ca7364776ce5d458b88827d188f8ca0de0e0738cdebbc43952f6
ruler_niah_multivalue_16k:0496,ruler_niah_multivalue_16k,20260928,0.75,1.0,0.75,2021b3fe6cd3ae21302a757087429289bf736a9829bc15f02cec4b7618fe7324,1.0,bd0963a7f5563e27efcd11fd1ce16aca7bc18fd04e3f2136b340e328c17a1ab4
ruler_niah_multivalue_16k:0496,ruler_niah_multivalue_16k,20260929,0.75,1.0,0.75,2021b3fe6cd3ae21302a757087429289bf736a9829bc15f02cec4b7618fe7324,0.75,9338a972e877ca7364776ce5d458b88827d188f8ca0de0e0738cdebbc43952f6
ruler_niah_multivalue_16k:0496,ruler_niah_multivalue_16k,20260930,0.75,1.0,0.75,2021b3fe6cd3ae21302a757087429289bf736a9829bc15f02cec4b7618fe7324,0.75,2021b3fe6cd3ae21302a757087429289bf736a9829bc15f02cec4b7618fe7324
ruler_niah_multivalue_16k:0498,ruler_niah_multivalue_16k,20260926,0.5,1.0,0.5,48cdd672e30ba80aa721f89b7752ad6a2c90ee770b3aee12676349074676a64c,0.5,48cdd672e30ba80aa721f89b7752ad6a2c90ee770b3aee12676349074676a64c
ruler_niah_multivalue_16k:0498,ruler_niah_multivalue_16k,20260927,0.5,1.0,0.5,48cdd672e30ba80aa721f89b7752ad6a2c90ee770b3aee12676349074676a64c,0.5,48cdd672e30ba80aa721f89b7752ad6a2c90ee770b3aee12676349074676a64c
ruler_niah_multivalue_16k:0498,ruler_niah_multivalue_16k,20260928,0.5,1.0,1.0,68b237e46379cf73eee821ce9d2013747829a9ef45eedf32a238b9843035a7b4,0.5,48cdd672e30ba80aa721f89b7752ad6a2c90ee770b3aee12676349074676a64c
ruler_niah_multivalue_16k:0498,ruler_niah_multivalue_16k,20260929,0.5,1.0,0.5,48cdd672e30ba80aa721f89b7752ad6a2c90ee770b3aee12676349074676a64c,0.5,48cdd672e30ba80aa721f89b7752ad6a2c90ee770b3aee12676349074676a64c
ruler_niah_multivalue_16k:0498,ruler_niah_multivalue_16k,20260930,0.5,1.0,0.5,48cdd672e30ba80aa721f89b7752ad6a2c90ee770b3aee12676349074676a64c,0.5,48cdd672e30ba80aa721f89b7752ad6a2c90ee770b3aee12676349074676a64c
ruler_qa_hotpotqa_16k:0006,ruler_qa_hotpotqa_16k,20260926,0.0,1.0,0.0,814d1e3ca65ac4e0fe1c7cc41b9a0509bf5943386c14a283cf4d6b1c2bb33425,0.0,814d1e3ca65ac4e0fe1c7cc41b9a0509bf5943386c14a283cf4d6b1c2bb33425
ruler_qa_hotpotqa_16k:0006,ruler_qa_hotpotqa_16k,20260927,0.0,1.0,0.0,814d1e3ca65ac4e0fe1c7cc41b9a0509bf5943386c14a283cf4d6b1c2bb33425,0.0,814d1e3ca65ac4e0fe1c7cc41b9a0509bf5943386c14a283cf4d6b1c2bb33425
ruler_qa_hotpotqa_16k:0006,ruler_qa_hotpotqa_16k,20260928,0.0,1.0,0.0,814d1e3ca65ac4e0fe1c7cc41b9a0509bf5943386c14a283cf4d6b1c2bb33425,0.0,814d1e3ca65ac4e0fe1c7cc41b9a0509bf5943386c14a283cf4d6b1c2bb33425
ruler_qa_hotpotqa_16k:0006,ruler_qa_hotpotqa_16k,20260929,0.0,1.0,0.0,814d1e3ca65ac4e0fe1c7cc41b9a0509bf5943386c14a283cf4d6b1c2bb33425,0.0,814d1e3ca65ac4e0fe1c7cc41b9a0509bf5943386c14a283cf4d6b1c2bb33425
ruler_qa_hotpotqa_16k:0006,ruler_qa_hotpotqa_16k,20260930,0.0,1.0,0.0,814d1e3ca65ac4e0fe1c7cc41b9a0509bf5943386c14a283cf4d6b1c2bb33425,0.0,814d1e3ca65ac4e0fe1c7cc41b9a0509bf5943386c14a283cf4d6b1c2bb33425
ruler_qa_hotpotqa_16k:0023,ruler_qa_hotpotqa_16k,20260926,0.0,1.0,0.0,41ecc6960b9f1f5eb104e4a64f48f37c01ba9bb4d3d9839c20a60295cf10cc1c,0.0,41ecc6960b9f1f5eb104e4a64f48f37c01ba9bb4d3d9839c20a60295cf10cc1c
ruler_qa_hotpotqa_16k:0023,ruler_qa_hotpotqa_16k,20260927,0.0,1.0,0.0,588946968b93724f341739ea013048553c5bfe29b0e4b5a8cc963e74f055fb74,0.0,588946968b93724f341739ea013048553c5bfe29b0e4b5a8cc963e74f055fb74
ruler_qa_hotpotqa_16k:0023,ruler_qa_hotpotqa_16k,20260928,0.0,1.0,0.0,41ecc6960b9f1f5eb104e4a64f48f37c01ba9bb4d3d9839c20a60295cf10cc1c,0.0,41ecc6960b9f1f5eb104e4a64f48f37c01ba9bb4d3d9839c20a60295cf10cc1c
ruler_qa_hotpotqa_16k:0023,ruler_qa_hotpotqa_16k,20260929,0.0,1.0,1.0,f6690e3f4164a387d9845f960f04243c4d4637823e0e90072ee7bb9bdc689ae8,0.0,41ecc6960b9f1f5eb104e4a64f48f37c01ba9bb4d3d9839c20a60295cf10cc1c
ruler_qa_hotpotqa_16k:0023,ruler_qa_hotpotqa_16k,20260930,0.0,1.0,0.0,41ecc6960b9f1f5eb104e4a64f48f37c01ba9bb4d3d9839c20a60295cf10cc1c,0.0,41ecc6960b9f1f5eb104e4a64f48f37c01ba9bb4d3d9839c20a60295cf10cc1c
ruler_qa_hotpotqa_16k:0031,ruler_qa_hotpotqa_16k,20260926,0.0,1.0,0.0,7426ae3426d43d1ad2ae7ade878f1561cf08d59aa1c13f8810442c2422025367,0.0,7426ae3426d43d1ad2ae7ade878f1561cf08d59aa1c13f8810442c2422025367
ruler_qa_hotpotqa_16k:0031,ruler_qa_hotpotqa_16k,20260927,0.0,1.0,0.0,7426ae3426d43d1ad2ae7ade878f1561cf08d59aa1c13f8810442c2422025367,0.0,7426ae3426d43d1ad2ae7ade878f1561cf08d59aa1c13f8810442c2422025367
ruler_qa_hotpotqa_16k:0031,ruler_qa_hotpotqa_16k,20260928,0.0,1.0,0.0,7426ae3426d43d1ad2ae7ade878f1561cf08d59aa1c13f8810442c2422025367,0.0,7426ae3426d43d1ad2ae7ade878f1561cf08d59aa1c13f8810442c2422025367
ruler_qa_hotpotqa_16k:0031,ruler_qa_hotpotqa_16k,20260929,0.0,1.0,0.0,7426ae3426d43d1ad2ae7ade878f1561cf08d59aa1c13f8810442c2422025367,0.0,7426ae3426d43d1ad2ae7ade878f1561cf08d59aa1c13f8810442c2422025367
ruler_qa_hotpotqa_16k:0031,ruler_qa_hotpotqa_16k,20260930,0.0,1.0,0.0,7426ae3426d43d1ad2ae7ade878f1561cf08d59aa1c13f8810442c2422025367,0.0,7426ae3426d43d1ad2ae7ade878f1561cf08d59aa1c13f8810442c2422025367
ruler_qa_hotpotqa_16k:0059,ruler_qa_hotpotqa_16k,20260926,0.0,1.0,1.0,796b29c7e406e8a4507afc892128d512f3ecf1b97dcf6343e75aa801e11cfccc,0.0,158a166d7c2401ad115fbdfda600ba1cc96b45b25a05b7905ba7a427080545c0
ruler_qa_hotpotqa_16k:0059,ruler_qa_hotpotqa_16k,20260927,0.0,1.0,0.0,158a166d7c2401ad115fbdfda600ba1cc96b45b25a05b7905ba7a427080545c0,0.0,158a166d7c2401ad115fbdfda600ba1cc96b45b25a05b7905ba7a427080545c0
ruler_qa_hotpotqa_16k:0059,ruler_qa_hotpotqa_16k,20260928,0.0,1.0,0.0,158a166d7c2401ad115fbdfda600ba1cc96b45b25a05b7905ba7a427080545c0,0.0,158a166d7c2401ad115fbdfda600ba1cc96b45b25a05b7905ba7a427080545c0
ruler_qa_hotpotqa_16k:0059,ruler_qa_hotpotqa_16k,20260929,0.0,1.0,0.0,158a166d7c2401ad115fbdfda600ba1cc96b45b25a05b7905ba7a427080545c0,0.0,158a166d7c2401ad115fbdfda600ba1cc96b45b25a05b7905ba7a427080545c0
ruler_qa_hotpotqa_16k:0059,ruler_qa_hotpotqa_16k,20260930,0.0,1.0,0.0,158a166d7c2401ad115fbdfda600ba1cc96b45b25a05b7905ba7a427080545c0,0.0,158a166d7c2401ad115fbdfda600ba1cc96b45b25a05b7905ba7a427080545c0
ruler_qa_hotpotqa_16k:0085,ruler_qa_hotpotqa_16k,20260926,0.0,1.0,0.0,7da6e630d75d9fca2834a6b72214fade358fe4164a77322262f36a6e3ac86ade,0.0,7da6e630d75d9fca2834a6b72214fade358fe4164a77322262f36a6e3ac86ade
ruler_qa_hotpotqa_16k:0085,ruler_qa_hotpotqa_16k,20260927,0.0,1.0,1.0,7605c484c2dad237713170da4674a650ef6cf71d55601c159208b15844dbb362,1.0,7605c484c2dad237713170da4674a650ef6cf71d55601c159208b15844dbb362
ruler_qa_hotpotqa_16k:0085,ruler_qa_hotpotqa_16k,20260928,0.0,1.0,0.0,7da6e630d75d9fca2834a6b72214fade358fe4164a77322262f36a6e3ac86ade,0.0,7da6e630d75d9fca2834a6b72214fade358fe4164a77322262f36a6e3ac86ade
ruler_qa_hotpotqa_16k:0085,ruler_qa_hotpotqa_16k,20260929,0.0,1.0,0.0,7da6e630d75d9fca2834a6b72214fade358fe4164a77322262f36a6e3ac86ade,0.0,7da6e630d75d9fca2834a6b72214fade358fe4164a77322262f36a6e3ac86ade
ruler_qa_hotpotqa_16k:0085,ruler_qa_hotpotqa_16k,20260930,0.0,1.0,1.0,7605c484c2dad237713170da4674a650ef6cf71d55601c159208b15844dbb362,1.0,7605c484c2dad237713170da4674a650ef6cf71d55601c159208b15844dbb362
ruler_qa_hotpotqa_16k:0118,ruler_qa_hotpotqa_16k,20260926,0.0,1.0,0.0,c9a82b63b0b24cefaf3b819097ebf7320215634cdba5aeedac1a8afd84b3a8a2,0.0,c9a82b63b0b24cefaf3b819097ebf7320215634cdba5aeedac1a8afd84b3a8a2
ruler_qa_hotpotqa_16k:0118,ruler_qa_hotpotqa_16k,20260927,0.0,1.0,0.0,1c0fce13ebed81011a588eaaf3a5b515688aa1e27fdd271ca2b836197a09fa24,0.0,c9a82b63b0b24cefaf3b819097ebf7320215634cdba5aeedac1a8afd84b3a8a2
ruler_qa_hotpotqa_16k:0118,ruler_qa_hotpotqa_16k,20260928,0.0,1.0,0.0,0212b741b4f4771d2f67a44c47476161d4cad6a70d7279a1ed8e648f28740e2b,0.0,0212b741b4f4771d2f67a44c47476161d4cad6a70d7279a1ed8e648f28740e2b
ruler_qa_hotpotqa_16k:0118,ruler_qa_hotpotqa_16k,20260929,0.0,1.0,0.0,0212b741b4f4771d2f67a44c47476161d4cad6a70d7279a1ed8e648f28740e2b,0.0,0212b741b4f4771d2f67a44c47476161d4cad6a70d7279a1ed8e648f28740e2b
ruler_qa_hotpotqa_16k:0118,ruler_qa_hotpotqa_16k,20260930,0.0,1.0,0.0,c9a82b63b0b24cefaf3b819097ebf7320215634cdba5aeedac1a8afd84b3a8a2,0.0,0212b741b4f4771d2f67a44c47476161d4cad6a70d7279a1ed8e648f28740e2b
ruler_qa_hotpotqa_16k:0140,ruler_qa_hotpotqa_16k,20260926,0.0,1.0,0.0,8fbe9c0a8f135980aecd7bc94326277727074f4eb29540b65e84a452701a5440,0.0,8fbe9c0a8f135980aecd7bc94326277727074f4eb29540b65e84a452701a5440
ruler_qa_hotpotqa_16k:0140,ruler_qa_hotpotqa_16k,20260927,0.0,1.0,0.0,8fbe9c0a8f135980aecd7bc94326277727074f4eb29540b65e84a452701a5440,0.0,8fbe9c0a8f135980aecd7bc94326277727074f4eb29540b65e84a452701a5440
ruler_qa_hotpotqa_16k:0140,ruler_qa_hotpotqa_16k,20260928,0.0,1.0,1.0,e4a66ab8a3bcc20349a1a5d81bc8e2dd9d36dae37746217440cbda29f7bc43cb,0.0,8fbe9c0a8f135980aecd7bc94326277727074f4eb29540b65e84a452701a5440
ruler_qa_hotpotqa_16k:0140,ruler_qa_hotpotqa_16k,20260929,0.0,1.0,0.0,8fbe9c0a8f135980aecd7bc94326277727074f4eb29540b65e84a452701a5440,0.0,8fbe9c0a8f135980aecd7bc94326277727074f4eb29540b65e84a452701a5440
ruler_qa_hotpotqa_16k:0140,ruler_qa_hotpotqa_16k,20260930,0.0,1.0,0.0,8fbe9c0a8f135980aecd7bc94326277727074f4eb29540b65e84a452701a5440,0.0,8fbe9c0a8f135980aecd7bc94326277727074f4eb29540b65e84a452701a5440
ruler_qa_hotpotqa_16k:0191,ruler_qa_hotpotqa_16k,20260926,0.0,1.0,0.0,382496c497812b4749295ae915d696da1e7b2606541b6352e00b85e630b18dce,0.0,382496c497812b4749295ae915d696da1e7b2606541b6352e00b85e630b18dce
ruler_qa_hotpotqa_16k:0191,ruler_qa_hotpotqa_16k,20260927,0.0,1.0,0.0,cb4cceddc5f6b86e92e839248cafac51bf8c8ce73ff99489b866ee9803a61a46,0.0,cb4cceddc5f6b86e92e839248cafac51bf8c8ce73ff99489b866ee9803a61a46
ruler_qa_hotpotqa_16k:0191,ruler_qa_hotpotqa_16k,20260928,0.0,1.0,0.0,382496c497812b4749295ae915d696da1e7b2606541b6352e00b85e630b18dce,0.0,cb4cceddc5f6b86e92e839248cafac51bf8c8ce73ff99489b866ee9803a61a46
ruler_qa_hotpotqa_16k:0191,ruler_qa_hotpotqa_16k,20260929,0.0,1.0,0.0,cb4cceddc5f6b86e92e839248cafac51bf8c8ce73ff99489b866ee9803a61a46,0.0,cb4cceddc5f6b86e92e839248cafac51bf8c8ce73ff99489b866ee9803a61a46
ruler_qa_hotpotqa_16k:0191,ruler_qa_hotpotqa_16k,20260930,0.0,1.0,0.0,382496c497812b4749295ae915d696da1e7b2606541b6352e00b85e630b18dce,0.0,382496c497812b4749295ae915d696da1e7b2606541b6352e00b85e630b18dce
ruler_qa_hotpotqa_16k:0312,ruler_qa_hotpotqa_16k,20260926,0.0,1.0,0.0,4f8bc1092c7457e37362464a6bb659bae835ab9293760749f4a93519eb2c4cbe,0.0,4f8bc1092c7457e37362464a6bb659bae835ab9293760749f4a93519eb2c4cbe
ruler_qa_hotpotqa_16k:0312,ruler_qa_hotpotqa_16k,20260927,0.0,1.0,0.0,250ade35ef281f922669ef0dffee568c2ae92e89a174aaf8c3e324b44ddff7fe,0.0,250ade35ef281f922669ef0dffee568c2ae92e89a174aaf8c3e324b44ddff7fe
ruler_qa_hotpotqa_16k:0312,ruler_qa_hotpotqa_16k,20260928,0.0,1.0,0.0,250ade35ef281f922669ef0dffee568c2ae92e89a174aaf8c3e324b44ddff7fe,0.0,250ade35ef281f922669ef0dffee568c2ae92e89a174aaf8c3e324b44ddff7fe
ruler_qa_hotpotqa_16k:0312,ruler_qa_hotpotqa_16k,20260929,0.0,1.0,0.0,250ade35ef281f922669ef0dffee568c2ae92e89a174aaf8c3e324b44ddff7fe,0.0,250ade35ef281f922669ef0dffee568c2ae92e89a174aaf8c3e324b44ddff7fe
ruler_qa_hotpotqa_16k:0312,ruler_qa_hotpotqa_16k,20260930,0.0,1.0,0.0,250ade35ef281f922669ef0dffee568c2ae92e89a174aaf8c3e324b44ddff7fe,0.0,4f8bc1092c7457e37362464a6bb659bae835ab9293760749f4a93519eb2c4cbe
ruler_qa_hotpotqa_16k:0337,ruler_qa_hotpotqa_16k,20260926,0.0,1.0,0.0,851cb3b0f9c7414826deefb6042af771024638c60825bd4bb2aa0dcae7c98536,0.0,851cb3b0f9c7414826deefb6042af771024638c60825bd4bb2aa0dcae7c98536
ruler_qa_hotpotqa_16k:0337,ruler_qa_hotpotqa_16k,20260927,0.0,1.0,0.0,851cb3b0f9c7414826deefb6042af771024638c60825bd4bb2aa0dcae7c98536,1.0,5eea3180e8359440a49ccc82afb110b05d158400c00a937e10369a6a0787e60b
ruler_qa_hotpotqa_16k:0337,ruler_qa_hotpotqa_16k,20260928,0.0,1.0,0.0,851cb3b0f9c7414826deefb6042af771024638c60825bd4bb2aa0dcae7c98536,0.0,851cb3b0f9c7414826deefb6042af771024638c60825bd4bb2aa0dcae7c98536
ruler_qa_hotpotqa_16k:0337,ruler_qa_hotpotqa_16k,20260929,0.0,1.0,0.0,851cb3b0f9c7414826deefb6042af771024638c60825bd4bb2aa0dcae7c98536,0.0,851cb3b0f9c7414826deefb6042af771024638c60825bd4bb2aa0dcae7c98536
ruler_qa_hotpotqa_16k:0337,ruler_qa_hotpotqa_16k,20260930,0.0,1.0,0.0,851cb3b0f9c7414826deefb6042af771024638c60825bd4bb2aa0dcae7c98536,1.0,5eea3180e8359440a49ccc82afb110b05d158400c00a937e10369a6a0787e60b
ruler_qa_hotpotqa_16k:0348,ruler_qa_hotpotqa_16k,20260926,0.0,1.0,1.0,f0a522df64cd0878ff5539813f936af2987aae723fc704e0509e079e4ac4b874,1.0,f0a522df64cd0878ff5539813f936af2987aae723fc704e0509e079e4ac4b874
ruler_qa_hotpotqa_16k:0348,ruler_qa_hotpotqa_16k,20260927,0.0,1.0,1.0,34d2656fb6437ae8ccc2b2290825fde19548d107e82e2be92613c1d778aa6d51,1.0,1df470c15312dd1f1cf0b251065a763ccf9f2fb0054b689d6d1a4f00cd1e95a3
ruler_qa_hotpotqa_16k:0348,ruler_qa_hotpotqa_16k,20260928,0.0,1.0,1.0,34d2656fb6437ae8ccc2b2290825fde19548d107e82e2be92613c1d778aa6d51,1.0,34d2656fb6437ae8ccc2b2290825fde19548d107e82e2be92613c1d778aa6d51
ruler_qa_hotpotqa_16k:0348,ruler_qa_hotpotqa_16k,20260929,0.0,1.0,0.0,74112879fdf81f45b7a2bd4e8422f4a9d914408ebcc184f64b711fe183302183,0.0,74112879fdf81f45b7a2bd4e8422f4a9d914408ebcc184f64b711fe183302183
ruler_qa_hotpotqa_16k:0348,ruler_qa_hotpotqa_16k,20260930,0.0,1.0,1.0,bef568838f2a7b1bb85642f267aad169ef3f487fc388c0404244937ba451eaf9,1.0,bef568838f2a7b1bb85642f267aad169ef3f487fc388c0404244937ba451eaf9
ruler_qa_hotpotqa_16k:0364,ruler_qa_hotpotqa_16k,20260926,0.0,1.0,0.0,a19ed244d01787915764294316d725e12790fe3be750136eeccef8a934b9a0ef,0.0,a19ed244d01787915764294316d725e12790fe3be750136eeccef8a934b9a0ef
ruler_qa_hotpotqa_16k:0364,ruler_qa_hotpotqa_16k,20260927,0.0,1.0,0.0,a19ed244d01787915764294316d725e12790fe3be750136eeccef8a934b9a0ef,0.0,a19ed244d01787915764294316d725e12790fe3be750136eeccef8a934b9a0ef
ruler_qa_hotpotqa_16k:0364,ruler_qa_hotpotqa_16k,20260928,0.0,1.0,0.0,a19ed244d01787915764294316d725e12790fe3be750136eeccef8a934b9a0ef,0.0,a19ed244d01787915764294316d725e12790fe3be750136eeccef8a934b9a0ef
ruler_qa_hotpotqa_16k:0364,ruler_qa_hotpotqa_16k,20260929,0.0,1.0,0.0,a19ed244d01787915764294316d725e12790fe3be750136eeccef8a934b9a0ef,1.0,fa0cab233a0b6075c0d5d07ef1f6451fa7b5d76106f06981b33db02914197751
ruler_qa_hotpotqa_16k:0364,ruler_qa_hotpotqa_16k,20260930,0.0,1.0,0.0,a19ed244d01787915764294316d725e12790fe3be750136eeccef8a934b9a0ef,0.0,a19ed244d01787915764294316d725e12790fe3be750136eeccef8a934b9a0ef
ruler_qa_hotpotqa_16k:0454,ruler_qa_hotpotqa_16k,20260926,0.0,1.0,1.0,b3fc3e6b95771dd8b398a5ae752bf8f2ea651126af3ff0efa14ebc28d1cf93ca,0.0,043e8d9b6079c159bec355df6acec79856cc22aead4ead0792b5f17a32ed6e75
ruler_qa_hotpotqa_16k:0454,ruler_qa_hotpotqa_16k,20260927,0.0,1.0,0.0,043e8d9b6079c159bec355df6acec79856cc22aead4ead0792b5f17a32ed6e75,0.0,043e8d9b6079c159bec355df6acec79856cc22aead4ead0792b5f17a32ed6e75
ruler_qa_hotpotqa_16k:0454,ruler_qa_hotpotqa_16k,20260928,0.0,1.0,0.0,043e8d9b6079c159bec355df6acec79856cc22aead4ead0792b5f17a32ed6e75,0.0,043e8d9b6079c159bec355df6acec79856cc22aead4ead0792b5f17a32ed6e75
ruler_qa_hotpotqa_16k:0454,ruler_qa_hotpotqa_16k,20260929,0.0,1.0,0.0,043e8d9b6079c159bec355df6acec79856cc22aead4ead0792b5f17a32ed6e75,0.0,043e8d9b6079c159bec355df6acec79856cc22aead4ead0792b5f17a32ed6e75
ruler_qa_hotpotqa_16k:0454,ruler_qa_hotpotqa_16k,20260930,0.0,1.0,0.0,043e8d9b6079c159bec355df6acec79856cc22aead4ead0792b5f17a32ed6e75,0.0,043e8d9b6079c159bec355df6acec79856cc22aead4ead0792b5f17a32ed6e75
ruler_qa_hotpotqa_16k:0493,ruler_qa_hotpotqa_16k,20260926,0.0,1.0,0.0,2ff714841b8c6d835cc6cb7a96a0def598b08a7fff7d8e2834f700765182a6b7,0.0,2b3b13ccf1d1be07fbe058a62891e2ec946ff1b1acc8a1572b8d70fe81c3241e
ruler_qa_hotpotqa_16k:0493,ruler_qa_hotpotqa_16k,20260927,0.0,1.0,0.0,2ff714841b8c6d835cc6cb7a96a0def598b08a7fff7d8e2834f700765182a6b7,0.0,2ff714841b8c6d835cc6cb7a96a0def598b08a7fff7d8e2834f700765182a6b7
ruler_qa_hotpotqa_16k:0493,ruler_qa_hotpotqa_16k,20260928,0.0,1.0,0.0,2ff714841b8c6d835cc6cb7a96a0def598b08a7fff7d8e2834f700765182a6b7,0.0,2b3b13ccf1d1be07fbe058a62891e2ec946ff1b1acc8a1572b8d70fe81c3241e
ruler_qa_hotpotqa_16k:0493,ruler_qa_hotpotqa_16k,20260929,0.0,1.0,0.0,2ff714841b8c6d835cc6cb7a96a0def598b08a7fff7d8e2834f700765182a6b7,0.0,2ff714841b8c6d835cc6cb7a96a0def598b08a7fff7d8e2834f700765182a6b7
ruler_qa_hotpotqa_16k:0493,ruler_qa_hotpotqa_16k,20260930,0.0,1.0,0.0,2b3b13ccf1d1be07fbe058a62891e2ec946ff1b1acc8a1572b8d70fe81c3241e,0.0,2b3b13ccf1d1be07fbe058a62891e2ec946ff1b1acc8a1572b8d70fe81c3241e
ruler_qa_squad_16k:0033,ruler_qa_squad_16k,20260926,0.0,1.0,0.0,1b00299e82e5f85b4f9402862e7b818759f8e9590bc9b8cfc9017b8284c879d1,0.0,1b00299e82e5f85b4f9402862e7b818759f8e9590bc9b8cfc9017b8284c879d1
ruler_qa_squad_16k:0033,ruler_qa_squad_16k,20260927,0.0,1.0,1.0,58b8cc2cdeda124451b3cd0a00761e13767ea9ab77cc36f9888378408dd892d6,1.0,58b8cc2cdeda124451b3cd0a00761e13767ea9ab77cc36f9888378408dd892d6
ruler_qa_squad_16k:0033,ruler_qa_squad_16k,20260928,0.0,1.0,0.0,76c03376edbb6fadf97d2b37e164768f3f80fe800c18e69b9902d3110c173970,0.0,76c03376edbb6fadf97d2b37e164768f3f80fe800c18e69b9902d3110c173970
ruler_qa_squad_16k:0033,ruler_qa_squad_16k,20260929,0.0,1.0,0.0,1b00299e82e5f85b4f9402862e7b818759f8e9590bc9b8cfc9017b8284c879d1,0.0,1b00299e82e5f85b4f9402862e7b818759f8e9590bc9b8cfc9017b8284c879d1
ruler_qa_squad_16k:0033,ruler_qa_squad_16k,20260930,0.0,1.0,0.0,1b00299e82e5f85b4f9402862e7b818759f8e9590bc9b8cfc9017b8284c879d1,0.0,1b00299e82e5f85b4f9402862e7b818759f8e9590bc9b8cfc9017b8284c879d1
ruler_qa_squad_16k:0056,ruler_qa_squad_16k,20260926,0.0,1.0,0.0,91be72b81a559ee4c5b61c2d2e20568f1d79d87e764d13d25737b87224543600,0.0,91be72b81a559ee4c5b61c2d2e20568f1d79d87e764d13d25737b87224543600
ruler_qa_squad_16k:0056,ruler_qa_squad_16k,20260927,0.0,1.0,0.0,91be72b81a559ee4c5b61c2d2e20568f1d79d87e764d13d25737b87224543600,0.0,91be72b81a559ee4c5b61c2d2e20568f1d79d87e764d13d25737b87224543600
ruler_qa_squad_16k:0056,ruler_qa_squad_16k,20260928,0.0,1.0,0.0,91be72b81a559ee4c5b61c2d2e20568f1d79d87e764d13d25737b87224543600,0.0,91be72b81a559ee4c5b61c2d2e20568f1d79d87e764d13d25737b87224543600
ruler_qa_squad_16k:0056,ruler_qa_squad_16k,20260929,0.0,1.0,0.0,91be72b81a559ee4c5b61c2d2e20568f1d79d87e764d13d25737b87224543600,0.0,91be72b81a559ee4c5b61c2d2e20568f1d79d87e764d13d25737b87224543600
ruler_qa_squad_16k:0056,ruler_qa_squad_16k,20260930,0.0,1.0,0.0,91be72b81a559ee4c5b61c2d2e20568f1d79d87e764d13d25737b87224543600,0.0,91be72b81a559ee4c5b61c2d2e20568f1d79d87e764d13d25737b87224543600
ruler_qa_squad_16k:0085,ruler_qa_squad_16k,20260926,0.0,1.0,0.0,eaa9958e1619f4f75b4c3a214f61fc643d8a32e9a119f1225a2d3de7c5128b94,1.0,4a1ddacf39399fb6aaddfe1431a18a79f0ee0c1585ac271d218d1641a51ca3d1
ruler_qa_squad_16k:0085,ruler_qa_squad_16k,20260927,0.0,1.0,0.0,eaa9958e1619f4f75b4c3a214f61fc643d8a32e9a119f1225a2d3de7c5128b94,1.0,4a1ddacf39399fb6aaddfe1431a18a79f0ee0c1585ac271d218d1641a51ca3d1
ruler_qa_squad_16k:0085,ruler_qa_squad_16k,20260928,0.0,1.0,0.0,eaa9958e1619f4f75b4c3a214f61fc643d8a32e9a119f1225a2d3de7c5128b94,0.0,eaa9958e1619f4f75b4c3a214f61fc643d8a32e9a119f1225a2d3de7c5128b94
ruler_qa_squad_16k:0085,ruler_qa_squad_16k,20260929,0.0,1.0,0.0,eaa9958e1619f4f75b4c3a214f61fc643d8a32e9a119f1225a2d3de7c5128b94,0.0,eaa9958e1619f4f75b4c3a214f61fc643d8a32e9a119f1225a2d3de7c5128b94
ruler_qa_squad_16k:0085,ruler_qa_squad_16k,20260930,0.0,1.0,1.0,4a1ddacf39399fb6aaddfe1431a18a79f0ee0c1585ac271d218d1641a51ca3d1,1.0,4a1ddacf39399fb6aaddfe1431a18a79f0ee0c1585ac271d218d1641a51ca3d1
ruler_qa_squad_16k:0141,ruler_qa_squad_16k,20260926,0.0,1.0,0.0,18f624223ff2ef10b4a4fd2152f6b88be0bf807d05425bb8c3da7d502ee8467a,0.0,356acc262512f4bd49c85266c8acaeb22f89225a22ed58977a375b4db10a9eef
ruler_qa_squad_16k:0141,ruler_qa_squad_16k,20260927,0.0,1.0,0.0,b1dcec528ec0c32420439c8df34682cbb995db343f39637dae2e2124028e0d99,0.0,18f624223ff2ef10b4a4fd2152f6b88be0bf807d05425bb8c3da7d502ee8467a
ruler_qa_squad_16k:0141,ruler_qa_squad_16k,20260928,0.0,1.0,0.0,18f624223ff2ef10b4a4fd2152f6b88be0bf807d05425bb8c3da7d502ee8467a,0.0,356acc262512f4bd49c85266c8acaeb22f89225a22ed58977a375b4db10a9eef
ruler_qa_squad_16k:0141,ruler_qa_squad_16k,20260929,0.0,1.0,0.0,18f624223ff2ef10b4a4fd2152f6b88be0bf807d05425bb8c3da7d502ee8467a,0.0,356acc262512f4bd49c85266c8acaeb22f89225a22ed58977a375b4db10a9eef
ruler_qa_squad_16k:0141,ruler_qa_squad_16k,20260930,0.0,1.0,0.0,18f624223ff2ef10b4a4fd2152f6b88be0bf807d05425bb8c3da7d502ee8467a,0.0,356acc262512f4bd49c85266c8acaeb22f89225a22ed58977a375b4db10a9eef
ruler_qa_squad_16k:0161,ruler_qa_squad_16k,20260926,0.0,1.0,0.0,e96ca8248b64d5f33c4e2ddd9a67b6b6ca790285d093241f77e6f512f02e218a,0.0,e96ca8248b64d5f33c4e2ddd9a67b6b6ca790285d093241f77e6f512f02e218a
ruler_qa_squad_16k:0161,ruler_qa_squad_16k,20260927,0.0,1.0,0.0,d2a35ee2fbe2816e90b95c380d10a5f0873d3c3ffdddca828923303a47fab0c6,0.0,d2a35ee2fbe2816e90b95c380d10a5f0873d3c3ffdddca828923303a47fab0c6
ruler_qa_squad_16k:0161,ruler_qa_squad_16k,20260928,0.0,1.0,0.0,d2a35ee2fbe2816e90b95c380d10a5f0873d3c3ffdddca828923303a47fab0c6,0.0,d2a35ee2fbe2816e90b95c380d10a5f0873d3c3ffdddca828923303a47fab0c6
ruler_qa_squad_16k:0161,ruler_qa_squad_16k,20260929,0.0,1.0,0.0,e96ca8248b64d5f33c4e2ddd9a67b6b6ca790285d093241f77e6f512f02e218a,0.0,e96ca8248b64d5f33c4e2ddd9a67b6b6ca790285d093241f77e6f512f02e218a
ruler_qa_squad_16k:0161,ruler_qa_squad_16k,20260930,0.0,1.0,0.0,d2a35ee2fbe2816e90b95c380d10a5f0873d3c3ffdddca828923303a47fab0c6,0.0,d2a35ee2fbe2816e90b95c380d10a5f0873d3c3ffdddca828923303a47fab0c6
ruler_qa_squad_16k:0172,ruler_qa_squad_16k,20260926,0.0,1.0,0.0,dd070ad3d557d829e72b12a7d1d685c84846a7b26c613ee49a77a151bcc55209,0.0,dd070ad3d557d829e72b12a7d1d685c84846a7b26c613ee49a77a151bcc55209
ruler_qa_squad_16k:0172,ruler_qa_squad_16k,20260927,0.0,1.0,0.0,dd070ad3d557d829e72b12a7d1d685c84846a7b26c613ee49a77a151bcc55209,0.0,dd070ad3d557d829e72b12a7d1d685c84846a7b26c613ee49a77a151bcc55209
ruler_qa_squad_16k:0172,ruler_qa_squad_16k,20260928,0.0,1.0,0.0,dd070ad3d557d829e72b12a7d1d685c84846a7b26c613ee49a77a151bcc55209,0.0,29a33c359fc7cc48d54501a334d329165f0cb39f45eceac6355fb8afe942a2fe
ruler_qa_squad_16k:0172,ruler_qa_squad_16k,20260929,0.0,1.0,0.0,dd070ad3d557d829e72b12a7d1d685c84846a7b26c613ee49a77a151bcc55209,0.0,dd070ad3d557d829e72b12a7d1d685c84846a7b26c613ee49a77a151bcc55209
ruler_qa_squad_16k:0172,ruler_qa_squad_16k,20260930,0.0,1.0,0.0,29a33c359fc7cc48d54501a334d329165f0cb39f45eceac6355fb8afe942a2fe,0.0,0bb7c7b55a37b20fe5fddb9c1532c22663902057b90d83a9c533304350b2bb98
ruler_qa_squad_16k:0184,ruler_qa_squad_16k,20260926,0.0,1.0,0.0,df6c2ea3e35d09e95f597eeb108b8fdd8e0a11ad0f9366aab17e7da30742338a,0.0,df6c2ea3e35d09e95f597eeb108b8fdd8e0a11ad0f9366aab17e7da30742338a
ruler_qa_squad_16k:0184,ruler_qa_squad_16k,20260927,0.0,1.0,0.0,8dc03775c500f95035508d424a81877cdb0c83db511ab162be9a24d0bce8c6d8,0.0,8dc03775c500f95035508d424a81877cdb0c83db511ab162be9a24d0bce8c6d8
ruler_qa_squad_16k:0184,ruler_qa_squad_16k,20260928,0.0,1.0,0.0,7e31806944b855b3216f0e5d23806dc41616647c050ce7d7fefb350e6b2efb3a,0.0,7e31806944b855b3216f0e5d23806dc41616647c050ce7d7fefb350e6b2efb3a
ruler_qa_squad_16k:0184,ruler_qa_squad_16k,20260929,0.0,1.0,0.0,df6c2ea3e35d09e95f597eeb108b8fdd8e0a11ad0f9366aab17e7da30742338a,0.0,df6c2ea3e35d09e95f597eeb108b8fdd8e0a11ad0f9366aab17e7da30742338a
ruler_qa_squad_16k:0184,ruler_qa_squad_16k,20260930,0.0,1.0,0.0,df6c2ea3e35d09e95f597eeb108b8fdd8e0a11ad0f9366aab17e7da30742338a,0.0,df6c2ea3e35d09e95f597eeb108b8fdd8e0a11ad0f9366aab17e7da30742338a
ruler_qa_squad_16k:0305,ruler_qa_squad_16k,20260926,0.0,1.0,0.0,d14c0f4f5c0c801d94f23f3a10e76b92d779a6e678c498846dcd7faddc7c0337,0.0,d14c0f4f5c0c801d94f23f3a10e76b92d779a6e678c498846dcd7faddc7c0337
ruler_qa_squad_16k:0305,ruler_qa_squad_16k,20260927,0.0,1.0,0.0,d14c0f4f5c0c801d94f23f3a10e76b92d779a6e678c498846dcd7faddc7c0337,0.0,d14c0f4f5c0c801d94f23f3a10e76b92d779a6e678c498846dcd7faddc7c0337
ruler_qa_squad_16k:0305,ruler_qa_squad_16k,20260928,0.0,1.0,0.0,b86b8cc4ca0e025394bef8b100a77fc49443822eea3f25c9bab809a90fea2aff,0.0,8e14e8e5bc4af4b4b9ae64c75f3f75b45e5dc25104ef7c9cfea7126547821a85
ruler_qa_squad_16k:0305,ruler_qa_squad_16k,20260929,0.0,1.0,0.0,d14c0f4f5c0c801d94f23f3a10e76b92d779a6e678c498846dcd7faddc7c0337,0.0,d14c0f4f5c0c801d94f23f3a10e76b92d779a6e678c498846dcd7faddc7c0337
ruler_qa_squad_16k:0305,ruler_qa_squad_16k,20260930,0.0,1.0,0.0,d14c0f4f5c0c801d94f23f3a10e76b92d779a6e678c498846dcd7faddc7c0337,0.0,d14c0f4f5c0c801d94f23f3a10e76b92d779a6e678c498846dcd7faddc7c0337
ruler_qa_squad_16k:0363,ruler_qa_squad_16k,20260926,0.0,1.0,0.0,0f2032542c194de464937be552fe096ff3390144e324a27d8595e42dfd537df5,0.0,2f1684291f41bdb67acc6299110f1911ab7f1eaaada29a54bf15dce1b8292657
ruler_qa_squad_16k:0363,ruler_qa_squad_16k,20260927,0.0,1.0,0.0,a79bfb8267bc4ca8df1ca2cc6b6169a6bf39edd8d07f16b419c2092cfe9fd506,0.0,2f1684291f41bdb67acc6299110f1911ab7f1eaaada29a54bf15dce1b8292657
ruler_qa_squad_16k:0363,ruler_qa_squad_16k,20260928,0.0,1.0,0.0,0f2032542c194de464937be552fe096ff3390144e324a27d8595e42dfd537df5,0.0,2f1684291f41bdb67acc6299110f1911ab7f1eaaada29a54bf15dce1b8292657
ruler_qa_squad_16k:0363,ruler_qa_squad_16k,20260929,0.0,1.0,0.0,b998b99a73b4c86538746af983092b27412ed40beaa9f70e91521323a5bc3737,0.0,2f1684291f41bdb67acc6299110f1911ab7f1eaaada29a54bf15dce1b8292657
ruler_qa_squad_16k:0363,ruler_qa_squad_16k,20260930,0.0,1.0,0.0,b998b99a73b4c86538746af983092b27412ed40beaa9f70e91521323a5bc3737,0.0,2f1684291f41bdb67acc6299110f1911ab7f1eaaada29a54bf15dce1b8292657
ruler_qa_squad_16k:0424,ruler_qa_squad_16k,20260926,0.0,1.0,0.0,26faa1bbd886b9f4de0197c04bb5fc7be6c4059b2e2ca4212fc56a1b799232da,0.0,26faa1bbd886b9f4de0197c04bb5fc7be6c4059b2e2ca4212fc56a1b799232da
ruler_qa_squad_16k:0424,ruler_qa_squad_16k,20260927,0.0,1.0,0.0,26faa1bbd886b9f4de0197c04bb5fc7be6c4059b2e2ca4212fc56a1b799232da,0.0,c171d34526a9f9999dc4abf65f59e6b73f504413274be48659f57c19881a5c74
ruler_qa_squad_16k:0424,ruler_qa_squad_16k,20260928,0.0,1.0,1.0,ab6db6513a41f50c9186a6140baf7ddfd877cfb685f447bc63d3b63d5fe8289e,0.0,26faa1bbd886b9f4de0197c04bb5fc7be6c4059b2e2ca4212fc56a1b799232da
ruler_qa_squad_16k:0424,ruler_qa_squad_16k,20260929,0.0,1.0,0.0,26faa1bbd886b9f4de0197c04bb5fc7be6c4059b2e2ca4212fc56a1b799232da,0.0,26faa1bbd886b9f4de0197c04bb5fc7be6c4059b2e2ca4212fc56a1b799232da
ruler_qa_squad_16k:0424,ruler_qa_squad_16k,20260930,0.0,1.0,1.0,ab6db6513a41f50c9186a6140baf7ddfd877cfb685f447bc63d3b63d5fe8289e,0.0,26faa1bbd886b9f4de0197c04bb5fc7be6c4059b2e2ca4212fc56a1b799232da
ruler_qa_squad_16k:0429,ruler_qa_squad_16k,20260926,0.0,1.0,0.0,a660b0906c13f47cea0bc47f32f9377aa63e6faf39aeaa9a7aaed21f9854ac0c,0.0,a660b0906c13f47cea0bc47f32f9377aa63e6faf39aeaa9a7aaed21f9854ac0c
ruler_qa_squad_16k:0429,ruler_qa_squad_16k,20260927,0.0,1.0,0.0,a660b0906c13f47cea0bc47f32f9377aa63e6faf39aeaa9a7aaed21f9854ac0c,0.0,a660b0906c13f47cea0bc47f32f9377aa63e6faf39aeaa9a7aaed21f9854ac0c
ruler_qa_squad_16k:0429,ruler_qa_squad_16k,20260928,0.0,1.0,0.0,a660b0906c13f47cea0bc47f32f9377aa63e6faf39aeaa9a7aaed21f9854ac0c,0.0,a660b0906c13f47cea0bc47f32f9377aa63e6faf39aeaa9a7aaed21f9854ac0c
ruler_qa_squad_16k:0429,ruler_qa_squad_16k,20260929,0.0,1.0,0.0,a660b0906c13f47cea0bc47f32f9377aa63e6faf39aeaa9a7aaed21f9854ac0c,0.0,a660b0906c13f47cea0bc47f32f9377aa63e6faf39aeaa9a7aaed21f9854ac0c
ruler_qa_squad_16k:0429,ruler_qa_squad_16k,20260930,0.0,1.0,0.0,a660b0906c13f47cea0bc47f32f9377aa63e6faf39aeaa9a7aaed21f9854ac0c,0.0,a660b0906c13f47cea0bc47f32f9377aa63e6faf39aeaa9a7aaed21f9854ac0c
ruler_qa_squad_16k:0432,ruler_qa_squad_16k,20260926,0.0,1.0,0.0,9cabbbd0107c6223ce375e9cdc68b2f87e48e0b8ad74508da12751ab8915dee5,0.0,9cabbbd0107c6223ce375e9cdc68b2f87e48e0b8ad74508da12751ab8915dee5
ruler_qa_squad_16k:0432,ruler_qa_squad_16k,20260927,0.0,1.0,0.0,9cabbbd0107c6223ce375e9cdc68b2f87e48e0b8ad74508da12751ab8915dee5,0.0,9cabbbd0107c6223ce375e9cdc68b2f87e48e0b8ad74508da12751ab8915dee5
ruler_qa_squad_16k:0432,ruler_qa_squad_16k,20260928,0.0,1.0,0.0,3873a90f59bcdc0d6e0a388177038c0b8d0c9f45e37723a38f2226f9259d62d4,0.0,9cabbbd0107c6223ce375e9cdc68b2f87e48e0b8ad74508da12751ab8915dee5
ruler_qa_squad_16k:0432,ruler_qa_squad_16k,20260929,0.0,1.0,0.0,9cabbbd0107c6223ce375e9cdc68b2f87e48e0b8ad74508da12751ab8915dee5,0.0,3873a90f59bcdc0d6e0a388177038c0b8d0c9f45e37723a38f2226f9259d62d4
ruler_qa_squad_16k:0432,ruler_qa_squad_16k,20260930,0.0,1.0,0.0,9cabbbd0107c6223ce375e9cdc68b2f87e48e0b8ad74508da12751ab8915dee5,0.0,fa6e14ced5e0fe26d8c39b2e1e644e5dc7243a4f95a0c240f20c1a23d3ec9435
ruler_qa_squad_16k:0444,ruler_qa_squad_16k,20260926,0.0,1.0,0.0,17f0c6e32f15766bc04ca913954dcc69466d319e21ea2decdf9ad6fa75123f0f,0.0,17f0c6e32f15766bc04ca913954dcc69466d319e21ea2decdf9ad6fa75123f0f
ruler_qa_squad_16k:0444,ruler_qa_squad_16k,20260927,0.0,1.0,0.0,17f0c6e32f15766bc04ca913954dcc69466d319e21ea2decdf9ad6fa75123f0f,0.0,17f0c6e32f15766bc04ca913954dcc69466d319e21ea2decdf9ad6fa75123f0f
ruler_qa_squad_16k:0444,ruler_qa_squad_16k,20260928,0.0,1.0,0.0,17f0c6e32f15766bc04ca913954dcc69466d319e21ea2decdf9ad6fa75123f0f,0.0,17f0c6e32f15766bc04ca913954dcc69466d319e21ea2decdf9ad6fa75123f0f
ruler_qa_squad_16k:0444,ruler_qa_squad_16k,20260929,0.0,1.0,0.0,17f0c6e32f15766bc04ca913954dcc69466d319e21ea2decdf9ad6fa75123f0f,0.0,17f0c6e32f15766bc04ca913954dcc69466d319e21ea2decdf9ad6fa75123f0f
ruler_qa_squad_16k:0444,ruler_qa_squad_16k,20260930,0.0,1.0,0.0,17f0c6e32f15766bc04ca913954dcc69466d319e21ea2decdf9ad6fa75123f0f,0.0,17f0c6e32f15766bc04ca913954dcc69466d319e21ea2decdf9ad6fa75123f0f
ruler_qa_squad_16k:0445,ruler_qa_squad_16k,20260926,0.0,1.0,0.0,28b884e54ae011411a9a63d6d38984e31d15edf9af8112aa106937e0bdc06625,0.0,28b884e54ae011411a9a63d6d38984e31d15edf9af8112aa106937e0bdc06625
ruler_qa_squad_16k:0445,ruler_qa_squad_16k,20260927,0.0,1.0,1.0,7d2b46da6322b55ac3158ac3b8ba5ec8cbf3bc727bfbdbc7e051a694c79691b1,1.0,7d2b46da6322b55ac3158ac3b8ba5ec8cbf3bc727bfbdbc7e051a694c79691b1
ruler_qa_squad_16k:0445,ruler_qa_squad_16k,20260928,0.0,1.0,1.0,7d2b46da6322b55ac3158ac3b8ba5ec8cbf3bc727bfbdbc7e051a694c79691b1,1.0,7d2b46da6322b55ac3158ac3b8ba5ec8cbf3bc727bfbdbc7e051a694c79691b1
ruler_qa_squad_16k:0445,ruler_qa_squad_16k,20260929,0.0,1.0,1.0,7d2b46da6322b55ac3158ac3b8ba5ec8cbf3bc727bfbdbc7e051a694c79691b1,1.0,7d2b46da6322b55ac3158ac3b8ba5ec8cbf3bc727bfbdbc7e051a694c79691b1
ruler_qa_squad_16k:0445,ruler_qa_squad_16k,20260930,0.0,1.0,1.0,7d2b46da6322b55ac3158ac3b8ba5ec8cbf3bc727bfbdbc7e051a694c79691b1,1.0,7d2b46da6322b55ac3158ac3b8ba5ec8cbf3bc727bfbdbc7e051a694c79691b1
ruler_qa_squad_16k:0458,ruler_qa_squad_16k,20260926,0.0,1.0,1.0,7882841399a6c6e9c10b36cf4545c3108e4a027ef4c530e9cd3d192141c5122f,0.0,992e502c57be039bdaa19c69248a1d1bc4061c1a9fe2b4bc98f83d0d4ca391e6
ruler_qa_squad_16k:0458,ruler_qa_squad_16k,20260927,0.0,1.0,0.0,7740da159c3a5968b249c59bf22ca4866b359c019c9a0350de6ccda77ba9469d,0.0,7740da159c3a5968b249c59bf22ca4866b359c019c9a0350de6ccda77ba9469d
ruler_qa_squad_16k:0458,ruler_qa_squad_16k,20260928,0.0,1.0,0.0,992e502c57be039bdaa19c69248a1d1bc4061c1a9fe2b4bc98f83d0d4ca391e6,0.0,992e502c57be039bdaa19c69248a1d1bc4061c1a9fe2b4bc98f83d0d4ca391e6
ruler_qa_squad_16k:0458,ruler_qa_squad_16k,20260929,0.0,1.0,0.0,7740da159c3a5968b249c59bf22ca4866b359c019c9a0350de6ccda77ba9469d,0.0,7740da159c3a5968b249c59bf22ca4866b359c019c9a0350de6ccda77ba9469d
ruler_qa_squad_16k:0458,ruler_qa_squad_16k,20260930,0.0,1.0,1.0,7882841399a6c6e9c10b36cf4545c3108e4a027ef4c530e9cd3d192141c5122f,0.0,7740da159c3a5968b249c59bf22ca4866b359c019c9a0350de6ccda77ba9469d
ruler_qa_squad_16k:0472,ruler_qa_squad_16k,20260926,0.0,1.0,0.0,4c864b916240fc535649ee74bef8ceafa7f44dccb7c12f4e7d7233016d7c3b73,0.0,de453b9bdc55370ac6d7292d6f2fc06a58356c6452a27b426215ce4354b75032
ruler_qa_squad_16k:0472,ruler_qa_squad_16k,20260927,0.0,1.0,0.0,de453b9bdc55370ac6d7292d6f2fc06a58356c6452a27b426215ce4354b75032,0.0,de453b9bdc55370ac6d7292d6f2fc06a58356c6452a27b426215ce4354b75032
ruler_qa_squad_16k:0472,ruler_qa_squad_16k,20260928,0.0,1.0,0.0,e60ee3b86d4b92870af9ff62be1978d1dc0319a8142356a7db64ffe3dab54a35,0.0,e60ee3b86d4b92870af9ff62be1978d1dc0319a8142356a7db64ffe3dab54a35
ruler_qa_squad_16k:0472,ruler_qa_squad_16k,20260929,0.0,1.0,1.0,a623b5375cee4ff081ff9de5fb823d547ba4361d36ed24da13b2ab86132fcaa9,0.0,e60ee3b86d4b92870af9ff62be1978d1dc0319a8142356a7db64ffe3dab54a35
ruler_qa_squad_16k:0472,ruler_qa_squad_16k,20260930,0.0,1.0,0.0,4c864b916240fc535649ee74bef8ceafa7f44dccb7c12f4e7d7233016d7c3b73,0.0,de453b9bdc55370ac6d7292d6f2fc06a58356c6452a27b426215ce4354b75032
ruler_qa_squad_16k:0491,ruler_qa_squad_16k,20260926,0.0,1.0,0.0,ca942cf84d6268bfdc25dd87ed3788322d9a317f3827599111dfcd5b7ecea2ee,1.0,8245ec43279f71376f00013c840d513285c7fc4e60ec800459522897a28497c2
ruler_qa_squad_16k:0491,ruler_qa_squad_16k,20260927,0.0,1.0,0.0,ca942cf84d6268bfdc25dd87ed3788322d9a317f3827599111dfcd5b7ecea2ee,0.0,ca942cf84d6268bfdc25dd87ed3788322d9a317f3827599111dfcd5b7ecea2ee
ruler_qa_squad_16k:0491,ruler_qa_squad_16k,20260928,0.0,1.0,0.0,ca942cf84d6268bfdc25dd87ed3788322d9a317f3827599111dfcd5b7ecea2ee,0.0,ca942cf84d6268bfdc25dd87ed3788322d9a317f3827599111dfcd5b7ecea2ee
ruler_qa_squad_16k:0491,ruler_qa_squad_16k,20260929,0.0,1.0,0.0,ca942cf84d6268bfdc25dd87ed3788322d9a317f3827599111dfcd5b7ecea2ee,0.0,ca942cf84d6268bfdc25dd87ed3788322d9a317f3827599111dfcd5b7ecea2ee
ruler_qa_squad_16k:0491,ruler_qa_squad_16k,20260930,0.0,1.0,0.0,ca942cf84d6268bfdc25dd87ed3788322d9a317f3827599111dfcd5b7ecea2ee,0.0,ca942cf84d6268bfdc25dd87ed3788322d9a317f3827599111dfcd5b7ecea2ee
ruler_vt_16k:0008,ruler_vt_16k,20260926,0.4,0.8,0.4,4ce37c9b6360baa2991f07dd1169be002518343afb87e5626ce5fd0014293e8e,0.4,4ce37c9b6360baa2991f07dd1169be002518343afb87e5626ce5fd0014293e8e
ruler_vt_16k:0008,ruler_vt_16k,20260927,0.4,0.8,0.4,4ce37c9b6360baa2991f07dd1169be002518343afb87e5626ce5fd0014293e8e,0.4,4ce37c9b6360baa2991f07dd1169be002518343afb87e5626ce5fd0014293e8e
ruler_vt_16k:0008,ruler_vt_16k,20260928,0.4,0.8,0.4,4ce37c9b6360baa2991f07dd1169be002518343afb87e5626ce5fd0014293e8e,0.4,4ce37c9b6360baa2991f07dd1169be002518343afb87e5626ce5fd0014293e8e
ruler_vt_16k:0008,ruler_vt_16k,20260929,0.4,0.8,0.4,4ce37c9b6360baa2991f07dd1169be002518343afb87e5626ce5fd0014293e8e,0.4,4ce37c9b6360baa2991f07dd1169be002518343afb87e5626ce5fd0014293e8e
ruler_vt_16k:0008,ruler_vt_16k,20260930,0.4,0.8,0.4,4ce37c9b6360baa2991f07dd1169be002518343afb87e5626ce5fd0014293e8e,0.4,4ce37c9b6360baa2991f07dd1169be002518343afb87e5626ce5fd0014293e8e
ruler_vt_16k:0024,ruler_vt_16k,20260926,0.8,1.0,0.8,32909ec0624a1c1fa73280833ea186d415820ef042294083221afedeeed1864d,0.8,32909ec0624a1c1fa73280833ea186d415820ef042294083221afedeeed1864d
ruler_vt_16k:0024,ruler_vt_16k,20260927,0.8,1.0,0.8,32909ec0624a1c1fa73280833ea186d415820ef042294083221afedeeed1864d,0.8,32909ec0624a1c1fa73280833ea186d415820ef042294083221afedeeed1864d
ruler_vt_16k:0024,ruler_vt_16k,20260928,0.8,1.0,0.8,32909ec0624a1c1fa73280833ea186d415820ef042294083221afedeeed1864d,0.8,32909ec0624a1c1fa73280833ea186d415820ef042294083221afedeeed1864d
ruler_vt_16k:0024,ruler_vt_16k,20260929,0.8,1.0,0.8,32909ec0624a1c1fa73280833ea186d415820ef042294083221afedeeed1864d,0.8,32909ec0624a1c1fa73280833ea186d415820ef042294083221afedeeed1864d
ruler_vt_16k:0024,ruler_vt_16k,20260930,0.8,1.0,0.8,32909ec0624a1c1fa73280833ea186d415820ef042294083221afedeeed1864d,0.8,32909ec0624a1c1fa73280833ea186d415820ef042294083221afedeeed1864d
ruler_vt_16k:0044,ruler_vt_16k,20260926,0.8,1.0,0.8,7b3b3a423b7fd8c2a1ed97eafb976de6f5428bda3e9083fa6154624960f5445d,0.8,7b3b3a423b7fd8c2a1ed97eafb976de6f5428bda3e9083fa6154624960f5445d
ruler_vt_16k:0044,ruler_vt_16k,20260927,0.8,1.0,0.8,7b3b3a423b7fd8c2a1ed97eafb976de6f5428bda3e9083fa6154624960f5445d,0.8,7b3b3a423b7fd8c2a1ed97eafb976de6f5428bda3e9083fa6154624960f5445d
ruler_vt_16k:0044,ruler_vt_16k,20260928,0.8,1.0,0.8,7b3b3a423b7fd8c2a1ed97eafb976de6f5428bda3e9083fa6154624960f5445d,0.8,601c6173168524ec0feb5d2da7c4b0ea89dc9bfa519a6d4da63ede806c204ed9
ruler_vt_16k:0044,ruler_vt_16k,20260929,0.8,1.0,0.8,7b3b3a423b7fd8c2a1ed97eafb976de6f5428bda3e9083fa6154624960f5445d,0.8,7b3b3a423b7fd8c2a1ed97eafb976de6f5428bda3e9083fa6154624960f5445d
ruler_vt_16k:0044,ruler_vt_16k,20260930,0.8,1.0,0.8,7b3b3a423b7fd8c2a1ed97eafb976de6f5428bda3e9083fa6154624960f5445d,0.8,7b3b3a423b7fd8c2a1ed97eafb976de6f5428bda3e9083fa6154624960f5445d
ruler_vt_16k:0045,ruler_vt_16k,20260926,0.2,0.8,0.2,f88f7b93bd5dc072e79a8a471b9fa3b93c8d4e0df52c72ca1126dd4f9cae12f4,0.2,f88f7b93bd5dc072e79a8a471b9fa3b93c8d4e0df52c72ca1126dd4f9cae12f4
ruler_vt_16k:0045,ruler_vt_16k,20260927,0.2,0.8,0.2,f88f7b93bd5dc072e79a8a471b9fa3b93c8d4e0df52c72ca1126dd4f9cae12f4,0.2,f88f7b93bd5dc072e79a8a471b9fa3b93c8d4e0df52c72ca1126dd4f9cae12f4
ruler_vt_16k:0045,ruler_vt_16k,20260928,0.2,0.8,0.2,f88f7b93bd5dc072e79a8a471b9fa3b93c8d4e0df52c72ca1126dd4f9cae12f4,0.2,f88f7b93bd5dc072e79a8a471b9fa3b93c8d4e0df52c72ca1126dd4f9cae12f4
ruler_vt_16k:0045,ruler_vt_16k,20260929,0.2,0.8,0.2,f88f7b93bd5dc072e79a8a471b9fa3b93c8d4e0df52c72ca1126dd4f9cae12f4,0.2,f88f7b93bd5dc072e79a8a471b9fa3b93c8d4e0df52c72ca1126dd4f9cae12f4
ruler_vt_16k:0045,ruler_vt_16k,20260930,0.2,0.8,0.2,f88f7b93bd5dc072e79a8a471b9fa3b93c8d4e0df52c72ca1126dd4f9cae12f4,0.2,f88f7b93bd5dc072e79a8a471b9fa3b93c8d4e0df52c72ca1126dd4f9cae12f4
ruler_vt_16k:0048,ruler_vt_16k,20260926,0.2,0.4,0.2,06f5c7c40dcd2e383c6e9bf1aa15d23430ce770169d90a652b4028d0e6e19bf4,0.2,06f5c7c40dcd2e383c6e9bf1aa15d23430ce770169d90a652b4028d0e6e19bf4
ruler_vt_16k:0048,ruler_vt_16k,20260927,0.2,0.4,0.2,06f5c7c40dcd2e383c6e9bf1aa15d23430ce770169d90a652b4028d0e6e19bf4,0.2,06f5c7c40dcd2e383c6e9bf1aa15d23430ce770169d90a652b4028d0e6e19bf4
ruler_vt_16k:0048,ruler_vt_16k,20260928,0.2,0.4,0.2,06f5c7c40dcd2e383c6e9bf1aa15d23430ce770169d90a652b4028d0e6e19bf4,0.2,06f5c7c40dcd2e383c6e9bf1aa15d23430ce770169d90a652b4028d0e6e19bf4
ruler_vt_16k:0048,ruler_vt_16k,20260929,0.2,0.4,0.2,06f5c7c40dcd2e383c6e9bf1aa15d23430ce770169d90a652b4028d0e6e19bf4,0.2,06f5c7c40dcd2e383c6e9bf1aa15d23430ce770169d90a652b4028d0e6e19bf4
ruler_vt_16k:0048,ruler_vt_16k,20260930,0.2,0.4,0.2,06f5c7c40dcd2e383c6e9bf1aa15d23430ce770169d90a652b4028d0e6e19bf4,0.2,06f5c7c40dcd2e383c6e9bf1aa15d23430ce770169d90a652b4028d0e6e19bf4
ruler_vt_16k:0050,ruler_vt_16k,20260926,0.6,1.0,0.6,25c586d55f8bc3b02a03df04622c78d12bf5839b2f80820415d7b4917cf49ba0,0.6,25c586d55f8bc3b02a03df04622c78d12bf5839b2f80820415d7b4917cf49ba0
ruler_vt_16k:0050,ruler_vt_16k,20260927,0.6,1.0,0.6,25c586d55f8bc3b02a03df04622c78d12bf5839b2f80820415d7b4917cf49ba0,0.6,25c586d55f8bc3b02a03df04622c78d12bf5839b2f80820415d7b4917cf49ba0
ruler_vt_16k:0050,ruler_vt_16k,20260928,0.6,1.0,0.6,25c586d55f8bc3b02a03df04622c78d12bf5839b2f80820415d7b4917cf49ba0,0.6,25c586d55f8bc3b02a03df04622c78d12bf5839b2f80820415d7b4917cf49ba0
ruler_vt_16k:0050,ruler_vt_16k,20260929,0.6,1.0,0.6,25c586d55f8bc3b02a03df04622c78d12bf5839b2f80820415d7b4917cf49ba0,0.6,25c586d55f8bc3b02a03df04622c78d12bf5839b2f80820415d7b4917cf49ba0
ruler_vt_16k:0050,ruler_vt_16k,20260930,0.6,1.0,0.6,25c586d55f8bc3b02a03df04622c78d12bf5839b2f80820415d7b4917cf49ba0,0.6,25c586d55f8bc3b02a03df04622c78d12bf5839b2f80820415d7b4917cf49ba0
ruler_vt_16k:0057,ruler_vt_16k,20260926,0.4,0.8,0.2,b3098138c28699153e631cbddede018660e91770422dcfd3a99f3b1337596fdf,0.2,b3098138c28699153e631cbddede018660e91770422dcfd3a99f3b1337596fdf
ruler_vt_16k:0057,ruler_vt_16k,20260927,0.4,0.8,0.2,b3098138c28699153e631cbddede018660e91770422dcfd3a99f3b1337596fdf,0.4,569b6798a639399115165de14957f64b6bf7d49861aaa3159f65e0d4fda43956
ruler_vt_16k:0057,ruler_vt_16k,20260928,0.4,0.8,0.2,b3098138c28699153e631cbddede018660e91770422dcfd3a99f3b1337596fdf,0.4,569b6798a639399115165de14957f64b6bf7d49861aaa3159f65e0d4fda43956
ruler_vt_16k:0057,ruler_vt_16k,20260929,0.4,0.8,0.4,569b6798a639399115165de14957f64b6bf7d49861aaa3159f65e0d4fda43956,0.4,569b6798a639399115165de14957f64b6bf7d49861aaa3159f65e0d4fda43956
ruler_vt_16k:0057,ruler_vt_16k,20260930,0.4,0.8,0.4,569b6798a639399115165de14957f64b6bf7d49861aaa3159f65e0d4fda43956,0.4,569b6798a639399115165de14957f64b6bf7d49861aaa3159f65e0d4fda43956
ruler_vt_16k:0063,ruler_vt_16k,20260926,0.8,1.0,0.8,e3d08e158985a247e7eaf74a258406d6cdb8ba30bc4d2acc7ecc4b5bfbd7ca08,1.0,aa6b3aa5b0d8f3526e2401f6305b13f2bbfc9bb848699a0dd6d7a141b8ea865b
ruler_vt_16k:0063,ruler_vt_16k,20260927,0.8,1.0,0.8,e3d08e158985a247e7eaf74a258406d6cdb8ba30bc4d2acc7ecc4b5bfbd7ca08,0.8,e3d08e158985a247e7eaf74a258406d6cdb8ba30bc4d2acc7ecc4b5bfbd7ca08
ruler_vt_16k:0063,ruler_vt_16k,20260928,0.8,1.0,1.0,aa6b3aa5b0d8f3526e2401f6305b13f2bbfc9bb848699a0dd6d7a141b8ea865b,0.8,e3d08e158985a247e7eaf74a258406d6cdb8ba30bc4d2acc7ecc4b5bfbd7ca08
ruler_vt_16k:0063,ruler_vt_16k,20260929,0.8,1.0,0.8,e3d08e158985a247e7eaf74a258406d6cdb8ba30bc4d2acc7ecc4b5bfbd7ca08,0.8,e3d08e158985a247e7eaf74a258406d6cdb8ba30bc4d2acc7ecc4b5bfbd7ca08
ruler_vt_16k:0063,ruler_vt_16k,20260930,0.8,1.0,0.8,e3d08e158985a247e7eaf74a258406d6cdb8ba30bc4d2acc7ecc4b5bfbd7ca08,0.8,e3d08e158985a247e7eaf74a258406d6cdb8ba30bc4d2acc7ecc4b5bfbd7ca08
ruler_vt_16k:0065,ruler_vt_16k,20260926,0.4,1.0,0.4,52e3c51d015f19a9e4f7e0ee1bbcc845771b0022a079376663e59f3274e2e4b1,0.8,bfea182144c5e2b04009f8a3a940f8a207b8a3303ec5935d686f8ea3fe3efb80
ruler_vt_16k:0065,ruler_vt_16k,20260927,0.4,1.0,0.4,52e3c51d015f19a9e4f7e0ee1bbcc845771b0022a079376663e59f3274e2e4b1,0.8,bfea182144c5e2b04009f8a3a940f8a207b8a3303ec5935d686f8ea3fe3efb80
ruler_vt_16k:0065,ruler_vt_16k,20260928,0.4,1.0,0.4,52e3c51d015f19a9e4f7e0ee1bbcc845771b0022a079376663e59f3274e2e4b1,0.8,bfea182144c5e2b04009f8a3a940f8a207b8a3303ec5935d686f8ea3fe3efb80
ruler_vt_16k:0065,ruler_vt_16k,20260929,0.4,1.0,0.4,52e3c51d015f19a9e4f7e0ee1bbcc845771b0022a079376663e59f3274e2e4b1,0.4,52e3c51d015f19a9e4f7e0ee1bbcc845771b0022a079376663e59f3274e2e4b1
ruler_vt_16k:0065,ruler_vt_16k,20260930,0.4,1.0,0.4,52e3c51d015f19a9e4f7e0ee1bbcc845771b0022a079376663e59f3274e2e4b1,0.4,52e3c51d015f19a9e4f7e0ee1bbcc845771b0022a079376663e59f3274e2e4b1
ruler_vt_16k:0070,ruler_vt_16k,20260926,0.4,0.6,0.2,7e65b3530f6c66503984fdd4b5e80013592e3b2a1e9c34134d379129b268ae55,0.4,0d81c940e04f7fa511fdd22ede866bbb53502af2f8df760e97e6d4503f4916e9
ruler_vt_16k:0070,ruler_vt_16k,20260927,0.4,0.6,0.2,7e65b3530f6c66503984fdd4b5e80013592e3b2a1e9c34134d379129b268ae55,0.2,7e65b3530f6c66503984fdd4b5e80013592e3b2a1e9c34134d379129b268ae55
ruler_vt_16k:0070,ruler_vt_16k,20260928,0.4,0.6,0.4,0d81c940e04f7fa511fdd22ede866bbb53502af2f8df760e97e6d4503f4916e9,0.2,7e65b3530f6c66503984fdd4b5e80013592e3b2a1e9c34134d379129b268ae55
ruler_vt_16k:0070,ruler_vt_16k,20260929,0.4,0.6,0.4,0d81c940e04f7fa511fdd22ede866bbb53502af2f8df760e97e6d4503f4916e9,0.4,0d81c940e04f7fa511fdd22ede866bbb53502af2f8df760e97e6d4503f4916e9
ruler_vt_16k:0070,ruler_vt_16k,20260930,0.4,0.6,0.4,0d81c940e04f7fa511fdd22ede866bbb53502af2f8df760e97e6d4503f4916e9,0.4,0d81c940e04f7fa511fdd22ede866bbb53502af2f8df760e97e6d4503f4916e9
ruler_vt_16k:0083,ruler_vt_16k,20260926,0.8,1.0,0.8,9c8e7fa4ab11375b4fccea9e57f3819f1b359b9288f3007e8be2e99cd59ce7e6,0.8,9c8e7fa4ab11375b4fccea9e57f3819f1b359b9288f3007e8be2e99cd59ce7e6
ruler_vt_16k:0083,ruler_vt_16k,20260927,0.8,1.0,0.8,9c8e7fa4ab11375b4fccea9e57f3819f1b359b9288f3007e8be2e99cd59ce7e6,0.8,9c8e7fa4ab11375b4fccea9e57f3819f1b359b9288f3007e8be2e99cd59ce7e6
ruler_vt_16k:0083,ruler_vt_16k,20260928,0.8,1.0,0.8,9c8e7fa4ab11375b4fccea9e57f3819f1b359b9288f3007e8be2e99cd59ce7e6,0.8,9c8e7fa4ab11375b4fccea9e57f3819f1b359b9288f3007e8be2e99cd59ce7e6
ruler_vt_16k:0083,ruler_vt_16k,20260929,0.8,1.0,0.8,9c8e7fa4ab11375b4fccea9e57f3819f1b359b9288f3007e8be2e99cd59ce7e6,0.8,9c8e7fa4ab11375b4fccea9e57f3819f1b359b9288f3007e8be2e99cd59ce7e6
ruler_vt_16k:0083,ruler_vt_16k,20260930,0.8,1.0,0.8,9c8e7fa4ab11375b4fccea9e57f3819f1b359b9288f3007e8be2e99cd59ce7e6,0.8,9c8e7fa4ab11375b4fccea9e57f3819f1b359b9288f3007e8be2e99cd59ce7e6
ruler_vt_16k:0086,ruler_vt_16k,20260926,0.8,1.0,0.8,f3af892838cf042a220d278798e6d8e82361811f19c7c191dfedf48c7dde489a,0.8,f3af892838cf042a220d278798e6d8e82361811f19c7c191dfedf48c7dde489a
ruler_vt_16k:0086,ruler_vt_16k,20260927,0.8,1.0,0.8,f3af892838cf042a220d278798e6d8e82361811f19c7c191dfedf48c7dde489a,0.8,f3af892838cf042a220d278798e6d8e82361811f19c7c191dfedf48c7dde489a
ruler_vt_16k:0086,ruler_vt_16k,20260928,0.8,1.0,0.8,f3af892838cf042a220d278798e6d8e82361811f19c7c191dfedf48c7dde489a,0.8,f3af892838cf042a220d278798e6d8e82361811f19c7c191dfedf48c7dde489a
ruler_vt_16k:0086,ruler_vt_16k,20260929,0.8,1.0,0.8,f3af892838cf042a220d278798e6d8e82361811f19c7c191dfedf48c7dde489a,0.8,f3af892838cf042a220d278798e6d8e82361811f19c7c191dfedf48c7dde489a
ruler_vt_16k:0086,ruler_vt_16k,20260930,0.8,1.0,0.8,f3af892838cf042a220d278798e6d8e82361811f19c7c191dfedf48c7dde489a,0.8,f3af892838cf042a220d278798e6d8e82361811f19c7c191dfedf48c7dde489a
ruler_vt_16k:0091,ruler_vt_16k,20260926,0.6,0.8,0.6,e9f6b0ebc2caf4d13e1043483e744fb0535c692bd27f897133baefb738310603,0.6,e9f6b0ebc2caf4d13e1043483e744fb0535c692bd27f897133baefb738310603
ruler_vt_16k:0091,ruler_vt_16k,20260927,0.6,0.8,0.6,e9f6b0ebc2caf4d13e1043483e744fb0535c692bd27f897133baefb738310603,0.6,e9f6b0ebc2caf4d13e1043483e744fb0535c692bd27f897133baefb738310603
ruler_vt_16k:0091,ruler_vt_16k,20260928,0.6,0.8,0.6,e9f6b0ebc2caf4d13e1043483e744fb0535c692bd27f897133baefb738310603,0.6,e9f6b0ebc2caf4d13e1043483e744fb0535c692bd27f897133baefb738310603
ruler_vt_16k:0091,ruler_vt_16k,20260929,0.6,0.8,0.6,e9f6b0ebc2caf4d13e1043483e744fb0535c692bd27f897133baefb738310603,0.6,e9f6b0ebc2caf4d13e1043483e744fb0535c692bd27f897133baefb738310603
ruler_vt_16k:0091,ruler_vt_16k,20260930,0.6,0.8,0.6,e9f6b0ebc2caf4d13e1043483e744fb0535c692bd27f897133baefb738310603,0.6,e9f6b0ebc2caf4d13e1043483e744fb0535c692bd27f897133baefb738310603
ruler_vt_16k:0093,ruler_vt_16k,20260926,0.4,0.8,0.4,0e8e733bacbebe34229983682dd3806016b99c67c823aa92f30ece9901c31fc1,0.4,0e8e733bacbebe34229983682dd3806016b99c67c823aa92f30ece9901c31fc1
ruler_vt_16k:0093,ruler_vt_16k,20260927,0.4,0.8,0.4,0e8e733bacbebe34229983682dd3806016b99c67c823aa92f30ece9901c31fc1,0.4,0e8e733bacbebe34229983682dd3806016b99c67c823aa92f30ece9901c31fc1
ruler_vt_16k:0093,ruler_vt_16k,20260928,0.4,0.8,0.4,0e8e733bacbebe34229983682dd3806016b99c67c823aa92f30ece9901c31fc1,0.4,0e8e733bacbebe34229983682dd3806016b99c67c823aa92f30ece9901c31fc1
ruler_vt_16k:0093,ruler_vt_16k,20260929,0.4,0.8,0.4,0e8e733bacbebe34229983682dd3806016b99c67c823aa92f30ece9901c31fc1,0.4,0e8e733bacbebe34229983682dd3806016b99c67c823aa92f30ece9901c31fc1
ruler_vt_16k:0093,ruler_vt_16k,20260930,0.4,0.8,0.4,0e8e733bacbebe34229983682dd3806016b99c67c823aa92f30ece9901c31fc1,0.4,0e8e733bacbebe34229983682dd3806016b99c67c823aa92f30ece9901c31fc1
ruler_vt_16k:0098,ruler_vt_16k,20260926,0.8,1.0,0.8,647d9345b1f9d2c8dae313b34e9bc5b0d59560abab88e04296472a5b39335738,0.8,647d9345b1f9d2c8dae313b34e9bc5b0d59560abab88e04296472a5b39335738
ruler_vt_16k:0098,ruler_vt_16k,20260927,0.8,1.0,0.8,647d9345b1f9d2c8dae313b34e9bc5b0d59560abab88e04296472a5b39335738,0.8,647d9345b1f9d2c8dae313b34e9bc5b0d59560abab88e04296472a5b39335738
ruler_vt_16k:0098,ruler_vt_16k,20260928,0.8,1.0,0.8,647d9345b1f9d2c8dae313b34e9bc5b0d59560abab88e04296472a5b39335738,0.8,647d9345b1f9d2c8dae313b34e9bc5b0d59560abab88e04296472a5b39335738
ruler_vt_16k:0098,ruler_vt_16k,20260929,0.8,1.0,0.8,647d9345b1f9d2c8dae313b34e9bc5b0d59560abab88e04296472a5b39335738,0.8,647d9345b1f9d2c8dae313b34e9bc5b0d59560abab88e04296472a5b39335738
ruler_vt_16k:0098,ruler_vt_16k,20260930,0.8,1.0,0.8,647d9345b1f9d2c8dae313b34e9bc5b0d59560abab88e04296472a5b39335738,0.8,647d9345b1f9d2c8dae313b34e9bc5b0d59560abab88e04296472a5b39335738
ruler_vt_16k:0108,ruler_vt_16k,20260926,0.6,0.8,0.6,ad9f1ee93673b3f28d434dcbbda1805f3698596f15f8e4fd78dfcd18d414f6fe,0.4,12a3ba54110897d482cb526a5b47055a99b0cd5a0e9aa5000f98039527f68f74
ruler_vt_16k:0108,ruler_vt_16k,20260927,0.6,0.8,0.4,d62684b88c191ac34b8bd5d3df54b2a7519de77ed1f1e9af47c9ddd123b8d0ea,0.4,d62684b88c191ac34b8bd5d3df54b2a7519de77ed1f1e9af47c9ddd123b8d0ea
ruler_vt_16k:0108,ruler_vt_16k,20260928,0.6,0.8,0.4,12a3ba54110897d482cb526a5b47055a99b0cd5a0e9aa5000f98039527f68f74,0.4,12a3ba54110897d482cb526a5b47055a99b0cd5a0e9aa5000f98039527f68f74
ruler_vt_16k:0108,ruler_vt_16k,20260929,0.6,0.8,0.4,12a3ba54110897d482cb526a5b47055a99b0cd5a0e9aa5000f98039527f68f74,0.4,d62684b88c191ac34b8bd5d3df54b2a7519de77ed1f1e9af47c9ddd123b8d0ea
ruler_vt_16k:0108,ruler_vt_16k,20260930,0.6,0.8,0.4,12a3ba54110897d482cb526a5b47055a99b0cd5a0e9aa5000f98039527f68f74,0.4,12a3ba54110897d482cb526a5b47055a99b0cd5a0e9aa5000f98039527f68f74
ruler_vt_16k:0113,ruler_vt_16k,20260926,0.8,1.0,0.8,b42508022ead9cd6e082424e7da1f79675a2d187761884aba365a51c609499e3,0.8,b42508022ead9cd6e082424e7da1f79675a2d187761884aba365a51c609499e3
ruler_vt_16k:0113,ruler_vt_16k,20260927,0.8,1.0,0.8,b42508022ead9cd6e082424e7da1f79675a2d187761884aba365a51c609499e3,0.8,b42508022ead9cd6e082424e7da1f79675a2d187761884aba365a51c609499e3
ruler_vt_16k:0113,ruler_vt_16k,20260928,0.8,1.0,0.8,b42508022ead9cd6e082424e7da1f79675a2d187761884aba365a51c609499e3,1.0,3472ceb6af9d490e9a3f3ee60dc5fbf1d5d9065ee835004ec1d1698cd08ead4d
ruler_vt_16k:0113,ruler_vt_16k,20260929,0.8,1.0,0.8,b42508022ead9cd6e082424e7da1f79675a2d187761884aba365a51c609499e3,0.8,b42508022ead9cd6e082424e7da1f79675a2d187761884aba365a51c609499e3
ruler_vt_16k:0113,ruler_vt_16k,20260930,0.8,1.0,0.8,b42508022ead9cd6e082424e7da1f79675a2d187761884aba365a51c609499e3,0.8,b42508022ead9cd6e082424e7da1f79675a2d187761884aba365a51c609499e3
ruler_vt_16k:0123,ruler_vt_16k,20260926,0.8,1.0,0.8,22fc5816c609c984cb1b0a6483a95077e6b39f8b70d8dd2dcc23eb9f7105ce50,0.8,22fc5816c609c984cb1b0a6483a95077e6b39f8b70d8dd2dcc23eb9f7105ce50
ruler_vt_16k:0123,ruler_vt_16k,20260927,0.8,1.0,0.8,22fc5816c609c984cb1b0a6483a95077e6b39f8b70d8dd2dcc23eb9f7105ce50,0.8,22fc5816c609c984cb1b0a6483a95077e6b39f8b70d8dd2dcc23eb9f7105ce50
ruler_vt_16k:0123,ruler_vt_16k,20260928,0.8,1.0,0.8,22fc5816c609c984cb1b0a6483a95077e6b39f8b70d8dd2dcc23eb9f7105ce50,0.8,22fc5816c609c984cb1b0a6483a95077e6b39f8b70d8dd2dcc23eb9f7105ce50
ruler_vt_16k:0123,ruler_vt_16k,20260929,0.8,1.0,0.8,22fc5816c609c984cb1b0a6483a95077e6b39f8b70d8dd2dcc23eb9f7105ce50,0.8,22fc5816c609c984cb1b0a6483a95077e6b39f8b70d8dd2dcc23eb9f7105ce50
ruler_vt_16k:0123,ruler_vt_16k,20260930,0.8,1.0,0.8,22fc5816c609c984cb1b0a6483a95077e6b39f8b70d8dd2dcc23eb9f7105ce50,0.8,22fc5816c609c984cb1b0a6483a95077e6b39f8b70d8dd2dcc23eb9f7105ce50
ruler_vt_16k:0139,ruler_vt_16k,20260926,0.4,1.0,0.4,ffe71eaba2d47a1f37458ca2500d4f8a586867830d87c76e0a3060d440eab9a6,0.4,ffe71eaba2d47a1f37458ca2500d4f8a586867830d87c76e0a3060d440eab9a6
ruler_vt_16k:0139,ruler_vt_16k,20260927,0.4,1.0,0.4,ffe71eaba2d47a1f37458ca2500d4f8a586867830d87c76e0a3060d440eab9a6,0.4,ffe71eaba2d47a1f37458ca2500d4f8a586867830d87c76e0a3060d440eab9a6
ruler_vt_16k:0139,ruler_vt_16k,20260928,0.4,1.0,0.4,ffe71eaba2d47a1f37458ca2500d4f8a586867830d87c76e0a3060d440eab9a6,0.4,ffe71eaba2d47a1f37458ca2500d4f8a586867830d87c76e0a3060d440eab9a6
ruler_vt_16k:0139,ruler_vt_16k,20260929,0.4,1.0,0.4,ffe71eaba2d47a1f37458ca2500d4f8a586867830d87c76e0a3060d440eab9a6,0.4,ffe71eaba2d47a1f37458ca2500d4f8a586867830d87c76e0a3060d440eab9a6
ruler_vt_16k:0139,ruler_vt_16k,20260930,0.4,1.0,0.4,ffe71eaba2d47a1f37458ca2500d4f8a586867830d87c76e0a3060d440eab9a6,0.4,ffe71eaba2d47a1f37458ca2500d4f8a586867830d87c76e0a3060d440eab9a6
ruler_vt_16k:0140,ruler_vt_16k,20260926,0.6,0.8,0.2,1023d13e705310b27fe445d77635460a49ca28299ec1cd65a501d7aa41537050,0.2,1023d13e705310b27fe445d77635460a49ca28299ec1cd65a501d7aa41537050
ruler_vt_16k:0140,ruler_vt_16k,20260927,0.6,0.8,0.2,1023d13e705310b27fe445d77635460a49ca28299ec1cd65a501d7aa41537050,0.8,eb4506f194569864342fe60e039318d4a2752b8221c129ce2ab52356b1f1647a
ruler_vt_16k:0140,ruler_vt_16k,20260928,0.6,0.8,0.8,eb4506f194569864342fe60e039318d4a2752b8221c129ce2ab52356b1f1647a,0.8,eb4506f194569864342fe60e039318d4a2752b8221c129ce2ab52356b1f1647a
ruler_vt_16k:0140,ruler_vt_16k,20260929,0.6,0.8,0.2,1023d13e705310b27fe445d77635460a49ca28299ec1cd65a501d7aa41537050,0.8,eb4506f194569864342fe60e039318d4a2752b8221c129ce2ab52356b1f1647a
ruler_vt_16k:0140,ruler_vt_16k,20260930,0.6,0.8,0.2,1023d13e705310b27fe445d77635460a49ca28299ec1cd65a501d7aa41537050,0.8,eb4506f194569864342fe60e039318d4a2752b8221c129ce2ab52356b1f1647a
ruler_vt_16k:0149,ruler_vt_16k,20260926,0.8,1.0,0.8,a6205eb9db83a31dc4f8e7b19e9026451f44ffbdce4e65a5bd9f192277109116,0.2,e72bd18693c92070ad42238b1f37fb363b2c1be5f723d02833aa386104c19a81
ruler_vt_16k:0149,ruler_vt_16k,20260927,0.8,1.0,0.2,e72bd18693c92070ad42238b1f37fb363b2c1be5f723d02833aa386104c19a81,0.8,5a92216cb14de06104d7808a3adf455c47340d4782c1b5d63951522163c037a5
ruler_vt_16k:0149,ruler_vt_16k,20260928,0.8,1.0,0.2,e72bd18693c92070ad42238b1f37fb363b2c1be5f723d02833aa386104c19a81,0.8,a6205eb9db83a31dc4f8e7b19e9026451f44ffbdce4e65a5bd9f192277109116
ruler_vt_16k:0149,ruler_vt_16k,20260929,0.8,1.0,0.2,e72bd18693c92070ad42238b1f37fb363b2c1be5f723d02833aa386104c19a81,0.2,e72bd18693c92070ad42238b1f37fb363b2c1be5f723d02833aa386104c19a81
ruler_vt_16k:0149,ruler_vt_16k,20260930,0.8,1.0,0.2,e72bd18693c92070ad42238b1f37fb363b2c1be5f723d02833aa386104c19a81,0.2,e72bd18693c92070ad42238b1f37fb363b2c1be5f723d02833aa386104c19a81
ruler_vt_16k:0157,ruler_vt_16k,20260926,0.6,1.0,1.0,34bc405dd798412bd567a3035ebbae46b0d1cf268d8e7091bec6cb32fdb81b35,1.0,34bc405dd798412bd567a3035ebbae46b0d1cf268d8e7091bec6cb32fdb81b35
ruler_vt_16k:0157,ruler_vt_16k,20260927,0.6,1.0,1.0,34bc405dd798412bd567a3035ebbae46b0d1cf268d8e7091bec6cb32fdb81b35,1.0,34bc405dd798412bd567a3035ebbae46b0d1cf268d8e7091bec6cb32fdb81b35
ruler_vt_16k:0157,ruler_vt_16k,20260928,0.6,1.0,1.0,34bc405dd798412bd567a3035ebbae46b0d1cf268d8e7091bec6cb32fdb81b35,1.0,34bc405dd798412bd567a3035ebbae46b0d1cf268d8e7091bec6cb32fdb81b35
ruler_vt_16k:0157,ruler_vt_16k,20260929,0.6,1.0,1.0,34bc405dd798412bd567a3035ebbae46b0d1cf268d8e7091bec6cb32fdb81b35,1.0,34bc405dd798412bd567a3035ebbae46b0d1cf268d8e7091bec6cb32fdb81b35
ruler_vt_16k:0157,ruler_vt_16k,20260930,0.6,1.0,1.0,34bc405dd798412bd567a3035ebbae46b0d1cf268d8e7091bec6cb32fdb81b35,1.0,34bc405dd798412bd567a3035ebbae46b0d1cf268d8e7091bec6cb32fdb81b35
ruler_vt_16k:0160,ruler_vt_16k,20260926,0.8,1.0,1.0,d1b73bee3fb3ce0eff0692f8f5ac327b28feeb8d69fcee539851153423bd9f53,1.0,d1b73bee3fb3ce0eff0692f8f5ac327b28feeb8d69fcee539851153423bd9f53
ruler_vt_16k:0160,ruler_vt_16k,20260927,0.8,1.0,1.0,d1b73bee3fb3ce0eff0692f8f5ac327b28feeb8d69fcee539851153423bd9f53,1.0,d1b73bee3fb3ce0eff0692f8f5ac327b28feeb8d69fcee539851153423bd9f53
ruler_vt_16k:0160,ruler_vt_16k,20260928,0.8,1.0,1.0,d1b73bee3fb3ce0eff0692f8f5ac327b28feeb8d69fcee539851153423bd9f53,1.0,d1b73bee3fb3ce0eff0692f8f5ac327b28feeb8d69fcee539851153423bd9f53
ruler_vt_16k:0160,ruler_vt_16k,20260929,0.8,1.0,1.0,d1b73bee3fb3ce0eff0692f8f5ac327b28feeb8d69fcee539851153423bd9f53,1.0,d1b73bee3fb3ce0eff0692f8f5ac327b28feeb8d69fcee539851153423bd9f53
ruler_vt_16k:0160,ruler_vt_16k,20260930,0.8,1.0,1.0,d1b73bee3fb3ce0eff0692f8f5ac327b28feeb8d69fcee539851153423bd9f53,1.0,d1b73bee3fb3ce0eff0692f8f5ac327b28feeb8d69fcee539851153423bd9f53
ruler_vt_16k:0164,ruler_vt_16k,20260926,0.6,0.8,0.6,15c0848128c35eabd3e0132c7deb71a6800da5be91d0d0bfafc59dbeb1077a50,0.6,15c0848128c35eabd3e0132c7deb71a6800da5be91d0d0bfafc59dbeb1077a50
ruler_vt_16k:0164,ruler_vt_16k,20260927,0.6,0.8,0.6,15c0848128c35eabd3e0132c7deb71a6800da5be91d0d0bfafc59dbeb1077a50,0.6,15c0848128c35eabd3e0132c7deb71a6800da5be91d0d0bfafc59dbeb1077a50
ruler_vt_16k:0164,ruler_vt_16k,20260928,0.6,0.8,0.6,15c0848128c35eabd3e0132c7deb71a6800da5be91d0d0bfafc59dbeb1077a50,0.6,15c0848128c35eabd3e0132c7deb71a6800da5be91d0d0bfafc59dbeb1077a50
ruler_vt_16k:0164,ruler_vt_16k,20260929,0.6,0.8,0.6,15c0848128c35eabd3e0132c7deb71a6800da5be91d0d0bfafc59dbeb1077a50,0.6,15c0848128c35eabd3e0132c7deb71a6800da5be91d0d0bfafc59dbeb1077a50
ruler_vt_16k:0164,ruler_vt_16k,20260930,0.6,0.8,0.6,15c0848128c35eabd3e0132c7deb71a6800da5be91d0d0bfafc59dbeb1077a50,0.6,15c0848128c35eabd3e0132c7deb71a6800da5be91d0d0bfafc59dbeb1077a50
ruler_vt_16k:0165,ruler_vt_16k,20260926,0.8,1.0,0.8,928e07304dc9b637678725d20929f0ff96678e439148d8307dcbb5565362e80b,0.8,928e07304dc9b637678725d20929f0ff96678e439148d8307dcbb5565362e80b
ruler_vt_16k:0165,ruler_vt_16k,20260927,0.8,1.0,0.8,928e07304dc9b637678725d20929f0ff96678e439148d8307dcbb5565362e80b,0.8,928e07304dc9b637678725d20929f0ff96678e439148d8307dcbb5565362e80b
ruler_vt_16k:0165,ruler_vt_16k,20260928,0.8,1.0,0.8,928e07304dc9b637678725d20929f0ff96678e439148d8307dcbb5565362e80b,0.8,928e07304dc9b637678725d20929f0ff96678e439148d8307dcbb5565362e80b
ruler_vt_16k:0165,ruler_vt_16k,20260929,0.8,1.0,0.8,928e07304dc9b637678725d20929f0ff96678e439148d8307dcbb5565362e80b,0.8,928e07304dc9b637678725d20929f0ff96678e439148d8307dcbb5565362e80b
ruler_vt_16k:0165,ruler_vt_16k,20260930,0.8,1.0,0.8,928e07304dc9b637678725d20929f0ff96678e439148d8307dcbb5565362e80b,0.8,928e07304dc9b637678725d20929f0ff96678e439148d8307dcbb5565362e80b
ruler_vt_16k:0170,ruler_vt_16k,20260926,0.4,0.8,0.6,1342f75c85b7f6e3d4d5dcc8852ee843ff06fc3f8a4ebbf7e0e10d1889713246,0.6,1342f75c85b7f6e3d4d5dcc8852ee843ff06fc3f8a4ebbf7e0e10d1889713246
ruler_vt_16k:0170,ruler_vt_16k,20260927,0.4,0.8,0.8,76e4a10ee25672ac22df24a5fd595a2903671cdc6c7f46a44b04c7964523267b,0.6,1342f75c85b7f6e3d4d5dcc8852ee843ff06fc3f8a4ebbf7e0e10d1889713246
ruler_vt_16k:0170,ruler_vt_16k,20260928,0.4,0.8,0.4,08040eba6f780ff381a6b8f959fdba50c0927ec215156dde684653cab06dc61a,0.4,36ae2714feecad3c45293a66d8555aab3ec32a99fb5b859b531ff7c7bc0d5df6
ruler_vt_16k:0170,ruler_vt_16k,20260929,0.4,0.8,0.4,3dac5b9300c7981c159e8f4104e67dd0f84447596901818e1893c3a6f4e8f723,0.8,76e4a10ee25672ac22df24a5fd595a2903671cdc6c7f46a44b04c7964523267b
ruler_vt_16k:0170,ruler_vt_16k,20260930,0.4,0.8,0.4,3dac5b9300c7981c159e8f4104e67dd0f84447596901818e1893c3a6f4e8f723,0.6,1342f75c85b7f6e3d4d5dcc8852ee843ff06fc3f8a4ebbf7e0e10d1889713246
ruler_vt_16k:0172,ruler_vt_16k,20260926,0.4,0.6,0.4,c6173625cb37f9f34a4ca0eaf4f6cbbb762c5834476b5167dbbb9103e3663a80,0.4,c6173625cb37f9f34a4ca0eaf4f6cbbb762c5834476b5167dbbb9103e3663a80
ruler_vt_16k:0172,ruler_vt_16k,20260927,0.4,0.6,0.4,c6173625cb37f9f34a4ca0eaf4f6cbbb762c5834476b5167dbbb9103e3663a80,0.4,c6173625cb37f9f34a4ca0eaf4f6cbbb762c5834476b5167dbbb9103e3663a80
ruler_vt_16k:0172,ruler_vt_16k,20260928,0.4,0.6,0.4,c6173625cb37f9f34a4ca0eaf4f6cbbb762c5834476b5167dbbb9103e3663a80,0.4,c6173625cb37f9f34a4ca0eaf4f6cbbb762c5834476b5167dbbb9103e3663a80
ruler_vt_16k:0172,ruler_vt_16k,20260929,0.4,0.6,0.4,c6173625cb37f9f34a4ca0eaf4f6cbbb762c5834476b5167dbbb9103e3663a80,0.4,c6173625cb37f9f34a4ca0eaf4f6cbbb762c5834476b5167dbbb9103e3663a80
ruler_vt_16k:0172,ruler_vt_16k,20260930,0.4,0.6,0.4,c6173625cb37f9f34a4ca0eaf4f6cbbb762c5834476b5167dbbb9103e3663a80,0.4,c6173625cb37f9f34a4ca0eaf4f6cbbb762c5834476b5167dbbb9103e3663a80
ruler_vt_16k:0183,ruler_vt_16k,20260926,0.4,0.8,0.4,4bb6aeef74a56d09564b4c92b3d071f8d09ceb06fb35d2a852d7e1eadbd22789,0.4,4bb6aeef74a56d09564b4c92b3d071f8d09ceb06fb35d2a852d7e1eadbd22789
ruler_vt_16k:0183,ruler_vt_16k,20260927,0.4,0.8,0.4,4bb6aeef74a56d09564b4c92b3d071f8d09ceb06fb35d2a852d7e1eadbd22789,0.4,4bb6aeef74a56d09564b4c92b3d071f8d09ceb06fb35d2a852d7e1eadbd22789
ruler_vt_16k:0183,ruler_vt_16k,20260928,0.4,0.8,0.4,4bb6aeef74a56d09564b4c92b3d071f8d09ceb06fb35d2a852d7e1eadbd22789,0.4,4bb6aeef74a56d09564b4c92b3d071f8d09ceb06fb35d2a852d7e1eadbd22789
ruler_vt_16k:0183,ruler_vt_16k,20260929,0.4,0.8,0.4,4bb6aeef74a56d09564b4c92b3d071f8d09ceb06fb35d2a852d7e1eadbd22789,0.4,4bb6aeef74a56d09564b4c92b3d071f8d09ceb06fb35d2a852d7e1eadbd22789
ruler_vt_16k:0183,ruler_vt_16k,20260930,0.4,0.8,0.4,4bb6aeef74a56d09564b4c92b3d071f8d09ceb06fb35d2a852d7e1eadbd22789,0.4,4bb6aeef74a56d09564b4c92b3d071f8d09ceb06fb35d2a852d7e1eadbd22789
ruler_vt_16k:0188,ruler_vt_16k,20260926,0.4,0.8,0.4,2d37386cbda5e047d2233d7d7b9efa251454e31ac12df79cf9d6ff64f609d832,0.4,2d37386cbda5e047d2233d7d7b9efa251454e31ac12df79cf9d6ff64f609d832
ruler_vt_16k:0188,ruler_vt_16k,20260927,0.4,0.8,0.4,2d37386cbda5e047d2233d7d7b9efa251454e31ac12df79cf9d6ff64f609d832,0.4,2d37386cbda5e047d2233d7d7b9efa251454e31ac12df79cf9d6ff64f609d832
ruler_vt_16k:0188,ruler_vt_16k,20260928,0.4,0.8,0.4,2d37386cbda5e047d2233d7d7b9efa251454e31ac12df79cf9d6ff64f609d832,0.4,2d37386cbda5e047d2233d7d7b9efa251454e31ac12df79cf9d6ff64f609d832
ruler_vt_16k:0188,ruler_vt_16k,20260929,0.4,0.8,0.4,2d37386cbda5e047d2233d7d7b9efa251454e31ac12df79cf9d6ff64f609d832,0.4,2d37386cbda5e047d2233d7d7b9efa251454e31ac12df79cf9d6ff64f609d832
ruler_vt_16k:0188,ruler_vt_16k,20260930,0.4,0.8,0.4,2d37386cbda5e047d2233d7d7b9efa251454e31ac12df79cf9d6ff64f609d832,0.4,2d37386cbda5e047d2233d7d7b9efa251454e31ac12df79cf9d6ff64f609d832
ruler_vt_16k:0194,ruler_vt_16k,20260926,0.4,0.8,0.4,b0d867604b352787da74c122773c97c6abc83e3b1c6550c41366513fce3c1eff,0.4,b0d867604b352787da74c122773c97c6abc83e3b1c6550c41366513fce3c1eff
ruler_vt_16k:0194,ruler_vt_16k,20260927,0.4,0.8,0.4,b0d867604b352787da74c122773c97c6abc83e3b1c6550c41366513fce3c1eff,0.8,80f633800c76341b9a2b39200aaa53af5b196d5905be785b289d48a1f6981d69
ruler_vt_16k:0194,ruler_vt_16k,20260928,0.4,0.8,0.8,80f633800c76341b9a2b39200aaa53af5b196d5905be785b289d48a1f6981d69,0.4,b0d867604b352787da74c122773c97c6abc83e3b1c6550c41366513fce3c1eff
ruler_vt_16k:0194,ruler_vt_16k,20260929,0.4,0.8,0.8,80f633800c76341b9a2b39200aaa53af5b196d5905be785b289d48a1f6981d69,0.8,80f633800c76341b9a2b39200aaa53af5b196d5905be785b289d48a1f6981d69
ruler_vt_16k:0194,ruler_vt_16k,20260930,0.4,0.8,0.4,b0d867604b352787da74c122773c97c6abc83e3b1c6550c41366513fce3c1eff,0.8,80f633800c76341b9a2b39200aaa53af5b196d5905be785b289d48a1f6981d69
ruler_vt_16k:0196,ruler_vt_16k,20260926,0.8,1.0,0.8,160c013ace37375ea76d7abebb477444142b491e5720604563d65372e27dfd0f,0.8,160c013ace37375ea76d7abebb477444142b491e5720604563d65372e27dfd0f
ruler_vt_16k:0196,ruler_vt_16k,20260927,0.8,1.0,0.8,160c013ace37375ea76d7abebb477444142b491e5720604563d65372e27dfd0f,1.0,0b87123eea532d8f27e92f553c367be7645d33d40294d61ab718277c201124a5
ruler_vt_16k:0196,ruler_vt_16k,20260928,0.8,1.0,1.0,0b87123eea532d8f27e92f553c367be7645d33d40294d61ab718277c201124a5,1.0,0b87123eea532d8f27e92f553c367be7645d33d40294d61ab718277c201124a5
ruler_vt_16k:0196,ruler_vt_16k,20260929,0.8,1.0,1.0,0b87123eea532d8f27e92f553c367be7645d33d40294d61ab718277c201124a5,1.0,0b87123eea532d8f27e92f553c367be7645d33d40294d61ab718277c201124a5
ruler_vt_16k:0196,ruler_vt_16k,20260930,0.8,1.0,1.0,0b87123eea532d8f27e92f553c367be7645d33d40294d61ab718277c201124a5,1.0,0b87123eea532d8f27e92f553c367be7645d33d40294d61ab718277c201124a5
ruler_vt_16k:0199,ruler_vt_16k,20260926,0.4,0.6,0.4,522bf5a4d7b46b2500bcf450f4b09f3451332a801130d7cdd0a823e053cf1c42,0.4,522bf5a4d7b46b2500bcf450f4b09f3451332a801130d7cdd0a823e053cf1c42
ruler_vt_16k:0199,ruler_vt_16k,20260927,0.4,0.6,0.4,522bf5a4d7b46b2500bcf450f4b09f3451332a801130d7cdd0a823e053cf1c42,0.4,522bf5a4d7b46b2500bcf450f4b09f3451332a801130d7cdd0a823e053cf1c42
ruler_vt_16k:0199,ruler_vt_16k,20260928,0.4,0.6,0.4,522bf5a4d7b46b2500bcf450f4b09f3451332a801130d7cdd0a823e053cf1c42,0.4,522bf5a4d7b46b2500bcf450f4b09f3451332a801130d7cdd0a823e053cf1c42
ruler_vt_16k:0199,ruler_vt_16k,20260929,0.4,0.6,0.4,522bf5a4d7b46b2500bcf450f4b09f3451332a801130d7cdd0a823e053cf1c42,0.4,522bf5a4d7b46b2500bcf450f4b09f3451332a801130d7cdd0a823e053cf1c42
ruler_vt_16k:0199,ruler_vt_16k,20260930,0.4,0.6,0.4,522bf5a4d7b46b2500bcf450f4b09f3451332a801130d7cdd0a823e053cf1c42,0.4,522bf5a4d7b46b2500bcf450f4b09f3451332a801130d7cdd0a823e053cf1c42
ruler_vt_16k:0203,ruler_vt_16k,20260926,0.8,1.0,0.8,0245ab33245b6ee4c7d4b974f421d886a054690124c4d8e709af8af1e1457f1c,0.8,0245ab33245b6ee4c7d4b974f421d886a054690124c4d8e709af8af1e1457f1c
ruler_vt_16k:0203,ruler_vt_16k,20260927,0.8,1.0,0.8,0245ab33245b6ee4c7d4b974f421d886a054690124c4d8e709af8af1e1457f1c,0.8,0245ab33245b6ee4c7d4b974f421d886a054690124c4d8e709af8af1e1457f1c
ruler_vt_16k:0203,ruler_vt_16k,20260928,0.8,1.0,0.8,0245ab33245b6ee4c7d4b974f421d886a054690124c4d8e709af8af1e1457f1c,0.8,0245ab33245b6ee4c7d4b974f421d886a054690124c4d8e709af8af1e1457f1c
ruler_vt_16k:0203,ruler_vt_16k,20260929,0.8,1.0,0.8,0245ab33245b6ee4c7d4b974f421d886a054690124c4d8e709af8af1e1457f1c,0.8,0245ab33245b6ee4c7d4b974f421d886a054690124c4d8e709af8af1e1457f1c
ruler_vt_16k:0203,ruler_vt_16k,20260930,0.8,1.0,0.8,0245ab33245b6ee4c7d4b974f421d886a054690124c4d8e709af8af1e1457f1c,0.8,0245ab33245b6ee4c7d4b974f421d886a054690124c4d8e709af8af1e1457f1c
ruler_vt_16k:0220,ruler_vt_16k,20260926,0.8,1.0,0.8,adc2f6d8453efe399c34b6cff43f174bd2d96a57833527f2abcd0ef72726c9f0,1.0,e2ed2bff8559b4601f2fa2cd8a40a9e5e836aa332c1f6e540fd9800add069474
ruler_vt_16k:0220,ruler_vt_16k,20260927,0.8,1.0,0.8,adc2f6d8453efe399c34b6cff43f174bd2d96a57833527f2abcd0ef72726c9f0,1.0,e2ed2bff8559b4601f2fa2cd8a40a9e5e836aa332c1f6e540fd9800add069474
ruler_vt_16k:0220,ruler_vt_16k,20260928,0.8,1.0,0.8,adc2f6d8453efe399c34b6cff43f174bd2d96a57833527f2abcd0ef72726c9f0,0.8,adc2f6d8453efe399c34b6cff43f174bd2d96a57833527f2abcd0ef72726c9f0
ruler_vt_16k:0220,ruler_vt_16k,20260929,0.8,1.0,0.8,adc2f6d8453efe399c34b6cff43f174bd2d96a57833527f2abcd0ef72726c9f0,0.8,adc2f6d8453efe399c34b6cff43f174bd2d96a57833527f2abcd0ef72726c9f0
ruler_vt_16k:0220,ruler_vt_16k,20260930,0.8,1.0,0.8,adc2f6d8453efe399c34b6cff43f174bd2d96a57833527f2abcd0ef72726c9f0,1.0,e2ed2bff8559b4601f2fa2cd8a40a9e5e836aa332c1f6e540fd9800add069474
ruler_vt_16k:0223,ruler_vt_16k,20260926,0.8,1.0,0.8,87178d520c71e1df89a4d5f245830e3b9bc697ae23c3fe786e8bfa73d9cfed4a,0.8,87178d520c71e1df89a4d5f245830e3b9bc697ae23c3fe786e8bfa73d9cfed4a
ruler_vt_16k:0223,ruler_vt_16k,20260927,0.8,1.0,0.8,87178d520c71e1df89a4d5f245830e3b9bc697ae23c3fe786e8bfa73d9cfed4a,0.8,87178d520c71e1df89a4d5f245830e3b9bc697ae23c3fe786e8bfa73d9cfed4a
ruler_vt_16k:0223,ruler_vt_16k,20260928,0.8,1.0,0.8,87178d520c71e1df89a4d5f245830e3b9bc697ae23c3fe786e8bfa73d9cfed4a,0.8,87178d520c71e1df89a4d5f245830e3b9bc697ae23c3fe786e8bfa73d9cfed4a
ruler_vt_16k:0223,ruler_vt_16k,20260929,0.8,1.0,0.8,87178d520c71e1df89a4d5f245830e3b9bc697ae23c3fe786e8bfa73d9cfed4a,1.0,18d6004cede51b0b7af989af5cfadeba1fea0144d95a9e469218d04785ceb823
ruler_vt_16k:0223,ruler_vt_16k,20260930,0.8,1.0,0.8,87178d520c71e1df89a4d5f245830e3b9bc697ae23c3fe786e8bfa73d9cfed4a,0.8,87178d520c71e1df89a4d5f245830e3b9bc697ae23c3fe786e8bfa73d9cfed4a
ruler_vt_16k:0226,ruler_vt_16k,20260926,0.4,0.8,0.4,ec2fb2fc36725c0ccc766cd67da8ca5e313b282434f94c27e489ac653c38ea06,0.4,ec2fb2fc36725c0ccc766cd67da8ca5e313b282434f94c27e489ac653c38ea06
ruler_vt_16k:0226,ruler_vt_16k,20260927,0.4,0.8,0.4,ec2fb2fc36725c0ccc766cd67da8ca5e313b282434f94c27e489ac653c38ea06,0.4,ec2fb2fc36725c0ccc766cd67da8ca5e313b282434f94c27e489ac653c38ea06
ruler_vt_16k:0226,ruler_vt_16k,20260928,0.4,0.8,0.4,ec2fb2fc36725c0ccc766cd67da8ca5e313b282434f94c27e489ac653c38ea06,0.4,ec2fb2fc36725c0ccc766cd67da8ca5e313b282434f94c27e489ac653c38ea06
ruler_vt_16k:0226,ruler_vt_16k,20260929,0.4,0.8,0.4,ec2fb2fc36725c0ccc766cd67da8ca5e313b282434f94c27e489ac653c38ea06,0.4,ec2fb2fc36725c0ccc766cd67da8ca5e313b282434f94c27e489ac653c38ea06
ruler_vt_16k:0226,ruler_vt_16k,20260930,0.4,0.8,0.4,ec2fb2fc36725c0ccc766cd67da8ca5e313b282434f94c27e489ac653c38ea06,0.4,ec2fb2fc36725c0ccc766cd67da8ca5e313b282434f94c27e489ac653c38ea06
ruler_vt_16k:0237,ruler_vt_16k,20260926,0.4,0.8,0.4,bc9e559f1cc2a5ea79934bb6913ec7ce514a0377dc72d97ca9e4b64353213ca7,0.8,8988a0cce152d6f0e99da316112e967e57a353d680b1ef47cc7e7e7a8a745b6c
ruler_vt_16k:0237,ruler_vt_16k,20260927,0.4,0.8,0.4,bc9e559f1cc2a5ea79934bb6913ec7ce514a0377dc72d97ca9e4b64353213ca7,0.4,bc9e559f1cc2a5ea79934bb6913ec7ce514a0377dc72d97ca9e4b64353213ca7
ruler_vt_16k:0237,ruler_vt_16k,20260928,0.4,0.8,0.4,bab812d6644b3d27b439f14fa148e6a533f09707e3c05e46b069a5a5622c4a5f,0.4,bc9e559f1cc2a5ea79934bb6913ec7ce514a0377dc72d97ca9e4b64353213ca7
ruler_vt_16k:0237,ruler_vt_16k,20260929,0.4,0.8,0.4,bc9e559f1cc2a5ea79934bb6913ec7ce514a0377dc72d97ca9e4b64353213ca7,0.8,8988a0cce152d6f0e99da316112e967e57a353d680b1ef47cc7e7e7a8a745b6c
ruler_vt_16k:0237,ruler_vt_16k,20260930,0.4,0.8,0.4,bc9e559f1cc2a5ea79934bb6913ec7ce514a0377dc72d97ca9e4b64353213ca7,0.4,bc9e559f1cc2a5ea79934bb6913ec7ce514a0377dc72d97ca9e4b64353213ca7
ruler_vt_16k:0240,ruler_vt_16k,20260926,0.4,1.0,0.4,304e3122cb18e595ed2e07dbc911f6dd461b9fca60f7abf4b74051437efe0b92,0.4,304e3122cb18e595ed2e07dbc911f6dd461b9fca60f7abf4b74051437efe0b92
ruler_vt_16k:0240,ruler_vt_16k,20260927,0.4,1.0,0.4,304e3122cb18e595ed2e07dbc911f6dd461b9fca60f7abf4b74051437efe0b92,0.4,304e3122cb18e595ed2e07dbc911f6dd461b9fca60f7abf4b74051437efe0b92
ruler_vt_16k:0240,ruler_vt_16k,20260928,0.4,1.0,0.4,304e3122cb18e595ed2e07dbc911f6dd461b9fca60f7abf4b74051437efe0b92,0.4,304e3122cb18e595ed2e07dbc911f6dd461b9fca60f7abf4b74051437efe0b92
ruler_vt_16k:0240,ruler_vt_16k,20260929,0.4,1.0,0.4,304e3122cb18e595ed2e07dbc911f6dd461b9fca60f7abf4b74051437efe0b92,0.4,304e3122cb18e595ed2e07dbc911f6dd461b9fca60f7abf4b74051437efe0b92
ruler_vt_16k:0240,ruler_vt_16k,20260930,0.4,1.0,0.4,304e3122cb18e595ed2e07dbc911f6dd461b9fca60f7abf4b74051437efe0b92,0.4,304e3122cb18e595ed2e07dbc911f6dd461b9fca60f7abf4b74051437efe0b92
ruler_vt_16k:0270,ruler_vt_16k,20260926,0.4,0.8,0.4,175d1a17beeddcb2564498971a808a231416e56e16244a1ad44cb62d13001930,0.4,175d1a17beeddcb2564498971a808a231416e56e16244a1ad44cb62d13001930
ruler_vt_16k:0270,ruler_vt_16k,20260927,0.4,0.8,0.4,175d1a17beeddcb2564498971a808a231416e56e16244a1ad44cb62d13001930,0.4,b598e1a4cdd43b5440f63bf76fcb9d77b7ec0ab99e6ae296cbfd718276e06cdc
ruler_vt_16k:0270,ruler_vt_16k,20260928,0.4,0.8,0.4,175d1a17beeddcb2564498971a808a231416e56e16244a1ad44cb62d13001930,0.4,175d1a17beeddcb2564498971a808a231416e56e16244a1ad44cb62d13001930
ruler_vt_16k:0270,ruler_vt_16k,20260929,0.4,0.8,0.4,175d1a17beeddcb2564498971a808a231416e56e16244a1ad44cb62d13001930,0.4,175d1a17beeddcb2564498971a808a231416e56e16244a1ad44cb62d13001930
ruler_vt_16k:0270,ruler_vt_16k,20260930,0.4,0.8,0.4,175d1a17beeddcb2564498971a808a231416e56e16244a1ad44cb62d13001930,0.4,175d1a17beeddcb2564498971a808a231416e56e16244a1ad44cb62d13001930
ruler_vt_16k:0272,ruler_vt_16k,20260926,0.4,0.8,0.4,cada8a37aa13aa5cd15e966fa038e9c08c98f409dd5e283361a086615078f068,0.4,cada8a37aa13aa5cd15e966fa038e9c08c98f409dd5e283361a086615078f068
ruler_vt_16k:0272,ruler_vt_16k,20260927,0.4,0.8,0.4,cada8a37aa13aa5cd15e966fa038e9c08c98f409dd5e283361a086615078f068,0.4,cada8a37aa13aa5cd15e966fa038e9c08c98f409dd5e283361a086615078f068
ruler_vt_16k:0272,ruler_vt_16k,20260928,0.4,0.8,0.4,cada8a37aa13aa5cd15e966fa038e9c08c98f409dd5e283361a086615078f068,0.4,cada8a37aa13aa5cd15e966fa038e9c08c98f409dd5e283361a086615078f068
ruler_vt_16k:0272,ruler_vt_16k,20260929,0.4,0.8,0.4,cada8a37aa13aa5cd15e966fa038e9c08c98f409dd5e283361a086615078f068,0.4,cada8a37aa13aa5cd15e966fa038e9c08c98f409dd5e283361a086615078f068
ruler_vt_16k:0272,ruler_vt_16k,20260930,0.4,0.8,0.4,cada8a37aa13aa5cd15e966fa038e9c08c98f409dd5e283361a086615078f068,0.4,cada8a37aa13aa5cd15e966fa038e9c08c98f409dd5e283361a086615078f068
ruler_vt_16k:0277,ruler_vt_16k,20260926,0.8,1.0,0.8,f45f1a84631e4cc65e4743ed25ca0a2af9446eb99a58d81a116b96402d378676,0.8,f45f1a84631e4cc65e4743ed25ca0a2af9446eb99a58d81a116b96402d378676
ruler_vt_16k:0277,ruler_vt_16k,20260927,0.8,1.0,0.8,f45f1a84631e4cc65e4743ed25ca0a2af9446eb99a58d81a116b96402d378676,0.8,f45f1a84631e4cc65e4743ed25ca0a2af9446eb99a58d81a116b96402d378676
ruler_vt_16k:0277,ruler_vt_16k,20260928,0.8,1.0,0.8,f45f1a84631e4cc65e4743ed25ca0a2af9446eb99a58d81a116b96402d378676,0.8,f45f1a84631e4cc65e4743ed25ca0a2af9446eb99a58d81a116b96402d378676
ruler_vt_16k:0277,ruler_vt_16k,20260929,0.8,1.0,0.8,f45f1a84631e4cc65e4743ed25ca0a2af9446eb99a58d81a116b96402d378676,0.8,f45f1a84631e4cc65e4743ed25ca0a2af9446eb99a58d81a116b96402d378676
ruler_vt_16k:0277,ruler_vt_16k,20260930,0.8,1.0,0.8,f45f1a84631e4cc65e4743ed25ca0a2af9446eb99a58d81a116b96402d378676,0.8,f45f1a84631e4cc65e4743ed25ca0a2af9446eb99a58d81a116b96402d378676
ruler_vt_16k:0279,ruler_vt_16k,20260926,0.4,1.0,0.4,8d203b8646a099205583a89bd4af7686539fd453a5ffd0ff5704b58a8f96d6ca,0.4,8d203b8646a099205583a89bd4af7686539fd453a5ffd0ff5704b58a8f96d6ca
ruler_vt_16k:0279,ruler_vt_16k,20260927,0.4,1.0,0.4,8d203b8646a099205583a89bd4af7686539fd453a5ffd0ff5704b58a8f96d6ca,0.4,8d203b8646a099205583a89bd4af7686539fd453a5ffd0ff5704b58a8f96d6ca
ruler_vt_16k:0279,ruler_vt_16k,20260928,0.4,1.0,0.4,8d203b8646a099205583a89bd4af7686539fd453a5ffd0ff5704b58a8f96d6ca,0.4,8d203b8646a099205583a89bd4af7686539fd453a5ffd0ff5704b58a8f96d6ca
ruler_vt_16k:0279,ruler_vt_16k,20260929,0.4,1.0,0.4,8d203b8646a099205583a89bd4af7686539fd453a5ffd0ff5704b58a8f96d6ca,0.4,8d203b8646a099205583a89bd4af7686539fd453a5ffd0ff5704b58a8f96d6ca
ruler_vt_16k:0279,ruler_vt_16k,20260930,0.4,1.0,0.4,8d203b8646a099205583a89bd4af7686539fd453a5ffd0ff5704b58a8f96d6ca,0.4,8d203b8646a099205583a89bd4af7686539fd453a5ffd0ff5704b58a8f96d6ca
ruler_vt_16k:0286,ruler_vt_16k,20260926,0.6,0.8,0.6,3c153571eb57292ac7035906296bb822fe8f014de73bcc51b4f0f386da051f81,0.6,3c153571eb57292ac7035906296bb822fe8f014de73bcc51b4f0f386da051f81
ruler_vt_16k:0286,ruler_vt_16k,20260927,0.6,0.8,0.8,dd77b31640140143e85fb3d2f97febab736beec46aae2a9ae0a27a92ed45f373,0.6,3c153571eb57292ac7035906296bb822fe8f014de73bcc51b4f0f386da051f81
ruler_vt_16k:0286,ruler_vt_16k,20260928,0.6,0.8,0.8,dd77b31640140143e85fb3d2f97febab736beec46aae2a9ae0a27a92ed45f373,0.8,dd77b31640140143e85fb3d2f97febab736beec46aae2a9ae0a27a92ed45f373
ruler_vt_16k:0286,ruler_vt_16k,20260929,0.6,0.8,0.6,3c153571eb57292ac7035906296bb822fe8f014de73bcc51b4f0f386da051f81,0.6,3c153571eb57292ac7035906296bb822fe8f014de73bcc51b4f0f386da051f81
ruler_vt_16k:0286,ruler_vt_16k,20260930,0.6,0.8,0.6,3c153571eb57292ac7035906296bb822fe8f014de73bcc51b4f0f386da051f81,0.6,3c153571eb57292ac7035906296bb822fe8f014de73bcc51b4f0f386da051f81
ruler_vt_16k:0295,ruler_vt_16k,20260926,0.4,0.8,0.4,e9119e8beb0d3c7c2a479578f7530d22154d9c11fd35d291a87d59cb99ea70c7,0.4,e9119e8beb0d3c7c2a479578f7530d22154d9c11fd35d291a87d59cb99ea70c7
ruler_vt_16k:0295,ruler_vt_16k,20260927,0.4,0.8,0.4,e9119e8beb0d3c7c2a479578f7530d22154d9c11fd35d291a87d59cb99ea70c7,0.4,e9119e8beb0d3c7c2a479578f7530d22154d9c11fd35d291a87d59cb99ea70c7
ruler_vt_16k:0295,ruler_vt_16k,20260928,0.4,0.8,0.4,e9119e8beb0d3c7c2a479578f7530d22154d9c11fd35d291a87d59cb99ea70c7,0.4,e9119e8beb0d3c7c2a479578f7530d22154d9c11fd35d291a87d59cb99ea70c7
ruler_vt_16k:0295,ruler_vt_16k,20260929,0.4,0.8,0.4,e9119e8beb0d3c7c2a479578f7530d22154d9c11fd35d291a87d59cb99ea70c7,0.4,e9119e8beb0d3c7c2a479578f7530d22154d9c11fd35d291a87d59cb99ea70c7
ruler_vt_16k:0295,ruler_vt_16k,20260930,0.4,0.8,0.4,e9119e8beb0d3c7c2a479578f7530d22154d9c11fd35d291a87d59cb99ea70c7,0.4,e9119e8beb0d3c7c2a479578f7530d22154d9c11fd35d291a87d59cb99ea70c7
ruler_vt_16k:0299,ruler_vt_16k,20260926,0.4,1.0,0.4,faae342ada7c860060572744ae855a496aa062d9343ccc8c67ac01872eaca4d9,0.4,faae342ada7c860060572744ae855a496aa062d9343ccc8c67ac01872eaca4d9
ruler_vt_16k:0299,ruler_vt_16k,20260927,0.4,1.0,0.4,faae342ada7c860060572744ae855a496aa062d9343ccc8c67ac01872eaca4d9,0.4,faae342ada7c860060572744ae855a496aa062d9343ccc8c67ac01872eaca4d9
ruler_vt_16k:0299,ruler_vt_16k,20260928,0.4,1.0,0.4,faae342ada7c860060572744ae855a496aa062d9343ccc8c67ac01872eaca4d9,0.4,faae342ada7c860060572744ae855a496aa062d9343ccc8c67ac01872eaca4d9
ruler_vt_16k:0299,ruler_vt_16k,20260929,0.4,1.0,0.4,faae342ada7c860060572744ae855a496aa062d9343ccc8c67ac01872eaca4d9,0.4,faae342ada7c860060572744ae855a496aa062d9343ccc8c67ac01872eaca4d9
ruler_vt_16k:0299,ruler_vt_16k,20260930,0.4,1.0,0.4,faae342ada7c860060572744ae855a496aa062d9343ccc8c67ac01872eaca4d9,0.4,faae342ada7c860060572744ae855a496aa062d9343ccc8c67ac01872eaca4d9
ruler_vt_16k:0310,ruler_vt_16k,20260926,0.4,0.8,0.4,ac9f2898d4a6a891e571c9d92c347951a98c49c6b48beb9cf23a79c3838af90f,0.4,ac9f2898d4a6a891e571c9d92c347951a98c49c6b48beb9cf23a79c3838af90f
ruler_vt_16k:0310,ruler_vt_16k,20260927,0.4,0.8,0.4,ac9f2898d4a6a891e571c9d92c347951a98c49c6b48beb9cf23a79c3838af90f,0.4,ac9f2898d4a6a891e571c9d92c347951a98c49c6b48beb9cf23a79c3838af90f
ruler_vt_16k:0310,ruler_vt_16k,20260928,0.4,0.8,0.4,ac9f2898d4a6a891e571c9d92c347951a98c49c6b48beb9cf23a79c3838af90f,0.4,ac9f2898d4a6a891e571c9d92c347951a98c49c6b48beb9cf23a79c3838af90f
ruler_vt_16k:0310,ruler_vt_16k,20260929,0.4,0.8,0.4,ac9f2898d4a6a891e571c9d92c347951a98c49c6b48beb9cf23a79c3838af90f,0.4,ac9f2898d4a6a891e571c9d92c347951a98c49c6b48beb9cf23a79c3838af90f
ruler_vt_16k:0310,ruler_vt_16k,20260930,0.4,0.8,0.4,ac9f2898d4a6a891e571c9d92c347951a98c49c6b48beb9cf23a79c3838af90f,0.4,ac9f2898d4a6a891e571c9d92c347951a98c49c6b48beb9cf23a79c3838af90f
ruler_vt_16k:0317,ruler_vt_16k,20260926,0.2,0.8,0.2,06e8717f338f528d770e40314f3f5ffe85d2edfbaf3fd4071571b3cfea98c5ed,0.2,06e8717f338f528d770e40314f3f5ffe85d2edfbaf3fd4071571b3cfea98c5ed
ruler_vt_16k:0317,ruler_vt_16k,20260927,0.2,0.8,0.2,06e8717f338f528d770e40314f3f5ffe85d2edfbaf3fd4071571b3cfea98c5ed,0.2,06e8717f338f528d770e40314f3f5ffe85d2edfbaf3fd4071571b3cfea98c5ed
ruler_vt_16k:0317,ruler_vt_16k,20260928,0.2,0.8,0.2,06e8717f338f528d770e40314f3f5ffe85d2edfbaf3fd4071571b3cfea98c5ed,0.2,06e8717f338f528d770e40314f3f5ffe85d2edfbaf3fd4071571b3cfea98c5ed
ruler_vt_16k:0317,ruler_vt_16k,20260929,0.2,0.8,0.2,06e8717f338f528d770e40314f3f5ffe85d2edfbaf3fd4071571b3cfea98c5ed,0.2,06e8717f338f528d770e40314f3f5ffe85d2edfbaf3fd4071571b3cfea98c5ed
ruler_vt_16k:0317,ruler_vt_16k,20260930,0.2,0.8,0.2,06e8717f338f528d770e40314f3f5ffe85d2edfbaf3fd4071571b3cfea98c5ed,0.2,06e8717f338f528d770e40314f3f5ffe85d2edfbaf3fd4071571b3cfea98c5ed
ruler_vt_16k:0322,ruler_vt_16k,20260926,0.8,1.0,0.8,108f4dd23431d31f8d7918654296e4408b66fcea9bb40eec7a00761c2d43d054,0.8,108f4dd23431d31f8d7918654296e4408b66fcea9bb40eec7a00761c2d43d054
ruler_vt_16k:0322,ruler_vt_16k,20260927,0.8,1.0,0.8,108f4dd23431d31f8d7918654296e4408b66fcea9bb40eec7a00761c2d43d054,0.8,108f4dd23431d31f8d7918654296e4408b66fcea9bb40eec7a00761c2d43d054
ruler_vt_16k:0322,ruler_vt_16k,20260928,0.8,1.0,0.4,82c1baab463140c575c5e7a6bb68dbe3444c30bb9ae4fbb8b1b9ad8977490989,0.8,108f4dd23431d31f8d7918654296e4408b66fcea9bb40eec7a00761c2d43d054
ruler_vt_16k:0322,ruler_vt_16k,20260929,0.8,1.0,0.4,82c1baab463140c575c5e7a6bb68dbe3444c30bb9ae4fbb8b1b9ad8977490989,0.8,108f4dd23431d31f8d7918654296e4408b66fcea9bb40eec7a00761c2d43d054
ruler_vt_16k:0322,ruler_vt_16k,20260930,0.8,1.0,0.8,108f4dd23431d31f8d7918654296e4408b66fcea9bb40eec7a00761c2d43d054,0.8,108f4dd23431d31f8d7918654296e4408b66fcea9bb40eec7a00761c2d43d054
ruler_vt_16k:0323,ruler_vt_16k,20260926,0.6,0.8,0.6,7b077311b3b1911856a756293181cafd8880ab1f2e8d4b726d92ad5a5682c88a,0.6,7b077311b3b1911856a756293181cafd8880ab1f2e8d4b726d92ad5a5682c88a
ruler_vt_16k:0323,ruler_vt_16k,20260927,0.6,0.8,0.6,7b077311b3b1911856a756293181cafd8880ab1f2e8d4b726d92ad5a5682c88a,0.6,7b077311b3b1911856a756293181cafd8880ab1f2e8d4b726d92ad5a5682c88a
ruler_vt_16k:0323,ruler_vt_16k,20260928,0.6,0.8,0.6,7b077311b3b1911856a756293181cafd8880ab1f2e8d4b726d92ad5a5682c88a,0.4,da040cd8bab32ba92e3a4a1f7f9b9f4c8287377919a39a87fdcb3f91a965554d
ruler_vt_16k:0323,ruler_vt_16k,20260929,0.6,0.8,0.6,7b077311b3b1911856a756293181cafd8880ab1f2e8d4b726d92ad5a5682c88a,0.4,da040cd8bab32ba92e3a4a1f7f9b9f4c8287377919a39a87fdcb3f91a965554d
ruler_vt_16k:0323,ruler_vt_16k,20260930,0.6,0.8,0.4,da040cd8bab32ba92e3a4a1f7f9b9f4c8287377919a39a87fdcb3f91a965554d,0.4,da040cd8bab32ba92e3a4a1f7f9b9f4c8287377919a39a87fdcb3f91a965554d
ruler_vt_16k:0333,ruler_vt_16k,20260926,0.8,1.0,0.8,866aa3a50ddefff4065584de2773bf51babefd2003980c27fa4b403f4b1a8e5d,0.8,866aa3a50ddefff4065584de2773bf51babefd2003980c27fa4b403f4b1a8e5d
ruler_vt_16k:0333,ruler_vt_16k,20260927,0.8,1.0,0.8,866aa3a50ddefff4065584de2773bf51babefd2003980c27fa4b403f4b1a8e5d,0.8,866aa3a50ddefff4065584de2773bf51babefd2003980c27fa4b403f4b1a8e5d
ruler_vt_16k:0333,ruler_vt_16k,20260928,0.8,1.0,0.8,866aa3a50ddefff4065584de2773bf51babefd2003980c27fa4b403f4b1a8e5d,0.8,866aa3a50ddefff4065584de2773bf51babefd2003980c27fa4b403f4b1a8e5d
ruler_vt_16k:0333,ruler_vt_16k,20260929,0.8,1.0,0.8,866aa3a50ddefff4065584de2773bf51babefd2003980c27fa4b403f4b1a8e5d,0.8,866aa3a50ddefff4065584de2773bf51babefd2003980c27fa4b403f4b1a8e5d
ruler_vt_16k:0333,ruler_vt_16k,20260930,0.8,1.0,0.8,866aa3a50ddefff4065584de2773bf51babefd2003980c27fa4b403f4b1a8e5d,0.8,866aa3a50ddefff4065584de2773bf51babefd2003980c27fa4b403f4b1a8e5d
ruler_vt_16k:0342,ruler_vt_16k,20260926,0.4,0.8,0.8,aff1f4947c6818cda21771542d4e23bfb027e78622be695b5a2686bacdc8bbf6,0.8,aff1f4947c6818cda21771542d4e23bfb027e78622be695b5a2686bacdc8bbf6
ruler_vt_16k:0342,ruler_vt_16k,20260927,0.4,0.8,0.8,aff1f4947c6818cda21771542d4e23bfb027e78622be695b5a2686bacdc8bbf6,0.8,aff1f4947c6818cda21771542d4e23bfb027e78622be695b5a2686bacdc8bbf6
ruler_vt_16k:0342,ruler_vt_16k,20260928,0.4,0.8,0.8,aff1f4947c6818cda21771542d4e23bfb027e78622be695b5a2686bacdc8bbf6,0.8,aff1f4947c6818cda21771542d4e23bfb027e78622be695b5a2686bacdc8bbf6
ruler_vt_16k:0342,ruler_vt_16k,20260929,0.4,0.8,0.8,aff1f4947c6818cda21771542d4e23bfb027e78622be695b5a2686bacdc8bbf6,0.8,aff1f4947c6818cda21771542d4e23bfb027e78622be695b5a2686bacdc8bbf6
ruler_vt_16k:0342,ruler_vt_16k,20260930,0.4,0.8,0.8,aff1f4947c6818cda21771542d4e23bfb027e78622be695b5a2686bacdc8bbf6,0.8,aff1f4947c6818cda21771542d4e23bfb027e78622be695b5a2686bacdc8bbf6
ruler_vt_16k:0352,ruler_vt_16k,20260926,0.4,0.8,0.8,0da6904ddfaf0191eb683e88525bea73714caf627e0ba8eaf8ffe645572409d5,0.8,0da6904ddfaf0191eb683e88525bea73714caf627e0ba8eaf8ffe645572409d5
ruler_vt_16k:0352,ruler_vt_16k,20260927,0.4,0.8,0.8,0da6904ddfaf0191eb683e88525bea73714caf627e0ba8eaf8ffe645572409d5,0.8,0da6904ddfaf0191eb683e88525bea73714caf627e0ba8eaf8ffe645572409d5
ruler_vt_16k:0352,ruler_vt_16k,20260928,0.4,0.8,0.4,71cfcb8c9c5cb1d6b638eee896982cbb5bd7d97c3c9e21a78b4313d4e9642bdc,0.8,0da6904ddfaf0191eb683e88525bea73714caf627e0ba8eaf8ffe645572409d5
ruler_vt_16k:0352,ruler_vt_16k,20260929,0.4,0.8,0.8,0da6904ddfaf0191eb683e88525bea73714caf627e0ba8eaf8ffe645572409d5,0.4,71cfcb8c9c5cb1d6b638eee896982cbb5bd7d97c3c9e21a78b4313d4e9642bdc
ruler_vt_16k:0352,ruler_vt_16k,20260930,0.4,0.8,0.8,0da6904ddfaf0191eb683e88525bea73714caf627e0ba8eaf8ffe645572409d5,0.4,71cfcb8c9c5cb1d6b638eee896982cbb5bd7d97c3c9e21a78b4313d4e9642bdc
ruler_vt_16k:0358,ruler_vt_16k,20260926,0.8,1.0,0.8,fb7d0054c481e8794bf571953b71045c3c95f6dffcf939e8f738758a94a7c45b,0.8,fb7d0054c481e8794bf571953b71045c3c95f6dffcf939e8f738758a94a7c45b
ruler_vt_16k:0358,ruler_vt_16k,20260927,0.8,1.0,0.8,fb7d0054c481e8794bf571953b71045c3c95f6dffcf939e8f738758a94a7c45b,0.8,fb7d0054c481e8794bf571953b71045c3c95f6dffcf939e8f738758a94a7c45b
ruler_vt_16k:0358,ruler_vt_16k,20260928,0.8,1.0,0.8,fb7d0054c481e8794bf571953b71045c3c95f6dffcf939e8f738758a94a7c45b,1.0,1a285ce4a02a075c063a4709078c4a4bc13029179ddc0876dd29a6a86d157ac0
ruler_vt_16k:0358,ruler_vt_16k,20260929,0.8,1.0,0.8,fb7d0054c481e8794bf571953b71045c3c95f6dffcf939e8f738758a94a7c45b,0.8,fb7d0054c481e8794bf571953b71045c3c95f6dffcf939e8f738758a94a7c45b
ruler_vt_16k:0358,ruler_vt_16k,20260930,0.8,1.0,0.8,fb7d0054c481e8794bf571953b71045c3c95f6dffcf939e8f738758a94a7c45b,0.8,fb7d0054c481e8794bf571953b71045c3c95f6dffcf939e8f738758a94a7c45b
ruler_vt_16k:0362,ruler_vt_16k,20260926,0.4,0.8,0.4,190a064730077877ed9d532f80a5258c9cff5923b13b0bdb0f0b31995a2f62df,0.4,190a064730077877ed9d532f80a5258c9cff5923b13b0bdb0f0b31995a2f62df
ruler_vt_16k:0362,ruler_vt_16k,20260927,0.4,0.8,0.4,190a064730077877ed9d532f80a5258c9cff5923b13b0bdb0f0b31995a2f62df,0.4,190a064730077877ed9d532f80a5258c9cff5923b13b0bdb0f0b31995a2f62df
ruler_vt_16k:0362,ruler_vt_16k,20260928,0.4,0.8,0.4,190a064730077877ed9d532f80a5258c9cff5923b13b0bdb0f0b31995a2f62df,0.4,190a064730077877ed9d532f80a5258c9cff5923b13b0bdb0f0b31995a2f62df
ruler_vt_16k:0362,ruler_vt_16k,20260929,0.4,0.8,0.4,190a064730077877ed9d532f80a5258c9cff5923b13b0bdb0f0b31995a2f62df,0.4,190a064730077877ed9d532f80a5258c9cff5923b13b0bdb0f0b31995a2f62df
ruler_vt_16k:0362,ruler_vt_16k,20260930,0.4,0.8,0.4,190a064730077877ed9d532f80a5258c9cff5923b13b0bdb0f0b31995a2f62df,0.4,190a064730077877ed9d532f80a5258c9cff5923b13b0bdb0f0b31995a2f62df
ruler_vt_16k:0372,ruler_vt_16k,20260926,0.8,1.0,0.8,92393b66ee8990ff1fd86ef13077eaccc590b7cdba4e7b771ae3b1985d956f59,0.8,92393b66ee8990ff1fd86ef13077eaccc590b7cdba4e7b771ae3b1985d956f59
ruler_vt_16k:0372,ruler_vt_16k,20260927,0.8,1.0,0.8,92393b66ee8990ff1fd86ef13077eaccc590b7cdba4e7b771ae3b1985d956f59,0.8,92393b66ee8990ff1fd86ef13077eaccc590b7cdba4e7b771ae3b1985d956f59
ruler_vt_16k:0372,ruler_vt_16k,20260928,0.8,1.0,0.8,92393b66ee8990ff1fd86ef13077eaccc590b7cdba4e7b771ae3b1985d956f59,0.8,92393b66ee8990ff1fd86ef13077eaccc590b7cdba4e7b771ae3b1985d956f59
ruler_vt_16k:0372,ruler_vt_16k,20260929,0.8,1.0,0.8,92393b66ee8990ff1fd86ef13077eaccc590b7cdba4e7b771ae3b1985d956f59,0.8,92393b66ee8990ff1fd86ef13077eaccc590b7cdba4e7b771ae3b1985d956f59
ruler_vt_16k:0372,ruler_vt_16k,20260930,0.8,1.0,0.8,92393b66ee8990ff1fd86ef13077eaccc590b7cdba4e7b771ae3b1985d956f59,0.8,92393b66ee8990ff1fd86ef13077eaccc590b7cdba4e7b771ae3b1985d956f59
ruler_vt_16k:0373,ruler_vt_16k,20260926,0.2,0.8,0.2,4583d148a7c189da80508001d6387fadea1383b9fc21ecc1c35477e640782bc3,0.8,8f075e0127208605dfb2d176a3944d9b40e0cbfd2a045f02d538f3f1110e3692
ruler_vt_16k:0373,ruler_vt_16k,20260927,0.2,0.8,0.2,4583d148a7c189da80508001d6387fadea1383b9fc21ecc1c35477e640782bc3,0.2,4583d148a7c189da80508001d6387fadea1383b9fc21ecc1c35477e640782bc3
ruler_vt_16k:0373,ruler_vt_16k,20260928,0.2,0.8,0.2,4583d148a7c189da80508001d6387fadea1383b9fc21ecc1c35477e640782bc3,0.2,4583d148a7c189da80508001d6387fadea1383b9fc21ecc1c35477e640782bc3
ruler_vt_16k:0373,ruler_vt_16k,20260929,0.2,0.8,0.2,4583d148a7c189da80508001d6387fadea1383b9fc21ecc1c35477e640782bc3,0.2,4583d148a7c189da80508001d6387fadea1383b9fc21ecc1c35477e640782bc3
ruler_vt_16k:0373,ruler_vt_16k,20260930,0.2,0.8,0.2,4583d148a7c189da80508001d6387fadea1383b9fc21ecc1c35477e640782bc3,0.8,8f075e0127208605dfb2d176a3944d9b40e0cbfd2a045f02d538f3f1110e3692
ruler_vt_16k:0376,ruler_vt_16k,20260926,0.4,0.8,0.4,fa97fb66afbc51f07e2fa1087df7222172ee6a88a564611b79b1ec8d1b2590fd,0.4,fa97fb66afbc51f07e2fa1087df7222172ee6a88a564611b79b1ec8d1b2590fd
ruler_vt_16k:0376,ruler_vt_16k,20260927,0.4,0.8,0.4,fa97fb66afbc51f07e2fa1087df7222172ee6a88a564611b79b1ec8d1b2590fd,0.8,e0810aa921e70c3c0c26684bc3ed751d4e84aeceb8b36f3bbabbbca481fe9e6d
ruler_vt_16k:0376,ruler_vt_16k,20260928,0.4,0.8,0.4,fa97fb66afbc51f07e2fa1087df7222172ee6a88a564611b79b1ec8d1b2590fd,0.4,fa97fb66afbc51f07e2fa1087df7222172ee6a88a564611b79b1ec8d1b2590fd
ruler_vt_16k:0376,ruler_vt_16k,20260929,0.4,0.8,0.4,fa97fb66afbc51f07e2fa1087df7222172ee6a88a564611b79b1ec8d1b2590fd,0.4,fa97fb66afbc51f07e2fa1087df7222172ee6a88a564611b79b1ec8d1b2590fd
ruler_vt_16k:0376,ruler_vt_16k,20260930,0.4,0.8,0.4,fa97fb66afbc51f07e2fa1087df7222172ee6a88a564611b79b1ec8d1b2590fd,0.4,fa97fb66afbc51f07e2fa1087df7222172ee6a88a564611b79b1ec8d1b2590fd
ruler_vt_16k:0381,ruler_vt_16k,20260926,0.4,0.8,0.4,14b04106b978c6dbf86722e3a4404ffd439a321f6b30b25311e44f28475edeb8,0.4,15d593a06ce23835e1756db3834a192a2f6daf4935b8da07a50bed514072c2f6
ruler_vt_16k:0381,ruler_vt_16k,20260927,0.4,0.8,0.8,2b781f34aab6a1e9508c6180022e502c27dcbe35356cc4204f7c5b96850cc6c7,0.8,2b781f34aab6a1e9508c6180022e502c27dcbe35356cc4204f7c5b96850cc6c7
ruler_vt_16k:0381,ruler_vt_16k,20260928,0.4,0.8,0.4,14b04106b978c6dbf86722e3a4404ffd439a321f6b30b25311e44f28475edeb8,0.4,14b04106b978c6dbf86722e3a4404ffd439a321f6b30b25311e44f28475edeb8
ruler_vt_16k:0381,ruler_vt_16k,20260929,0.4,0.8,0.4,14b04106b978c6dbf86722e3a4404ffd439a321f6b30b25311e44f28475edeb8,0.4,14b04106b978c6dbf86722e3a4404ffd439a321f6b30b25311e44f28475edeb8
ruler_vt_16k:0381,ruler_vt_16k,20260930,0.4,0.8,0.4,14b04106b978c6dbf86722e3a4404ffd439a321f6b30b25311e44f28475edeb8,0.4,14b04106b978c6dbf86722e3a4404ffd439a321f6b30b25311e44f28475edeb8
ruler_vt_16k:0394,ruler_vt_16k,20260926,0.4,0.8,0.4,3bff8310ff0bfc434f046d1de1375c4a811d3262d125a44e6a78b65d43e79975,0.4,3bff8310ff0bfc434f046d1de1375c4a811d3262d125a44e6a78b65d43e79975
ruler_vt_16k:0394,ruler_vt_16k,20260927,0.4,0.8,0.4,3bff8310ff0bfc434f046d1de1375c4a811d3262d125a44e6a78b65d43e79975,0.4,3bff8310ff0bfc434f046d1de1375c4a811d3262d125a44e6a78b65d43e79975
ruler_vt_16k:0394,ruler_vt_16k,20260928,0.4,0.8,0.4,3bff8310ff0bfc434f046d1de1375c4a811d3262d125a44e6a78b65d43e79975,0.4,3bff8310ff0bfc434f046d1de1375c4a811d3262d125a44e6a78b65d43e79975
ruler_vt_16k:0394,ruler_vt_16k,20260929,0.4,0.8,0.4,3bff8310ff0bfc434f046d1de1375c4a811d3262d125a44e6a78b65d43e79975,0.4,3bff8310ff0bfc434f046d1de1375c4a811d3262d125a44e6a78b65d43e79975
ruler_vt_16k:0394,ruler_vt_16k,20260930,0.4,0.8,0.4,3bff8310ff0bfc434f046d1de1375c4a811d3262d125a44e6a78b65d43e79975,0.4,3bff8310ff0bfc434f046d1de1375c4a811d3262d125a44e6a78b65d43e79975
ruler_vt_16k:0396,ruler_vt_16k,20260926,0.8,1.0,0.8,4f78bbeb98dde7d44813afaa0818783eacaa7abc861c49182a8ac6b084f30e3e,0.8,4f78bbeb98dde7d44813afaa0818783eacaa7abc861c49182a8ac6b084f30e3e
ruler_vt_16k:0396,ruler_vt_16k,20260927,0.8,1.0,0.8,4f78bbeb98dde7d44813afaa0818783eacaa7abc861c49182a8ac6b084f30e3e,0.8,4f78bbeb98dde7d44813afaa0818783eacaa7abc861c49182a8ac6b084f30e3e
ruler_vt_16k:0396,ruler_vt_16k,20260928,0.8,1.0,0.8,4f78bbeb98dde7d44813afaa0818783eacaa7abc861c49182a8ac6b084f30e3e,0.8,4f78bbeb98dde7d44813afaa0818783eacaa7abc861c49182a8ac6b084f30e3e
ruler_vt_16k:0396,ruler_vt_16k,20260929,0.8,1.0,0.8,4f78bbeb98dde7d44813afaa0818783eacaa7abc861c49182a8ac6b084f30e3e,0.8,4f78bbeb98dde7d44813afaa0818783eacaa7abc861c49182a8ac6b084f30e3e
ruler_vt_16k:0396,ruler_vt_16k,20260930,0.8,1.0,0.8,4f78bbeb98dde7d44813afaa0818783eacaa7abc861c49182a8ac6b084f30e3e,0.8,4f78bbeb98dde7d44813afaa0818783eacaa7abc861c49182a8ac6b084f30e3e
ruler_vt_16k:0400,ruler_vt_16k,20260926,0.6,1.0,1.0,17909183c1a4f3118e2da22ff46bb35ea55c67375b1c59a39433b66bc97c5ad4,1.0,17909183c1a4f3118e2da22ff46bb35ea55c67375b1c59a39433b66bc97c5ad4
ruler_vt_16k:0400,ruler_vt_16k,20260927,0.6,1.0,1.0,17909183c1a4f3118e2da22ff46bb35ea55c67375b1c59a39433b66bc97c5ad4,1.0,17909183c1a4f3118e2da22ff46bb35ea55c67375b1c59a39433b66bc97c5ad4
ruler_vt_16k:0400,ruler_vt_16k,20260928,0.6,1.0,1.0,17909183c1a4f3118e2da22ff46bb35ea55c67375b1c59a39433b66bc97c5ad4,1.0,17909183c1a4f3118e2da22ff46bb35ea55c67375b1c59a39433b66bc97c5ad4
ruler_vt_16k:0400,ruler_vt_16k,20260929,0.6,1.0,0.6,fd123623e59d421d8662b2d6330bfe9a3a254bb91d531555eb61d76323c4360c,1.0,17909183c1a4f3118e2da22ff46bb35ea55c67375b1c59a39433b66bc97c5ad4
ruler_vt_16k:0400,ruler_vt_16k,20260930,0.6,1.0,1.0,17909183c1a4f3118e2da22ff46bb35ea55c67375b1c59a39433b66bc97c5ad4,1.0,17909183c1a4f3118e2da22ff46bb35ea55c67375b1c59a39433b66bc97c5ad4
ruler_vt_16k:0404,ruler_vt_16k,20260926,0.4,0.8,0.4,be73f378f4696914f8b76ef8537d5ab4cfde93e4b520cc7ae72a1cd10f2e3af7,0.4,c27feff836e82ab52686416ef33530cb72f64f4f611ea0e72484604d927b997f
ruler_vt_16k:0404,ruler_vt_16k,20260927,0.4,0.8,0.4,be73f378f4696914f8b76ef8537d5ab4cfde93e4b520cc7ae72a1cd10f2e3af7,0.4,be73f378f4696914f8b76ef8537d5ab4cfde93e4b520cc7ae72a1cd10f2e3af7
ruler_vt_16k:0404,ruler_vt_16k,20260928,0.4,0.8,0.4,c27feff836e82ab52686416ef33530cb72f64f4f611ea0e72484604d927b997f,0.4,c27feff836e82ab52686416ef33530cb72f64f4f611ea0e72484604d927b997f
ruler_vt_16k:0404,ruler_vt_16k,20260929,0.4,0.8,0.4,be73f378f4696914f8b76ef8537d5ab4cfde93e4b520cc7ae72a1cd10f2e3af7,0.4,c27feff836e82ab52686416ef33530cb72f64f4f611ea0e72484604d927b997f
ruler_vt_16k:0404,ruler_vt_16k,20260930,0.4,0.8,0.4,be73f378f4696914f8b76ef8537d5ab4cfde93e4b520cc7ae72a1cd10f2e3af7,0.4,c27feff836e82ab52686416ef33530cb72f64f4f611ea0e72484604d927b997f
ruler_vt_16k:0405,ruler_vt_16k,20260926,0.6,0.8,0.8,1160a923814f11dc217aaf58f079349eada1119db5c55a9fb5086a91797793ae,0.8,1160a923814f11dc217aaf58f079349eada1119db5c55a9fb5086a91797793ae
ruler_vt_16k:0405,ruler_vt_16k,20260927,0.6,0.8,0.6,874760da71de1a46fc79101c1a28ed99f8c4aaef3013a83a31890a68b3260dc9,0.4,15d140675142831b4eef85090463c6a75fe8b2fc3ee0052fba462b1d24f2348c
ruler_vt_16k:0405,ruler_vt_16k,20260928,0.6,0.8,0.6,874760da71de1a46fc79101c1a28ed99f8c4aaef3013a83a31890a68b3260dc9,0.6,874760da71de1a46fc79101c1a28ed99f8c4aaef3013a83a31890a68b3260dc9
ruler_vt_16k:0405,ruler_vt_16k,20260929,0.6,0.8,0.4,15d140675142831b4eef85090463c6a75fe8b2fc3ee0052fba462b1d24f2348c,0.4,9bb55ebacde1840fbd781e832c1e2ee53de390af46a5559abae2f65f1b6ea357
ruler_vt_16k:0405,ruler_vt_16k,20260930,0.6,0.8,0.4,15d140675142831b4eef85090463c6a75fe8b2fc3ee0052fba462b1d24f2348c,0.4,9bb55ebacde1840fbd781e832c1e2ee53de390af46a5559abae2f65f1b6ea357
ruler_vt_16k:0416,ruler_vt_16k,20260926,0.4,0.8,0.4,cf5631d06c4252a7441ef40edba49c388f885c6de0ce9c4c581baac6599671d4,0.4,cf5631d06c4252a7441ef40edba49c388f885c6de0ce9c4c581baac6599671d4
ruler_vt_16k:0416,ruler_vt_16k,20260927,0.4,0.8,0.8,5dbf348be01540cfd8de207a248abdbec0e8165721b059616ccb214f5dd906e3,0.8,5dbf348be01540cfd8de207a248abdbec0e8165721b059616ccb214f5dd906e3
ruler_vt_16k:0416,ruler_vt_16k,20260928,0.4,0.8,0.8,5dbf348be01540cfd8de207a248abdbec0e8165721b059616ccb214f5dd906e3,0.8,5dbf348be01540cfd8de207a248abdbec0e8165721b059616ccb214f5dd906e3
ruler_vt_16k:0416,ruler_vt_16k,20260929,0.4,0.8,0.8,5dbf348be01540cfd8de207a248abdbec0e8165721b059616ccb214f5dd906e3,0.8,5dbf348be01540cfd8de207a248abdbec0e8165721b059616ccb214f5dd906e3
ruler_vt_16k:0416,ruler_vt_16k,20260930,0.4,0.8,0.8,5dbf348be01540cfd8de207a248abdbec0e8165721b059616ccb214f5dd906e3,0.8,5dbf348be01540cfd8de207a248abdbec0e8165721b059616ccb214f5dd906e3
ruler_vt_16k:0418,ruler_vt_16k,20260926,0.4,0.8,0.4,6e2508497e615aeaff4b30fc718b7dd25b679db875626781590ce34fab9a8346,0.4,424ad972084d7451958e3fd22f65c4916e89a090ad5352e5519dc5a9d50ad363
ruler_vt_16k:0418,ruler_vt_16k,20260927,0.4,0.8,0.4,424ad972084d7451958e3fd22f65c4916e89a090ad5352e5519dc5a9d50ad363,0.4,424ad972084d7451958e3fd22f65c4916e89a090ad5352e5519dc5a9d50ad363
ruler_vt_16k:0418,ruler_vt_16k,20260928,0.4,0.8,0.4,6e2508497e615aeaff4b30fc718b7dd25b679db875626781590ce34fab9a8346,0.4,6e2508497e615aeaff4b30fc718b7dd25b679db875626781590ce34fab9a8346
ruler_vt_16k:0418,ruler_vt_16k,20260929,0.4,0.8,0.4,6e2508497e615aeaff4b30fc718b7dd25b679db875626781590ce34fab9a8346,0.4,424ad972084d7451958e3fd22f65c4916e89a090ad5352e5519dc5a9d50ad363
ruler_vt_16k:0418,ruler_vt_16k,20260930,0.4,0.8,0.4,6e2508497e615aeaff4b30fc718b7dd25b679db875626781590ce34fab9a8346,0.4,6e2508497e615aeaff4b30fc718b7dd25b679db875626781590ce34fab9a8346
ruler_vt_16k:0420,ruler_vt_16k,20260926,0.4,0.8,0.4,f8c112dae57ce1921fd9e5a18475032e88820c2b5d2775050168940df016edf8,0.4,f8c112dae57ce1921fd9e5a18475032e88820c2b5d2775050168940df016edf8
ruler_vt_16k:0420,ruler_vt_16k,20260927,0.4,0.8,0.4,f8c112dae57ce1921fd9e5a18475032e88820c2b5d2775050168940df016edf8,0.8,acb71926adca766341897f5df05f2ec9174feee78ae103babc231884502b93f1
ruler_vt_16k:0420,ruler_vt_16k,20260928,0.4,0.8,0.4,f8c112dae57ce1921fd9e5a18475032e88820c2b5d2775050168940df016edf8,0.4,f8c112dae57ce1921fd9e5a18475032e88820c2b5d2775050168940df016edf8
ruler_vt_16k:0420,ruler_vt_16k,20260929,0.4,0.8,0.8,acb71926adca766341897f5df05f2ec9174feee78ae103babc231884502b93f1,0.8,acb71926adca766341897f5df05f2ec9174feee78ae103babc231884502b93f1
ruler_vt_16k:0420,ruler_vt_16k,20260930,0.4,0.8,0.4,f8c112dae57ce1921fd9e5a18475032e88820c2b5d2775050168940df016edf8,0.4,f8c112dae57ce1921fd9e5a18475032e88820c2b5d2775050168940df016edf8
ruler_vt_16k:0421,ruler_vt_16k,20260926,0.2,0.8,0.2,8936167216aedaf332d23d7ab60942d23b6b08be50ca6aa08d21d9352bdab842,0.2,8936167216aedaf332d23d7ab60942d23b6b08be50ca6aa08d21d9352bdab842
ruler_vt_16k:0421,ruler_vt_16k,20260927,0.2,0.8,0.2,8936167216aedaf332d23d7ab60942d23b6b08be50ca6aa08d21d9352bdab842,0.2,8936167216aedaf332d23d7ab60942d23b6b08be50ca6aa08d21d9352bdab842
ruler_vt_16k:0421,ruler_vt_16k,20260928,0.2,0.8,0.2,8936167216aedaf332d23d7ab60942d23b6b08be50ca6aa08d21d9352bdab842,0.2,8936167216aedaf332d23d7ab60942d23b6b08be50ca6aa08d21d9352bdab842
ruler_vt_16k:0421,ruler_vt_16k,20260929,0.2,0.8,0.2,8936167216aedaf332d23d7ab60942d23b6b08be50ca6aa08d21d9352bdab842,0.2,8936167216aedaf332d23d7ab60942d23b6b08be50ca6aa08d21d9352bdab842
ruler_vt_16k:0421,ruler_vt_16k,20260930,0.2,0.8,0.2,8936167216aedaf332d23d7ab60942d23b6b08be50ca6aa08d21d9352bdab842,0.2,8936167216aedaf332d23d7ab60942d23b6b08be50ca6aa08d21d9352bdab842
ruler_vt_16k:0422,ruler_vt_16k,20260926,0.4,1.0,0.4,d09f85f85a428acb7247d7cb5a9a8b6ca0ace0d7ccd7cb28b853113c908cf2c2,0.4,d09f85f85a428acb7247d7cb5a9a8b6ca0ace0d7ccd7cb28b853113c908cf2c2
ruler_vt_16k:0422,ruler_vt_16k,20260927,0.4,1.0,0.4,d09f85f85a428acb7247d7cb5a9a8b6ca0ace0d7ccd7cb28b853113c908cf2c2,1.0,0d7bd3f9e6a8a6fe9768fca906ed7ef5cff37c2420572fa4278a2edef50da780
ruler_vt_16k:0422,ruler_vt_16k,20260928,0.4,1.0,1.0,0d7bd3f9e6a8a6fe9768fca906ed7ef5cff37c2420572fa4278a2edef50da780,1.0,0d7bd3f9e6a8a6fe9768fca906ed7ef5cff37c2420572fa4278a2edef50da780
ruler_vt_16k:0422,ruler_vt_16k,20260929,0.4,1.0,0.4,d09f85f85a428acb7247d7cb5a9a8b6ca0ace0d7ccd7cb28b853113c908cf2c2,0.4,d09f85f85a428acb7247d7cb5a9a8b6ca0ace0d7ccd7cb28b853113c908cf2c2
ruler_vt_16k:0422,ruler_vt_16k,20260930,0.4,1.0,0.4,d09f85f85a428acb7247d7cb5a9a8b6ca0ace0d7ccd7cb28b853113c908cf2c2,0.4,d09f85f85a428acb7247d7cb5a9a8b6ca0ace0d7ccd7cb28b853113c908cf2c2
ruler_vt_16k:0425,ruler_vt_16k,20260926,0.4,0.8,0.4,7c14e14ff812a24e9d3cafc3a502bd57f49e0622215bd2af30297c85a74b0005,0.4,7c14e14ff812a24e9d3cafc3a502bd57f49e0622215bd2af30297c85a74b0005
ruler_vt_16k:0425,ruler_vt_16k,20260927,0.4,0.8,0.4,7c14e14ff812a24e9d3cafc3a502bd57f49e0622215bd2af30297c85a74b0005,0.4,7c14e14ff812a24e9d3cafc3a502bd57f49e0622215bd2af30297c85a74b0005
ruler_vt_16k:0425,ruler_vt_16k,20260928,0.4,0.8,0.4,7c14e14ff812a24e9d3cafc3a502bd57f49e0622215bd2af30297c85a74b0005,0.4,7c14e14ff812a24e9d3cafc3a502bd57f49e0622215bd2af30297c85a74b0005
ruler_vt_16k:0425,ruler_vt_16k,20260929,0.4,0.8,0.4,7c14e14ff812a24e9d3cafc3a502bd57f49e0622215bd2af30297c85a74b0005,0.4,7c14e14ff812a24e9d3cafc3a502bd57f49e0622215bd2af30297c85a74b0005
ruler_vt_16k:0425,ruler_vt_16k,20260930,0.4,0.8,0.4,7c14e14ff812a24e9d3cafc3a502bd57f49e0622215bd2af30297c85a74b0005,0.4,7c14e14ff812a24e9d3cafc3a502bd57f49e0622215bd2af30297c85a74b0005
ruler_vt_16k:0445,ruler_vt_16k,20260926,0.4,0.8,0.4,364a36bfa25b6cd27182e8490697e999a3f61c1609d80530015d7688be0da021,0.4,364a36bfa25b6cd27182e8490697e999a3f61c1609d80530015d7688be0da021
ruler_vt_16k:0445,ruler_vt_16k,20260927,0.4,0.8,0.8,bf828f0c1efa6934f92397acccd9dac50559bf6e383c3835a5e6512a873818fd,0.8,bf828f0c1efa6934f92397acccd9dac50559bf6e383c3835a5e6512a873818fd
ruler_vt_16k:0445,ruler_vt_16k,20260928,0.4,0.8,0.8,bf828f0c1efa6934f92397acccd9dac50559bf6e383c3835a5e6512a873818fd,0.8,bf828f0c1efa6934f92397acccd9dac50559bf6e383c3835a5e6512a873818fd
ruler_vt_16k:0445,ruler_vt_16k,20260929,0.4,0.8,0.8,bf828f0c1efa6934f92397acccd9dac50559bf6e383c3835a5e6512a873818fd,0.8,bf828f0c1efa6934f92397acccd9dac50559bf6e383c3835a5e6512a873818fd
ruler_vt_16k:0445,ruler_vt_16k,20260930,0.4,0.8,0.8,bf828f0c1efa6934f92397acccd9dac50559bf6e383c3835a5e6512a873818fd,0.8,bf828f0c1efa6934f92397acccd9dac50559bf6e383c3835a5e6512a873818fd
ruler_vt_16k:0451,ruler_vt_16k,20260926,0.4,0.8,0.4,083a7d58805e2131f5e0868d89cc097f22b1df58048aef0b24400ec07290fd74,0.4,083a7d58805e2131f5e0868d89cc097f22b1df58048aef0b24400ec07290fd74
ruler_vt_16k:0451,ruler_vt_16k,20260927,0.4,0.8,0.4,083a7d58805e2131f5e0868d89cc097f22b1df58048aef0b24400ec07290fd74,0.4,083a7d58805e2131f5e0868d89cc097f22b1df58048aef0b24400ec07290fd74
ruler_vt_16k:0451,ruler_vt_16k,20260928,0.4,0.8,0.4,083a7d58805e2131f5e0868d89cc097f22b1df58048aef0b24400ec07290fd74,0.4,083a7d58805e2131f5e0868d89cc097f22b1df58048aef0b24400ec07290fd74
ruler_vt_16k:0451,ruler_vt_16k,20260929,0.4,0.8,0.4,083a7d58805e2131f5e0868d89cc097f22b1df58048aef0b24400ec07290fd74,0.4,083a7d58805e2131f5e0868d89cc097f22b1df58048aef0b24400ec07290fd74
ruler_vt_16k:0451,ruler_vt_16k,20260930,0.4,0.8,0.4,083a7d58805e2131f5e0868d89cc097f22b1df58048aef0b24400ec07290fd74,0.4,083a7d58805e2131f5e0868d89cc097f22b1df58048aef0b24400ec07290fd74
ruler_vt_16k:0454,ruler_vt_16k,20260926,0.8,1.0,0.8,34d2501f208d2644740de4e1d6c6b89d6330cc6fbf3b879008bb06b6b9875d6e,0.8,34d2501f208d2644740de4e1d6c6b89d6330cc6fbf3b879008bb06b6b9875d6e
ruler_vt_16k:0454,ruler_vt_16k,20260927,0.8,1.0,0.8,34d2501f208d2644740de4e1d6c6b89d6330cc6fbf3b879008bb06b6b9875d6e,0.8,34d2501f208d2644740de4e1d6c6b89d6330cc6fbf3b879008bb06b6b9875d6e
ruler_vt_16k:0454,ruler_vt_16k,20260928,0.8,1.0,0.8,34d2501f208d2644740de4e1d6c6b89d6330cc6fbf3b879008bb06b6b9875d6e,0.8,34d2501f208d2644740de4e1d6c6b89d6330cc6fbf3b879008bb06b6b9875d6e
ruler_vt_16k:0454,ruler_vt_16k,20260929,0.8,1.0,0.8,34d2501f208d2644740de4e1d6c6b89d6330cc6fbf3b879008bb06b6b9875d6e,0.8,34d2501f208d2644740de4e1d6c6b89d6330cc6fbf3b879008bb06b6b9875d6e
ruler_vt_16k:0454,ruler_vt_16k,20260930,0.8,1.0,0.8,34d2501f208d2644740de4e1d6c6b89d6330cc6fbf3b879008bb06b6b9875d6e,0.8,34d2501f208d2644740de4e1d6c6b89d6330cc6fbf3b879008bb06b6b9875d6e
ruler_vt_16k:0456,ruler_vt_16k,20260926,0.4,0.8,0.4,a8ef59ef7aca0fd16d3c2cd1b90879750512c9ec76bb45d2a8933b465c55a817,0.4,a8ef59ef7aca0fd16d3c2cd1b90879750512c9ec76bb45d2a8933b465c55a817
ruler_vt_16k:0456,ruler_vt_16k,20260927,0.4,0.8,0.4,a8ef59ef7aca0fd16d3c2cd1b90879750512c9ec76bb45d2a8933b465c55a817,0.4,a8ef59ef7aca0fd16d3c2cd1b90879750512c9ec76bb45d2a8933b465c55a817
ruler_vt_16k:0456,ruler_vt_16k,20260928,0.4,0.8,0.4,a8ef59ef7aca0fd16d3c2cd1b90879750512c9ec76bb45d2a8933b465c55a817,0.4,a8ef59ef7aca0fd16d3c2cd1b90879750512c9ec76bb45d2a8933b465c55a817
ruler_vt_16k:0456,ruler_vt_16k,20260929,0.4,0.8,0.4,a8ef59ef7aca0fd16d3c2cd1b90879750512c9ec76bb45d2a8933b465c55a817,0.4,a8ef59ef7aca0fd16d3c2cd1b90879750512c9ec76bb45d2a8933b465c55a817
ruler_vt_16k:0456,ruler_vt_16k,20260930,0.4,0.8,0.4,a8ef59ef7aca0fd16d3c2cd1b90879750512c9ec76bb45d2a8933b465c55a817,0.4,a8ef59ef7aca0fd16d3c2cd1b90879750512c9ec76bb45d2a8933b465c55a817
ruler_vt_16k:0470,ruler_vt_16k,20260926,0.4,0.8,0.8,c853208a765083bc30598c131af0dfb1ee67d6b635bfc96784dd24f74e33cd7a,0.8,c853208a765083bc30598c131af0dfb1ee67d6b635bfc96784dd24f74e33cd7a
ruler_vt_16k:0470,ruler_vt_16k,20260927,0.4,0.8,0.8,c853208a765083bc30598c131af0dfb1ee67d6b635bfc96784dd24f74e33cd7a,0.8,c853208a765083bc30598c131af0dfb1ee67d6b635bfc96784dd24f74e33cd7a
ruler_vt_16k:0470,ruler_vt_16k,20260928,0.4,0.8,0.8,c853208a765083bc30598c131af0dfb1ee67d6b635bfc96784dd24f74e33cd7a,0.8,c853208a765083bc30598c131af0dfb1ee67d6b635bfc96784dd24f74e33cd7a
ruler_vt_16k:0470,ruler_vt_16k,20260929,0.4,0.8,0.8,c853208a765083bc30598c131af0dfb1ee67d6b635bfc96784dd24f74e33cd7a,0.8,c853208a765083bc30598c131af0dfb1ee67d6b635bfc96784dd24f74e33cd7a
ruler_vt_16k:0470,ruler_vt_16k,20260930,0.4,0.8,0.8,c853208a765083bc30598c131af0dfb1ee67d6b635bfc96784dd24f74e33cd7a,0.8,c853208a765083bc30598c131af0dfb1ee67d6b635bfc96784dd24f74e33cd7a
ruler_vt_16k:0477,ruler_vt_16k,20260926,0.8,1.0,1.0,1d9b89c131ce02882b82de88ebf2c719b5ae3454635dca4ca79a5599c0a0b2e6,1.0,1d9b89c131ce02882b82de88ebf2c719b5ae3454635dca4ca79a5599c0a0b2e6
ruler_vt_16k:0477,ruler_vt_16k,20260927,0.8,1.0,0.8,8b0539a847667a5a316d73355127664e97bd2d24bd3b3ca81b0d4bb0dd8ef8cf,0.8,8b0539a847667a5a316d73355127664e97bd2d24bd3b3ca81b0d4bb0dd8ef8cf
ruler_vt_16k:0477,ruler_vt_16k,20260928,0.8,1.0,0.8,8b0539a847667a5a316d73355127664e97bd2d24bd3b3ca81b0d4bb0dd8ef8cf,1.0,1d9b89c131ce02882b82de88ebf2c719b5ae3454635dca4ca79a5599c0a0b2e6
ruler_vt_16k:0477,ruler_vt_16k,20260929,0.8,1.0,0.8,8b0539a847667a5a316d73355127664e97bd2d24bd3b3ca81b0d4bb0dd8ef8cf,1.0,1d9b89c131ce02882b82de88ebf2c719b5ae3454635dca4ca79a5599c0a0b2e6
ruler_vt_16k:0477,ruler_vt_16k,20260930,0.8,1.0,0.8,8b0539a847667a5a316d73355127664e97bd2d24bd3b3ca81b0d4bb0dd8ef8cf,1.0,1d9b89c131ce02882b82de88ebf2c719b5ae3454635dca4ca79a5599c0a0b2e6
ruler_vt_16k:0485,ruler_vt_16k,20260926,0.6,0.8,0.2,0fa4e6693fe377567af8d281ebf7f9b60253ed5f868b846e70ffd7527f7650fd,0.2,0fa4e6693fe377567af8d281ebf7f9b60253ed5f868b846e70ffd7527f7650fd
ruler_vt_16k:0485,ruler_vt_16k,20260927,0.6,0.8,0.2,0fa4e6693fe377567af8d281ebf7f9b60253ed5f868b846e70ffd7527f7650fd,0.6,2be6f282e88e65b823e0f99d76ff7b9d2a22f1a9c882b4363ba1f6d6aeb85c91
ruler_vt_16k:0485,ruler_vt_16k,20260928,0.6,0.8,0.2,0fa4e6693fe377567af8d281ebf7f9b60253ed5f868b846e70ffd7527f7650fd,0.2,0fa4e6693fe377567af8d281ebf7f9b60253ed5f868b846e70ffd7527f7650fd
ruler_vt_16k:0485,ruler_vt_16k,20260929,0.6,0.8,0.2,0fa4e6693fe377567af8d281ebf7f9b60253ed5f868b846e70ffd7527f7650fd,0.2,0fa4e6693fe377567af8d281ebf7f9b60253ed5f868b846e70ffd7527f7650fd
ruler_vt_16k:0485,ruler_vt_16k,20260930,0.6,0.8,0.6,2be6f282e88e65b823e0f99d76ff7b9d2a22f1a9c882b4363ba1f6d6aeb85c91,0.2,0fa4e6693fe377567af8d281ebf7f9b60253ed5f868b846e70ffd7527f7650fd
ruler_vt_16k:0499,ruler_vt_16k,20260926,0.4,0.8,0.4,a48bf1bf6b2e9177ced138531c62da5b401506ccf1bf0e6f05085808eb9bc281,0.4,a48bf1bf6b2e9177ced138531c62da5b401506ccf1bf0e6f05085808eb9bc281
ruler_vt_16k:0499,ruler_vt_16k,20260927,0.4,0.8,0.4,a48bf1bf6b2e9177ced138531c62da5b401506ccf1bf0e6f05085808eb9bc281,0.4,a48bf1bf6b2e9177ced138531c62da5b401506ccf1bf0e6f05085808eb9bc281
ruler_vt_16k:0499,ruler_vt_16k,20260928,0.4,0.8,0.4,a48bf1bf6b2e9177ced138531c62da5b401506ccf1bf0e6f05085808eb9bc281,0.4,a48bf1bf6b2e9177ced138531c62da5b401506ccf1bf0e6f05085808eb9bc281
ruler_vt_16k:0499,ruler_vt_16k,20260929,0.4,0.8,0.4,54cd384b24b68cbdf432522f4e8bf7e014b587b92a1872e74f8d5105a81ed669,0.4,a48bf1bf6b2e9177ced138531c62da5b401506ccf1bf0e6f05085808eb9bc281
ruler_vt_16k:0499,ruler_vt_16k,20260930,0.4,0.8,0.4,a48bf1bf6b2e9177ced138531c62da5b401506ccf1bf0e6f05085808eb9bc281,0.4,a48bf1bf6b2e9177ced138531c62da5b401506ccf1bf0e6f05085808eb9bc281
